episode,t,cart_pos,cart_vel,pole_angle,pole_ang_vel,action,reward,next_cart_pos,next_cart_vel,next_pole_angle,next_pole_ang_vel,terminated
0,0,0.002138574,0.010384184,-0.0029058203,-0.029675206,0,1.0,0.0023462574,-0.18469597,-0.0034993244,0.2620895,0
0,1,0.0023462574,-0.18469597,-0.0034993244,0.2620895,0,1.0,-0.0013476621,-0.3797678,0.0017424654,0.55366665,0
0,2,-0.0013476621,-0.3797678,0.0017424654,0.55366665,1,1.0,-0.008943018,-0.18467036,0.012815798,0.2615332,0
0,3,-0.008943018,-0.18467036,0.012815798,0.2615332,1,1.0,-0.012636425,0.010266325,0.018046463,-0.02708007,0
0,4,-0.012636425,0.010266325,0.018046463,-0.02708007,1,1.0,-0.012431099,0.20512488,0.017504862,-0.31401494,0
0,5,-0.012431099,0.20512488,0.017504862,-0.31401494,0,1.0,-0.008328601,0.009758009,0.011224561,-0.015863359,0
0,6,-0.008328601,0.009758009,0.011224561,-0.015863359,0,1.0,-0.008133441,-0.18552311,0.010907294,0.2803398,0
0,7,-0.008133441,-0.18552311,0.010907294,0.2803398,1,1.0,-0.011843903,0.009441573,0.01651409,-0.008883131,0
0,8,-0.011843903,0.009441573,0.01651409,-0.008883131,1,1.0,-0.011655072,0.20432284,0.016336428,-0.29631025,0
0,9,-0.011655072,0.20432284,0.016336428,-0.29631025,0,1.0,-0.0075686146,0.00897186,0.010410223,0.0014798169,0
0,10,-0.0075686146,0.00897186,0.010410223,0.0014798169,0,1.0,-0.007389177,-0.18629783,0.01043982,0.29742903,0
0,11,-0.007389177,-0.18629783,0.01043982,0.29742903,1,1.0,-0.011115134,0.008673756,0.0163884,0.00805684,0
0,12,-0.011115134,0.008673756,0.0163884,0.00805684,1,1.0,-0.010941659,0.20355688,0.016549537,-0.27941063,0
0,13,-0.010941659,0.20355688,0.016549537,-0.27941063,0,1.0,-0.006870521,0.00820281,0.010961324,0.018445702,0
0,14,-0.006870521,0.00820281,0.010961324,0.018445702,0,1.0,-0.006706465,-0.18707462,0.011330239,0.3145668,0
0,15,-0.006706465,-0.18707462,0.011330239,0.3145668,1,1.0,-0.010447957,0.007884126,0.017621575,0.025478486,0
0,16,-0.010447957,0.007884126,0.017621575,0.025478486,1,1.0,-0.010290274,0.202749,0.018131144,-0.26159295,0
0,17,-0.010290274,0.202749,0.018131144,-0.26159295,0,1.0,-0.0062352945,0.0073729823,0.012899285,0.03675315,0
0,18,-0.0062352945,0.0073729823,0.012899285,0.03675315,0,1.0,-0.006087835,-0.18793155,0.013634348,0.33347785,0
0,19,-0.006087835,-0.18793155,0.013634348,0.33347785,1,1.0,-0.009846466,0.0069937184,0.020303905,0.04512551,0
0,20,-0.009846466,0.0069937184,0.020303905,0.04512551,1,1.0,-0.009706591,0.20181872,0.021206416,-0.24108283,0
0,21,-0.009706591,0.20181872,0.021206416,-0.24108283,0,1.0,-0.005670217,0.0064003672,0.016384758,0.05821302,0
0,22,-0.005670217,0.0064003672,0.016384758,0.05821302,1,1.0,-0.00554221,0.2012836,0.01754902,-0.22925569,0
0,23,-0.00554221,0.2012836,0.01754902,-0.22925569,0,1.0,-0.0015165376,0.005915329,0.012963905,0.06891074,0
0,24,-0.0015165376,0.005915329,0.012963905,0.06891074,1,1.0,-0.001398231,0.20084904,0.01434212,-0.21965398,0
0,25,-0.001398231,0.20084904,0.01434212,-0.21965398,0,1.0,0.0026187499,0.0055250474,0.009949041,0.07751832,0
0,26,0.0026187499,0.0055250474,0.009949041,0.07751832,0,1.0,0.0027292508,-0.18973811,0.011499407,0.37332353,0
0,27,0.0027292508,-0.18973811,0.011499407,0.37332353,1,1.0,-0.0010655113,0.005218619,0.018965878,0.08428852,0
0,28,-0.0010655113,0.005218619,0.018965878,0.08428852,1,1.0,-0.0009611389,0.20006365,0.020651648,-0.20235081,0
0,29,-0.0009611389,0.20006365,0.020651648,-0.20235081,0,1.0,0.003040134,0.004652521,0.016604632,0.09677452,0
0,30,0.003040134,0.004652521,0.016604632,0.09677452,1,1.0,0.0031331843,0.1995326,0.018540122,-0.19062378,0
0,31,0.0031331843,0.1995326,0.018540122,-0.19062378,0,1.0,0.0071238363,0.00415039,0.0147276465,0.107849665,0
0,32,0.0071238363,0.00415039,0.0147276465,0.107849665,1,1.0,0.007206844,0.19905823,0.01688464,-0.18015061,0
0,33,0.007206844,0.19905823,0.01688464,-0.18015061,0,1.0,0.011188009,0.0036987835,0.013281628,0.11781063,0
0,34,0.011188009,0.0036987835,0.013281628,0.11781063,1,1.0,0.011261985,0.19862795,0.015637841,-0.17065264,0
0,35,0.011261985,0.19862795,0.015637841,-0.17065264,0,1.0,0.015234543,0.0032856984,0.012224788,0.12692223,0
0,36,0.015234543,0.0032856984,0.012224788,0.12692223,1,1.0,0.015300257,0.1982304,0.014763232,-0.16187897,0
0,37,0.015300257,0.1982304,0.014763232,-0.16187897,0,1.0,0.019264866,0.0029002517,0.011525653,0.13542457,0
0,38,0.019264866,0.0029002517,0.011525653,0.13542457,1,1.0,0.01932287,0.19785523,0.014234144,-0.15360002,0
0,39,0.01932287,0.19785523,0.014234144,-0.15360002,0,1.0,0.023279974,0.002532395,0.011162144,0.14353925,0
0,40,0.023279974,0.002532395,0.011162144,0.14353925,1,1.0,0.023330623,0.19749272,0.014032929,-0.14560142,0
0,41,0.023330623,0.19749272,0.014032929,-0.14560142,0,1.0,0.027280478,0.002172652,0.0111209005,0.15147538,0
0,42,0.027280478,0.002172652,0.0111209005,0.15147538,1,1.0,0.02732393,0.19713362,0.014150408,-0.13767849,0
0,43,0.02732393,0.19713362,0.014150408,-0.13767849,0,1.0,0.031266604,0.0018118727,0.011396838,0.15943487,0
0,44,0.031266604,0.0018118727,0.011396838,0.15943487,1,1.0,0.03130284,0.19676882,0.014585536,-0.12963097,0
0,45,0.03130284,0.19676882,0.014585536,-0.12963097,0,1.0,0.035238218,0.0014410005,0.011992916,0.16761759,0
0,46,0.035238218,0.0014410005,0.011992916,0.16761759,1,1.0,0.035267036,0.19638924,0.015345269,-0.121257916,0
0,47,0.035267036,0.19638924,0.015345269,-0.121257916,0,1.0,0.039194822,0.0010508446,0.0129201105,0.17622653,0
0,48,0.039194822,0.0010508446,0.0129201105,0.17622653,1,1.0,0.039215837,0.19598554,0.01644464,-0.11235269,0
0,49,0.039215837,0.19598554,0.01644464,-0.11235269,0,1.0,0.04313555,0.0006318525,0.014197587,0.18547271,0
0,50,0.04313555,0.0006318525,0.014197587,0.18547271,1,1.0,0.043148186,0.19554782,0.01790704,-0.10269782,0
0,51,0.043148186,0.19554782,0.01790704,-0.10269782,0,1.0,0.04705914,0.00017387708,0.015853085,0.1955805,0
0,52,0.04705914,0.00017387708,0.015853085,0.1955805,1,1.0,0.04706262,0.19506551,0.019764695,-0.09205962,0
0,53,0.04706262,0.19506551,0.019764695,-0.09205962,0,1.0,0.05096393,-0.00033406622,0.017923502,0.20679295,0
0,54,0.05096393,-0.00033406622,0.017923502,0.20679295,1,1.0,0.050957248,0.19452706,0.02205936,-0.08018256,0
0,55,0.050957248,0.19452706,0.02205936,-0.08018256,0,1.0,0.05484779,-0.0009040578,0.02045571,0.21937773,0
0,56,0.05484779,-0.0009040578,0.02045571,0.21937773,1,1.0,0.05482971,0.19391961,0.024843264,-0.06678308,0
0,57,0.05482971,0.19391961,0.024843264,-0.06678308,0,1.0,0.0587081,-0.001549553,0.023507603,0.23363335,0
0,58,0.0587081,-0.001549553,0.023507603,0.23363335,1,1.0,0.05867711,0.19322877,0.02818027,-0.051542804,0
0,59,0.05867711,0.19322877,0.02818027,-0.051542804,1,1.0,0.062541686,0.38793555,0.027149415,-0.3352031,0
0,60,0.062541686,0.38793555,0.027149415,-0.3352031,0,1.0,0.0703004,0.19243795,0.02044535,-0.03408383,0
0,61,0.0703004,0.19243795,0.02044535,-0.03408383,0,1.0,0.074149154,-0.0029711444,0.019763675,0.26497906,0
0,62,0.074149154,-0.0029711444,0.019763675,0.26497906,1,1.0,0.074089736,0.19186322,0.025063256,-0.021405283,0
0,63,0.074089736,0.19186322,0.025063256,-0.021405283,1,1.0,0.07792699,0.38661695,0.024635151,-0.3060763,0
0,64,0.07792699,0.38661695,0.024635151,-0.3060763,0,1.0,0.08565933,0.19115277,0.018513625,-0.005726976,0
0,65,0.08565933,0.19115277,0.018513625,-0.005726976,0,1.0,0.08948239,-0.00422974,0.018399086,0.29273924,0
0,66,0.08948239,-0.00422974,0.018399086,0.29273924,1,1.0,0.089397795,0.19062512,0.02425387,0.0059154658,0
0,67,0.089397795,0.19062512,0.02425387,0.0059154658,1,1.0,0.0932103,0.385391,0.024372179,-0.27901748,0
0,68,0.0932103,0.385391,0.024372179,-0.27901748,0,1.0,0.10091812,0.18992998,0.01879183,0.021251662,0
0,69,0.10091812,0.18992998,0.01879183,0.021251662,0,1.0,0.10471672,-0.0054563503,0.019216863,0.3198039,0
0,70,0.10471672,-0.0054563503,0.019216863,0.3198039,1,1.0,0.10460759,0.18938673,0.025612941,0.03324265,0
0,71,0.10460759,0.18938673,0.025612941,0.03324265,1,1.0,0.10839532,0.38413218,0.026277794,-0.25125036,0
0,72,0.10839532,0.38413218,0.026277794,-0.25125036,0,1.0,0.11607797,0.18864505,0.021252787,0.049603913,0
0,73,0.11607797,0.18864505,0.021252787,0.049603913,1,1.0,0.11985087,0.3834559,0.022244865,-0.23629853,0
0,74,0.11985087,0.3834559,0.022244865,-0.23629853,0,1.0,0.12752,0.18802331,0.017518895,0.06331726,0
0,75,0.12752,0.18802331,0.017518895,0.06331726,1,1.0,0.13128045,0.38288978,0.01878524,-0.22378726,0
0,76,0.13128045,0.38288978,0.01878524,-0.22378726,0,1.0,0.13893825,0.18750444,0.014309494,0.074761555,0
0,77,0.13893825,0.18750444,0.014309494,0.074761555,0,1.0,0.14268833,-0.007819702,0.015804725,0.3719246,0
0,78,0.14268833,-0.007819702,0.015804725,0.3719246,1,1.0,0.14253195,0.1870742,0.023243217,0.08426668,0
0,79,0.14253195,0.1870742,0.023243217,0.08426668,1,1.0,0.14627343,0.3818554,0.024928551,-0.2009933,0
0,80,0.14627343,0.3818554,0.024928551,-0.2009933,0,1.0,0.15391053,0.18638594,0.020908685,0.099448,0
0,81,0.15391053,0.18638594,0.020908685,0.099448,1,1.0,0.15763825,0.3812021,0.022897646,-0.18656564,0
0,82,0.15763825,0.3812021,0.022897646,-0.18656564,0,1.0,0.1652623,0.18576014,0.019166332,0.11325175,0
0,83,0.1652623,0.18576014,0.019166332,0.11325175,1,1.0,0.1689775,0.3806023,0.021431368,-0.17332323,0
0,84,0.1689775,0.3806023,0.021431368,-0.17332323,0,1.0,0.17658955,0.18518028,0.017964903,0.12604283,0
0,85,0.17658955,0.18518028,0.017964903,0.12604283,1,1.0,0.18029316,0.38004032,0.020485759,-0.16091868,0
0,86,0.18029316,0.38004032,0.020485759,-0.16091868,0,1.0,0.18789396,0.18463117,0.017267385,0.13815594,0
0,87,0.18789396,0.18463117,0.017267385,0.13815594,1,1.0,0.19158658,0.37950158,0.020030504,-0.14902978,0
0,88,0.19158658,0.37950158,0.020030504,-0.14902978,0,1.0,0.19917661,0.18409862,0.017049909,0.14990446,0
0,89,0.19917661,0.18409862,0.017049909,0.14990446,1,1.0,0.20285858,0.37897232,0.020047998,-0.13735119,0
0,90,0.20285858,0.37897232,0.020047998,-0.13735119,0,1.0,0.21043803,0.18356906,0.017300975,0.16158855,0
0,91,0.21043803,0.18356906,0.017300975,0.16158855,1,1.0,0.2141094,0.3784391,0.020532746,-0.12558655,0
0,92,0.2141094,0.3784391,0.020532746,-0.12558655,0,1.0,0.2216782,0.18302912,0.018021014,0.17350285,0
0,93,0.2216782,0.18302912,0.018021014,0.17350285,1,1.0,0.22533877,0.37788856,0.021491071,-0.11344098,0
0,94,0.22533877,0.37788856,0.021491071,-0.11344098,0,1.0,0.23289655,0.18246537,0.019222252,0.185944,0
0,95,0.23289655,0.18246537,0.019222252,0.185944,1,1.0,0.23654586,0.3773071,0.022941131,-0.100613594,0
0,96,0.23654586,0.3773071,0.022941131,-0.100613594,0,1.0,0.244092,0.18186401,0.02092886,0.199218,0
0,97,0.244092,0.18186401,0.02092886,0.199218,1,1.0,0.24772927,0.37668046,0.02491322,-0.08679005,0
0,98,0.24772927,0.37668046,0.02491322,-0.08679005,0,1.0,0.25526288,0.18121043,0.023177419,0.21364775,0
0,99,0.25526288,0.18121043,0.023177419,0.21364775,1,1.0,0.25888708,0.37599346,0.027450373,-0.0716348,0
0,100,0.25888708,0.37599346,0.027450373,-0.0716348,1,1.0,0.26640695,0.5707114,0.026017677,-0.35553217,0
0,101,0.26640695,0.5707114,0.026017677,-0.35553217,0,1.0,0.27782118,0.37522933,0.018907035,-0.054760043,0
0,102,0.27782118,0.37522933,0.018907035,-0.054760043,0,1.0,0.28532577,0.17984144,0.017811833,0.24382773,0
0,103,0.28532577,0.17984144,0.017811833,0.24382773,1,1.0,0.2889226,0.3747045,0.022688387,-0.04318411,0
0,104,0.2889226,0.3747045,0.022688387,-0.04318411,1,1.0,0.2964167,0.5694939,0.021824706,-0.32862318,0
0,105,0.2964167,0.5694939,0.021824706,-0.32862318,0,1.0,0.30780658,0.37406817,0.015252242,-0.029138416,0
0,106,0.30780658,0.37406817,0.015252242,-0.029138416,0,1.0,0.31528795,0.17873083,0.014669474,0.26831746,0
0,107,0.31528795,0.17873083,0.014669474,0.26831746,1,1.0,0.31886256,0.3736404,0.020035824,-0.019702747,0
0,108,0.31886256,0.3736404,0.020035824,-0.019702747,1,1.0,0.32633537,0.56846935,0.019641768,-0.3059974,0
0,109,0.32633537,0.56846935,0.019641768,-0.3059974,0,1.0,0.33770475,0.3730731,0.01352182,-0.007185244,0
0,110,0.33770475,0.3730731,0.01352182,-0.007185244,0,1.0,0.3451662,0.17775987,0.013378115,0.2897331,0
0,111,0.3451662,0.17775987,0.013378115,0.2897331,1,1.0,0.3487214,0.37268853,0.019172778,0.0012993525,0
0,112,0.3487214,0.37268853,0.019172778,0.0012993525,1,1.0,0.35617518,0.56753033,0.019198764,-0.2852732,0
0,113,0.35617518,0.56753033,0.019198764,-0.2852732,0,1.0,0.3675258,0.3721399,0.0134933,0.01340252,0
0,114,0.3675258,0.3721399,0.0134933,0.01340252,1,1.0,0.3749686,0.5670658,0.013761351,-0.27499276,0
0,115,0.3749686,0.5670658,0.013761351,-0.27499276,0,1.0,0.3863099,0.3717502,0.008261496,0.02199856,0
0,116,0.3863099,0.3717502,0.008261496,0.02199856,0,1.0,0.39374492,0.17651077,0.008701467,0.3172766,0
0,117,0.39374492,0.17651077,0.008701467,0.3172766,1,1.0,0.39727512,0.3715077,0.015046999,0.027350454,0
0,118,0.39727512,0.3715077,0.015046999,0.027350454,1,1.0,0.4047053,0.56641066,0.015594008,-0.26054725,0
0,119,0.4047053,0.56641066,0.015594008,-0.26054725,0,1.0,0.41603348,0.37106964,0.010383063,0.037013143,0
0,120,0.41603348,0.37106964,0.010383063,0.037013143,1,1.0,0.42345488,0.5660412,0.011123326,-0.2523758,0
0,121,0.42345488,0.5660412,0.011123326,-0.2523758,0,1.0,0.4347757,0.37076214,0.0060758097,0.043794755,0
0,122,0.4347757,0.37076214,0.0060758097,0.043794755,0,1.0,0.44219095,0.1755536,0.0069517046,0.33838844,0
0,123,0.44219095,0.1755536,0.0069517046,0.33838844,1,1.0,0.44570202,0.37057596,0.013719474,0.047905784,0
0,124,0.44570202,0.37057596,0.013719474,0.047905784,1,1.0,0.45311353,0.56549853,0.01467759,-0.24041715,0
0,125,0.45311353,0.56549853,0.01467759,-0.24041715,0,1.0,0.4644235,0.37017,0.009869247,0.056859117,0
0,126,0.4644235,0.37017,0.009869247,0.056859117,1,1.0,0.4718269,0.56514907,0.011006429,-0.23269372,0
0,127,0.4718269,0.56514907,0.011006429,-0.23269372,0,1.0,0.4831299,0.3698716,0.006352554,0.063440576,0
0,128,0.4831299,0.3698716,0.006352554,0.063440576,1,1.0,0.49052733,0.5649019,0.0076213656,-0.22723134,0
0,129,0.49052733,0.5649019,0.0076213656,-0.22723134,0,1.0,0.50182533,0.36967185,0.0030767391,0.06784587,0
0,130,0.50182533,0.36967185,0.0030767391,0.06784587,0,1.0,0.5092188,0.17450593,0.0044336566,0.36149794,0
0,131,0.5092188,0.17450593,0.0044336566,0.36149794,1,1.0,0.5127089,0.3695646,0.011663616,0.07021633,0
0,132,0.5127089,0.3695646,0.011663616,0.07021633,1,1.0,0.52010024,0.5645174,0.013067942,-0.21876396,0
0,133,0.52010024,0.5645174,0.013067942,-0.21876396,0,1.0,0.53139055,0.3692111,0.008692662,0.078012325,0
0,134,0.53139055,0.3692111,0.008692662,0.078012325,1,1.0,0.5387748,0.5642074,0.010252909,-0.21191542,0
0,135,0.5387748,0.5642074,0.010252909,-0.21191542,0,1.0,0.5500589,0.36894032,0.006014601,0.08398404,0
0,136,0.5500589,0.36894032,0.006014601,0.08398404,1,1.0,0.5574377,0.5639756,0.0076942816,-0.20679522,0
0,137,0.5574377,0.5639756,0.0076942816,-0.20679522,0,1.0,0.56871724,0.36874443,0.0035583773,0.0883049,0
0,138,0.56871724,0.36874443,0.0035583773,0.0883049,1,1.0,0.5760921,0.5638152,0.0053244755,-0.20325324,0
0,139,0.5760921,0.5638152,0.0053244755,-0.20325324,0,1.0,0.5873684,0.3686175,0.0012594106,0.091104545,0
0,140,0.5873684,0.3686175,0.0012594106,0.091104545,1,1.0,0.5947408,0.56372136,0.0030815015,-0.20118077,0
0,141,0.5947408,0.56372136,0.0030815015,-0.20118077,0,1.0,0.6060152,0.3685555,-0.00094211404,0.09247263,0
0,142,0.6060152,0.3685555,-0.00094211404,0.09247263,1,1.0,0.61338633,0.5636909,0.0009073385,-0.20050739,0
0,143,0.61338633,0.5636909,0.0009073385,-0.20050739,0,1.0,0.62466013,0.36855602,-0.0031028092,0.09246162,0
0,144,0.62466013,0.36855602,-0.0031028092,0.09246162,0,1.0,0.63203126,0.17347868,-0.0012535768,0.384164,0
0,145,0.63203126,0.17347868,-0.0012535768,0.384164,1,1.0,0.63550085,0.3686184,0.006429703,0.09108609,0
0,146,0.63550085,0.3686184,0.006429703,0.09108609,1,1.0,0.6428732,0.5636476,0.008251425,-0.19956134,0
0,147,0.6428732,0.5636476,0.008251425,-0.19956134,1,1.0,0.65414613,0.75865054,0.004260198,-0.48962995,0
0,148,0.65414613,0.75865054,0.004260198,-0.48962995,0,1.0,0.66931915,0.56346875,-0.005532401,-0.19560742,0
0,149,0.66931915,0.56346875,-0.005532401,-0.19560742,0,1.0,0.68058854,0.3684264,-0.00944455,0.09532515,0
0,150,0.68058854,0.3684264,-0.00944455,0.09532515,0,1.0,0.68795705,0.17344108,-0.0075380467,0.38501343,0
0,151,0.68795705,0.17344108,-0.0075380467,0.38501343,1,1.0,0.69142586,0.36866924,0.00016222194,0.089963354,0
0,152,0.69142586,0.36866924,0.00016222194,0.089963354,1,1.0,0.69879925,0.56378883,0.001961489,-0.20266838,0
0,153,0.69879925,0.56378883,0.001961489,-0.20266838,0,1.0,0.7100751,0.3686389,-0.0020918786,0.090632655,0
0,154,0.7100751,0.3686389,-0.0020918786,0.090632655,1,1.0,0.7174478,0.5637908,-0.00027922555,-0.20270953,0
0,155,0.7174478,0.5637908,-0.00027922555,-0.20270953,0,1.0,0.72872365,0.36867282,-0.004333416,0.0898853,0
0,156,0.72872365,0.36867282,-0.004333416,0.0898853,1,1.0,0.7360971,0.5638566,-0.00253571,-0.20416166,0
0,157,0.7360971,0.5638566,-0.00253571,-0.20416166,0,1.0,0.74737424,0.36877102,-0.006618943,0.0877203,0
0,158,0.74737424,0.36877102,-0.006618943,0.0877203,1,1.0,0.75474966,0.5639872,-0.004864537,-0.20704354,0
0,159,0.75474966,0.5639872,-0.004864537,-0.20704354,0,1.0,0.7660294,0.36893517,-0.009005408,0.08410091,0
0,160,0.7660294,0.36893517,-0.009005408,0.08410091,1,1.0,0.7734081,0.564185,-0.00732339,-0.21140958,0
0,161,0.7734081,0.564185,-0.00732339,-0.21140958,0,1.0,0.7846918,0.36916855,-0.011551581,0.078954235,0
0,162,0.7846918,0.36916855,-0.011551581,0.078954235,1,1.0,0.79207516,0.5644542,-0.009972497,-0.21735075,0
0,163,0.79207516,0.5644542,-0.009972497,-0.21735075,0,1.0,0.8033643,0.3694762,-0.014319512,0.07216982,0
0,164,0.8033643,0.3694762,-0.014319512,0.07216982,0,1.0,0.81075376,0.17456244,-0.012876116,0.3603007,0
0,165,0.81075376,0.17456244,-0.012876116,0.3603007,1,1.0,0.81424505,0.36986503,-0.005670102,0.06358562,0
0,166,0.81424505,0.36986503,-0.005670102,0.06358562,1,1.0,0.82164234,0.5650678,-0.0043983893,-0.23088086,0
0,167,0.82164234,0.5650678,-0.0043983893,-0.23088086,0,1.0,0.8329437,0.370009,-0.009016006,0.06041143,0
0,168,0.8329437,0.370009,-0.009016006,0.06041143,1,1.0,0.8403439,0.56525904,-0.0078077777,-0.23510242,0
0,169,0.8403439,0.56525904,-0.0078077777,-0.23510242,0,1.0,0.85164905,0.3702495,-0.012509827,0.055107504,0
0,170,0.85164905,0.3702495,-0.012509827,0.055107504,1,1.0,0.859054,0.5655486,-0.011407676,-0.24149597,0
0,171,0.859054,0.5655486,-0.011407676,-0.24149597,0,1.0,0.870365,0.37059143,-0.016237596,0.04756695,0
0,172,0.870365,0.37059143,-0.016237596,0.04756695,1,1.0,0.87777686,0.5659424,-0.015286257,-0.25019452,0
0,173,0.87777686,0.5659424,-0.015286257,-0.25019452,0,1.0,0.88909566,0.37104204,-0.020290148,0.03762787,0
0,174,0.88909566,0.37104204,-0.020290148,0.03762787,0,1.0,0.8965165,0.17621684,-0.01953759,0.32384062,0
0,175,0.8965165,0.17621684,-0.01953759,0.32384062,1,1.0,0.90004086,0.37161148,-0.013060777,0.02506094,0
0,176,0.90004086,0.37161148,-0.013060777,0.02506094,1,1.0,0.9074731,0.56691825,-0.012559558,-0.27171403,0
0,177,0.9074731,0.56691825,-0.012559558,-0.27171403,0,1.0,0.91881144,0.37197775,-0.01799384,0.016981255,0
0,178,0.91881144,0.37197775,-0.01799384,0.016981255,1,1.0,0.926251,0.56735307,-0.017654214,-0.28132418,0
0,179,0.926251,0.56735307,-0.017654214,-0.28132418,0,1.0,0.93759805,0.37248734,-0.023280697,0.005738799,0
0,180,0.93759805,0.37248734,-0.023280697,0.005738799,0,1.0,0.9450478,0.17770687,-0.02316592,0.29098642,0
0,181,0.9450478,0.17770687,-0.02316592,0.29098642,1,1.0,0.94860196,0.37315136,-0.017346192,-0.008911804,0
0,182,0.94860196,0.37315136,-0.017346192,-0.008911804,1,1.0,0.956065,0.56851774,-0.017524429,-0.3070168,0
0,183,0.956065,0.56851774,-0.017524429,-0.3070168,0,1.0,0.96743536,0.3736498,-0.023664765,-0.019911733,0
0,184,0.96743536,0.3736498,-0.023664765,-0.019911733,0,1.0,0.97490835,0.17887509,-0.024063,0.26521176,0
0,185,0.97490835,0.17887509,-0.024063,0.26521176,1,1.0,0.9784858,0.37433207,-0.018758764,-0.03496269,0
0,186,0.9784858,0.37433207,-0.018758764,-0.03496269,1,1.0,0.98597246,0.56971794,-0.019458018,-0.33350468,0
0,187,0.98597246,0.56971794,-0.019458018,-0.33350468,0,1.0,0.99736685,0.37487826,-0.026128111,-0.047020778,0
0,188,0.99736685,0.37487826,-0.026128111,-0.047020778,0,1.0,1.0048645,0.18014053,-0.027068527,0.23730534,0
0,189,1.0048645,0.18014053,-0.027068527,0.23730534,1,1.0,1.0084672,0.3756385,-0.02232242,-0.06379141,0
0,190,1.0084672,0.3756385,-0.02232242,-0.06379141,1,1.0,1.01598,0.5710733,-0.023598248,-0.36343277,0
0,191,1.01598,0.5710733,-0.023598248,-0.36343277,0,1.0,1.0274014,0.37629455,-0.030866904,-0.07828324,0
0,192,1.0274014,0.37629455,-0.030866904,-0.07828324,0,1.0,1.0349274,0.18162836,-0.03243257,0.20450349,0
0,193,1.0349274,0.18162836,-0.03243257,0.20450349,1,1.0,1.0385599,0.37719876,-0.028342498,-0.09823131,0
0,194,1.0385599,0.37719876,-0.028342498,-0.09823131,0,1.0,1.0461038,0.18249422,-0.030307125,0.1853766,0
0,195,1.0461038,0.18249422,-0.030307125,0.1853766,1,1.0,1.0497538,0.3780364,-0.026599593,-0.11671091,0
0,196,1.0497538,0.3780364,-0.026599593,-0.11671091,0,1.0,1.0573145,0.18330549,-0.028933812,0.1674628,0
0,197,1.0573145,0.18330549,-0.028933812,0.1674628,1,1.0,1.0609806,0.3788294,-0.025584556,-0.13420565,0
0,198,1.0609806,0.3788294,-0.025584556,-0.13420565,1,1.0,1.0685571,0.5743083,-0.028268669,-0.43484908,0
0,199,1.0685571,0.5743083,-0.028268669,-0.43484908,0,1.0,1.0800433,0.3795977,-0.03696565,-0.15120979,0
0,200,1.0800433,0.3795977,-0.03696565,-0.15120979,0,1.0,1.0876353,0.18502404,-0.039989848,0.1295859,0
0,201,1.0876353,0.18502404,-0.039989848,0.1295859,1,1.0,1.0913358,0.38069534,-0.03739813,-0.17544028,0
0,202,1.0913358,0.38069534,-0.03739813,-0.17544028,0,1.0,1.0989497,0.18612802,-0.040906932,0.10521415,0
0,203,1.0989497,0.18612802,-0.040906932,0.10521415,1,1.0,1.1026722,0.3818116,-0.03880265,-0.20008895,0
0,204,1.1026722,0.3818116,-0.03880265,-0.20008895,0,1.0,1.1103085,0.18726547,-0.04280443,0.080105454,0
0,205,1.1103085,0.18726547,-0.04280443,0.080105454,1,1.0,1.1140538,0.38297406,-0.04120232,-0.22576919,0
0,206,1.1140538,0.38297406,-0.04120232,-0.22576919,0,1.0,1.1217133,0.18846445,-0.045717705,0.053637557,0
0,207,1.1217133,0.18846445,-0.045717705,0.053637557,1,1.0,1.1254826,0.3842111,-0.044644956,-0.25311196,0
0,208,1.1254826,0.3842111,-0.044644956,-0.25311196,0,1.0,1.1331668,0.18975413,-0.049707193,0.025161615,0
0,209,1.1331668,0.18975413,-0.049707193,0.025161615,0,1.0,1.1369619,-0.0046210433,-0.049203962,0.30175635,0
0,210,1.1369619,-0.0046210433,-0.049203962,0.30175635,1,1.0,1.1368694,0.1911664,-0.04316883,-0.0060295127,0
0,211,1.1368694,0.1911664,-0.04316883,-0.0060295127,1,1.0,1.1406928,0.38688,-0.043289423,-0.31201413,0
0,212,1.1406928,0.38688,-0.043289423,-0.31201413,0,1.0,1.1484303,0.19240066,-0.049529705,-0.03329151,0
0,213,1.1484303,0.19240066,-0.049529705,-0.03329151,0,1.0,1.1522784,-0.0019773114,-0.050195538,0.24336211,0
0,214,1.1522784,-0.0019773114,-0.050195538,0.24336211,1,1.0,1.1522388,0.19382434,-0.045328293,-0.06472173,0
0,215,1.1522388,0.19382434,-0.045328293,-0.06472173,1,1.0,1.1561153,0.38956589,-0.04662273,-0.37135443,0
0,216,1.1561153,0.38956589,-0.04662273,-0.37135443,0,1.0,1.1639067,0.19513623,-0.054049816,-0.093728974,0
0,217,1.1639067,0.19513623,-0.054049816,-0.093728974,0,1.0,1.1678094,0.00082895864,-0.055924397,0.1814234,0
0,218,1.1678094,0.00082895864,-0.055924397,0.1814234,1,1.0,1.1678259,0.1967047,-0.05229593,-0.12836409,0
0,219,1.1678259,0.1967047,-0.05229593,-0.12836409,0,1.0,1.1717601,0.0023693985,-0.05486321,0.14737235,0
0,220,1.1717601,0.0023693985,-0.05486321,0.14737235,1,1.0,1.1718074,0.19823234,-0.051915765,-0.1621017,0
0,221,1.1718074,0.19823234,-0.051915765,-0.1621017,0,1.0,1.1757721,0.0038905563,-0.0551578,0.11376183,0
0,222,1.1757721,0.0038905563,-0.0551578,0.11376183,1,1.0,1.1758499,0.1997577,-0.05288256,-0.19580023,0
0,223,1.1758499,0.1997577,-0.05288256,-0.19580023,0,1.0,1.1798451,0.0054304926,-0.056798566,0.07974285,0
0,224,1.1798451,0.0054304926,-0.056798566,0.07974285,0,1.0,1.1799537,-0.18883318,-0.05520371,0.35397866,0
0,225,1.1799537,-0.18883318,-0.05520371,0.35397866,1,1.0,1.176177,0.0070284917,-0.048124135,0.04441204,0
0,226,1.176177,0.0070284917,-0.048124135,0.04441204,1,1.0,1.1763176,0.20280631,-0.047235895,-0.26305774,0
0,227,1.1763176,0.20280631,-0.047235895,-0.26305774,0,1.0,1.1803737,0.008389308,-0.052497048,0.014360299,0
0,228,1.1803737,0.008389308,-0.052497048,0.014360299,1,1.0,1.1805415,0.20422329,-0.052209843,-0.29441303,0
0,229,1.1805415,0.20422329,-0.052209843,-0.29441303,0,1.0,1.184626,0.009883064,-0.058098104,-0.018642632,0
0,230,1.184626,0.009883064,-0.058098104,-0.018642632,0,1.0,1.1848236,-0.18435965,-0.058470957,0.2551586,0
0,231,1.1848236,-0.18435965,-0.058470957,0.2551586,1,1.0,1.1811364,0.011546288,-0.053367786,-0.05537878,0
0,232,1.1811364,0.011546288,-0.053367786,-0.05537878,0,1.0,1.1813674,-0.18277144,-0.05447536,0.22000016,0
0,233,1.1813674,-0.18277144,-0.05447536,0.22000016,1,1.0,1.177712,0.0130851595,-0.050075356,-0.08935678,0
0,234,1.177712,0.0130851595,-0.050075356,-0.08935678,1,1.0,1.1779736,0.20888779,-0.051862493,-0.39740855,0
0,235,1.1779736,0.20888779,-0.051862493,-0.39740855,0,1.0,1.1821513,0.014538507,-0.059810665,-0.12151735,0
0,236,1.1821513,0.014538507,-0.059810665,-0.12151735,0,1.0,1.1824422,-0.1796778,-0.06224101,0.15171233,0
0,237,1.1824422,-0.1796778,-0.06224101,0.15171233,0,1.0,1.1788486,-0.37385586,-0.059206765,0.42412838,0
0,238,1.1788486,-0.37385586,-0.059206765,0.42412838,1,1.0,1.1713715,-0.17794736,-0.050724197,0.113383904,0
0,239,1.1713715,-0.17794736,-0.050724197,0.113383904,1,1.0,1.1678125,0.017863344,-0.04845652,-0.19486089,0
0,240,1.1678125,0.017863344,-0.04845652,-0.19486089,0,1.0,1.1681697,-0.17653318,-0.052353736,0.08215099,0
0,241,1.1681697,-0.17653318,-0.052353736,0.08215099,1,1.0,1.1646391,0.019298647,-0.05071072,-0.22657925,0
0,242,1.1646391,0.019298647,-0.05071072,-0.22657925,0,1.0,1.1650251,-0.17506328,-0.055242304,0.04968631,0
0,243,1.1650251,-0.17506328,-0.055242304,0.04968631,1,1.0,1.1615238,0.020805487,-0.054248575,-0.25990164,0
0,244,1.1615238,0.020805487,-0.054248575,-0.25990164,0,1.0,1.16194,-0.17350176,-0.05944661,0.015189205,0
0,245,1.16194,-0.17350176,-0.05944661,0.015189205,0,1.0,1.1584699,-0.36772302,-0.059142824,0.28853947,0
0,246,1.1584699,-0.36772302,-0.059142824,0.28853947,1,1.0,1.1511154,-0.17180973,-0.053372037,-0.022194507,0
0,247,1.1511154,-0.17180973,-0.053372037,-0.022194507,0,1.0,1.1476792,-0.36612725,-0.053815927,0.25318283,0
0,248,1.1476792,-0.36612725,-0.053815927,0.25318283,1,1.0,1.1403567,-0.17027983,-0.04875227,-0.05597728,0
0,249,1.1403567,-0.17027983,-0.04875227,-0.05597728,1,1.0,1.1369511,0.025506021,-0.049871814,-0.36363462,0
0,250,1.1369511,0.025506021,-0.049871814,-0.36363462,0,1.0,1.1374612,-0.16887297,-0.057144508,-0.08708489,0
0,251,1.1374612,-0.16887297,-0.057144508,-0.08708489,0,1.0,1.1340837,-0.36313123,-0.058886204,0.18703552,0
0,252,1.1340837,-0.36313123,-0.058886204,0.18703552,1,1.0,1.1268212,-0.16721837,-0.055145495,-0.12362694,0
0,253,1.1268212,-0.16721837,-0.055145495,-0.12362694,0,1.0,1.1234767,-0.3615087,-0.057618033,0.15116096,0
0,254,1.1234767,-0.3615087,-0.057618033,0.15116096,1,1.0,1.1162466,-0.16561106,-0.054594815,-0.15912819,0
0,255,1.1162466,-0.16561106,-0.054594815,-0.15912819,0,1.0,1.1129344,-0.3599106,-0.05777738,0.11584399,0
0,256,1.1129344,-0.3599106,-0.05777738,0.11584399,0,1.0,1.1057361,-0.55415916,-0.055460498,0.38975352,0
0,257,1.1057361,-0.55415916,-0.055460498,0.38975352,1,1.0,1.094653,-0.35829568,-0.04766543,0.080113016,0
0,258,1.094653,-0.35829568,-0.04766543,0.080113016,1,1.0,1.0874871,-0.162524,-0.046063166,-0.22721931,0
0,259,1.0874871,-0.162524,-0.046063166,-0.22721931,0,1.0,1.0842366,-0.35695842,-0.050607555,0.05058518,0
0,260,1.0842366,-0.35695842,-0.050607555,0.05058518,1,1.0,1.0770974,-0.16114873,-0.04959585,-0.2576256,0
0,261,1.0770974,-0.16114873,-0.04959585,-0.2576256,0,1.0,1.0738745,-0.3555288,-0.054748364,0.019010805,0
0,262,1.0738745,-0.3555288,-0.054748364,0.019010805,0,1.0,1.0667639,-0.5498246,-0.054368146,0.29392985,0
0,263,1.0667639,-0.5498246,-0.054368146,0.29392985,1,1.0,1.0557674,-0.35397136,-0.04848955,-0.015392287,0
0,264,1.0557674,-0.35397136,-0.04848955,-0.015392287,1,1.0,1.0486879,-0.15818878,-0.048797395,-0.32297134,0
0,265,1.0486879,-0.15818878,-0.048797395,-0.32297134,0,1.0,1.0455242,-0.35258314,-0.05525682,-0.04606766,0
0,266,1.0455242,-0.35258314,-0.05525682,-0.04606766,0,1.0,1.0384725,-0.546871,-0.056178175,0.22868207,0
0,267,1.0384725,-0.546871,-0.056178175,0.22868207,1,1.0,1.0275351,-0.3509931,-0.051604535,-0.08117893,0
0,268,1.0275351,-0.3509931,-0.051604535,-0.08117893,0,1.0,1.0205152,-0.54533875,-0.053228114,0.1947865,0
0,269,1.0205152,-0.54533875,-0.053228114,0.1947865,1,1.0,1.0096085,-0.3494974,-0.049332384,-0.11420114,0
0,270,1.0096085,-0.3494974,-0.049332384,-0.11420114,0,1.0,1.0026186,-0.5438791,-0.051616404,0.16251875,0
0,271,1.0026186,-0.5438791,-0.051616404,0.16251875,1,1.0,0.99174094,-0.34805763,-0.04836603,-0.14599065,0
0,272,0.99174094,-0.34805763,-0.04836603,-0.14599065,0,1.0,0.9847798,-0.5424548,-0.051285844,0.13105,0
0,273,0.9847798,-0.5424548,-0.051285844,0.13105,1,1.0,0.97393066,-0.34663713,-0.04866484,-0.17736173,0
0,274,0.97393066,-0.34663713,-0.04866484,-0.17736173,0,1.0,0.9669979,-0.5410301,-0.052212078,0.09958069,0
0,275,0.9669979,-0.5410301,-0.052212078,0.09958069,1,1.0,0.95617735,-0.34520024,-0.050220463,-0.20910718,0
0,276,0.95617735,-0.34520024,-0.050220463,-0.20910718,0,1.0,0.94927335,-0.53956944,-0.05440261,0.067320466,0
0,277,0.94927335,-0.53956944,-0.05440261,0.067320466,0,1.0,0.9384819,-0.7338709,-0.0530562,0.342355,0
0,278,0.9384819,-0.7338709,-0.0530562,0.342355,1,1.0,0.9238045,-0.53803587,-0.046209097,0.033424575,0
0,279,0.9238045,-0.53803587,-0.046209097,0.033424575,1,1.0,0.9130438,-0.34228277,-0.045540605,-0.27347228,0
0,280,0.9130438,-0.34228277,-0.045540605,-0.27347228,0,1.0,0.90619814,-0.53672636,-0.051010054,0.0045063626,0
0,281,0.90619814,-0.53672636,-0.051010054,0.0045063626,0,1.0,0.89546365,-0.731081,-0.050919924,0.28066874,0
0,282,0.89546365,-0.731081,-0.050919924,0.28066874,1,1.0,0.88084203,-0.5352711,-0.04530655,-0.027629444,0
0,283,0.88084203,-0.5352711,-0.04530655,-0.027629444,1,1.0,0.87013656,-0.3395297,-0.04585914,-0.33425584,0
0,284,0.87013656,-0.3395297,-0.04585914,-0.33425584,0,1.0,0.863346,-0.53397,-0.052544255,-0.05637991,0
0,285,0.863346,-0.53397,-0.052544255,-0.05637991,0,1.0,0.8526666,-0.7283007,-0.053671855,0.21927296,0
0,286,0.8526666,-0.7283007,-0.053671855,0.21927296,1,1.0,0.83810055,-0.53245425,-0.049286395,-0.08984564,0
0,287,0.83810055,-0.53245425,-0.049286395,-0.08984564,0,1.0,0.82745147,-0.7268364,-0.051083308,0.18688914,0
0,288,0.82745147,-0.7268364,-0.051083308,0.18688914,1,1.0,0.8129148,-0.5310222,-0.047345523,-0.12146095,0
0,289,0.8129148,-0.5310222,-0.047345523,-0.12146095,0,1.0,0.8022943,-0.72543496,-0.049774744,0.15591705,0
0,290,0.8022943,-0.72543496,-0.049774744,0.15591705,1,1.0,0.78778565,-0.529637,-0.046656404,-0.1520439,0
0,291,0.78778565,-0.529637,-0.046656404,-0.1520439,0,1.0,0.7771929,-0.7240609,-0.04969728,0.1255626,0
0,292,0.7771929,-0.7240609,-0.04969728,0.1255626,1,1.0,0.76271164,-0.5282635,-0.04718603,-0.18237586,0
0,293,0.76271164,-0.5282635,-0.04718603,-0.18237586,0,1.0,0.7521464,-0.7226796,-0.050833546,0.095056176,0
0,294,0.7521464,-0.7226796,-0.050833546,0.095056176,1,1.0,0.7376928,-0.52686733,-0.048932422,-0.21322146,0
0,295,0.7376928,-0.52686733,-0.048932422,-0.21322146,0,1.0,0.72715545,-0.7212568,-0.05319685,0.0636333,0
0,296,0.72715545,-0.7212568,-0.05319685,0.0636333,0,1.0,0.71273035,-0.9155773,-0.051924184,0.3390692,0
0,297,0.71273035,-0.9155773,-0.051924184,0.3390692,1,1.0,0.6944188,-0.7197564,-0.045142803,0.030474918,0
0,298,0.6944188,-0.7197564,-0.045142803,0.030474918,1,1.0,0.68002367,-0.5240171,-0.044533305,-0.27610236,0
0,299,0.68002367,-0.5240171,-0.044533305,-0.27610236,0,1.0,0.6695433,-0.71847636,-0.05005535,0.0022088368,0
0,300,0.6695433,-0.71847636,-0.05005535,0.0022088368,0,1.0,0.6551738,-0.912846,-0.050011173,0.27868804,0
0,301,0.6551738,-0.912846,-0.050011173,0.27868804,1,1.0,0.6369169,-0.71704763,-0.044437412,-0.029339492,0
0,302,0.6369169,-0.71704763,-0.044437412,-0.029339492,0,1.0,0.6225759,-0.9115051,-0.0450242,0.24899843,0
0,303,0.6225759,-0.9115051,-0.0450242,0.24899843,1,1.0,0.6043458,-0.71577,-0.040044233,-0.057539247,0
0,304,0.6043458,-0.71577,-0.040044233,-0.057539247,0,1.0,0.5900304,-0.9102956,-0.04119502,0.22224537,0
0,305,0.5900304,-0.9102956,-0.04119502,0.22224537,1,1.0,0.5718245,-0.7146098,-0.03675011,-0.083142236,0
0,306,0.5718245,-0.7146098,-0.03675011,-0.083142236,0,1.0,0.5575323,-0.90918624,-0.03841296,0.1977232,0
0,307,0.5575323,-0.90918624,-0.03841296,0.1977232,1,1.0,0.53934854,-0.7135365,-0.034458492,-0.10682554,0
0,308,0.53934854,-0.7135365,-0.034458492,-0.10682554,0,1.0,0.5250778,-0.9081481,-0.036595,0.17478985,0
0,309,0.5250778,-0.9081481,-0.036595,0.17478985,1,1.0,0.50691485,-0.7125221,-0.033099208,-0.12920931,0
0,310,0.50691485,-0.7125221,-0.033099208,-0.12920931,0,1.0,0.49266443,-0.9071546,-0.035683393,0.15285021,0
0,311,0.49266443,-0.9071546,-0.035683393,0.15285021,1,1.0,0.47452134,-0.7115404,-0.032626387,-0.15087305,0
0,312,0.47452134,-0.7115404,-0.032626387,-0.15087305,0,1.0,0.46029052,-0.9061803,-0.03564385,0.13134103,0
0,313,0.46029052,-0.9061803,-0.03564385,0.13134103,1,1.0,0.44216692,-0.7105664,-0.033017028,-0.17237057,0
0,314,0.44216692,-0.7105664,-0.033017028,-0.17237057,0,1.0,0.4279556,-0.9052006,-0.03646444,0.10971641,0
0,315,0.4279556,-0.9052006,-0.03646444,0.10971641,1,1.0,0.40985158,-0.70957565,-0.03427011,-0.19424418,0
0,316,0.40985158,-0.70957565,-0.03427011,-0.19424418,0,1.0,0.39566007,-0.904191,-0.038154997,0.08743407,0
0,317,0.39566007,-0.904191,-0.038154997,0.08743407,1,1.0,0.37757626,-0.70854354,-0.036406316,-0.21703844,0
0,318,0.37757626,-0.70854354,-0.036406316,-0.21703844,0,1.0,0.36340538,-0.9031266,-0.040747084,0.06394171,0
0,319,0.36340538,-0.9031266,-0.040747084,0.06394171,1,1.0,0.34534284,-0.70744485,-0.039468247,-0.2413136,0
0,320,0.34534284,-0.70744485,-0.039468247,-0.2413136,0,1.0,0.33119395,-0.9019815,-0.04429452,0.038663365,0
0,321,0.33119395,-0.9019815,-0.04429452,0.038663365,1,1.0,0.31315434,-0.70625323,-0.043521255,-0.26765934,0
0,322,0.31315434,-0.70625323,-0.043521255,-0.26765934,0,1.0,0.29902926,-0.9007279,-0.04887444,0.010985265,0
0,323,0.29902926,-0.9007279,-0.04887444,0.010985265,0,1.0,0.2810147,-1.0951161,-0.048654735,0.287856,0
0,324,0.2810147,-1.0951161,-0.048654735,0.287856,1,1.0,0.2591124,-0.89933527,-0.042897616,-0.019766532,0
0,325,0.2591124,-0.89933527,-0.042897616,-0.019766532,0,1.0,0.24112567,-1.0938166,-0.043292947,0.25907907,0
0,326,0.24112567,-1.0938166,-0.043292947,0.25907907,1,1.0,0.21924934,-0.89810425,-0.038111363,-0.046938613,0
0,327,0.21924934,-0.89810425,-0.038111363,-0.046938613,0,1.0,0.20128725,-1.0926596,-0.039050136,0.23348042,0
0,328,0.20128725,-1.0926596,-0.039050136,0.23348042,1,1.0,0.17943406,-0.89700204,-0.03438053,-0.07125994,0
0,329,0.17943406,-0.89700204,-0.03438053,-0.07125994,0,1.0,0.16149403,-1.0916146,-0.03580573,0.2103806,0
0,330,0.16149403,-1.0916146,-0.03580573,0.2103806,1,1.0,0.13966173,-0.8959995,-0.031598113,-0.09337866,0
0,331,0.13966173,-0.8959995,-0.031598113,-0.09337866,0,1.0,0.12174174,-1.0906546,-0.033465687,0.18917,0
0,332,0.12174174,-1.0906546,-0.033465687,0.18917,1,1.0,0.09992865,-0.8950703,-0.029682288,-0.11387933,0
0,333,0.09992865,-0.8950703,-0.029682288,-0.11387933,0,1.0,0.08202724,-1.0897547,-0.031959876,0.16929324,0
0,334,0.08202724,-1.0897547,-0.031959876,0.16929324,1,1.0,0.060232148,-0.8941902,-0.02857401,-0.1332983,0
0,335,0.060232148,-0.8941902,-0.02857401,-0.1332983,0,1.0,0.042348348,-1.0888914,-0.031239975,0.15023474,0
0,336,0.042348348,-1.0888914,-0.031239975,0.15023474,1,1.0,0.020570518,-0.89333636,-0.02823528,-0.15213774,0
0,337,0.020570518,-0.89333636,-0.02823528,-0.15213774,0,1.0,0.0027037903,-1.0880429,-0.031278037,0.13150555,0
0,338,0.0027037903,-1.0880429,-0.031278037,0.13150555,1,1.0,-0.019057067,-0.89248717,-0.028647926,-0.1708788,0
0,339,-0.019057067,-0.89248717,-0.028647926,-0.1708788,0,1.0,-0.036906812,-1.0871876,-0.0320655,0.11263071,0
0,340,-0.036906812,-1.0871876,-0.0320655,0.11263071,1,1.0,-0.058650564,-0.89162123,-0.029812887,-0.18999372,0
0,341,-0.058650564,-0.89162123,-0.029812887,-0.18999372,0,1.0,-0.07648299,-1.0863043,-0.03361276,0.09313737,0
0,342,-0.07648299,-1.0863043,-0.03361276,0.09313737,1,1.0,-0.098209076,-0.8907171,-0.031750012,-0.209958,0
0,343,-0.098209076,-0.8907171,-0.031750012,-0.209958,0,1.0,-0.116023414,-1.085371,-0.035949174,0.0725428,0
0,344,-0.116023414,-1.085371,-0.035949174,0.0725428,1,1.0,-0.13773084,-0.8897526,-0.03449832,-0.231262,0
0,345,-0.13773084,-0.8897526,-0.03449832,-0.231262,0,1.0,-0.1555259,-1.084365,-0.039123558,0.05034249,0
0,346,-0.1555259,-1.084365,-0.039123558,0.05034249,1,1.0,-0.17721319,-0.8887046,-0.03811671,-0.25442302,0
0,347,-0.17721319,-0.8887046,-0.03811671,-0.25442302,0,1.0,-0.19498728,-1.0832621,-0.043205168,0.025997756,0
0,348,-0.19498728,-1.0832621,-0.043205168,0.025997756,1,1.0,-0.21665253,-0.8875481,-0.042685214,-0.27999774,0
0,349,-0.21665253,-0.8875481,-0.042685214,-0.27999774,0,1.0,-0.23440349,-1.082036,-0.048285168,-0.0010773037,0
0,350,-0.23440349,-1.082036,-0.048285168,-0.0010773037,0,1.0,-0.2560442,-1.2764333,-0.048306715,0.27598864,0
0,351,-0.2560442,-1.2764333,-0.048306715,0.27598864,1,1.0,-0.28157288,-1.0806566,-0.04278694,-0.031530455,0
0,352,-0.28157288,-1.0806566,-0.04278694,-0.031530455,0,1.0,-0.303186,-1.2751398,-0.04341755,0.24735165,0
0,353,-0.303186,-1.2751398,-0.04341755,0.24735165,1,1.0,-0.3286888,-1.0794255,-0.038470518,-0.05870385,0
0,354,-0.3286888,-1.0794255,-0.038470518,-0.05870385,0,1.0,-0.3502773,-1.2739754,-0.039644595,0.22159745,0
0,355,-0.3502773,-1.2739754,-0.039644595,0.22159745,1,1.0,-0.37575683,-1.0783098,-0.035212647,-0.08332268,0
0,356,-0.37575683,-1.0783098,-0.035212647,-0.08332268,0,1.0,-0.397323,-1.2729098,-0.0368791,0.19804592,0
0,357,-0.397323,-1.2729098,-0.0368791,0.19804592,1,1.0,-0.4227812,-1.0772803,-0.03291818,-0.106038794,0
0,358,-0.4227812,-1.0772803,-0.03291818,-0.106038794,0,1.0,-0.44432682,-1.2719154,-0.035038956,0.17607954,0
0,359,-0.44432682,-1.2719154,-0.035038956,0.17607954,1,1.0,-0.46976513,-1.07631,-0.031517364,-0.12744784,0
0,360,-0.46976513,-1.07631,-0.031517364,-0.12744784,0,1.0,-0.4912913,-1.2709665,-0.034066323,0.15512747,0
0,361,-0.4912913,-1.2709665,-0.034066323,0.15512747,1,1.0,-0.51671064,-1.0753739,-0.030963773,-0.14810497,0
0,362,-0.51671064,-1.0753739,-0.030963773,-0.14810497,0,1.0,-0.53821814,-1.2700391,-0.033925872,0.13465095,0
0,363,-0.53821814,-1.2700391,-0.033925872,0.13465095,1,1.0,-0.5636189,-1.074448,-0.031232854,-0.16853912,0
0,364,-0.5636189,-1.074448,-0.031232854,-0.16853912,0,1.0,-0.58510786,-1.2691092,-0.034603637,0.114129454,0
0,365,-0.58510786,-1.2691092,-0.034603637,0.114129454,1,1.0,-0.6104901,-1.073509,-0.032321047,-0.18926673,0
0,366,-0.6104901,-1.073509,-0.032321047,-0.18926673,0,1.0,-0.6319602,-1.268154,-0.03610638,0.09304755,0
0,367,-0.6319602,-1.268154,-0.03610638,0.09304755,1,1.0,-0.6573233,-1.0725336,-0.03424543,-0.21080472,0
0,368,-0.6573233,-1.0725336,-0.03424543,-0.21080472,0,1.0,-0.678774,-1.2671497,-0.038461525,0.07088193,0
0,369,-0.678774,-1.2671497,-0.038461525,0.07088193,0,1.0,-0.704117,-1.4616997,-0.037043884,0.35118628,0
0,370,-0.704117,-1.4616997,-0.037043884,0.35118628,1,1.0,-0.733351,-1.2660711,-0.03002016,0.04705622,0
0,371,-0.733351,-1.2660711,-0.03002016,0.04705622,0,1.0,-0.7586724,-1.46075,-0.029079037,0.33011842,0
0,372,-0.7586724,-1.46075,-0.029079037,0.33011842,1,1.0,-0.7878874,-1.2652264,-0.022476668,0.028409015,0
0,373,-0.7878874,-1.2652264,-0.022476668,0.028409015,0,1.0,-0.81319195,-1.4600189,-0.021908488,0.31391641,0
0,374,-0.81319195,-1.4600189,-0.021908488,0.31391641,1,1.0,-0.8423923,-1.2645918,-0.01563016,0.014405568,0
0,375,-0.8423923,-1.2645918,-0.01563016,0.014405568,0,1.0,-0.8676841,-1.4594861,-0.015342047,0.3021163,0
0,376,-0.8676841,-1.4594861,-0.015342047,0.3021163,1,1.0,-0.8968739,-1.264149,-0.009299722,0.004634578,0
0,377,-0.8968739,-1.264149,-0.009299722,0.004634578,1,1.0,-0.9221569,-1.0688949,-0.00920703,-0.29096794,0
0,378,-0.9221569,-1.0688949,-0.00920703,-0.29096794,0,1.0,-0.94353473,-1.2638843,-0.01502639,-0.0012029792,0
0,379,-0.94353473,-1.2638843,-0.01502639,-0.0012029792,0,1.0,-0.9688124,-1.4587877,-0.0150504485,0.28670132,0
0,380,-0.9688124,-1.4587877,-0.0150504485,0.28670132,1,1.0,-0.99798816,-1.2634543,-0.009316422,-0.010690142,0
0,381,-0.99798816,-1.2634543,-0.009316422,-0.010690142,0,1.0,-1.0232573,-1.4584414,-0.009530225,0.27903885,0
0,382,-1.0232573,-1.4584414,-0.009530225,0.27903885,1,1.0,-1.0524261,-1.2631848,-0.0039494485,-0.0166346,0
0,383,-1.0524261,-1.2631848,-0.0039494485,-0.0166346,0,1.0,-1.0776898,-1.4582499,-0.00428214,0.27479962,0
0,384,-1.0776898,-1.4582499,-0.00428214,0.27479962,1,1.0,-1.1068548,-1.2630671,0.001213852,-0.019230822,0
0,385,-1.1068548,-1.2630671,0.001213852,-0.019230822,1,1.0,-1.1321161,-1.0679626,0.00082923553,-0.31153053,0
0,386,-1.1321161,-1.0679626,0.00082923553,-0.31153053,0,1.0,-1.1534754,-1.2630963,-0.005401375,-0.018586189,0
0,387,-1.1534754,-1.2630963,-0.005401375,-0.018586189,0,1.0,-1.1787373,-1.4581404,-0.0057730987,0.27238765,0
0,388,-1.1787373,-1.4581404,-0.0057730987,0.27238765,1,1.0,-1.2079002,-1.2629366,-0.0003253454,-0.022110518,0
0,389,-1.2079002,-1.2629366,-0.0003253454,-0.022110518,0,1.0,-1.2331588,-1.4580538,-0.0007675558,0.27046975,0
0,390,-1.2331588,-1.4580538,-0.0007675558,0.27046975,1,1.0,-1.2623199,-1.262921,0.004641839,-0.022455178,0
0,391,-1.2623199,-1.262921,0.004641839,-0.022455178,0,1.0,-1.2875783,-1.4581091,0.0041927355,0.27168867,0
0,392,-1.2875783,-1.4581091,0.0041927355,0.27168867,1,1.0,-1.3167405,-1.2630473,0.009626509,-0.019668898,0
0,393,-1.3167405,-1.2630473,0.009626509,-0.019668898,1,1.0,-1.3420014,-1.0680647,0.009233131,-0.30929908,0
0,394,-1.3420014,-1.0680647,0.009233131,-0.30929908,0,1.0,-1.3633628,-1.263317,0.0030471496,-0.013718632,0
0,395,-1.3633628,-1.263317,0.0030471496,-0.013718632,0,1.0,-1.3886291,-1.4584825,0.002772777,0.27992415,0
0,396,-1.3886291,-1.4584825,0.002772777,0.27992415,1,1.0,-1.4177988,-1.2634002,0.00837126,-0.0118829645,0
0,397,-1.4177988,-1.2634002,0.00837126,-0.0118829645,0,1.0,-1.4430667,-1.4586412,0.0081336005,0.28342938,0
0,398,-1.4430667,-1.4586412,0.0081336005,0.28342938,1,1.0,-1.4722396,-1.2636362,0.013802188,-0.006677181,0
0,399,-1.4722396,-1.2636362,0.013802188,-0.006677181,1,1.0,-1.4975123,-1.0687149,0.013668645,-0.29497358,0
0,400,-1.4975123,-1.0687149,0.013668645,-0.29497358,0,1.0,-1.5188866,-1.264029,0.007769173,0.0019886843,0
0,401,-1.5188866,-1.264029,0.007769173,0.0019886843,0,1.0,-1.5441672,-1.4592615,0.007808947,0.29711273,0
0,402,-1.5441672,-1.4592615,0.007808947,0.29711273,1,1.0,-1.5733525,-1.2642518,0.013751201,0.006902795,0
0,403,-1.5733525,-1.2642518,0.013751201,0.006902795,0,1.0,-1.5986375,-1.4595683,0.013889257,0.30389246,0
0,404,-1.5986375,-1.4595683,0.013889257,0.30389246,1,1.0,-1.6278288,-1.2646469,0.019967107,0.015622059,0
0,405,-1.6278288,-1.2646469,0.019967107,0.015622059,1,1.0,-1.6531217,-1.069817,0.020279547,-0.27069473,0
0,406,-1.6531217,-1.069817,0.020279547,-0.27069473,0,1.0,-1.6745181,-1.2652223,0.014865653,0.028314846,0
0,407,-1.6745181,-1.2652223,0.014865653,0.028314846,0,1.0,-1.6998225,-1.4605542,0.01543195,0.32565072,0
0,408,-1.6998225,-1.4605542,0.01543195,0.32565072,1,1.0,-1.7290336,-1.2656554,0.021944964,0.037874047,0
0,409,-1.7290336,-1.2656554,0.021944964,0.037874047,1,1.0,-1.7543467,-1.0708549,0.022702446,-0.24780504,0
0,410,-1.7543467,-1.0708549,0.022702446,-0.24780504,0,1.0,-1.7757639,-1.2662936,0.017746344,0.05195141,0
0,411,-1.7757639,-1.2662936,0.017746344,0.05195141,1,1.0,-1.8010898,-1.0714306,0.018785372,-0.23507999,0
0,412,-1.8010898,-1.0714306,0.018785372,-0.23507999,0,1.0,-1.8225183,-1.2668158,0.014083773,0.06346873,0
0,413,-1.8225183,-1.2668158,0.014083773,0.06346873,0,1.0,-1.8478546,-1.4621367,0.015353148,0.3605617,0
0,414,-1.8478546,-1.4621367,0.015353148,0.3605617,1,1.0,-1.8770974,-1.2672364,0.022564381,0.07275922,0
0,415,-1.8770974,-1.2672364,0.022564381,0.07275922,1,1.0,-1.9024421,-1.072445,0.024019565,-0.21272,0
0,416,-1.9024421,-1.072445,0.024019565,-0.21272,0,1.0,-1.923891,-1.2679021,0.019765165,0.087441966,0
0,417,-1.923891,-1.2679021,0.019765165,0.087441966,1,1.0,-1.949249,-1.073069,0.021514004,-0.19894008,0
0,418,-1.949249,-1.073069,0.021514004,-0.19894008,0,1.0,-1.9707104,-1.2684919,0.017535204,0.100451134,0
0,419,-1.9707104,-1.2684919,0.017535204,0.100451134,1,1.0,-1.9960803,-1.0736256,0.019544225,-0.18664831,0
0,420,-1.9960803,-1.0736256,0.019544225,-0.18664831,0,1.0,-2.0175529,-1.2690216,0.01581126,0.112135425,0
0,421,-2.0175529,-1.2690216,0.01581126,0.112135425,0,1.0,-2.0429332,-1.4643666,0.018053968,0.40976447,0
0,422,-2.0429332,-1.4643666,0.018053968,0.40976447,1,1.0,-2.0722206,-1.2695051,0.026249258,0.12282759,0
0,423,-2.0722206,-1.2695051,0.026249258,0.12282759,1,1.0,-2.0976107,-1.0747689,0.02870581,-0.16145976,0
0,424,-2.0976107,-1.0747689,0.02870581,-0.16145976,0,1.0,-2.119106,-1.2702898,0.025476614,0.1401391,0
0,425,-2.119106,-1.2702898,0.025476614,0.1401391,1,1.0,-2.1445117,-1.0755419,0.028279398,-0.14439875,0
0,426,-2.1445117,-1.0755419,0.028279398,-0.14439875,0,1.0,-2.1660225,-1.2710571,0.025391422,0.15706997,0
0,427,-2.1660225,-1.2710571,0.025391422,0.15706997,1,1.0,-2.1914437,-1.0763077,0.028532822,-0.12749568,0
0,428,-2.1914437,-1.0763077,0.028532822,-0.12749568,0,1.0,-2.21297,-1.2718265,0.025982907,0.17405072,0
0,429,-2.21297,-1.2718265,0.025982907,0.17405072,1,1.0,-2.2384064,-1.0770859,0.029463923,-0.110323526,0
0,430,-2.2384064,-1.0770859,0.029463923,-0.110323526,0,1.0,-2.2599483,-1.2726175,0.027257452,0.19150756,0
0,431,-2.2599483,-1.2726175,0.027257452,0.19150756,1,1.0,-2.2854006,-1.0778958,0.031087603,-0.09245368,0
0,432,-2.2854006,-1.0778958,0.031087603,-0.09245368,0,1.0,-2.3069584,-1.2734492,0.02923853,0.209873,0
0,433,-2.3069584,-1.2734492,0.02923853,0.209873,1,1.0,-2.3324275,-1.0787573,0.03343599,-0.07344519,0
0,434,-2.3324275,-1.0787573,0.03343599,-0.07344519,0,1.0,-2.3540025,-1.2743422,0.031967085,0.2295966,0
0,435,-2.3540025,-1.2743422,0.031967085,0.2295966,1,1.0,-2.3794894,-1.0796913,0.036559016,-0.052833863,0
0,436,-2.3794894,-1.0796913,0.036559016,-0.052833863,0,1.0,-2.4010832,-1.2753179,0.03550234,0.25115588,1
1,0,0.0112594925,-0.048429955,-0.031231042,0.035789005,0,1.0,0.010290894,-0.24309045,-0.030515263,0.31845692,0
1,1,0.010290894,-0.24309045,-0.030515263,0.31845692,0,1.0,0.005429085,-0.4377648,-0.024146123,0.6013624,0
1,2,0.005429085,-0.4377648,-0.024146123,0.6013624,1,1.0,-0.0033262111,-0.24231355,-0.012118876,0.3011727,0
1,3,-0.0033262111,-0.24231355,-0.012118876,0.3011727,0,1.0,-0.008172482,-0.4372607,-0.006095421,0.5900091,0
1,4,-0.008172482,-0.4372607,-0.006095421,0.5900091,1,1.0,-0.016917696,-0.24205393,0.0057047606,0.29541233,0
1,5,-0.016917696,-0.24205393,0.0057047606,0.29541233,1,1.0,-0.021758774,-0.04701376,0.011613008,0.0045340573,0
1,6,-0.021758774,-0.04701376,0.011613008,0.0045340573,0,1.0,-0.022699049,-0.24230032,0.011703689,0.3008583,0
1,7,-0.022699049,-0.24230032,0.011703689,0.3008583,1,1.0,-0.027545055,-0.04734712,0.017720854,0.011889324,0
1,8,-0.027545055,-0.04734712,0.017720854,0.011889324,1,1.0,-0.028491998,0.14751627,0.017958641,-0.2751502,0
1,9,-0.028491998,0.14751627,0.017958641,-0.2751502,0,1.0,-0.025541672,-0.047857247,0.012455637,0.023142364,0
1,10,-0.025541672,-0.047857247,0.012455637,0.023142364,1,1.0,-0.026498817,0.14708388,0.012918484,-0.2655848,0
1,11,-0.026498817,0.14708388,0.012918484,-0.2655848,0,1.0,-0.02355714,-0.048220042,0.0076067885,0.031144587,0
1,12,-0.02355714,-0.048220042,0.0076067885,0.031144587,0,1.0,-0.02452154,-0.24345024,0.00822968,0.3262178,0
1,13,-0.02452154,-0.24345024,0.00822968,0.3262178,1,1.0,-0.029390546,-0.048446428,0.014754036,0.036141474,0
1,14,-0.029390546,-0.048446428,0.014754036,0.036141474,1,1.0,-0.030359475,0.14646088,0.015476866,-0.25185013,0
1,15,-0.030359475,0.14646088,0.015476866,-0.25185013,0,1.0,-0.027430257,-0.04887862,0.010439863,0.045674037,0
1,16,-0.027430257,-0.04887862,0.010439863,0.045674037,0,1.0,-0.028407829,-0.2441487,0.011353344,0.34163246,0
1,17,-0.028407829,-0.2441487,0.011353344,0.34163246,1,1.0,-0.033290803,-0.04919011,0.018185994,0.052551232,0
1,18,-0.033290803,-0.04919011,0.018185994,0.052551232,1,1.0,-0.034274604,0.14566642,0.019237017,-0.23433883,0
1,19,-0.034274604,0.14566642,0.019237017,-0.23433883,0,1.0,-0.03136128,-0.04972503,0.014550241,0.064349435,0
1,20,-0.03136128,-0.04972503,0.014550241,0.064349435,1,1.0,-0.032355778,0.14518532,0.01583723,-0.22370751,0
1,21,-0.032355778,0.14518532,0.01583723,-0.22370751,0,1.0,-0.02945207,-0.050159365,0.011363079,0.073928714,0
1,22,-0.02945207,-0.050159365,0.011363079,0.073928714,1,1.0,-0.03045526,0.14479786,0.012841653,-0.21514757,0
1,23,-0.03045526,0.14479786,0.012841653,-0.21514757,0,1.0,-0.0275593,-0.05050531,0.0085387025,0.08155837,0
1,24,-0.0275593,-0.05050531,0.0085387025,0.08155837,0,1.0,-0.028569408,-0.24574861,0.010169869,0.376923,0
1,25,-0.028569408,-0.24574861,0.010169869,0.376923,1,1.0,-0.03348438,-0.05077257,0.01770833,0.087463945,0
1,26,-0.03348438,-0.05077257,0.01770833,0.087463945,1,1.0,-0.03449983,0.14409113,0.019457608,-0.1995798,0
1,27,-0.03449983,0.14409113,0.019457608,-0.1995798,0,1.0,-0.03161801,-0.05130363,0.015466012,0.09917703,0
1,28,-0.03161801,-0.05130363,0.015466012,0.09917703,1,1.0,-0.03264408,0.14359328,0.017449552,-0.18858655,0
1,29,-0.03264408,0.14359328,0.017449552,-0.18858655,0,1.0,-0.029772216,-0.051773906,0.013677822,0.10954954,0
1,30,-0.029772216,-0.051773906,0.013677822,0.10954954,1,1.0,-0.030807694,0.1431494,0.015868813,-0.17878692,0
1,31,-0.030807694,0.1431494,0.015868813,-0.17878692,0,1.0,-0.027944706,-0.052196,0.012293074,0.11885952,0
1,32,-0.027944706,-0.052196,0.012293074,0.11885952,1,1.0,-0.028988626,0.14274769,0.014670265,-0.16991983,0
1,33,-0.028988626,0.14274769,0.014670265,-0.16991983,0,1.0,-0.026133671,-0.052581143,0.011271868,0.12735477,0
1,34,-0.026133671,-0.052581143,0.011271868,0.12735477,1,1.0,-0.027185295,0.14237754,0.013818963,-0.1617508,0
1,35,-0.027185295,0.14237754,0.013818963,-0.1617508,0,1.0,-0.024337744,-0.052939497,0.010583947,0.13525942,0
1,36,-0.024337744,-0.052939497,0.010583947,0.13525942,1,1.0,-0.025396533,0.14202927,0.013289136,-0.15406573,0
1,37,-0.025396533,0.14202927,0.013289136,-0.15406573,0,1.0,-0.02255595,-0.053280413,0.010207822,0.14277981,0
1,38,-0.02255595,-0.053280413,0.010207822,0.14277981,1,1.0,-0.023621557,0.14169388,0.013063418,-0.14666532,0
1,39,-0.023621557,0.14169388,0.013063418,-0.14666532,0,1.0,-0.02078768,-0.053612698,0.010130111,0.15011007,0
1,40,-0.02078768,-0.053612698,0.010130111,0.15011007,1,1.0,-0.021859935,0.14136274,0.013132312,-0.13935989,0
1,41,-0.021859935,0.14136274,0.013132312,-0.13935989,0,1.0,-0.01903268,-0.05394481,0.010345114,0.15743697,0
1,42,-0.01903268,-0.05394481,0.010345114,0.15743697,1,1.0,-0.020111576,0.14102751,0.013493855,-0.13196445,0
1,43,-0.020111576,0.14102751,0.013493855,-0.13196445,0,1.0,-0.017291024,-0.05428511,0.010854566,0.16494487,0
1,44,-0.017291024,-0.05428511,0.010854566,0.16494487,1,1.0,-0.018376727,0.14067979,0.014153463,-0.124294065,0
1,45,-0.018376727,0.14067979,0.014153463,-0.124294065,0,1.0,-0.015563131,-0.054642037,0.011667581,0.17282031,0
1,46,-0.015563131,-0.054642037,0.011667581,0.17282031,1,1.0,-0.016655972,0.140311,0.015123988,-0.11615914,0
1,47,-0.016655972,0.140311,0.015123988,-0.11615914,0,1.0,-0.013849752,-0.055024352,0.012800805,0.18125665,0
1,48,-0.013849752,-0.055024352,0.012800805,0.18125665,1,1.0,-0.014950239,0.13991211,0.016425937,-0.10736075,0
1,49,-0.014950239,0.13991211,0.016425937,-0.10736075,0,1.0,-0.012151997,-0.05544133,0.014278723,0.1904589,0
1,50,-0.012151997,-0.05544133,0.014278723,0.1904589,1,1.0,-0.013260824,0.13947347,0.018087901,-0.0976857,0
1,51,-0.013260824,0.13947347,0.018087901,-0.0976857,0,1.0,-0.010471354,-0.055902988,0.016134188,0.20064859,0
1,52,-0.010471354,-0.055902988,0.016134188,0.20064859,1,1.0,-0.0115894135,0.13898453,0.020147158,-0.0869014,0
1,53,-0.0115894135,0.13898453,0.020147158,-0.0869014,0,1.0,-0.008809723,-0.056420323,0.018409131,0.21206927,0
1,54,-0.008809723,-0.056420323,0.018409131,0.21206927,1,1.0,-0.009938129,0.13843365,0.022650516,-0.074750185,0
1,55,-0.009938129,0.13843365,0.022650516,-0.074750185,0,1.0,-0.0071694567,-0.057005573,0.021155512,0.22499213,0
1,56,-0.0071694567,-0.057005573,0.021155512,0.22499213,1,1.0,-0.008309568,0.13780773,0.025655355,-0.060943183,0
1,57,-0.008309568,0.13780773,0.025655355,-0.060943183,1,1.0,-0.005553413,0.33255264,0.02443649,-0.34542254,0
1,58,-0.005553413,0.33255264,0.02443649,-0.34542254,0,1.0,0.0010976393,0.13709174,0.01752804,-0.04513514,0
1,59,0.0010976393,0.13709174,0.01752804,-0.04513514,0,1.0,0.0038394742,-0.058277108,0.016625337,0.2530261,0
1,60,0.0038394742,-0.058277108,0.016625337,0.2530261,1,1.0,0.002673932,0.13660355,0.02168586,-0.03436687,0
1,61,0.002673932,0.13660355,0.02168586,-0.03436687,0,1.0,0.005406003,-0.058822557,0.020998523,0.2650785,0
1,62,0.005406003,-0.058822557,0.020998523,0.2650785,1,1.0,0.0042295516,0.13599348,0.026300093,-0.020908015,0
1,63,0.0042295516,0.13599348,0.026300093,-0.020908015,1,1.0,0.0069494215,0.3307286,0.025881933,-0.3051783,0
1,64,0.0069494215,0.3307286,0.025881933,-0.3051783,0,1.0,0.013563993,0.13524754,0.019778365,-0.00444652,0
1,65,0.013563993,0.13524754,0.019778365,-0.00444652,0,1.0,0.016268944,-0.06015239,0.019689435,0.29441053,0
1,66,0.016268944,-0.06015239,0.019689435,0.29441053,1,1.0,0.015065896,0.1346834,0.025577646,0.008001804,0
1,67,0.015065896,0.1346834,0.025577646,0.008001804,1,1.0,0.017759565,0.32942936,0.025737682,-0.2765026,0
1,68,0.017759565,0.32942936,0.025737682,-0.2765026,0,1.0,0.024348153,0.13394986,0.02020763,0.024185602,0
1,69,0.024348153,0.13394986,0.02020763,0.024185602,1,1.0,0.027027149,0.32877627,0.020691343,-0.26205373,0
1,70,0.027027149,0.32877627,0.020691343,-0.26205373,0,1.0,0.033602674,0.13336517,0.015450268,0.03708302,0
1,71,0.033602674,0.13336517,0.015450268,0.03708302,0,1.0,0.036269978,-0.061974894,0.016191928,0.33460033,0
1,72,0.036269978,-0.061974894,0.016191928,0.33460033,1,1.0,0.03503048,0.13291292,0.022883935,0.04706717,0
1,73,0.03503048,0.13291292,0.022883935,0.04706717,1,1.0,0.03768874,0.32769936,0.023825279,-0.23830874,0
1,74,0.03768874,0.32769936,0.023825279,-0.23830874,0,1.0,0.044242725,0.1322453,0.019059103,0.061793137,0
1,75,0.044242725,0.1322453,0.019059103,0.061793137,1,1.0,0.046887632,0.32708886,0.020294966,-0.22481611,0
1,76,0.046887632,0.32708886,0.020294966,-0.22481611,0,1.0,0.05342941,0.13168283,0.015798645,0.0741989,0
1,77,0.05342941,0.13168283,0.015798645,0.0741989,1,1.0,0.056063067,0.32657477,0.017282622,-0.21345791,0
1,78,0.056063067,0.32657477,0.017282622,-0.21345791,0,1.0,0.06259456,0.13121004,0.013013464,0.08462624,0
1,79,0.06259456,0.13121004,0.013013464,0.08462624,0,1.0,0.06521876,-0.064096,0.0147059895,0.38138637,0
1,80,0.06521876,-0.064096,0.0147059895,0.38138637,1,1.0,0.063936844,0.13081408,0.022333717,0.093376264,0
1,81,0.063936844,0.13081408,0.022333717,0.093376264,1,1.0,0.06655312,0.3256089,0.024201242,-0.19217756,0
1,82,0.06655312,0.3256089,0.024201242,-0.19217756,0,1.0,0.0730653,0.13014928,0.02035769,0.108040534,0
1,83,0.0730653,0.13014928,0.02035769,0.108040534,1,1.0,0.07566829,0.32497367,0.0225185,-0.17815076,0
1,84,0.07566829,0.32497367,0.0225185,-0.17815076,0,1.0,0.08216776,0.12953682,0.018955486,0.12155005,0
1,85,0.08216776,0.12953682,0.018955486,0.12155005,1,1.0,0.0847585,0.32438216,0.021386487,-0.16509284,0
1,86,0.0847585,0.32438216,0.021386487,-0.16509284,0,1.0,0.09124614,0.12896068,0.01808463,0.13425948,0
1,87,0.09124614,0.12896068,0.01808463,0.13425948,1,1.0,0.093825355,0.32381898,0.02076982,-0.15266359,0
1,88,0.093825355,0.32381898,0.02076982,-0.15266359,0,1.0,0.100301735,0.12840588,0.017716547,0.14649871,0
1,89,0.100301735,0.12840588,0.017716547,0.14649871,1,1.0,0.10286985,0.3232697,0.020646522,-0.14054275,0
1,90,0.10286985,0.3232697,0.020646522,-0.14054275,0,1.0,0.10933524,0.12785824,0.017835667,0.15858164,0
1,91,0.10933524,0.12785824,0.017835667,0.15858164,1,1.0,0.11189241,0.32272035,0.0210073,-0.12842163,0
1,92,0.11189241,0.32272035,0.0210073,-0.12842163,0,1.0,0.11834682,0.12730385,0.018438868,0.17081411,0
1,93,0.11834682,0.12730385,0.018438868,0.17081411,1,1.0,0.1208929,0.3221571,0.02185515,-0.115995355,0
1,94,0.1208929,0.3221571,0.02185515,-0.115995355,0,1.0,0.12733604,0.12672894,0.019535242,0.1835018,0
1,95,0.12733604,0.12672894,0.019535242,0.1835018,1,1.0,0.12987061,0.321566,0.023205278,-0.102955036,0
1,96,0.12987061,0.321566,0.023205278,-0.102955036,0,1.0,0.13630193,0.1261193,0.021146178,0.19695781,0
1,97,0.13630193,0.1261193,0.021146178,0.19695781,1,1.0,0.13882433,0.3209325,0.025085334,-0.088980146,0
1,98,0.13882433,0.3209325,0.025085334,-0.088980146,0,1.0,0.14524297,0.12546013,0.02330573,0.21151046,0
1,99,0.14524297,0.12546013,0.02330573,0.21151046,1,1.0,0.14775218,0.32024124,0.02753594,-0.07373059,0
1,100,0.14775218,0.32024124,0.02753594,-0.07373059,0,1.0,0.154157,0.12473559,0.026061328,0.22751129,0
1,101,0.154157,0.12473559,0.026061328,0.22751129,1,1.0,0.1566517,0.3194756,0.030611554,-0.056838363,0
1,102,0.1566517,0.3194756,0.030611554,-0.056838363,1,1.0,0.16304122,0.51414555,0.029474787,-0.33970812,0
1,103,0.16304122,0.51414555,0.029474787,-0.33970812,0,1.0,0.17332414,0.31861687,0.022680625,-0.037878163,0
1,104,0.17332414,0.31861687,0.022680625,-0.037878163,0,1.0,0.17969647,0.12317715,0.021923061,0.26187357,0
1,105,0.17969647,0.12317715,0.021923061,0.26187357,1,1.0,0.18216002,0.3179794,0.027160533,-0.023814749,0
1,106,0.18216002,0.3179794,0.027160533,-0.023814749,1,1.0,0.1885196,0.5127015,0.026684238,-0.307806,0
1,107,0.1885196,0.5127015,0.026684238,-0.307806,0,1.0,0.19877364,0.31720972,0.020528117,-0.0068284404,0
1,108,0.19877364,0.31720972,0.020528117,-0.0068284404,0,1.0,0.20511782,0.12179948,0.020391548,0.29226002,0
1,109,0.20511782,0.12179948,0.020391548,0.29226002,1,1.0,0.20755382,0.31662485,0.026236748,0.00607743,0
1,110,0.20755382,0.31662485,0.026236748,0.00607743,1,1.0,0.21388632,0.5113609,0.026358297,-0.27821338,0
1,111,0.21388632,0.5113609,0.026358297,-0.27821338,0,1.0,0.22411354,0.31587303,0.02079403,0.022665,0
1,112,0.22411354,0.31587303,0.02079403,0.022665,1,1.0,0.23043099,0.5106907,0.02124733,-0.26338533,0
1,113,0.23043099,0.5106907,0.02124733,-0.26338533,0,1.0,0.24064481,0.315272,0.015979623,0.035922788,0
1,114,0.24064481,0.315272,0.015979623,0.035922788,0,1.0,0.24695024,0.11992459,0.01669808,0.3336043,0
1,115,0.24695024,0.11992459,0.01669808,0.3336043,1,1.0,0.24934874,0.31480494,0.023370165,0.046233527,0
1,116,0.24934874,0.31480494,0.023370165,0.046233527,1,1.0,0.25564483,0.5095841,0.024294836,-0.23898526,0
1,117,0.25564483,0.5095841,0.024294836,-0.23898526,0,1.0,0.2658365,0.3141237,0.01951513,0.06126087,0
1,118,0.2658365,0.3141237,0.01951513,0.06126087,1,1.0,0.272119,0.5089605,0.020740349,-0.22520158,0
1,119,0.272119,0.5089605,0.020740349,-0.22520158,0,1.0,0.2822982,0.31354833,0.016236316,0.07395081,0
1,120,0.2822982,0.31354833,0.016236316,0.07395081,1,1.0,0.28856918,0.5084338,0.017715333,-0.21356559,0
1,121,0.28856918,0.5084338,0.017715333,-0.21356559,0,1.0,0.29873785,0.3130631,0.013444021,0.08465249,0
1,122,0.29873785,0.3130631,0.013444021,0.08465249,1,1.0,0.3049991,0.50798976,0.015137071,-0.20375869,0
1,123,0.3049991,0.50798976,0.015137071,-0.20375869,0,1.0,0.3151589,0.31265467,0.0110618975,0.09366055,0
1,124,0.3151589,0.31265467,0.0110618975,0.09366055,0,1.0,0.321412,0.11737594,0.0129351085,0.38981286,0
1,125,0.321412,0.11737594,0.0129351085,0.38981286,1,1.0,0.32375953,0.31231192,0.020731365,0.10123615,0
1,126,0.32375953,0.31231192,0.020731365,0.10123615,1,1.0,0.33000576,0.50713074,0.022756089,-0.18483466,0
1,127,0.33000576,0.50713074,0.022756089,-0.18483466,0,1.0,0.34014836,0.3116907,0.019059395,0.11493919,0
1,128,0.34014836,0.3116907,0.019059395,0.11493919,1,1.0,0.34638217,0.50653446,0.021358179,-0.17167021,0
1,129,0.34638217,0.50653446,0.021358179,-0.17167021,0,1.0,0.35651287,0.31111342,0.017924774,0.1276733,0
1,130,0.35651287,0.31111342,0.017924774,0.1276733,1,1.0,0.36273515,0.50597405,0.020478241,-0.15930112,0
1,131,0.36273515,0.50597405,0.020478241,-0.15930112,0,1.0,0.37285462,0.310565,0.017292218,0.1397712,0
1,132,0.37285462,0.310565,0.017292218,0.1397712,1,1.0,0.37906593,0.50543505,0.020087643,-0.14740655,0
1,133,0.37906593,0.50543505,0.020087643,-0.14740655,0,1.0,0.3891746,0.3100313,0.017139511,0.15154533,0
1,134,0.3891746,0.3100313,0.017139511,0.15154533,1,1.0,0.39537525,0.5049037,0.020170419,-0.13568155,0
1,135,0.39537525,0.5049037,0.020170419,-0.13568155,0,1.0,0.40547332,0.30949873,0.017456787,0.16329598,0
1,136,0.40547332,0.30949873,0.017456787,0.16329598,1,1.0,0.4116633,0.50436646,0.020722706,-0.12382908,0
1,137,0.4116633,0.50436646,0.020722706,-0.12382908,1,1.0,0.42175063,0.6991855,0.018246125,-0.40990284,0
1,138,0.42175063,0.6991855,0.018246125,-0.40990284,0,1.0,0.43573433,0.5038097,0.010048068,-0.11152384,0
1,139,0.43573433,0.5038097,0.010048068,-0.11152384,0,1.0,0.44581053,0.30854523,0.007817592,0.18431218,0
1,140,0.44581053,0.30854523,0.007817592,0.18431218,1,1.0,0.45198143,0.50355446,0.011503835,-0.10589437,0
1,141,0.45198143,0.50355446,0.011503835,-0.10589437,0,1.0,0.46205252,0.30826953,0.009385947,0.19039565,0
1,142,0.46205252,0.30826953,0.009385947,0.19039565,1,1.0,0.4682179,0.50325596,0.013193861,-0.09931167,0
1,143,0.4682179,0.50325596,0.013193861,-0.09931167,0,1.0,0.47828305,0.30794743,0.011207627,0.1975045,0
1,144,0.47828305,0.30794743,0.011207627,0.1975045,1,1.0,0.484442,0.5029073,0.015157717,-0.09162195,0
1,145,0.484442,0.5029073,0.015157717,-0.09162195,1,1.0,0.49450013,0.69780874,0.013325279,-0.37948433,0
1,146,0.49450013,0.69780874,0.013325279,-0.37948433,0,1.0,0.5084563,0.5025001,0.0057355915,-0.0826299,0
1,147,0.5084563,0.5025001,0.0057355915,-0.0826299,0,1.0,0.5185063,0.30729643,0.0040829936,0.21185708,0
1,148,0.5185063,0.30729643,0.0040829936,0.21185708,1,1.0,0.52465224,0.50235975,0.008320135,-0.07953508,0
1,149,0.52465224,0.50235975,0.008320135,-0.07953508,0,1.0,0.53469944,0.30711955,0.006729434,0.21576121,0
1,150,0.53469944,0.30711955,0.006729434,0.21576121,1,1.0,0.5408418,0.50214463,0.011044658,-0.07479138,0
1,151,0.5408418,0.50214463,0.011044658,-0.07479138,1,1.0,0.5508847,0.69710654,0.00954883,-0.3639693,0
1,152,0.5508847,0.69710654,0.00954883,-0.3639693,0,1.0,0.56482685,0.5018502,0.002269444,-0.06829082,0
1,153,0.56482685,0.5018502,0.002269444,-0.06829082,0,1.0,0.57486385,0.30669576,0.00090362766,0.22510727,0
1,154,0.57486385,0.30669576,0.00090362766,0.22510727,1,1.0,0.58099777,0.50180477,0.005405773,-0.06729049,0
1,155,0.58099777,0.50180477,0.005405773,-0.06729049,0,1.0,0.5910339,0.30660576,0.004059963,0.22709307,0
1,156,0.5910339,0.30660576,0.004059963,0.22709307,1,1.0,0.597166,0.50166947,0.008601825,-0.06430643,0
1,157,0.597166,0.50166947,0.008601825,-0.06430643,1,1.0,0.6071994,0.696667,0.0073156958,-0.35426307,0
1,158,0.6071994,0.696667,0.0073156958,-0.35426307,0,1.0,0.62113273,0.50144184,0.00023043461,-0.0592823,0
1,159,0.62113273,0.50144184,0.00023043461,-0.0592823,0,1.0,0.6311615,0.30631655,-0.00095521135,0.23347332,0
1,160,0.6311615,0.30631655,-0.00095521135,0.23347332,1,1.0,0.63728786,0.50145215,0.003714255,-0.059510756,0
1,161,0.63728786,0.50145215,0.003714255,-0.059510756,1,1.0,0.64731693,0.6965206,0.00252404,-0.3510195,0
1,162,0.64731693,0.6965206,0.00252404,-0.3510195,0,1.0,0.6612473,0.5013629,-0.00449635,-0.05754173,0
1,163,0.6612473,0.5013629,-0.00449635,-0.05754173,0,1.0,0.6712746,0.3063057,-0.005647185,0.23371918,0
1,164,0.6712746,0.3063057,-0.005647185,0.23371918,1,1.0,0.6774007,0.5015079,-0.00097280106,-0.06073969,0
1,165,0.6774007,0.5015079,-0.00097280106,-0.06073969,0,1.0,0.68743086,0.30639988,-0.0021875948,0.23163615,0
1,166,0.68743086,0.30639988,-0.0021875948,0.23163615,1,1.0,0.6935589,0.50155306,0.0024451283,-0.06173601,0
1,167,0.6935589,0.50155306,0.0024451283,-0.06173601,1,1.0,0.7035899,0.69663984,0.001210408,-0.3536465,0
1,168,0.7035899,0.69663984,0.001210408,-0.3536465,0,1.0,0.71752274,0.5015007,-0.0058625215,-0.060582124,0
1,169,0.71752274,0.5015007,-0.0058625215,-0.060582124,0,1.0,0.7275527,0.3064633,-0.0070741638,0.23024538,0
1,170,0.7275527,0.3064633,-0.0070741638,0.23024538,1,1.0,0.733682,0.5016856,-0.0024692563,-0.06466056,0
1,171,0.733682,0.5016856,-0.0024692563,-0.06466056,0,1.0,0.7437157,0.30659914,-0.0037624673,0.22724229,0
1,172,0.7437157,0.30659914,-0.0037624673,0.22724229,1,1.0,0.7498477,0.50177467,0.0007823784,-0.06662508,0
1,173,0.7498477,0.50177467,0.0007823784,-0.06662508,1,1.0,0.75988317,0.6968854,-0.00055012316,-0.35906106,0
1,174,0.75988317,0.6968854,-0.00055012316,-0.35906106,0,1.0,0.7738209,0.5017713,-0.0077313446,-0.06655165,0
1,175,0.7738209,0.5017713,-0.0077313446,-0.06655165,0,1.0,0.78385633,0.30676103,-0.009062378,0.223682,0
1,176,0.78385633,0.30676103,-0.009062378,0.223682,1,1.0,0.78999156,0.5020113,-0.0045887376,-0.07184572,0
1,177,0.78999156,0.5020113,-0.0045887376,-0.07184572,0,1.0,0.8000318,0.30695546,-0.006025652,0.2193859,0
1,178,0.8000318,0.30695546,-0.006025652,0.2193859,1,1.0,0.8061709,0.502163,-0.0016379335,-0.07519165,0
1,179,0.8061709,0.502163,-0.0016379335,-0.07519165,1,1.0,0.81621414,0.6973084,-0.0031417664,-0.3683909,0
1,180,0.81621414,0.6973084,-0.0031417664,-0.3683909,0,1.0,0.8301603,0.50223124,-0.010509584,-0.07670027,0
1,181,0.8301603,0.50223124,-0.010509584,-0.07670027,0,1.0,0.8402049,0.3072615,-0.01204359,0.2126484,0
1,182,0.8402049,0.3072615,-0.01204359,0.2126484,1,1.0,0.84635013,0.5025536,-0.007790622,-0.08380916,0
1,183,0.84635013,0.5025536,-0.007790622,-0.08380916,0,1.0,0.8564012,0.30754414,-0.009466805,0.20640567,0
1,184,0.8564012,0.30754414,-0.009466805,0.20640567,1,1.0,0.8625521,0.50280017,-0.0053386916,-0.08924846,0
1,185,0.8625521,0.50280017,-0.0053386916,-0.08924846,1,1.0,0.8726081,0.6979982,-0.0071236608,-0.38361096,0
1,186,0.8726081,0.6979982,-0.0071236608,-0.38361096,0,1.0,0.88656807,0.50297815,-0.01479588,-0.093182586,0
1,187,0.88656807,0.50297815,-0.01479588,-0.093182586,0,1.0,0.89662766,0.30807137,-0.016659532,0.19479577,0
1,188,0.89662766,0.30807137,-0.016659532,0.19479577,1,1.0,0.90278906,0.5034276,-0.012763617,-0.103095606,0
1,189,0.90278906,0.5034276,-0.012763617,-0.103095606,0,1.0,0.9128576,0.30849087,-0.0148255285,0.18553327,0
1,190,0.9128576,0.30849087,-0.0148255285,0.18553327,1,1.0,0.91902745,0.5038218,-0.011114863,-0.11178943,0
1,191,0.91902745,0.5038218,-0.011114863,-0.11178943,0,1.0,0.92910385,0.30886084,-0.013350652,0.17736621,0
1,192,0.92910385,0.30886084,-0.013350652,0.17736621,1,1.0,0.9352811,0.5041713,-0.009803328,-0.11949832,0
1,193,0.9352811,0.5041713,-0.009803328,-0.11949832,1,1.0,0.94536453,0.6994323,-0.012193294,-0.41525793,0
1,194,0.94536453,0.6994323,-0.012193294,-0.41525793,0,1.0,0.95935315,0.5044853,-0.020498453,-0.12644385,0
1,195,0.95935315,0.5044853,-0.020498453,-0.12644385,0,1.0,0.96944284,0.3096629,-0.023027329,0.15970221,0
1,196,0.96944284,0.3096629,-0.023027329,0.15970221,1,1.0,0.9756361,0.5051068,-0.019833285,-0.14015539,0
1,197,0.9756361,0.5051068,-0.019833285,-0.14015539,0,1.0,0.9857383,0.31027445,-0.022636393,0.14620507,0
1,198,0.9857383,0.31027445,-0.022636393,0.14620507,1,1.0,0.9919438,0.50571316,-0.019712292,-0.15353239,0
1,199,0.9919438,0.50571316,-0.019712292,-0.15353239,0,1.0,1.002058,0.3108789,-0.022782939,0.13286716,0
1,200,1.002058,0.3108789,-0.022782939,0.13286716,1,1.0,1.0082756,0.5063197,-0.020125596,-0.1669155,0
1,201,1.0082756,0.5063197,-0.020125596,-0.1669155,0,1.0,1.018402,0.3114915,-0.023463907,0.11935104,0
1,202,1.018402,0.3114915,-0.023463907,0.11935104,1,1.0,1.0246319,0.5069416,-0.021076886,-0.18064122,0
1,203,1.0246319,0.5069416,-0.021076886,-0.18064122,0,1.0,1.0347706,0.31212753,-0.02468971,0.10531889,0
1,204,1.0347706,0.31212753,-0.02468971,0.10531889,1,1.0,1.0410132,0.50759447,-0.022583332,-0.19505015,0
1,205,1.0410132,0.50759447,-0.022583332,-0.19505015,0,1.0,1.0511651,0.3128027,-0.026484335,0.09042403,0
1,206,1.0511651,0.3128027,-0.026484335,0.09042403,1,1.0,1.0574211,0.50829405,-0.024675855,-0.21049565,0
1,207,1.0574211,0.50829405,-0.024675855,-0.21049565,0,1.0,1.067587,0.31353346,-0.028885767,0.074302346,0
1,208,1.067587,0.31353346,-0.028885767,0.074302346,1,1.0,1.0738577,0.50905734,-0.02739972,-0.22735238,0
1,209,1.0738577,0.50905734,-0.02739972,-0.22735238,0,1.0,1.0840389,0.31433746,-0.031946767,0.0565633,0
1,210,1.0840389,0.31433746,-0.031946767,0.0565633,1,1.0,1.0903256,0.50990254,-0.030815503,-0.24602543,0
1,211,1.0903256,0.50990254,-0.030815503,-0.24602543,0,1.0,1.1005236,0.31523398,-0.03573601,0.036780503,0
1,212,1.1005236,0.31523398,-0.03573601,0.036780503,1,1.0,1.1068283,0.51084965,-0.035000402,-0.26695988,0
1,213,1.1068283,0.51084965,-0.035000402,-0.26695988,0,1.0,1.1170453,0.31624427,-0.040339597,0.014481442,0
1,214,1.1170453,0.31624427,-0.040339597,0.014481442,1,1.0,1.1233702,0.5119208,-0.04004997,-0.29065123,0
1,215,1.1233702,0.5119208,-0.04004997,-0.29065123,0,1.0,1.1336086,0.31739217,-0.045862995,-0.0108637605,0
1,216,1.1336086,0.31739217,-0.045862995,-0.0108637605,0,1.0,1.1399565,0.12295693,-0.04608027,0.26700342,0
1,217,1.1399565,0.12295693,-0.04608027,0.26700342,1,1.0,1.1424156,0.3187052,-0.0407402,-0.039850127,0
1,218,1.1424156,0.3187052,-0.0407402,-0.039850127,1,1.0,1.1487896,0.51438695,-0.041537203,-0.34510353,0
1,219,1.1487896,0.51438695,-0.041537203,-0.34510353,0,1.0,1.1590774,0.31987977,-0.048439275,-0.06580278,0
1,220,1.1590774,0.31987977,-0.048439275,-0.06580278,0,1.0,1.165475,0.12548456,-0.04975533,0.21121241,0
1,221,1.165475,0.12548456,-0.04975533,0.21121241,1,1.0,1.1679847,0.32128128,-0.045531083,-0.09674126,0
1,222,1.1679847,0.32128128,-0.045531083,-0.09674126,0,1.0,1.1744103,0.12684047,-0.047465906,0.18123618,0
1,223,1.1744103,0.12684047,-0.047465906,0.18123618,1,1.0,1.1769471,0.32260838,-0.043841183,-0.12603465,0
1,224,1.1769471,0.32260838,-0.043841183,-0.12603465,0,1.0,1.1833993,0.12814102,-0.046361875,0.15250091,0
1,225,1.1833993,0.12814102,-0.046361875,0.15250091,1,1.0,1.1859622,0.3238951,-0.043311857,-0.1544402,0
1,226,1.1859622,0.3238951,-0.043311857,-0.1544402,0,1.0,1.19244,0.1294192,-0.046400663,0.12427038,0
1,227,1.19244,0.1294192,-0.046400663,0.12427038,1,1.0,1.1950284,0.32517412,-0.043915253,-0.18268289,0
1,228,1.1950284,0.32517412,-0.043915253,-0.18268289,0,1.0,1.2015319,0.13070716,-0.04756891,0.09582938,0
1,229,1.2015319,0.13070716,-0.04756891,0.09582938,1,1.0,1.204146,0.32647747,-0.045652322,-0.2114739,0
1,230,1.204146,0.32647747,-0.045652322,-0.2114739,0,1.0,1.2106756,0.13203698,-0.0498818,0.066465855,0
1,231,1.2106756,0.13203698,-0.0498818,0.066465855,1,1.0,1.2133163,0.3278373,-0.048552483,-0.24152847,0
1,232,1.2133163,0.3278373,-0.048552483,-0.24152847,0,1.0,1.2198731,0.1334413,-0.053383052,0.03545307,0
1,233,1.2198731,0.1334413,-0.053383052,0.03545307,1,1.0,1.2225419,0.32928652,-0.05267399,-0.27358344,0
1,234,1.2225419,0.32928652,-0.05267399,-0.27358344,0,1.0,1.2291276,0.13495417,-0.05814566,0.0020317936,0
1,235,1.2291276,0.13495417,-0.05814566,0.0020317936,0,1.0,1.2318268,-0.059287764,-0.058105025,0.2758171,0
1,236,1.2318268,-0.059287764,-0.058105025,0.2758171,1,1.0,1.230641,0.13661297,-0.052588683,-0.034611356,0
1,237,1.230641,0.13661297,-0.052588683,-0.034611356,1,1.0,1.2333733,0.33244807,-0.053280912,-0.34341186,0
1,238,1.2333733,0.33244807,-0.053280912,-0.34341186,0,1.0,1.2400222,0.138123,-0.060149148,-0.06799508,0
1,239,1.2400222,0.138123,-0.060149148,-0.06799508,0,1.0,1.2427846,-0.056087315,-0.06150905,0.2051204,0
1,240,1.2427846,-0.056087315,-0.06150905,0.2051204,0,1.0,1.2416629,-0.2502782,-0.05740664,0.47778362,0
1,241,1.2416629,-0.2502782,-0.05740664,0.47778362,1,1.0,1.2366574,-0.054394715,-0.04785097,0.16757412,0
1,242,1.2366574,-0.054394715,-0.04785097,0.16757412,1,1.0,1.2355695,0.14137836,-0.044499487,-0.13981216,0
1,243,1.2355695,0.14137836,-0.044499487,-0.13981216,1,1.0,1.238397,0.33710846,-0.04729573,-0.44619521,0
1,244,1.238397,0.33710846,-0.04729573,-0.44619521,0,1.0,1.2451392,0.14268641,-0.056219634,-0.168788,0
1,245,1.2451392,0.14268641,-0.056219634,-0.168788,0,1.0,1.2479929,-0.05158765,-0.059595395,0.10564281,0
1,246,1.2479929,-0.05158765,-0.059595395,0.10564281,0,1.0,1.2469611,-0.24580717,-0.057482537,0.37894422,0
1,247,1.2469611,-0.24580717,-0.057482537,0.37894422,1,1.0,1.242045,-0.04991801,-0.049903654,0.068705246,0
1,248,1.242045,-0.04991801,-0.049903654,0.068705246,1,1.0,1.2410467,0.14588256,-0.048529547,-0.23929557,0
1,249,1.2410467,0.14588256,-0.048529547,-0.23929557,1,1.0,1.2439643,0.34166297,-0.05331546,-0.54688257,0
1,250,1.2439643,0.34166297,-0.05331546,-0.54688257,0,1.0,1.2507976,0.14732905,-0.064253114,-0.27146316,0
1,251,1.2507976,0.14732905,-0.064253114,-0.27146316,0,1.0,1.2537441,-0.046820007,-0.069682375,0.00028206094,0
1,252,1.2537441,-0.046820007,-0.069682375,0.00028206094,0,1.0,1.2528077,-0.240877,-0.069676735,0.2701911,0
1,253,1.2528077,-0.240877,-0.069676735,0.2701911,0,1.0,1.2479903,-0.43493906,-0.06427291,0.54010946,0
1,254,1.2479903,-0.43493906,-0.06427291,0.54010946,1,1.0,1.2392914,-0.2389753,-0.05347072,0.22788756,0
1,255,1.2392914,-0.2389753,-0.05347072,0.22788756,1,1.0,1.234512,-0.04313161,-0.04891297,-0.08117104,0
1,256,1.234512,-0.04313161,-0.04891297,-0.08117104,1,1.0,1.2336493,0.15265615,-0.05053639,-0.3888761,0
1,257,1.2336493,0.15265615,-0.05053639,-0.3888761,0,1.0,1.2367024,-0.04171343,-0.058313914,-0.11254534,0
1,258,1.2367024,-0.04171343,-0.058313914,-0.11254534,0,1.0,1.2358681,-0.23595342,-0.06056482,0.16118482,0
1,259,1.2358681,-0.23595342,-0.06056482,0.16118482,1,1.0,1.2311491,-0.040019058,-0.057341125,-0.14997303,0
1,260,1.2311491,-0.040019058,-0.057341125,-0.14997303,0,1.0,1.2303487,-0.23427503,-0.060340583,0.12408296,0
1,261,1.2303487,-0.23427503,-0.060340583,0.12408296,0,1.0,1.2256632,-0.42848295,-0.057858925,0.3971353,0
1,262,1.2256632,-0.42848295,-0.057858925,0.3971353,1,1.0,1.2170936,-0.23258989,-0.04991622,0.08678637,0
1,263,1.2170936,-0.23258989,-0.04991622,0.08678637,1,1.0,1.2124418,-0.036789283,-0.04818049,-0.22121799,0
1,264,1.2124418,-0.036789283,-0.04818049,-0.22121799,1,1.0,1.2117059,0.15898705,-0.05260485,-0.5287013,0
1,265,1.2117059,0.15898705,-0.05260485,-0.5287013,0,1.0,1.2148857,-0.035356883,-0.063178875,-0.25304735,0
1,266,1.2148857,-0.035356883,-0.063178875,-0.25304735,0,1.0,1.2141786,-0.22952248,-0.06823982,0.01905774,0
1,267,1.2141786,-0.22952248,-0.06823982,0.01905774,0,1.0,1.2095882,-0.4236028,-0.067858666,0.28945372,0
1,268,1.2095882,-0.4236028,-0.067858666,0.28945372,0,1.0,1.2011161,-0.6176948,-0.062069595,0.55998653,0
1,269,1.2011161,-0.6176948,-0.062069595,0.55998653,1,1.0,1.1887622,-0.4217591,-0.050869863,0.24841219,0
1,270,1.1887622,-0.4217591,-0.050869863,0.24841219,1,1.0,1.1803269,-0.22594896,-0.045901623,-0.05987236,0
1,271,1.1803269,-0.22594896,-0.045901623,-0.05987236,1,1.0,1.175808,-0.030199954,-0.04709907,-0.36667693,0
1,272,1.175808,-0.030199954,-0.04709907,-0.36667693,0,1.0,1.175204,-0.22462207,-0.05443261,-0.08920917,0
1,273,1.175204,-0.22462207,-0.05443261,-0.08920917,0,1.0,1.1707115,-0.41892326,-0.05621679,0.18581566,0
1,274,1.1707115,-0.41892326,-0.05621679,0.18581566,1,1.0,1.1623331,-0.22304392,-0.05250048,-0.124058224,0
1,275,1.1623331,-0.22304392,-0.05250048,-0.124058224,0,1.0,1.1578722,-0.41737595,-0.05498164,0.15161014,0
1,276,1.1578722,-0.41737595,-0.05498164,0.15161014,1,1.0,1.1495247,-0.22151159,-0.051949438,-0.15789892,0
1,277,1.1495247,-0.22151159,-0.051949438,-0.15789892,0,1.0,1.1450945,-0.41585276,-0.05510742,0.11795332,0
1,278,1.1450945,-0.41585276,-0.05510742,0.11795332,1,1.0,1.1367774,-0.21998632,-0.052748352,-0.19159374,0
1,279,1.1367774,-0.21998632,-0.052748352,-0.19159374,0,1.0,1.1323776,-0.41431555,-0.056580227,0.08399385,0
1,280,1.1323776,-0.41431555,-0.056580227,0.08399385,1,1.0,1.1240914,-0.2184301,-0.05490035,-0.22598982,0
1,281,1.1240914,-0.2184301,-0.05490035,-0.22598982,0,1.0,1.1197227,-0.41272622,-0.059420146,0.048882637,0
1,282,1.1197227,-0.41272622,-0.059420146,0.048882637,0,1.0,1.1114682,-0.606948,-0.058442492,0.32224193,0
1,283,1.1114682,-0.606948,-0.058442492,0.32224193,1,1.0,1.0993292,-0.41104466,-0.051997654,0.011716258,0
1,284,1.0993292,-0.41104466,-0.051997654,0.011716258,1,1.0,1.0911084,-0.21521702,-0.05176333,-0.2969086,0
1,285,1.0911084,-0.21521702,-0.05176333,-0.2969086,0,1.0,1.086804,-0.40956432,-0.0577015,-0.020989725,0
1,286,1.086804,-0.40956432,-0.0577015,-0.020989725,0,1.0,1.0786128,-0.60381335,-0.058121294,0.25294405,0
1,287,1.0786128,-0.60381335,-0.058121294,0.25294405,1,1.0,1.0665365,-0.40791172,-0.053062413,-0.057490245,0
1,288,1.0665365,-0.40791172,-0.053062413,-0.057490245,0,1.0,1.0583782,-0.6022343,-0.05421222,0.21799031,0
1,289,1.0583782,-0.6022343,-0.05421222,0.21799031,1,1.0,1.0463336,-0.40638095,-0.049852412,-0.09128866,0
1,290,1.0463336,-0.40638095,-0.049852412,-0.09128866,0,1.0,1.038206,-0.6007542,-0.051678184,0.18525848,0
1,291,1.038206,-0.6007542,-0.051678184,0.18525848,1,1.0,1.0261909,-0.4049324,-0.047973014,-0.12326873,0
1,292,1.0261909,-0.4049324,-0.047973014,-0.12326873,0,1.0,1.0180923,-0.59933543,-0.05043839,0.15390162,0
1,293,1.0180923,-0.59933543,-0.05043839,0.15390162,1,1.0,1.0061055,-0.4035289,-0.047360357,-0.15425721,0
1,294,1.0061055,-0.4035289,-0.047360357,-0.15425721,0,1.0,0.99803495,-0.5979419,-0.0504455,0.123116516,0
1,295,0.99803495,-0.5979419,-0.0504455,0.123116516,1,1.0,0.9860761,-0.40213487,-0.047983173,-0.18504506,0
1,296,0.9860761,-0.40213487,-0.047983173,-0.18504506,0,1.0,0.9780334,-0.5965386,-0.051684074,0.09212327,0
1,297,0.9780334,-0.5965386,-0.051684074,0.09212327,1,1.0,0.96610266,-0.4007154,-0.04984161,-0.21640763,0
1,298,0.96610266,-0.4007154,-0.04984161,-0.21640763,0,1.0,0.95808834,-0.5950907,-0.05416976,0.06014589,0
1,299,0.95808834,-0.5950907,-0.05416976,0.06014589,0,1.0,0.9461865,-0.7893958,-0.05296684,0.33525792,0
1,300,0.9461865,-0.7893958,-0.05296684,0.33525792,1,1.0,0.9303986,-0.59356165,-0.046261683,0.026353626,0
1,301,0.9303986,-0.59356165,-0.046261683,0.026353626,1,1.0,0.91852736,-0.39780784,-0.04573461,-0.280559,0
1,302,0.91852736,-0.39780784,-0.04573461,-0.280559,0,1.0,0.9105712,-0.59224856,-0.05134579,-0.0026441687,0
1,303,0.9105712,-0.59224856,-0.05134579,-0.0026441687,0,1.0,0.8987262,-0.78659797,-0.051398676,0.2734067,0
1,304,0.8987262,-0.78659797,-0.051398676,0.2734067,1,1.0,0.8829943,-0.59078175,-0.045930542,-0.03503427,0
1,305,0.8829943,-0.59078175,-0.045930542,-0.03503427,1,1.0,0.8711786,-0.3950323,-0.046631224,-0.34184766,0
1,306,0.8711786,-0.3950323,-0.046631224,-0.34184766,0,1.0,0.863278,-0.58946085,-0.05346818,-0.06422646,0
1,307,0.863278,-0.58946085,-0.05346818,-0.06422646,0,1.0,0.85148877,-0.78377706,-0.054752707,0.21111915,0
1,308,0.85148877,-0.78377706,-0.054752707,0.21111915,1,1.0,0.8358132,-0.58791673,-0.050530326,-0.09832032,0
1,309,0.8358132,-0.58791673,-0.050530326,-0.09832032,0,1.0,0.8240549,-0.78227943,-0.05249673,0.17800201,0
1,310,0.8240549,-0.78227943,-0.05249673,0.17800201,1,1.0,0.80840933,-0.58644706,-0.04893669,-0.13076882,0
1,311,0.80840933,-0.58644706,-0.04893669,-0.13076882,0,1.0,0.7966804,-0.7808351,-0.05155207,0.1460825,0
1,312,0.7966804,-0.7808351,-0.05155207,0.1460825,1,1.0,0.7810637,-0.5850142,-0.04863042,-0.16240814,0
1,313,0.7810637,-0.5850142,-0.04863042,-0.16240814,0,1.0,0.7693634,-0.7794075,-0.051878583,0.11454531,0
1,314,0.7693634,-0.7794075,-0.051878583,0.11454531,1,1.0,0.75377524,-0.58358204,-0.049587674,-0.19404313,0
1,315,0.75377524,-0.58358204,-0.049587674,-0.19404313,0,1.0,0.7421036,-0.7779609,-0.053468537,0.082593925,0
1,316,0.7421036,-0.7779609,-0.053468537,0.082593925,0,1.0,0.7265444,-0.9722772,-0.05181666,0.35793963,0
1,317,0.7265444,-0.9722772,-0.05181666,0.35793963,1,1.0,0.70709884,-0.7764584,-0.044657867,0.049378324,0
1,318,0.70709884,-0.7764584,-0.044657867,0.049378324,1,1.0,0.6915697,-0.5807255,-0.0436703,-0.25705338,0
1,319,0.6915697,-0.5807255,-0.0436703,-0.25705338,0,1.0,0.6799551,-0.7751976,-0.04881137,0.021541746,0
1,320,0.6799551,-0.7751976,-0.04881137,0.021541746,0,1.0,0.6644512,-0.9695868,-0.04838053,0.29843342,0
1,321,0.6644512,-0.9695868,-0.04838053,0.29843342,1,1.0,0.64505947,-0.7738098,-0.042411864,-0.009106814,0
1,322,0.64505947,-0.7738098,-0.042411864,-0.009106814,1,1.0,0.62958324,-0.5781061,-0.042594,-0.31486377,0
1,323,0.62958324,-0.5781061,-0.042594,-0.31486377,0,1.0,0.61802113,-0.77259624,-0.048891276,-0.035912003,0
1,324,0.61802113,-0.77259624,-0.048891276,-0.035912003,0,1.0,0.6025692,-0.9669842,-0.049609516,0.24095324,0
1,325,0.6025692,-0.9669842,-0.049609516,0.24095324,1,1.0,0.58322954,-0.77119,-0.04479045,-0.066955976,0
1,326,0.58322954,-0.77119,-0.04479045,-0.066955976,0,1.0,0.56780577,-0.9656421,-0.04612957,0.21126568,0
1,327,0.56780577,-0.9656421,-0.04612957,0.21126568,1,1.0,0.5484929,-0.769892,-0.041904256,-0.09560442,0
1,328,0.5484929,-0.769892,-0.041904256,-0.09560442,0,1.0,0.53309506,-0.9643891,-0.043816347,0.18356885,0
1,329,0.53309506,-0.9643891,-0.043816347,0.18356885,1,1.0,0.5138073,-0.7686685,-0.04014497,-0.12260819,0
1,330,0.5138073,-0.7686685,-0.04014497,-0.12260819,0,1.0,0.49843392,-0.96319294,-0.042597134,0.15714401,0
1,331,0.49843392,-0.96319294,-0.042597134,0.15714401,1,1.0,0.47917005,-0.7674878,-0.03945425,-0.14866716,0
1,332,0.47917005,-0.7674878,-0.03945425,-0.14866716,0,1.0,0.46382028,-0.96202326,-0.042427596,0.13131233,0
1,333,0.46382028,-0.96202326,-0.042427596,0.13131233,1,1.0,0.4445798,-0.76632005,-0.039801348,-0.1744483,0
1,334,0.4445798,-0.76632005,-0.039801348,-0.1744483,0,1.0,0.42925343,-0.9608504,-0.043290313,0.10541769,0
1,335,0.42925343,-0.9608504,-0.043290313,0.10541769,1,1.0,0.4100364,-0.7651357,-0.041181963,-0.20060274,0
1,336,0.4100364,-0.7651357,-0.041181963,-0.20060274,0,1.0,0.3947337,-0.9596452,-0.045194015,0.07881006,0
1,337,0.3947337,-0.9596452,-0.045194015,0.07881006,1,1.0,0.3755408,-0.76390547,-0.043617815,-0.22778223,0
1,338,0.3755408,-0.76390547,-0.043617815,-0.22778223,0,1.0,0.3602627,-0.95837784,-0.04817346,0.050829284,0
1,339,0.3602627,-0.95837784,-0.04817346,0.050829284,1,1.0,0.34109512,-0.7625994,-0.047156874,-0.2566552,0
1,340,0.34109512,-0.7625994,-0.047156874,-0.2566552,0,1.0,0.32584316,-0.9570175,-0.052289978,0.020788752,0
1,341,0.32584316,-0.9570175,-0.052289978,0.020788752,0,1.0,0.3067028,-1.151352,-0.0518742,0.29652596,0
1,342,0.3067028,-1.151352,-0.0518742,0.29652596,1,1.0,0.28367576,-0.95553046,-0.045943685,-0.012055511,0
1,343,0.28367576,-0.95553046,-0.045943685,-0.012055511,0,1.0,0.26456514,-1.1499645,-0.046184793,0.265785,0
1,344,0.26456514,-1.1499645,-0.046184793,0.265785,1,1.0,0.24156585,-0.95421475,-0.040869094,-0.04109988,0
1,345,0.24156585,-0.95421475,-0.040869094,-0.04109988,1,1.0,0.22248156,-0.75853133,-0.04169109,-0.34639212,0
1,346,0.22248156,-0.75853133,-0.04169109,-0.34639212,0,1.0,0.20731093,-0.9530362,-0.048618935,-0.06714195,0
1,347,0.20731093,-0.9530362,-0.048618935,-0.06714195,0,1.0,0.18825021,-1.1474286,-0.04996177,0.20981376,0
1,348,0.18825021,-1.1474286,-0.04996177,0.20981376,1,1.0,0.16530164,-0.9516292,-0.045765497,-0.09820152,0
1,349,0.16530164,-0.9516292,-0.045765497,-0.09820152,0,1.0,0.14626905,-1.1460664,-0.04772953,0.17969851,0
1,350,0.14626905,-1.1460664,-0.04772953,0.17969851,1,1.0,0.12334772,-0.9502951,-0.04413556,-0.12765118,0
1,351,0.12334772,-0.9502951,-0.04413556,-0.12765118,0,1.0,0.10434182,-1.1447579,-0.046688583,0.15078732,0
1,352,0.10434182,-1.1447579,-0.046688583,0.15078732,1,1.0,0.08144666,-0.9489996,-0.043672834,-0.15625164,0
1,353,0.08144666,-0.9489996,-0.043672834,-0.15625164,0,1.0,0.062466674,-1.1434699,-0.046797868,0.122339986,0
1,354,0.062466674,-1.1434699,-0.046797868,0.122339986,1,1.0,0.039597277,-0.9477098,-0.044351067,-0.18473223,0
1,355,0.039597277,-0.9477098,-0.044351067,-0.18473223,0,1.0,0.02064308,-1.1421701,-0.048045713,0.09363635,0
1,356,0.02064308,-1.1421701,-0.048045713,0.09363635,1,1.0,-0.0022003206,-0.94639355,-0.046172984,-0.2138095,0
1,357,-0.0022003206,-0.94639355,-0.046172984,-0.2138095,0,1.0,-0.02112819,-1.140826,-0.050449174,0.06395831,0
1,358,-0.02112819,-1.140826,-0.050449174,0.06395831,1,1.0,-0.043944713,-0.9450184,-0.04917001,-0.24420518,0
1,359,-0.043944713,-0.9450184,-0.04917001,-0.24420518,0,1.0,-0.06284508,-1.1394048,-0.05405411,0.03257189,0
1,360,-0.06284508,-1.1394048,-0.05405411,0.03257189,0,1.0,-0.08563317,-1.3337116,-0.053402673,0.3077222,0
1,361,-0.08563317,-1.3337116,-0.053402673,0.3077222,1,1.0,-0.11230741,-1.137871,-0.04724823,-0.001312838,0
1,362,-0.11230741,-1.137871,-0.04724823,-0.001312838,1,1.0,-0.13506483,-0.9421044,-0.04727449,-0.30852082,0
1,363,-0.13506483,-0.9421044,-0.04727449,-0.30852082,0,1.0,-0.15390691,-1.136522,-0.053444903,-0.031113781,0
1,364,-0.15390691,-1.136522,-0.053444903,-0.031113781,0,1.0,-0.17663735,-1.3308384,-0.05406718,0.24423933,0
1,365,-0.17663735,-1.3308384,-0.05406718,0.24423933,1,1.0,-0.20325412,-1.1349876,-0.049182393,-0.06499566,0
1,366,-0.20325412,-1.1349876,-0.049182393,-0.06499566,0,1.0,-0.22595388,-1.3293711,-0.050482307,0.21177332,0
1,367,-0.22595388,-1.3293711,-0.050482307,0.21177332,1,1.0,-0.2525413,-1.1335651,-0.04624684,-0.096397035,0
1,368,-0.2525413,-1.1335651,-0.04624684,-0.096397035,0,1.0,-0.2752126,-1.3279948,-0.04817478,0.18134391,0
1,369,-0.2752126,-1.3279948,-0.04817478,0.18134391,1,1.0,-0.3017725,-1.1322178,-0.044547904,-0.12613882,0
1,370,-0.3017725,-1.1322178,-0.044547904,-0.12613882,0,1.0,-0.32441685,-1.3266741,-0.04707068,0.15216364,0
1,371,-0.32441685,-1.3266741,-0.04707068,0.15216364,1,1.0,-0.35095033,-1.1309109,-0.044027407,-0.15498964,0
1,372,-0.35095033,-1.1309109,-0.044027407,-0.15498964,0,1.0,-0.37356856,-1.3253757,-0.0471272,0.12348503,0
1,373,-0.37356856,-1.3253757,-0.0471272,0.12348503,1,1.0,-0.40007606,-1.1296114,-0.0446575,-0.1836857,0
1,374,-0.40007606,-1.1296114,-0.0446575,-0.1836857,0,1.0,-0.4226683,-1.3240669,-0.048331212,0.09458174,0
1,375,-0.4226683,-1.3240669,-0.048331212,0.09458174,1,1.0,-0.44914964,-1.1282867,-0.046439577,-0.21294941,0
1,376,-0.44914964,-1.1282867,-0.046439577,-0.21294941,0,1.0,-0.47171536,-1.3227149,-0.050698567,0.06473027,0
1,377,-0.47171536,-1.3227149,-0.050698567,0.06473027,1,1.0,-0.49816966,-1.1269041,-0.04940396,-0.24350752,0
1,378,-0.49816966,-1.1269041,-0.04940396,-0.24350752,0,1.0,-0.5207077,-1.3212869,-0.054274112,0.03319199,0
1,379,-0.5207077,-1.3212869,-0.054274112,0.03319199,0,1.0,-0.5471335,-1.5155903,-0.053610273,0.30826905,0
1,380,-0.5471335,-1.5155903,-0.053610273,0.30826905,1,1.0,-0.57744527,-1.3197471,-0.04744489,-0.00082758005,0
1,381,-0.57744527,-1.3197471,-0.04744489,-0.00082758005,0,1.0,-0.60384023,-1.5141577,-0.047461443,0.27651653,0
1,382,-0.60384023,-1.5141577,-0.047461443,0.27651653,1,1.0,-0.6341234,-1.3183918,-0.04193111,-0.030749956,0
1,383,-0.6341234,-1.3183918,-0.04193111,-0.030749956,0,1.0,-0.6604912,-1.5128881,-0.042546112,0.24841398,0
1,384,-0.6604912,-1.5128881,-0.042546112,0.24841398,1,1.0,-0.690749,-1.3171852,-0.03757783,-0.057379544,0
1,385,-0.690749,-1.3171852,-0.03757783,-0.057379544,0,1.0,-0.7170927,-1.5117488,-0.03872542,0.22321449,0
1,386,-0.7170927,-1.5117488,-0.03872542,0.22321449,1,1.0,-0.7473277,-1.3160954,-0.034261134,-0.08142806,0
1,387,-0.7473277,-1.3160954,-0.034261134,-0.08142806,0,1.0,-0.7736496,-1.5107098,-0.035889693,0.20025156,0
1,388,-0.7736496,-1.5107098,-0.035889693,0.20025156,1,1.0,-0.80386376,-1.3150934,-0.031884663,-0.103533365,0
1,389,-0.80386376,-1.3150934,-0.031884663,-0.103533365,0,1.0,-0.8301656,-1.5097443,-0.03395533,0.178922,0
1,390,-0.8301656,-1.5097443,-0.03395533,0.178922,1,1.0,-0.8603605,-1.3141533,-0.030376889,-0.124276325,0
1,391,-0.8603605,-1.3141533,-0.030376889,-0.124276325,0,1.0,-0.8866436,-1.5088272,-0.032862414,0.15867037,0
1,392,-0.8866436,-1.5088272,-0.032862414,0.15867037,1,1.0,-0.9168201,-1.3132505,-0.029689008,-0.14419603,0
1,393,-0.9168201,-1.3132505,-0.029689008,-0.14419603,0,1.0,-0.94308513,-1.5079349,-0.03257293,0.1389747,0
1,394,-0.94308513,-1.5079349,-0.03257293,0.1389747,0,1.0,-0.97324383,-1.7025757,-0.029793436,0.42120603,0
1,395,-0.97324383,-1.7025757,-0.029793436,0.42120603,1,1.0,-1.0072954,-1.5070446,-0.021369314,0.11928154,0
1,396,-1.0072954,-1.5070446,-0.021369314,0.11928154,0,1.0,-1.0374362,-1.7018539,-0.018983684,0.40514678,0
1,397,-1.0374362,-1.7018539,-0.018983684,0.40514678,1,1.0,-1.0714734,-1.5064679,-0.010880749,0.106539786,0
1,398,-1.0714734,-1.5064679,-0.010880749,0.106539786,1,1.0,-1.1016027,-1.3111918,-0.008749953,-0.18955602,0
1,399,-1.1016027,-1.3111918,-0.008749953,-0.18955602,0,1.0,-1.1278265,-1.5061874,-0.012541072,0.10035387,0
1,400,-1.1278265,-1.5061874,-0.012541072,0.10035387,0,1.0,-1.1579503,-1.7011274,-0.010533996,0.38905388,0
1,401,-1.1579503,-1.7011274,-0.010533996,0.38905388,1,1.0,-1.1919729,-1.5058576,-0.0027529178,0.09306839,0
1,402,-1.1919729,-1.5058576,-0.0027529178,0.09306839,1,1.0,-1.22209,-1.3106962,-0.00089155004,-0.20048182,0
1,403,-1.22209,-1.3106962,-0.00089155004,-0.20048182,0,1.0,-1.2483039,-1.5058055,-0.004901186,0.09191974,0
1,404,-1.2483039,-1.5058055,-0.004901186,0.09191974,0,1.0,-1.27842,-1.7008568,-0.0030627914,0.38305232,0
1,405,-1.27842,-1.7008568,-0.0030627914,0.38305232,1,1.0,-1.3124372,-1.5056915,0.004598255,0.08940528,0
1,406,-1.3124372,-1.5056915,0.004598255,0.08940528,1,1.0,-1.342551,-1.3106358,0.0063863606,-0.20182335,0
1,407,-1.342551,-1.3106358,0.0063863606,-0.20182335,0,1.0,-1.3687637,-1.5058484,0.0023498936,0.09286731,0
1,408,-1.3687637,-1.5058484,0.0023498936,0.09286731,1,1.0,-1.3988806,-1.3107603,0.0042072395,-0.1990733,0
1,409,-1.3988806,-1.3107603,0.0042072395,-0.1990733,0,1.0,-1.4250958,-1.5059421,0.00022577356,0.09493384,0
1,410,-1.4250958,-1.5059421,0.00022577356,0.09493384,0,1.0,-1.4552147,-1.7010673,0.0021244504,0.38768798,0
1,411,-1.4552147,-1.7010673,0.0021244504,0.38768798,1,1.0,-1.489236,-1.5059756,0.00987821,0.09567564,0
1,412,-1.489236,-1.5059756,0.00987821,0.09567564,1,1.0,-1.5193555,-1.3109967,0.011791723,-0.19387443,0
1,413,-1.5193555,-1.3109967,0.011791723,-0.19387443,0,1.0,-1.5455755,-1.5062852,0.007914234,0.102504835,0
1,414,-1.5455755,-1.5062852,0.007914234,0.102504835,1,1.0,-1.5757012,-1.3112776,0.009964331,-0.18767071,0
1,415,-1.5757012,-1.3112776,0.009964331,-0.18767071,0,1.0,-1.6019267,-1.5065407,0.0062109167,0.108138844,0
1,416,-1.6019267,-1.5065407,0.0062109167,0.108138844,0,1.0,-1.6320575,-1.7017511,0.008373694,0.40277478,0
1,417,-1.6320575,-1.7017511,0.008373694,0.40277478,1,1.0,-1.6660925,-1.5067489,0.01642919,0.1127436,0
1,418,-1.6660925,-1.5067489,0.01642919,0.1127436,1,1.0,-1.6962276,-1.3118662,0.018684061,-0.17471108,0
1,419,-1.6962276,-1.3118662,0.018684061,-0.17471108,0,1.0,-1.7224649,-1.5072504,0.01518984,0.12380701,0
1,420,-1.7224649,-1.5072504,0.01518984,0.12380701,1,1.0,-1.7526098,-1.3123494,0.01766598,-0.16404524,0
1,421,-1.7526098,-1.3123494,0.01766598,-0.16404524,0,1.0,-1.7788569,-1.5077198,0.014385075,0.13415806,0
1,422,-1.7788569,-1.5077198,0.014385075,0.13415806,1,1.0,-1.8090112,-1.3128067,0.017068237,-0.15395209,0
1,423,-1.8090112,-1.3128067,0.017068237,-0.15395209,0,1.0,-1.8352674,-1.5081688,0.013989194,0.14406623,0
1,424,-1.8352674,-1.5081688,0.013989194,0.14406623,1,1.0,-1.8654308,-1.3132501,0.01687052,-0.14417073,0
1,425,-1.8654308,-1.3132501,0.01687052,-0.14417073,0,1.0,-1.8916957,-1.5086094,0.013987104,0.15378642,0
1,426,-1.8916957,-1.5086094,0.013987104,0.15378642,1,1.0,-1.921868,-1.3136905,0.017062834,-0.13445127,0
1,427,-1.921868,-1.3136905,0.017062834,-0.13445127,0,1.0,-1.9481418,-1.5090526,0.014373807,0.16356552,0
1,428,-1.9481418,-1.5090526,0.014373807,0.16356552,1,1.0,-1.9783229,-1.3141395,0.017645119,-0.12454843,0
1,429,-1.9783229,-1.3141395,0.017645119,-0.12454843,0,1.0,-2.0046055,-1.5095097,0.015154149,0.17364872,0
1,430,-2.0046055,-1.5095097,0.015154149,0.17364872,1,1.0,-2.0347958,-1.3146079,0.018627124,-0.11421531,0
1,431,-2.0347958,-1.3146079,0.018627124,-0.11421531,0,1.0,-2.061088,-1.5099916,0.016342817,0.18428566,0
1,432,-2.061088,-1.5099916,0.016342817,0.18428566,1,1.0,-2.0912879,-1.3151073,0.02002853,-0.103197254,0
1,433,-2.0912879,-1.3151073,0.02002853,-0.103197254,0,1.0,-2.11759,-1.5105104,0.017964585,0.1957367,0
1,434,-2.11759,-1.5105104,0.017964585,0.1957367,1,1.0,-2.1478002,-1.3156501,0.02187932,-0.09122548,0
1,435,-2.1478002,-1.3156501,0.02187932,-0.09122548,0,1.0,-2.1741133,-1.5110787,0.02005481,0.20827928,0
1,436,-2.1741133,-1.5110787,0.02005481,0.20827928,1,1.0,-2.2043347,-1.3162491,0.024220396,-0.07801052,0
1,437,-2.2043347,-1.3162491,0.024220396,-0.07801052,0,1.0,-2.2306597,-1.5117098,0.022660185,0.22221453,0
1,438,-2.2306597,-1.5117098,0.022660185,0.22221453,1,1.0,-2.2608938,-1.316919,0.027104476,-0.06323521,0
1,439,-2.2608938,-1.316919,0.027104476,-0.06323521,0,1.0,-2.2872324,-1.5124187,0.025839772,0.23787463,0
1,440,-2.2872324,-1.5124187,0.025839772,0.23787463,1,1.0,-2.3174806,-1.3176754,0.030597264,-0.04654699,0
1,441,-2.3174806,-1.3176754,0.030597264,-0.04654699,1,1.0,-2.3438342,-1.1230052,0.029666325,-0.32942134,0
1,442,-2.3438342,-1.1230052,0.029666325,-0.32942134,0,1.0,-2.3662944,-1.3185366,0.023077898,-0.02753263,0
1,443,-2.3662944,-1.3185366,0.023077898,-0.02753263,0,1.0,-2.392665,-1.5139818,0.022527246,0.27234137,0
1,444,-2.392665,-1.5139818,0.022527246,0.27234137,1,1.0,-2.4229445,-1.3191884,0.027974073,-0.013152128,1
2,0,-0.011917884,-0.014281066,0.024761232,-0.011050808,1,1.0,-0.012203505,0.18047719,0.024540216,-0.29581958,0
2,1,-0.012203505,0.18047719,0.024540216,-0.29581958,0,1.0,-0.008593962,-0.014985861,0.018623823,0.0045008147,0
2,2,-0.008593962,-0.014985861,0.018623823,0.0045008147,1,1.0,-0.008893679,0.17986411,0.018713841,-0.28224838,0
2,3,-0.008893679,0.17986411,0.018713841,-0.28224838,0,1.0,-0.0052963966,-0.015519697,0.0130688725,0.016277574,0
2,4,-0.0052963966,-0.015519697,0.0130688725,0.016277574,1,1.0,-0.0056067905,0.17941241,0.013394425,-0.27225348,0
2,5,-0.0056067905,0.17941241,0.013394425,-0.27225348,0,1.0,-0.0020185423,-0.015898075,0.007949354,0.024623813,0
2,6,-0.0020185423,-0.015898075,0.007949354,0.024623813,0,1.0,-0.0023365037,-0.21113312,0.008441831,0.31980422,0
2,7,-0.0023365037,-0.21113312,0.008441831,0.31980422,1,1.0,-0.006559166,-0.016132405,0.014837915,0.02979543,0
2,8,-0.006559166,-0.016132405,0.014837915,0.02979543,1,1.0,-0.0068818145,0.17877366,0.015433824,-0.2581693,0
2,9,-0.0068818145,0.17877366,0.015433824,-0.2581693,0,1.0,-0.0033063411,-0.016565198,0.010270438,0.039341457,0
2,10,-0.0033063411,-0.016565198,0.010270438,0.039341457,0,1.0,-0.0036376452,-0.21183291,0.011057267,0.33524704,0
2,11,-0.0036376452,-0.21183291,0.011057267,0.33524704,1,1.0,-0.0078743035,-0.016870055,0.017762208,0.0460714,0
2,12,-0.0078743035,-0.016870055,0.017762208,0.0460714,1,1.0,-0.008211705,0.17799275,0.018683637,-0.24095489,0
2,13,-0.008211705,0.17799275,0.018683637,-0.24095489,0,1.0,-0.0046518496,-0.017391039,0.013864538,0.057562314,0
2,14,-0.0046518496,-0.017391039,0.013864538,0.057562314,1,1.0,-0.00499967,0.17752941,0.015015785,-0.2307142,0
2,15,-0.00499967,0.17752941,0.015015785,-0.2307142,0,1.0,-0.0014490822,-0.01780386,0.0104015,0.06666714,0
2,16,-0.0014490822,-0.01780386,0.0104015,0.06666714,0,1.0,-0.0018051594,-0.21307339,0.011734843,0.36261356,0
2,17,-0.0018051594,-0.21307339,0.011734843,0.36261356,1,1.0,-0.006066627,-0.018120172,0.018987114,0.07365384,0
2,18,-0.006066627,-0.018120172,0.018987114,0.07365384,1,1.0,-0.0064290306,0.17672451,0.02046019,-0.21297862,0
2,19,-0.0064290306,0.17672451,0.02046019,-0.21297862,0,1.0,-0.0028945403,-0.018683905,0.016200619,0.086087525,0
2,20,-0.0028945403,-0.018683905,0.016200619,0.086087525,1,1.0,-0.0032682184,0.17620212,0.01792237,-0.20144038,0
2,21,-0.0032682184,0.17620212,0.01792237,-0.20144038,0,1.0,0.00025582395,-0.019171506,0.013893561,0.096841894,0
2,22,0.00025582395,-0.019171506,0.013893561,0.096841894,1,1.0,-0.00012760618,0.17574859,0.0158304,-0.19142546,0
2,23,-0.00012760618,0.17574859,0.0158304,-0.19142546,0,1.0,0.0033873657,-0.019596206,0.01200189,0.106208965,0
2,24,0.0033873657,-0.019596206,0.01200189,0.106208965,1,1.0,0.0029954414,0.17535171,0.01412607,-0.18266338,0
2,25,0.0029954414,0.17535171,0.01412607,-0.18266338,0,1.0,0.0065024756,-0.019969488,0.0104728015,0.11444211,0
2,26,0.0065024756,-0.019969488,0.0104728015,0.11444211,1,1.0,0.006103086,0.17500085,0.012761644,-0.17491841,0
2,27,0.006103086,0.17500085,0.012761644,-0.17491841,0,1.0,0.009603103,-0.020301394,0.009263276,0.121762924,0
2,28,0.009603103,-0.020301394,0.009263276,0.121762924,1,1.0,0.009197075,0.17468663,0.011698535,-0.16798319,0
2,29,0.009197075,0.17468663,0.011698535,-0.16798319,0,1.0,0.012690808,-0.020600807,0.0083388705,0.1283672,0
2,30,0.012690808,-0.020600807,0.0083388705,0.1283672,1,1.0,0.0122787915,0.1744007,0.010906215,-0.16167329,0
2,31,0.0122787915,0.1744007,0.010906215,-0.16167329,0,1.0,0.015766805,-0.020875674,0.007672749,0.13443021,0
2,32,0.015766805,-0.020875674,0.007672749,0.13443021,1,1.0,0.015349292,0.17413554,0.010361353,-0.15582223,0
2,33,0.015349292,0.17413554,0.010361353,-0.15582223,0,1.0,0.018832002,-0.02113322,0.0072449087,0.14011137,0
2,34,0.018832002,-0.02113322,0.0072449087,0.14011137,1,1.0,0.018409338,0.17388423,0.010047136,-0.15027714,0
2,35,0.018409338,0.17388423,0.010047136,-0.15027714,0,1.0,0.021887023,-0.021380145,0.0070415935,0.14555845,0
2,36,0.021887023,-0.021380145,0.0070415935,0.14555845,1,1.0,0.02145942,0.17364027,0.009952762,-0.1448947,0
2,37,0.02145942,0.17364027,0.009952762,-0.1448947,0,1.0,0.024932224,-0.0216228,0.0070548686,0.15091145,0
2,38,0.024932224,-0.0216228,0.0070548686,0.15091145,1,1.0,0.024499768,0.17339742,0.010073097,-0.1395375,0
2,39,0.024499768,0.17339742,0.010073097,-0.1395375,0,1.0,0.027967717,-0.021867339,0.0072823474,0.15630624,0
2,40,0.027967717,-0.021867339,0.0072823474,0.15630624,1,1.0,0.02753037,0.1731496,0.010408472,-0.13407041,0
2,41,0.02753037,0.1731496,0.010408472,-0.13407041,0,1.0,0.030993363,-0.022119889,0.0077270637,0.16187797,0
2,42,0.030993363,-0.022119889,0.0077270637,0.16187797,1,1.0,0.030550964,0.17289059,0.010964624,-0.12835728,0
2,43,0.030550964,0.17289059,0.010964624,-0.12835728,0,1.0,0.03400878,-0.0223867,0.008397478,0.16776459,0
2,44,0.03400878,-0.0223867,0.008397478,0.16776459,1,1.0,0.033561043,0.17261405,0.011752769,-0.1222574,0
2,45,0.033561043,0.17261405,0.011752769,-0.1222574,0,1.0,0.037013322,-0.022674292,0.009307622,0.17411011,0
2,46,0.037013322,-0.022674292,0.009307622,0.17411011,1,1.0,0.03655984,0.17231323,0.012789824,-0.11562208,0
2,47,0.03655984,0.17231323,0.012789824,-0.11562208,0,1.0,0.0400061,-0.02298963,0.010477383,0.18106835,0
2,48,0.0400061,-0.02298963,0.010477383,0.18106835,1,1.0,0.03954631,0.17198084,0.0140987495,-0.108291015,0
2,49,0.03954631,0.17198084,0.0140987495,-0.108291015,0,1.0,0.042985927,-0.02334028,0.011932929,0.18880644,0
2,50,0.042985927,-0.02334028,0.011932929,0.18880644,1,1.0,0.042519122,0.17160894,0.015709057,-0.100088365,0
2,51,0.042519122,0.17160894,0.015709057,-0.100088365,0,1.0,0.0459513,-0.023734588,0.01370729,0.19750904,0
2,52,0.0459513,-0.023734588,0.01370729,0.19750904,1,1.0,0.045476608,0.17118865,0.017657472,-0.090818524,0
2,53,0.045476608,0.17118865,0.017657472,-0.090818524,0,1.0,0.04890038,-0.024181888,0.0158411,0.20738262,0
2,54,0.04890038,-0.024181888,0.0158411,0.20738262,1,1.0,0.048416745,0.17071,0.019988753,-0.080261454,0
2,55,0.048416745,0.17071,0.019988753,-0.080261454,0,1.0,0.051830944,-0.024692701,0.018383523,0.21866035,0
2,56,0.051830944,-0.024692701,0.018383523,0.21866035,1,1.0,0.05133709,0.17016171,0.022756731,-0.06816741,0
2,57,0.05133709,0.17016171,0.022756731,-0.06816741,0,1.0,0.054740325,-0.025278993,0.021393383,0.23160763,0
2,58,0.054740325,-0.025278993,0.021393383,0.23160763,1,1.0,0.054234743,0.16953084,0.026025536,-0.054251075,0
2,59,0.054234743,0.16953084,0.026025536,-0.054251075,1,1.0,0.05762536,0.36427015,0.024940515,-0.33861047,0
2,60,0.05762536,0.36427015,0.024940515,-0.33861047,0,1.0,0.06491076,0.16880234,0.018168304,-0.038168192,0
2,61,0.06491076,0.16880234,0.018168304,-0.038168192,0,1.0,0.06828681,-0.026575375,0.017404942,0.2601912,0
2,62,0.06828681,-0.026575375,0.017404942,0.2601912,1,1.0,0.067755304,0.16829385,0.022608764,-0.026951568,0
2,63,0.067755304,0.16829385,0.022608764,-0.026951568,1,1.0,0.07112118,0.3630844,0.022069734,-0.31241632,0
2,64,0.07112118,0.3630844,0.022069734,-0.31241632,0,1.0,0.078382865,0.1676551,0.015821407,-0.01285578,0
2,65,0.078382865,0.1676551,0.015821407,-0.01285578,0,1.0,0.08173597,-0.027690135,0.015564292,0.2847767,0
2,66,0.08173597,-0.027690135,0.015564292,0.2847767,1,1.0,0.08118217,0.1672064,0.021259826,-0.0029569992,0
2,67,0.08118217,0.1672064,0.021259826,-0.0029569992,1,1.0,0.08452629,0.36201712,0.021200687,-0.2888571,0
2,68,0.08452629,0.36201712,0.021200687,-0.2888571,0,1.0,0.09176663,0.16659936,0.015423544,0.010436195,0
2,69,0.09176663,0.16659936,0.015423544,0.010436195,0,1.0,0.09509862,-0.02874035,0.015632268,0.30794525,0
2,70,0.09509862,-0.02874035,0.015632268,0.30794525,1,1.0,0.09452382,0.16615541,0.021791173,0.020233031,0
2,71,0.09452382,0.16615541,0.021791173,0.020233031,1,1.0,0.097846925,0.3609582,0.022195833,-0.26549566,0
2,72,0.097846925,0.3609582,0.022195833,-0.26549566,0,1.0,0.10506609,0.16552658,0.01688592,0.03410457,0
2,73,0.10506609,0.16552658,0.01688592,0.03410457,0,1.0,0.10837662,-0.029833393,0.01756801,0.33206698,0
2,74,0.10837662,-0.029833393,0.01756801,0.33206698,1,1.0,0.10777995,0.16503415,0.024209352,0.04497551,0
2,75,0.10777995,0.16503415,0.024209352,0.04497551,1,1.0,0.11108064,0.35980073,0.02510886,-0.2399719,0
2,76,0.11108064,0.35980073,0.02510886,-0.2399719,0,1.0,0.11827665,0.16432926,0.020309424,0.06052411,0
2,77,0.11827665,0.16432926,0.020309424,0.06052411,1,1.0,0.12156323,0.35915422,0.021519905,-0.2256825,0
2,78,0.12156323,0.35915422,0.021519905,-0.2256825,0,1.0,0.12874632,0.16373143,0.017006256,0.07371018,0
2,79,0.12874632,0.16373143,0.017006256,0.07371018,1,1.0,0.13202095,0.3586055,0.01848046,-0.21355906,0
2,80,0.13202095,0.3586055,0.01848046,-0.21355906,0,1.0,0.13919306,0.16322428,0.014209278,0.08489568,0
2,81,0.13919306,0.16322428,0.014209278,0.08489568,1,1.0,0.14245754,0.3581397,0.015907193,-0.20327054,0
2,82,0.14245754,0.3581397,0.015907193,-0.20327054,0,1.0,0.14962034,0.1627939,0.0118417805,0.09438758,0
2,83,0.14962034,0.1627939,0.0118417805,0.09438758,0,1.0,0.15287621,-0.032495752,0.013729532,0.39078292,0
2,84,0.15287621,-0.032495752,0.013729532,0.39078292,1,1.0,0.1522263,0.16242868,0.02154519,0.1024602,0
2,85,0.1522263,0.16242868,0.02154519,0.1024602,1,1.0,0.15547487,0.35723534,0.023594394,-0.18334818,0
2,86,0.15547487,0.35723534,0.023594394,-0.18334818,0,1.0,0.16261958,0.16178387,0.01992743,0.11668353,0
2,87,0.16261958,0.16178387,0.01992743,0.11668353,1,1.0,0.16585526,0.3566147,0.022261102,-0.16964643,0
2,88,0.16585526,0.3566147,0.022261102,-0.16964643,0,1.0,0.17298755,0.16118132,0.018868173,0.12997524,0
2,89,0.17298755,0.16118132,0.018868173,0.12997524,1,1.0,0.17621118,0.356028,0.021467678,-0.1566958,0
2,90,0.17621118,0.356028,0.021467678,-0.1566958,0,1.0,0.18333174,0.16060534,0.018333763,0.14268161,0
2,91,0.18333174,0.16060534,0.018333763,0.14268161,1,1.0,0.18654385,0.35546,0.021187395,-0.14416142,0
2,92,0.18654385,0.35546,0.021187395,-0.14416142,0,1.0,0.19365305,0.16004112,0.018304167,0.15512973,0
2,93,0.19365305,0.16004112,0.018304167,0.15512973,1,1.0,0.19685386,0.35489628,0.02140676,-0.13172291,0
2,94,0.19685386,0.35489628,0.02140676,-0.13172291,0,1.0,0.20395179,0.15947433,0.018772302,0.16763595,0
2,95,0.20395179,0.15947433,0.018772302,0.16763595,1,1.0,0.20714128,0.3543226,0.022125022,-0.11906624,0
2,96,0.20714128,0.3543226,0.022125022,-0.11906624,0,1.0,0.21422774,0.15889077,0.019743698,0.18051401,0
2,97,0.21422774,0.15889077,0.019743698,0.18051401,1,1.0,0.21740554,0.35372472,0.023353977,-0.10587567,0
2,98,0.21740554,0.35372472,0.023353977,-0.10587567,0,1.0,0.22448005,0.158276,0.021236464,0.19408289,0
2,99,0.22448005,0.158276,0.021236464,0.19408289,1,1.0,0.22764556,0.35308784,0.025118122,-0.091825925,0
2,100,0.22764556,0.35308784,0.025118122,-0.091825925,0,1.0,0.23470733,0.15761504,0.023281602,0.20867474,0
2,101,0.23470733,0.15761504,0.023281602,0.20867474,1,1.0,0.23785962,0.3523965,0.027455097,-0.07657408,0
2,102,0.23785962,0.3523965,0.027455097,-0.07657408,1,1.0,0.24490754,0.5471143,0.025923615,-0.36046994,0
2,103,0.24490754,0.5471143,0.025923615,-0.36046994,0,1.0,0.25584984,0.35163364,0.018714217,-0.05972678,0
2,104,0.25584984,0.35163364,0.018714217,-0.05972678,0,1.0,0.2628825,0.15624842,0.01751968,0.23880138,0
2,105,0.2628825,0.15624842,0.01751968,0.23880138,1,1.0,0.26600748,0.35111576,0.02229571,-0.048304264,0
2,106,0.26600748,0.35111576,0.02229571,-0.048304264,1,1.0,0.2730298,0.545911,0.021329625,-0.33387014,0
2,107,0.2730298,0.545911,0.021329625,-0.33387014,0,1.0,0.283948,0.35049212,0.0146522205,-0.034537997,0
2,108,0.283948,0.35049212,0.0146522205,-0.034537997,0,1.0,0.29095787,0.15516314,0.01396146,0.2627316,0
2,109,0.29095787,0.15516314,0.01396146,0.2627316,1,1.0,0.29406112,0.35008305,0.019216092,-0.025515227,0
2,110,0.29406112,0.35008305,0.019216092,-0.025515227,1,1.0,0.3010628,0.5449242,0.018705789,-0.31207386,0
2,111,0.3010628,0.5449242,0.018705789,-0.31207386,0,1.0,0.31196126,0.34954086,0.012464311,-0.013550879,0
2,112,0.31196126,0.34954086,0.012464311,-0.013550879,0,1.0,0.31895208,0.15424238,0.012193293,0.28303847,0
2,113,0.31895208,0.15424238,0.012193293,0.28303847,1,1.0,0.32203692,0.3491883,0.017854063,-0.005773942,0
2,114,0.32203692,0.3491883,0.017854063,-0.005773942,1,1.0,0.32902068,0.54404974,0.017738584,-0.29277065,0
2,115,0.32902068,0.54404974,0.017738584,-0.29277065,0,1.0,0.3399017,0.3486794,0.011883171,0.0054535833,0
2,116,0.3399017,0.3486794,0.011883171,0.0054535833,0,1.0,0.34687528,0.15338907,0.011992243,0.30186197,0
2,117,0.34687528,0.15338907,0.011992243,0.30186197,1,1.0,0.34994307,0.34833807,0.018029483,0.012985148,0
2,118,0.34994307,0.34833807,0.018029483,0.012985148,1,1.0,0.3569098,0.54319686,0.018289186,-0.27395517,0
2,119,0.3569098,0.54319686,0.018289186,-0.27395517,0,1.0,0.36777374,0.3478188,0.012810082,0.02443963,0
2,120,0.36777374,0.3478188,0.012810082,0.02443963,1,1.0,0.37473014,0.5427547,0.013298875,-0.2641742,0
2,121,0.37473014,0.5427547,0.013298875,-0.2641742,0,1.0,0.38558522,0.34744552,0.0080153905,0.032673478,0
2,122,0.38558522,0.34744552,0.0080153905,0.032673478,0,1.0,0.39253414,0.15220954,0.00866886,0.32787454,0
2,123,0.39253414,0.15220954,0.00866886,0.32787454,1,1.0,0.39557832,0.347207,0.015226351,0.037937924,0
2,124,0.39557832,0.347207,0.015226351,0.037937924,1,1.0,0.40252247,0.54210734,0.015985109,-0.24990231,0
2,125,0.40252247,0.54210734,0.015985109,-0.24990231,0,1.0,0.41336462,0.3467608,0.010987063,0.04777948,0
2,126,0.41336462,0.3467608,0.010987063,0.04777948,1,1.0,0.42029983,0.5417235,0.011942653,-0.24141678,0
2,127,0.42029983,0.5417235,0.011942653,-0.24141678,0,1.0,0.4311343,0.346433,0.007114317,0.055009127,0
2,128,0.4311343,0.346433,0.007114317,0.055009127,0,1.0,0.43806297,0.15120977,0.0082145,0.34992817,0
2,129,0.43806297,0.15120977,0.0082145,0.34992817,1,1.0,0.44108716,0.34621394,0.015213063,0.05984681,0
2,130,0.44108716,0.34621394,0.015213063,0.05984681,1,1.0,0.44801143,0.5411145,0.016409999,-0.22799774,0
2,131,0.44801143,0.5411145,0.016409999,-0.22799774,0,1.0,0.45883372,0.34576192,0.011850044,0.06981599,0
2,132,0.45883372,0.34576192,0.011850044,0.06981599,1,1.0,0.46574897,0.540712,0.013246364,-0.21910475,0
2,133,0.46574897,0.540712,0.013246364,-0.21910475,0,1.0,0.47656322,0.34540322,0.008864269,0.07772702,0
2,134,0.47656322,0.34540322,0.008864269,0.07772702,1,1.0,0.48347127,0.540397,0.01041881,-0.21214607,0
2,135,0.48347127,0.540397,0.01041881,-0.21214607,0,1.0,0.4942792,0.34512764,0.0061758882,0.08380514,0
2,136,0.4942792,0.34512764,0.0061758882,0.08380514,1,1.0,0.5011818,0.54016054,0.007851991,-0.2069229,0
2,137,0.5011818,0.54016054,0.007851991,-0.2069229,0,1.0,0.51198494,0.34492716,0.0037135328,0.08822655,0
2,138,0.51198494,0.34492716,0.0037135328,0.08822655,1,1.0,0.5188835,0.5399957,0.0054780636,-0.20328245,0
2,139,0.5188835,0.5399957,0.0054780636,-0.20328245,0,1.0,0.5296834,0.34479582,0.0014124148,0.0911235,0
2,140,0.5296834,0.34479582,0.0014124148,0.0911235,0,1.0,0.5365794,0.14965366,0.003234885,0.3842517,0
2,141,0.5365794,0.14965366,0.003234885,0.3842517,1,1.0,0.5395724,0.34472954,0.010919919,0.09259048,0
2,142,0.5395724,0.34472954,0.010919919,0.09259048,1,1.0,0.546467,0.5396933,0.012771728,-0.1966273,0
2,143,0.546467,0.5396933,0.012771728,-0.1966273,1,1.0,0.5572609,0.7346302,0.008839183,-0.4852541,0
2,144,0.5572609,0.7346302,0.008839183,-0.4852541,0,1.0,0.5719535,0.53938466,-0.0008658999,-0.18979852,0
2,145,0.5719535,0.53938466,-0.0008658999,-0.18979852,0,1.0,0.5827412,0.34427512,-0.00466187,0.10261112,0
2,146,0.5827412,0.34427512,-0.00466187,0.10261112,0,1.0,0.58962667,0.1492203,-0.002609648,0.3938196,0
2,147,0.58962667,0.1492203,-0.002609648,0.3938196,1,1.0,0.5926111,0.3443792,0.005266744,0.100315034,0
2,148,0.5926111,0.3443792,0.005266744,0.100315034,1,1.0,0.5994987,0.53942525,0.007273045,-0.1907016,0
2,149,0.5994987,0.53942525,0.007273045,-0.1907016,0,1.0,0.6102872,0.34420002,0.0034590126,0.10426677,0
2,150,0.6102872,0.34420002,0.0034590126,0.10426677,1,1.0,0.61717117,0.53927225,0.005544348,-0.18732285,0
2,151,0.61717117,0.53927225,0.005544348,-0.18732285,0,1.0,0.6279566,0.3440714,0.001797891,0.10710393,0
2,152,0.6279566,0.3440714,0.001797891,0.10710393,1,1.0,0.63483804,0.5391675,0.0039399695,-0.18501122,0
2,153,0.63483804,0.5391675,0.0039399695,-0.18501122,0,1.0,0.6456214,0.34398943,0.00023974516,0.108912006,0
2,154,0.6456214,0.34398943,0.00023974516,0.108912006,1,1.0,0.65250117,0.5391079,0.0024179851,-0.18369527,0
2,155,0.65250117,0.5391079,0.0024179851,-0.18369527,0,1.0,0.66328335,0.3439515,-0.0012559203,0.10974945,0
2,156,0.66328335,0.3439515,-0.0012559203,0.10974945,1,1.0,0.6701624,0.5390914,0.00093906873,-0.18332945,0
2,157,0.6701624,0.5390914,0.00093906873,-0.18332945,0,1.0,0.6809442,0.34395602,-0.0027275202,0.109649576,0
2,158,0.6809442,0.34395602,-0.0027275202,0.109649576,1,1.0,0.6878233,0.539117,-0.00053452863,-0.18389262,0
2,159,0.6878233,0.539117,-0.00053452863,-0.18389262,0,1.0,0.69860566,0.34400266,-0.004212381,0.108621635,0
2,160,0.69860566,0.34400266,-0.004212381,0.108621635,1,1.0,0.7054857,0.53918475,-0.0020399482,-0.1853873,0
2,161,0.7054857,0.53918475,-0.0020399482,-0.1853873,0,1.0,0.71626943,0.344092,-0.005747694,0.10665141,0
2,162,0.71626943,0.344092,-0.005747694,0.10665141,1,1.0,0.72315127,0.53929585,-0.003614666,-0.18783933,0
2,163,0.72315127,0.53929585,-0.003614666,-0.18783933,0,1.0,0.73393714,0.34422582,-0.0073714526,0.10370112,0
2,164,0.73393714,0.34422582,-0.0073714526,0.10370112,1,1.0,0.74082166,0.5394526,-0.0052974303,-0.19129832,0
2,165,0.74082166,0.5394526,-0.0052974303,-0.19129832,0,1.0,0.75161076,0.34440684,-0.009123397,0.09970878,0
2,166,0.75161076,0.34440684,-0.009123397,0.09970878,1,1.0,0.75849885,0.53965837,-0.007129221,-0.19583853,0
2,167,0.75849885,0.53965837,-0.007129221,-0.19583853,0,1.0,0.76929206,0.34463912,-0.011045991,0.09458694,0
2,168,0.76929206,0.34463912,-0.011045991,0.09458694,1,1.0,0.7761848,0.53991765,-0.009154253,-0.20156042,0
2,169,0.7761848,0.53991765,-0.009154253,-0.20156042,0,1.0,0.7869832,0.3449278,-0.013185461,0.088220775,0
2,170,0.7869832,0.3449278,-0.013185461,0.088220775,0,1.0,0.7938817,0.1499973,-0.011421046,0.37671468,0
2,171,0.7938817,0.1499973,-0.011421046,0.37671468,1,1.0,0.7968817,0.34527957,-0.0038867523,0.08045264,0
2,172,0.7968817,0.34527957,-0.0038867523,0.08045264,1,1.0,0.8037873,0.540457,-0.0022776993,-0.21345402,0
2,173,0.8037873,0.540457,-0.0022776993,-0.21345402,0,1.0,0.8145964,0.3453677,-0.0065467795,0.07850955,0
2,174,0.8145964,0.3453677,-0.0065467795,0.07850955,1,1.0,0.82150376,0.5405829,-0.0049765888,-0.2162317,0
2,175,0.82150376,0.5405829,-0.0049765888,-0.2162317,0,1.0,0.83231544,0.34553245,-0.009301223,0.07487725,0
2,176,0.83231544,0.34553245,-0.009301223,0.07487725,1,1.0,0.83922607,0.5407865,-0.007803678,-0.22072569,0
2,177,0.83922607,0.5407865,-0.007803678,-0.22072569,0,1.0,0.8500418,0.34577695,-0.012218191,0.06948547,0
2,178,0.8500418,0.34577695,-0.012218191,0.06948547,1,1.0,0.8569573,0.54107195,-0.010828482,-0.22702718,0
2,179,0.8569573,0.54107195,-0.010828482,-0.22702718,0,1.0,0.8677788,0.34610638,-0.015369026,0.062220473,0
2,180,0.8677788,0.34610638,-0.015369026,0.062220473,1,1.0,0.8747009,0.54144526,-0.014124616,-0.23527159,0
2,181,0.8747009,0.54144526,-0.014124616,-0.23527159,0,1.0,0.8855298,0.34652796,-0.018830048,0.052922744,0
2,182,0.8855298,0.34652796,-0.018830048,0.052922744,0,1.0,0.89246035,0.15168099,-0.017771592,0.33960566,0
2,183,0.89246035,0.15168099,-0.017771592,0.33960566,1,1.0,0.895494,0.34705126,-0.01097948,0.041371986,0
2,184,0.895494,0.34705126,-0.01097948,0.041371986,1,1.0,0.902435,0.5423289,-0.01015204,-0.25475475,0
2,185,0.902435,0.5423289,-0.01015204,-0.25475475,0,1.0,0.91328156,0.34735337,-0.015247135,0.03470884,0
2,186,0.91328156,0.34735337,-0.015247135,0.03470884,1,1.0,0.92022866,0.54269063,-0.014552958,-0.26274544,0
2,187,0.92022866,0.54269063,-0.014552958,-0.26274544,0,1.0,0.9310825,0.3477794,-0.019807868,0.025312014,0
2,188,0.9310825,0.3477794,-0.019807868,0.025312014,1,1.0,0.93803805,0.5431797,-0.019301627,-0.27355412,0
2,189,0.93803805,0.5431797,-0.019301627,-0.27355412,0,1.0,0.94890165,0.3483384,-0.02477271,0.012979076,0
2,190,0.94890165,0.3483384,-0.02477271,0.012979076,0,1.0,0.9558684,0.15358032,-0.024513127,0.29774413,0
2,191,0.9558684,0.15358032,-0.024513127,0.29774413,1,1.0,0.95894,0.34904298,-0.018558245,-0.0025679027,0
2,192,0.95894,0.34904298,-0.018558245,-0.0025679027,1,1.0,0.96592087,0.5444261,-0.018609604,-0.30104792,0
2,193,0.96592087,0.5444261,-0.018609604,-0.30104792,0,1.0,0.9768094,0.34957427,-0.024630561,-0.014291693,0
2,194,0.9768094,0.34957427,-0.024630561,-0.014291693,0,1.0,0.9838009,0.15481405,-0.024916396,0.27051938,0
2,195,0.9838009,0.15481405,-0.024916396,0.27051938,1,1.0,0.9868972,0.35028252,-0.01950601,-0.029917013,0
2,196,0.9868972,0.35028252,-0.01950601,-0.029917013,1,1.0,0.9939028,0.5456787,-0.020104349,-0.3286899,0
2,197,0.9939028,0.5456787,-0.020104349,-0.3286899,0,1.0,1.0048164,0.35084864,-0.026678147,-0.04241416,0
2,198,1.0048164,0.35084864,-0.026678147,-0.04241416,0,1.0,1.0118333,0.1561192,-0.02752643,0.24173361,0
2,199,1.0118333,0.1561192,-0.02752643,0.24173361,1,1.0,1.0149558,0.35162333,-0.022691758,-0.059503216,0
2,200,1.0149558,0.35162333,-0.022691758,-0.059503216,1,1.0,1.0219883,0.5470632,-0.023881823,-0.3592583,0
2,201,1.0219883,0.5470632,-0.023881823,-0.3592583,0,1.0,1.0329295,0.3522887,-0.031066988,-0.0742005,0
2,202,1.0329295,0.3522887,-0.031066988,-0.0742005,0,1.0,1.0399753,0.15762557,-0.032550998,0.20852105,0
2,203,1.0399753,0.15762557,-0.032550998,0.20852105,1,1.0,1.0431278,0.3531975,-0.028380577,-0.094249725,0
2,204,1.0431278,0.3531975,-0.028380577,-0.094249725,0,1.0,1.0501918,0.15849356,-0.030265572,0.18934578,0
2,205,1.0501918,0.15849356,-0.030265572,0.18934578,1,1.0,1.0533615,0.35403514,-0.026478656,-0.112728976,0
2,206,1.0533615,0.35403514,-0.026478656,-0.112728976,1,1.0,1.0604423,0.5495263,-0.028733235,-0.41364676,0
2,207,1.0604423,0.5495263,-0.028733235,-0.41364676,0,1.0,1.0714328,0.35482317,-0.03700617,-0.13015899,0
2,208,1.0714328,0.35482317,-0.03700617,-0.13015899,0,1.0,1.0785292,0.16025032,-0.03960935,0.15062311,0
2,209,1.0785292,0.16025032,-0.03960935,0.15062311,1,1.0,1.0817343,0.3559164,-0.036596887,-0.15428792,0
2,210,1.0817343,0.3559164,-0.036596887,-0.15428792,0,1.0,1.0888526,0.16133706,-0.039682645,0.1266286,0
2,211,1.0888526,0.16133706,-0.039682645,0.1266286,1,1.0,1.0920794,0.35700437,-0.037150074,-0.17830494,0
2,212,1.0920794,0.35700437,-0.037150074,-0.17830494,0,1.0,1.0992194,0.16243319,-0.040716175,0.10243082,0
2,213,1.0992194,0.16243319,-0.040716175,0.10243082,1,1.0,1.1024681,0.3581143,-0.038667556,-0.2028148,0
2,214,1.1024681,0.3581143,-0.038667556,-0.2028148,0,1.0,1.1096303,0.16356607,-0.042723853,0.07742398,0
2,215,1.1096303,0.16356607,-0.042723853,0.07742398,1,1.0,1.1129017,0.3592736,-0.041175373,-0.22842646,0
2,216,1.1129017,0.3592736,-0.041175373,-0.22842646,0,1.0,1.1200871,0.16476354,-0.0457439,0.050989226,0
2,217,1.1200871,0.16476354,-0.0457439,0.050989226,1,1.0,1.1233824,0.36051053,-0.044724118,-0.25576815,0
2,218,1.1233824,0.36051053,-0.044724118,-0.25576815,0,1.0,1.1305927,0.16605473,-0.04983948,0.022479383,0
2,219,1.1305927,0.16605473,-0.04983948,0.022479383,0,1.0,1.1339138,-0.028318359,-0.049389895,0.29903024,0
2,220,1.1339138,-0.028318359,-0.049389895,0.29903024,1,1.0,1.1333474,0.16747154,-0.043409288,-0.0088112075,0
2,221,1.1333474,0.16747154,-0.043409288,-0.0088112075,1,1.0,1.1366968,0.3631883,-0.043585513,-0.3148681,0
2,222,1.1366968,0.3631883,-0.043585513,-0.3148681,0,1.0,1.1439606,0.16871344,-0.049882874,-0.03624293,0
2,223,1.1439606,0.16871344,-0.049882874,-0.03624293,0,1.0,1.1473348,-0.02565902,-0.050607733,0.24029359,0
2,224,1.1473348,-0.02565902,-0.050607733,0.24029359,1,1.0,1.1468217,0.17014797,-0.045801863,-0.067913175,0
2,225,1.1468217,0.17014797,-0.045801863,-0.067913175,1,1.0,1.1502247,0.36589563,-0.047160126,-0.3746878,0
2,226,1.1502247,0.36589563,-0.047160126,-0.3746878,0,1.0,1.1575426,0.17147419,-0.05465388,-0.0972398,0
2,227,1.1575426,0.17147419,-0.05465388,-0.0972398,0,1.0,1.160972,-0.022823587,-0.05659868,0.17771144,0
2,228,1.160972,-0.022823587,-0.05659868,0.17771144,0,1.0,1.1605155,-0.21709181,-0.05304445,0.45201606,0
2,229,1.1605155,-0.21709181,-0.05304445,0.45201606,1,1.0,1.1561737,-0.021261407,-0.044004127,0.14309584,0
2,230,1.1561737,-0.021261407,-0.044004127,0.14309584,1,1.0,1.1557485,0.17446221,-0.04114221,-0.16313845,0
2,231,1.1557485,0.17446221,-0.04114221,-0.16313845,1,1.0,1.1592377,0.37014824,-0.04440498,-0.4685115,0
2,232,1.1592377,0.37014824,-0.04440498,-0.4685115,0,1.0,1.1666408,0.17568083,-0.05377521,-0.19014868,0
2,233,1.1666408,0.17568083,-0.05377521,-0.19014868,0,1.0,1.1701543,-0.018632209,-0.057578184,0.08509725,0
2,234,1.1701543,-0.018632209,-0.057578184,0.08509725,0,1.0,1.1697817,-0.21288356,-0.055876236,0.3590728,0
2,235,1.1697817,-0.21288356,-0.055876236,0.3590728,1,1.0,1.165524,-0.01701366,-0.048694782,0.049307402,0
2,236,1.165524,-0.01701366,-0.048694782,0.049307402,1,1.0,1.1651838,0.17877148,-0.047708634,-0.25833282,0
2,237,1.1651838,0.17877148,-0.047708634,-0.25833282,0,1.0,1.1687592,-0.015638044,-0.05287529,0.018928654,0
2,238,1.1687592,-0.015638044,-0.05287529,0.018928654,1,1.0,1.1684464,0.18020076,-0.052496716,-0.2899571,0
2,239,1.1684464,0.18020076,-0.052496716,-0.2899571,0,1.0,1.1720505,-0.014134847,-0.058295857,-0.01428222,0
2,240,1.1720505,-0.014134847,-0.058295857,-0.01428222,0,1.0,1.1717677,-0.20837441,-0.058581505,0.2594529,0
2,241,1.1717677,-0.20837441,-0.058581505,0.2594529,1,1.0,1.1676003,-0.012467216,-0.053392444,-0.051116902,0
2,242,1.1676003,-0.012467216,-0.053392444,-0.051116902,0,1.0,1.1673509,-0.20678453,-0.054414783,0.22425379,0
2,243,1.1673509,-0.20678453,-0.054414783,0.22425379,1,1.0,1.1632152,-0.0109287985,-0.04992971,-0.085085034,0
2,244,1.1632152,-0.0109287985,-0.04992971,-0.085085034,1,1.0,1.1629966,0.18487199,-0.05163141,-0.39309344,0
2,245,1.1629966,0.18487199,-0.05163141,-0.39309344,0,1.0,1.166694,-0.009480711,-0.059493277,-0.117125764,0
2,246,1.166694,-0.009480711,-0.059493277,-0.117125764,0,1.0,1.1665045,-0.203702,-0.061835792,0.15621005,0
2,247,1.1665045,-0.203702,-0.061835792,0.15621005,0,1.0,1.1624304,-0.3978866,-0.058711592,0.4287621,0
2,248,1.1624304,-0.3978866,-0.058711592,0.4287621,1,1.0,1.1544727,-0.20198447,-0.05013635,0.11816392,0
2,249,1.1544727,-0.20198447,-0.05013635,0.11816392,1,1.0,1.150433,-0.0061813546,-0.04777307,-0.1899056,0
2,250,1.150433,-0.0061813546,-0.04777307,-0.1899056,0,1.0,1.1503093,-0.20058845,-0.051571183,0.087332405,0
2,251,1.1503093,-0.20058845,-0.051571183,0.087332405,1,1.0,1.1462976,-0.004766663,-0.049824532,-0.22116497,0
2,252,1.1462976,-0.004766663,-0.049824532,-0.22116497,0,1.0,1.1462022,-0.19914234,-0.054247834,0.055394366,0
2,253,1.1462022,-0.19914234,-0.054247834,0.055394366,1,1.0,1.1422194,-0.0032862131,-0.053139947,-0.25389868,0
2,254,1.1422194,-0.0032862131,-0.053139947,-0.25389868,0,1.0,1.1421537,-0.19761072,-0.05821792,0.021560818,0
2,255,1.1421537,-0.19761072,-0.05821792,0.021560818,0,1.0,1.1382015,-0.39185154,-0.057786703,0.29532203,0
2,256,1.1382015,-0.39185154,-0.057786703,0.29532203,1,1.0,1.1303644,-0.19595541,-0.051880263,-0.015011528,0
2,257,1.1303644,-0.19595541,-0.051880263,-0.015011528,1,1.0,1.1264453,-0.00012929601,-0.052180495,-0.32360142,0
2,258,1.1264453,-0.00012929601,-0.052180495,-0.32360142,0,1.0,1.1264428,-0.19447091,-0.058652524,-0.047819898,0
2,259,1.1264428,-0.19447091,-0.058652524,-0.047819898,0,1.0,1.1225533,-0.38870493,-0.05960892,0.22579616,0
2,260,1.1225533,-0.38870493,-0.05960892,0.22579616,0,1.0,1.1147792,-0.5829265,-0.055092998,0.4990965,0
2,261,1.1147792,-0.5829265,-0.055092998,0.4990965,1,1.0,1.1031207,-0.38707292,-0.045111068,0.18957266,0
2,262,1.1031207,-0.38707292,-0.045111068,0.18957266,1,1.0,1.0953792,-0.19133559,-0.041319612,-0.11699279,0
2,263,1.0953792,-0.19133559,-0.041319612,-0.11699279,1,1.0,1.0915525,0.004353295,-0.043659467,-0.42242008,0
2,264,1.0915525,0.004353295,-0.043659467,-0.42242008,0,1.0,1.0916396,-0.1901238,-0.05210787,-0.14381422,0
2,265,1.0916396,-0.1901238,-0.05210787,-0.14381422,0,1.0,1.0878371,-0.38446227,-0.054984156,0.13198505,0
2,266,1.0878371,-0.38446227,-0.054984156,0.13198505,1,1.0,1.0801479,-0.18859757,-0.052344453,-0.17752519,0
2,267,1.0801479,-0.18859757,-0.052344453,-0.17752519,0,1.0,1.076376,-0.3829329,-0.055894956,0.09819627,0
2,268,1.076376,-0.3829329,-0.055894956,0.09819627,0,1.0,1.0687172,-0.577211,-0.05393103,0.37273383,0
2,269,1.0687172,-0.577211,-0.05393103,0.37273383,1,1.0,1.057173,-0.3813661,-0.046476357,0.06354548,0
2,270,1.057173,-0.3813661,-0.046476357,0.06354548,1,1.0,1.0495458,-0.18560967,-0.045205448,-0.24343123,0
2,271,1.0495458,-0.18560967,-0.045205448,-0.24343123,0,1.0,1.0458336,-0.38005775,-0.05007407,0.034657054,0
2,272,1.0458336,-0.38005775,-0.05007407,0.034657054,1,1.0,1.0382323,-0.18425481,-0.04938093,-0.27339482,0
2,273,1.0382323,-0.18425481,-0.04938093,-0.27339482,0,1.0,1.0345473,-0.37863865,-0.054848827,0.0033134255,0
2,274,1.0345473,-0.37863865,-0.054848827,0.0033134255,0,1.0,1.0269746,-0.57293284,-0.05478256,0.27819896,0
2,275,1.0269746,-0.57293284,-0.05478256,0.27819896,1,1.0,1.0155158,-0.3770739,-0.049218576,-0.031246727,0
2,276,1.0155158,-0.3770739,-0.049218576,-0.031246727,0,1.0,1.0079744,-0.57145673,-0.049843512,0.24551003,0
2,277,1.0079744,-0.57145673,-0.049843512,0.24551003,1,1.0,0.99654526,-0.37565964,-0.04493331,-0.06246881,0
2,278,0.99654526,-0.37565964,-0.04493331,-0.06246881,1,1.0,0.98903203,-0.17992322,-0.04618269,-0.36898306,0
2,279,0.98903203,-0.17992322,-0.04618269,-0.36898306,0,1.0,0.9854336,-0.3743596,-0.05356235,-0.09121234,0
2,280,0.9854336,-0.3743596,-0.05356235,-0.09121234,0,1.0,0.9779464,-0.56867456,-0.055386595,0.18410225,0
2,281,0.9779464,-0.56867456,-0.055386595,0.18410225,1,1.0,0.9665729,-0.37280563,-0.051704552,-0.12552589,0
2,282,0.9665729,-0.37280563,-0.051704552,-0.12552589,0,1.0,0.95911676,-0.5671502,-0.05421507,0.150407,0
2,283,0.95911676,-0.5671502,-0.05421507,0.150407,1,1.0,0.94777375,-0.37129554,-0.051206928,-0.15887478,0
2,284,0.94777375,-0.37129554,-0.051206928,-0.15887478,0,1.0,0.94034785,-0.5656484,-0.054384425,0.11722411,0
2,285,0.94034785,-0.5656484,-0.054384425,0.11722411,0,1.0,0.9290349,-0.75995064,-0.052039944,0.39226544,0
2,286,0.9290349,-0.75995064,-0.052039944,0.39226544,1,1.0,0.9138359,-0.5641303,-0.044194635,0.08363972,0
2,287,0.9138359,-0.5641303,-0.044194635,0.08363972,1,1.0,0.90255326,-0.36840358,-0.042521838,-0.22265263,0
2,288,0.90255326,-0.36840358,-0.042521838,-0.22265263,0,1.0,0.89518523,-0.5628928,-0.04697489,0.05631981,0
2,289,0.89518523,-0.5628928,-0.04697489,0.05631981,1,1.0,0.88392735,-0.3671299,-0.045848496,-0.25080618,0
2,290,0.88392735,-0.3671299,-0.045848496,-0.25080618,0,1.0,0.87658477,-0.56156814,-0.05086462,0.027069988,0
2,291,0.87658477,-0.56156814,-0.05086462,0.027069988,0,1.0,0.8653534,-0.7559252,-0.050323218,0.3032807,0
2,292,0.8653534,-0.7559252,-0.050323218,0.3032807,1,1.0,0.85023487,-0.5601235,-0.044257604,-0.0048387838,0
2,293,0.85023487,-0.5601235,-0.044257604,-0.0048387838,1,1.0,0.8390324,-0.36439568,-0.04435438,-0.3111505,0
2,294,0.8390324,-0.36439568,-0.04435438,-0.3111505,0,1.0,0.8317445,-0.5588586,-0.05057739,-0.03277895,0
2,295,0.8317445,-0.5588586,-0.05057739,-0.03277895,0,1.0,0.8205673,-0.7532201,-0.05123297,0.24352713,0
2,296,0.8205673,-0.7532201,-0.05123297,0.24352713,1,1.0,0.80550295,-0.55740523,-0.046362426,-0.0648657,0
2,297,0.80550295,-0.55740523,-0.046362426,-0.0648657,0,1.0,0.79435486,-0.75183284,-0.04765974,0.2128367,0
2,298,0.79435486,-0.75183284,-0.04765974,0.2128367,1,1.0,0.77931815,-0.55606306,-0.043403007,-0.09449123,0
2,299,0.77931815,-0.55606306,-0.043403007,-0.09449123,0,1.0,0.76819694,-0.7505369,-0.045292832,0.18418835,0
2,300,0.76819694,-0.7505369,-0.045292832,0.18418835,1,1.0,0.75318617,-0.5547971,-0.041609064,-0.122431725,0
2,301,0.75318617,-0.5547971,-0.041609064,-0.122431725,0,1.0,0.7420902,-0.749299,-0.0440577,0.15683904,0
2,302,0.7420902,-0.749299,-0.0440577,0.15683904,1,1.0,0.72710425,-0.55357486,-0.040920917,-0.14941105,0
2,303,0.72710425,-0.55357486,-0.040920917,-0.14941105,0,1.0,0.71603274,-0.7480877,-0.04390914,0.13008651,0
2,304,0.71603274,-0.7480877,-0.04390914,0.13008651,1,1.0,0.701071,-0.5523651,-0.04130741,-0.17611948,0
2,305,0.701071,-0.5523651,-0.04130741,-0.17611948,0,1.0,0.6900237,-0.7468723,-0.044829797,0.10325152,0
2,306,0.6900237,-0.7468723,-0.044829797,0.10325152,1,1.0,0.67508626,-0.55113757,-0.042764768,-0.20323123,0
2,307,0.67508626,-0.55113757,-0.042764768,-0.20323123,0,1.0,0.6640635,-0.74562263,-0.04682939,0.0756607,0
2,308,0.6640635,-0.74562263,-0.04682939,0.0756607,1,1.0,0.649151,-0.5498617,-0.04531618,-0.23142157,0
2,309,0.649151,-0.5498617,-0.04531618,-0.23142157,0,1.0,0.6381538,-0.7443078,-0.04994461,0.04662976,0
2,310,0.6381538,-0.7443078,-0.04994461,0.04662976,0,1.0,0.62326765,-0.93867934,-0.049012017,0.32314587,0
2,311,0.62326765,-0.93867934,-0.049012017,0.32314587,1,1.0,0.6044941,-0.742895,-0.0425491,0.015418233,0
2,312,0.6044941,-0.742895,-0.0425491,0.015418233,1,1.0,0.58963615,-0.5471895,-0.042240735,-0.29038,0
2,313,0.58963615,-0.5471895,-0.042240735,-0.29038,0,1.0,0.5786924,-0.7416845,-0.048048332,-0.011312861,0
2,314,0.5786924,-0.7416845,-0.048048332,-0.011312861,0,1.0,0.5638587,-0.9360856,-0.04827459,0.2658315,0
2,315,0.5638587,-0.9360856,-0.04827459,0.2658315,1,1.0,0.545137,-0.74030906,-0.04295796,-0.041678373,0
2,316,0.545137,-0.74030906,-0.04295796,-0.041678373,0,1.0,0.5303308,-0.93478954,-0.04379153,0.23714744,0
2,317,0.5303308,-0.93478954,-0.04379153,0.23714744,1,1.0,0.511635,-0.7390702,-0.03904858,-0.06902072,0
2,318,0.511635,-0.7390702,-0.03904858,-0.06902072,0,1.0,0.4968536,-0.93361115,-0.040428992,0.21109097,0
2,319,0.4968536,-0.93361115,-0.040428992,0.21109097,1,1.0,0.4781814,-0.7379352,-0.036207173,-0.09406606,0
2,320,0.4781814,-0.7379352,-0.036207173,-0.09406606,0,1.0,0.4634227,-0.93252,-0.038088497,0.18697725,0
2,321,0.4634227,-0.93252,-0.038088497,0.18697725,1,1.0,0.44477227,-0.7368744,-0.03434895,-0.117473625,0
2,322,0.44477227,-0.7368744,-0.03434895,-0.117473625,0,1.0,0.4300348,-0.9314878,-0.036698423,0.16417766,0
2,323,0.4300348,-0.9314878,-0.036698423,0.16417766,1,1.0,0.41140503,-0.7358602,-0.03341487,-0.139853,0
2,324,0.41140503,-0.7358602,-0.03341487,-0.139853,0,1.0,0.39668784,-0.93048805,-0.03621193,0.14210363,0
2,325,0.39668784,-0.93048805,-0.03621193,0.14210363,1,1.0,0.37807807,-0.7348667,-0.033369858,-0.16178001,0
2,326,0.37807807,-0.7348667,-0.033369858,-0.16178001,0,1.0,0.36338073,-0.92949545,-0.03660546,0.12019164,0
2,327,0.36338073,-0.92949545,-0.03660546,0.12019164,1,1.0,0.34479082,-0.73386866,-0.034201626,-0.18381155,0
2,328,0.34479082,-0.73386866,-0.034201626,-0.18381155,0,1.0,0.33011344,-0.928485,-0.037877854,0.09788888,0
2,329,0.33011344,-0.928485,-0.037877854,0.09788888,1,1.0,0.31154376,-0.7328412,-0.03592008,-0.20649971,0
2,330,0.31154376,-0.7328412,-0.03592008,-0.20649971,0,1.0,0.29688692,-0.9274316,-0.04005007,0.07463934,0
2,331,0.29688692,-0.9274316,-0.04005007,0.07463934,1,1.0,0.27833828,-0.731759,-0.038557284,-0.23040567,0
2,332,0.27833828,-0.731759,-0.038557284,-0.23040567,0,1.0,0.2637031,-0.9263094,-0.0431654,0.04986995,0
2,333,0.2637031,-0.9263094,-0.0431654,0.04986995,1,1.0,0.24517693,-0.73059595,-0.042168,-0.25611347,0
2,334,0.24517693,-0.73059595,-0.042168,-0.25611347,0,1.0,0.23056501,-0.92509127,-0.04729027,0.022976447,0
2,335,0.23056501,-0.92509127,-0.04729027,0.022976447,0,1.0,0.21206318,-1.1195042,-0.04683074,0.30037174,0
2,336,0.21206318,-1.1195042,-0.04683074,0.30037174,1,1.0,0.1896731,-0.9237472,-0.040823307,-0.0067051514,0
2,337,0.1896731,-0.9237472,-0.040823307,-0.0067051514,1,1.0,0.17119816,-0.72806424,-0.04095741,-0.3119837,0
2,338,0.17119816,-0.72806424,-0.04095741,-0.3119837,0,1.0,0.15663686,-0.9225795,-0.04719708,-0.03249363,0
2,339,0.15663686,-0.9225795,-0.04719708,-0.03249363,0,1.0,0.13818528,-1.116994,-0.047846954,0.24493253,0
2,340,0.13818528,-1.116994,-0.047846954,0.24493253,1,1.0,0.115845405,-0.92122245,-0.042948306,-0.062450327,0
2,341,0.115845405,-0.92122245,-0.042948306,-0.062450327,0,1.0,0.09742095,-1.1157031,-0.04419731,0.2163788,0
2,342,0.09742095,-1.1157031,-0.04419731,0.2163788,1,1.0,0.07510689,-0.91997814,-0.039869733,-0.08991179,0
2,343,0.07510689,-0.91997814,-0.039869733,-0.08991179,0,1.0,0.056707326,-1.1145066,-0.04166797,0.18993042,0
2,344,0.056707326,-1.1145066,-0.04166797,0.18993042,1,1.0,0.034417193,-0.91881406,-0.037869364,-0.115600415,0
2,345,0.034417193,-0.91881406,-0.037869364,-0.115600415,0,1.0,0.016040914,-1.1133735,-0.040181372,0.1648986,0
2,346,0.016040914,-1.1133735,-0.040181372,0.1648986,1,1.0,-0.006226557,-0.9177001,-0.0368834,-0.14018476,0
2,347,-0.006226557,-0.9177001,-0.0368834,-0.14018476,0,1.0,-0.024580559,-1.1122749,-0.039687093,0.1406377,0
2,348,-0.024580559,-1.1122749,-0.039687093,0.1406377,1,1.0,-0.046826057,-0.9166077,-0.03687434,-0.16429697,0
2,349,-0.046826057,-0.9166077,-0.03687434,-0.16429697,0,1.0,-0.06515821,-1.1111829,-0.04016028,0.11652886,0
2,350,-0.06515821,-1.1111829,-0.04016028,0.11652886,1,1.0,-0.08738187,-0.9155092,-0.0378297,-0.18854894,0
2,351,-0.08738187,-0.9155092,-0.0378297,-0.18854894,0,1.0,-0.10569205,-1.1100701,-0.04160068,0.091964304,0
2,352,-0.10569205,-1.1100701,-0.04160068,0.091964304,1,1.0,-0.12789346,-0.91437733,-0.039761394,-0.21354796,0
2,353,-0.12789346,-0.91437733,-0.039761394,-0.21354796,0,1.0,-0.146181,-1.1089089,-0.044032354,0.066332035,0
2,354,-0.146181,-1.1089089,-0.044032354,0.066332035,1,1.0,-0.16835918,-0.9131843,-0.042705715,-0.23991176,0
2,355,-0.16835918,-0.9131843,-0.042705715,-0.23991176,0,1.0,-0.18662287,-1.1076709,-0.04750395,0.03900063,0
2,356,-0.18662287,-1.1076709,-0.04750395,0.03900063,1,1.0,-0.20877628,-0.9119011,-0.046723936,-0.26828375,0
2,357,-0.20877628,-0.9119011,-0.046723936,-0.26828375,0,1.0,-0.2270143,-1.1063262,-0.052089613,0.009303744,0
2,358,-0.2270143,-1.1063262,-0.052089613,0.009303744,0,1.0,-0.24914083,-1.300664,-0.051903535,0.28510752,0
2,359,-0.24914083,-1.300664,-0.051903535,0.28510752,1,1.0,-0.2751541,-1.1048416,-0.046201386,-0.023483172,0
2,360,-0.2751541,-1.1048416,-0.046201386,-0.023483172,0,1.0,-0.29725096,-1.2992716,-0.046671048,0.2542722,0
2,361,-0.29725096,-1.2992716,-0.046671048,0.2542722,1,1.0,-0.32323638,-1.1035154,-0.041585606,-0.052758653,0
2,362,-0.32323638,-1.1035154,-0.041585606,-0.052758653,0,1.0,-0.3453067,-1.2980171,-0.04264078,0.2265191,0
2,363,-0.3453067,-1.2980171,-0.04264078,0.2265191,1,1.0,-0.37126702,-1.1023126,-0.038110398,-0.07930353,0
2,364,-0.37126702,-1.1023126,-0.038110398,-0.07930353,0,1.0,-0.3933133,-1.2968681,-0.039696466,0.20111606,0
2,365,-0.3933133,-1.2968681,-0.039696466,0.20111606,1,1.0,-0.41925064,-1.1012015,-0.035674147,-0.10382024,0
2,366,-0.41925064,-1.1012015,-0.035674147,-0.10382024,0,1.0,-0.44127467,-1.2957945,-0.03775055,0.17739761,0
2,367,-0.44127467,-1.2957945,-0.03775055,0.17739761,1,1.0,-0.46719056,-1.1001532,-0.034202598,-0.12695126,0
2,368,-0.46719056,-1.1001532,-0.034202598,-0.12695126,0,1.0,-0.48919362,-1.2947689,-0.036741626,0.15474796,0
2,369,-0.48919362,-1.2947689,-0.036741626,0.15474796,1,1.0,-0.515089,-1.0991408,-0.033646666,-0.14929596,0
2,370,-0.515089,-1.0991408,-0.033646666,-0.14929596,0,1.0,-0.5370718,-1.2937651,-0.036632583,0.13258514,0
2,371,-0.5370718,-1.2937651,-0.036632583,0.13258514,1,1.0,-0.5629471,-1.0981381,-0.03398088,-0.17142609,0
2,372,-0.5629471,-1.0981381,-0.03398088,-0.17142609,0,1.0,-0.58490986,-1.2927576,-0.037409402,0.11034622,0
2,373,-0.58490986,-1.2927576,-0.037409402,0.11034622,1,1.0,-0.61076504,-1.0971202,-0.035202477,-0.1939005,0
2,374,-0.61076504,-1.0971202,-0.035202477,-0.1939005,0,1.0,-0.6327074,-1.2917213,-0.03908049,0.08747301,0
2,375,-0.6327074,-1.2917213,-0.03908049,0.08747301,1,1.0,-0.65854186,-1.0960616,-0.037331026,-0.2172792,0
2,376,-0.65854186,-1.0960616,-0.037331026,-0.2172792,0,1.0,-0.6804631,-1.2906306,-0.04167661,0.06339813,0
2,377,-0.6804631,-1.2906306,-0.04167661,0.06339813,0,1.0,-0.7062757,-1.4851309,-0.04040865,0.342646,0
2,378,-0.7062757,-1.4851309,-0.04040865,0.342646,1,1.0,-0.7359783,-1.2894582,-0.033555727,0.037499424,0
2,379,-0.7359783,-1.2894582,-0.033555727,0.037499424,0,1.0,-0.7617675,-1.4840832,-0.03280574,0.3194092,0
2,380,-0.7617675,-1.4840832,-0.03280574,0.3194092,1,1.0,-0.7914491,-1.2885097,-0.026417557,0.01656372,0
2,381,-0.7914491,-1.2885097,-0.026417557,0.01656372,0,1.0,-0.8172194,-1.4832431,-0.026086282,0.30079594,0
2,382,-0.8172194,-1.4832431,-0.026086282,0.30079594,1,1.0,-0.8468842,-1.2877592,-0.020070365,1.4005037e-06,0
2,383,-0.8468842,-1.2877592,-0.020070365,1.4005037e-06,0,1.0,-0.8726394,-1.4825877,-0.020070335,0.28628492,0
2,384,-0.8726394,-1.4825877,-0.020070335,0.28628492,1,1.0,-0.9022911,-1.2871853,-0.014344637,-0.01265985,0
2,385,-0.9022911,-1.2871853,-0.014344637,-0.01265985,0,1.0,-0.92803484,-1.4820987,-0.014597834,0.27546287,0
2,386,-0.92803484,-1.4820987,-0.014597834,0.27546287,1,1.0,-0.9576768,-1.2867715,-0.009088577,-0.021788241,0
2,387,-0.9576768,-1.2867715,-0.009088577,-0.021788241,0,1.0,-0.98341227,-1.4817619,-0.009524342,0.26801333,0
2,388,-0.98341227,-1.4817619,-0.009524342,0.26801333,1,1.0,-1.0130475,-1.2865053,-0.004164075,-0.027658353,0
2,389,-1.0130475,-1.2865053,-0.004164075,-0.027658353,0,1.0,-1.0387776,-1.4815674,-0.004717242,0.26370785,0
2,390,-1.0387776,-1.4815674,-0.004717242,0.26370785,1,1.0,-1.068409,-1.2863784,0.00055691524,-0.030459195,0
2,391,-1.068409,-1.2863784,0.00055691524,-0.030459195,1,1.0,-1.0941365,-1.0912645,-5.226868e-05,-0.32296637,0
2,392,-1.0941365,-1.0912645,-5.226868e-05,-0.32296637,0,1.0,-1.1159618,-1.2863857,-0.006511596,-0.030299913,0
2,393,-1.1159618,-1.2863857,-0.006511596,-0.030299913,0,1.0,-1.1416895,-1.4814136,-0.007117594,0.26032144,0
2,394,-1.1416895,-1.4814136,-0.007117594,0.26032144,1,1.0,-1.1713178,-1.2861907,-0.0019111652,-0.03459794,0
2,395,-1.1713178,-1.2861907,-0.0019111652,-0.03459794,0,1.0,-1.1970416,-1.4812852,-0.0026031241,0.25748137,0
2,396,-1.1970416,-1.4812852,-0.0026031241,0.25748137,1,1.0,-1.2266673,-1.2861263,0.0025465034,-0.03602147,0
2,397,-1.2266673,-1.2861263,0.0025465034,-0.03602147,0,1.0,-1.2523898,-1.4812846,0.0018260741,0.2574638,0
2,398,-1.2523898,-1.4812846,0.0018260741,0.2574638,1,1.0,-1.2820156,-1.2861888,0.0069753504,-0.034642585,0
2,399,-1.2820156,-1.2861888,0.0069753504,-0.034642585,1,1.0,-1.3077393,-1.0911676,0.0062824986,-0.32511657,0
2,400,-1.3077393,-1.0911676,0.0062824986,-0.32511657,0,1.0,-1.3295627,-1.2863784,-0.00021983286,-0.030459058,0
2,401,-1.3295627,-1.2863784,-0.00021983286,-0.030459058,0,1.0,-1.3552902,-1.4814972,-0.000829014,0.2621545,0
2,402,-1.3552902,-1.4814972,-0.000829014,0.2621545,1,1.0,-1.3849201,-1.2863634,0.004414076,-0.03078979,0
2,403,-1.3849201,-1.2863634,0.004414076,-0.03078979,0,1.0,-1.4106474,-1.4815484,0.0037982801,0.26328254,0
2,404,-1.4106474,-1.4815484,0.0037982801,0.26328254,1,1.0,-1.4402784,-1.2864809,0.009063931,-0.028199943,0
2,405,-1.4402784,-1.2864809,0.009063931,-0.028199943,0,1.0,-1.4660081,-1.4817317,0.0084999325,0.26732892,0
2,406,-1.4660081,-1.4817317,0.0084999325,0.26732892,1,1.0,-1.4956427,-1.286732,0.013846511,-0.022660993,0
2,407,-1.4956427,-1.286732,0.013846511,-0.022660993,1,1.0,-1.5213773,-1.0918113,0.01339329,-0.31094322,0
2,408,-1.5213773,-1.0918113,0.01339329,-0.31094322,0,1.0,-1.5432135,-1.2871215,0.007174426,-0.014066721,0
2,409,-1.5432135,-1.2871215,0.007174426,-0.014066721,0,1.0,-1.5689559,-1.4823456,0.006893092,0.28087115,0
2,410,-1.5689559,-1.4823456,0.006893092,0.28087115,1,1.0,-1.5986029,-1.2873226,0.012510515,-0.009629762,0
2,411,-1.5986029,-1.2873226,0.012510515,-0.009629762,0,1.0,-1.6243494,-1.4826218,0.01231792,0.28697398,0
2,412,-1.6243494,-1.4826218,0.01231792,0.28697398,1,1.0,-1.6540017,-1.2876776,0.018057398,-0.0017986656,0
2,413,-1.6540017,-1.2876776,0.018057398,-0.0017986656,1,1.0,-1.6797553,-1.0928192,0.018021425,-0.28873003,0
2,414,-1.6797553,-1.0928192,0.018021425,-0.28873003,0,1.0,-1.7016116,-1.2881935,0.012246826,0.009581775,0
2,415,-1.7016116,-1.2881935,0.012246826,0.009581775,0,1.0,-1.7273755,-1.4834889,0.012438461,0.30610344,0
2,416,-1.7273755,-1.4834889,0.012438461,0.30610344,1,1.0,-1.7570454,-1.2885464,0.01856053,0.017369086,0
2,417,-1.7570454,-1.2885464,0.01856053,0.017369086,1,1.0,-1.7828163,-1.0936955,0.018907912,-0.26940048,0
2,418,-1.7828163,-1.0936955,0.018907912,-0.26940048,0,1.0,-1.8046901,-1.289082,0.013519902,0.029185642,0
2,419,-1.8046901,-1.289082,0.013519902,0.029185642,0,1.0,-1.8304719,-1.4843953,0.014103615,0.3261034,0
2,420,-1.8304719,-1.4843953,0.014103615,0.3261034,1,1.0,-1.8601598,-1.289477,0.020625683,0.037901293,0
2,421,-1.8601598,-1.289477,0.020625683,0.037901293,1,1.0,-1.8859493,-1.0946567,0.021383708,-0.24820332,0
2,422,-1.8859493,-1.0946567,0.021383708,-0.24820332,0,1.0,-1.9078424,-1.2900774,0.016419642,0.05114705,0
2,423,-1.9078424,-1.2900774,0.016419642,0.05114705,0,1.0,-1.9336439,-1.485431,0.017442584,0.34896496,0
2,424,-1.9336439,-1.485431,0.017442584,0.34896496,1,1.0,-1.9633526,-1.2905613,0.024421882,0.0618329,0
2,425,-1.9633526,-1.2905613,0.024421882,0.0618329,1,1.0,-1.9891638,-1.0957979,0.02565854,-0.22304583,0
2,426,-1.9891638,-1.0957979,0.02565854,-0.22304583,0,1.0,-2.0110798,-1.291277,0.021197625,0.07761911,0
2,427,-2.0110798,-1.291277,0.021197625,0.07761911,1,1.0,-2.0369053,-1.0964652,0.022750007,-0.20830123,0
2,428,-2.0369053,-1.0964652,0.022750007,-0.20830123,0,1.0,-2.0588346,-1.291905,0.018583981,0.09147044,0
2,429,-2.0588346,-1.291905,0.018583981,0.09147044,1,1.0,-2.0846727,-1.0970544,0.02041339,-0.19529179,0
2,430,-2.0846727,-1.0970544,0.02041339,-0.19529179,0,1.0,-2.1066139,-1.2924622,0.016507555,0.10376012,0
2,431,-2.1066139,-1.2924622,0.016507555,0.10376012,0,1.0,-2.132463,-1.4878168,0.018582758,0.40160507,0
2,432,-2.132463,-1.4878168,0.018582758,0.40160507,1,1.0,-2.1622193,-1.2929633,0.026614858,0.11483829,0
2,433,-2.1622193,-1.2929633,0.026614858,0.11483829,1,1.0,-2.1880786,-1.0982326,0.028911624,-0.16933045,0
2,434,-2.1880786,-1.0982326,0.028911624,-0.16933045,0,1.0,-2.2100432,-1.2937562,0.025525015,0.1323312,0
2,435,-2.2100432,-1.2937562,0.025525015,0.1323312,1,1.0,-2.2359185,-1.099009,0.02817164,-0.1521909,0
2,436,-2.2359185,-1.099009,0.02817164,-0.1521909,0,1.0,-2.2578986,-1.2945228,0.02512782,0.14924476,0
2,437,-2.2578986,-1.2945228,0.02512782,0.14924476,1,1.0,-2.2837892,-1.0997695,0.028112717,-0.13540614,0
2,438,-2.2837892,-1.0997695,0.028112717,-0.13540614,0,1.0,-2.3057845,-1.2952826,0.025404595,0.16601169,0
2,439,-2.3057845,-1.2952826,0.025404595,0.16601169,1,1.0,-2.33169,-1.1005334,0.028724829,-0.11854978,0
2,440,-2.33169,-1.1005334,0.028724829,-0.11854978,0,1.0,-2.3537006,-1.2960548,0.026353832,0.1830554,0
2,441,-2.3537006,-1.2960548,0.026353832,0.1830554,1,1.0,-2.3796217,-1.1013197,0.03001494,-0.101198755,0
2,442,-2.3796217,-1.1013197,0.03001494,-0.101198755,0,1.0,-2.4016483,-1.2968587,0.027990965,0.20080066,1
3,0,-0.031224264,-0.024329418,-0.00053206726,0.016079156,0,1.0,-0.031710852,-0.21944374,-0.00021048417,0.30859417,0
3,1,-0.031710852,-0.21944374,-0.00021048417,0.30859417,1,1.0,-0.036099724,-0.024318786,0.005961399,0.015844861,0
3,2,-0.036099724,-0.024318786,0.005961399,0.015844861,0,1.0,-0.036586102,-0.21952572,0.0062782965,0.3104027,0
3,3,-0.036586102,-0.21952572,0.0062782965,0.3104027,1,1.0,-0.040976617,-0.02449378,0.012486351,0.019706363,0
3,4,-0.040976617,-0.02449378,0.012486351,0.019706363,0,1.0,-0.041466493,-0.21979256,0.012880478,0.31630257,0
3,5,-0.041466493,-0.21979256,0.012880478,0.31630257,1,1.0,-0.045862343,-0.024856415,0.01920653,0.027709382,0
3,6,-0.045862343,-0.024856415,0.01920653,0.027709382,1,1.0,-0.046359472,0.1699849,0.019760717,-0.25885233,0
3,7,-0.046359472,0.1699849,0.019760717,-0.25885233,0,1.0,-0.042959772,-0.02541349,0.0145836705,0.03999732,0
3,8,-0.042959772,-0.02541349,0.0145836705,0.03999732,1,1.0,-0.043468043,0.16949633,0.015383617,-0.24804887,0
3,9,-0.043468043,0.16949633,0.015383617,-0.24804887,0,1.0,-0.040078115,-0.025841907,0.01042264,0.049446415,0
3,10,-0.040078115,-0.025841907,0.01042264,0.049446415,0,1.0,-0.040594954,-0.22111174,0.011411567,0.34539947,0
3,11,-0.040594954,-0.22111174,0.011411567,0.34539947,1,1.0,-0.04501719,-0.026153969,0.018319556,0.056336768,0
3,12,-0.04501719,-0.026153969,0.018319556,0.056336768,1,1.0,-0.04554027,0.16870059,0.019446293,-0.23051037,0
3,13,-0.04554027,0.16870059,0.019446293,-0.23051037,0,1.0,-0.042166255,-0.02669377,0.014836085,0.0682426,0
3,14,-0.042166255,-0.02669377,0.014836085,0.0682426,1,1.0,-0.042700134,0.16821237,0.016200937,-0.21972279,0
3,15,-0.042700134,0.16821237,0.016200937,-0.21972279,0,1.0,-0.039335884,-0.02713737,0.0118064815,0.078026235,0
3,16,-0.039335884,-0.02713737,0.0118064815,0.078026235,1,1.0,-0.039878633,0.16781336,0.013367006,-0.21090844,0
3,17,-0.039878633,0.16781336,0.013367006,-0.21090844,0,1.0,-0.036522366,-0.027497143,0.009148837,0.08596091,0
3,18,-0.036522366,-0.027497143,0.009148837,0.08596091,0,1.0,-0.03707231,-0.22274904,0.010868055,0.38151622,0
3,19,-0.03707231,-0.22274904,0.010868055,0.38151622,1,1.0,-0.04152729,-0.027783073,0.01849838,0.09227969,0
3,20,-0.04152729,-0.027783073,0.01849838,0.09227969,1,1.0,-0.04208295,0.16706891,0.020343972,-0.19451009,0
3,21,-0.04208295,0.16706891,0.020343972,-0.19451009,0,1.0,-0.038741574,-0.028338047,0.01645377,0.104520425,0
3,22,-0.038741574,-0.028338047,0.01645377,0.104520425,1,1.0,-0.039308332,0.16654429,0.01854418,-0.18292633,0
3,23,-0.039308332,0.16654429,0.01854418,-0.18292633,0,1.0,-0.035977446,-0.028838027,0.014885654,0.11554845,0
3,24,-0.035977446,-0.028838027,0.014885654,0.11554845,1,1.0,-0.036554206,0.16606751,0.017196622,-0.17240125,0
3,25,-0.036554206,0.16606751,0.017196622,-0.17240125,0,1.0,-0.033232857,-0.029296296,0.013748597,0.12565668,0
3,26,-0.033232857,-0.029296296,0.013748597,0.12565668,1,1.0,-0.033818785,0.16562602,0.016261732,-0.1626572,0
3,27,-0.033818785,0.16562602,0.016261732,-0.1626572,0,1.0,-0.030506263,-0.029724905,0.013008587,0.13511118,0
3,28,-0.030506263,-0.029724905,0.013008587,0.13511118,1,1.0,-0.031100761,0.16520832,0.015710812,-0.15343949,0
3,29,-0.031100761,0.16520832,0.015710812,-0.15343949,0,1.0,-0.027796594,-0.030135019,0.012642021,0.14415814,0
3,30,-0.027796594,-0.030135019,0.012642021,0.14415814,1,1.0,-0.028399294,0.16480362,0.015525185,-0.14450979,0
3,31,-0.028399294,0.16480362,0.015525185,-0.14450979,0,1.0,-0.025103223,-0.030537184,0.012634988,0.15303032,0
3,32,-0.025103223,-0.030537184,0.012634988,0.15303032,1,1.0,-0.025713967,0.16440159,0.015695594,-0.13563992,0
3,33,-0.025713967,0.16440159,0.015695594,-0.13563992,0,1.0,-0.022425935,-0.030941617,0.012982796,0.16195312,0
3,34,-0.022425935,-0.030941617,0.012982796,0.16195312,1,1.0,-0.023044767,0.16399209,0.016221859,-0.12660596,0
3,35,-0.023044767,0.16399209,0.016221859,-0.12660596,0,1.0,-0.019764924,-0.03135845,0.01368974,0.17115031,0
3,36,-0.019764924,-0.03135845,0.01368974,0.17115031,1,1.0,-0.020392094,0.16356492,0.017112745,-0.11718268,0
3,37,-0.020392094,0.16356492,0.017112745,-0.11718268,0,1.0,-0.017120795,-0.031797998,0.014769092,0.18084969,0
3,38,-0.017120795,-0.031797998,0.014769092,0.18084969,1,1.0,-0.017756756,0.16310954,0.018386086,-0.10713778,0
3,39,-0.017756756,0.16310954,0.018386086,-0.10713778,0,1.0,-0.014494565,-0.032271,0.016243331,0.1912887,0
3,40,-0.014494565,-0.032271,0.016243331,0.1912887,1,1.0,-0.015139985,0.16261485,0.020069104,-0.09622619,0
3,41,-0.015139985,0.16261485,0.020069104,-0.09622619,0,1.0,-0.011887688,-0.0327889,0.01814458,0.20272033,0
3,42,-0.011887688,-0.0327889,0.01814458,0.20272033,1,1.0,-0.012543466,0.16206892,0.022198986,-0.08418407,0
3,43,-0.012543466,0.16206892,0.022198986,-0.08418407,0,1.0,-0.009302087,-0.03336409,0.020515306,0.21541919,0
3,44,-0.009302087,-0.03336409,0.020515306,0.21541919,1,1.0,-0.0099693695,0.16145866,0.02482369,-0.07072236,0
3,45,-0.0099693695,0.16145866,0.02482369,-0.07072236,0,1.0,-0.006740196,-0.034010228,0.023409242,0.22968805,0
3,46,-0.006740196,-0.034010228,0.023409242,0.22968805,1,1.0,-0.0074204006,0.16076952,0.028003003,-0.055519838,0
3,47,-0.0074204006,0.16076952,0.028003003,-0.055519838,1,1.0,-0.0042050104,0.355479,0.026892606,-0.33923772,0
3,48,-0.0042050104,0.355479,0.026892606,-0.33923772,0,1.0,0.0029045697,0.15998492,0.020107852,-0.038197167,0
3,49,0.0029045697,0.15998492,0.020107852,-0.038197167,0,1.0,0.006104268,-0.03541953,0.019343909,0.26076156,0
3,50,0.006104268,-0.03541953,0.019343909,0.26076156,1,1.0,0.005395877,0.15942101,0.02455914,-0.02575784,0
3,51,0.005395877,0.15942101,0.02455914,-0.02575784,1,1.0,0.008584297,0.35418233,0.024043983,-0.31059203,0
3,52,0.008584297,0.35418233,0.024043983,-0.31059203,0,1.0,0.015667943,0.1587262,0.017832141,-0.010424353,0
3,53,0.015667943,0.1587262,0.017832141,-0.010424353,0,1.0,0.018842468,-0.036646884,0.017623655,0.28783107,0
3,54,0.018842468,-0.036646884,0.017623655,0.28783107,1,1.0,0.01810953,0.15821937,0.023380276,0.00075816136,0
3,55,0.01810953,0.15821937,0.023380276,0.00075816136,1,1.0,0.021273918,0.35299835,0.02339544,-0.28445727,0
3,56,0.021273918,0.35299835,0.02339544,-0.28445727,0,1.0,0.028333886,0.15755066,0.017706294,0.015511646,0
3,57,0.028333886,0.15755066,0.017706294,0.015511646,0,1.0,0.0314849,-0.037820686,0.018016526,0.3137281,0
3,58,0.0314849,-0.037820686,0.018016526,0.3137281,1,1.0,0.030728484,0.15704004,0.024291089,0.026781026,0
3,59,0.030728484,0.15704004,0.024291089,0.026781026,1,1.0,0.033869285,0.35180536,0.02482671,-0.2581399,0
3,60,0.033869285,0.35180536,0.02482671,-0.2581399,0,1.0,0.040905394,0.15633795,0.019663911,0.042269193,0
3,61,0.040905394,0.15633795,0.019663911,0.042269193,1,1.0,0.044032153,0.35117248,0.020509295,-0.24414529,0
3,62,0.044032153,0.35117248,0.020509295,-0.24414529,0,1.0,0.051055603,0.15576369,0.01562639,0.054935563,0
3,63,0.051055603,0.15576369,0.01562639,0.054935563,0,1.0,0.054170873,-0.039578803,0.0167251,0.3525075,0
3,64,0.054170873,-0.039578803,0.0167251,0.3525075,1,1.0,0.053379297,0.15530138,0.02377525,0.06514506,0
3,65,0.053379297,0.15530138,0.02377525,0.06514506,1,1.0,0.056485325,0.35007453,0.025078151,-0.21994282,0
3,66,0.056485325,0.35007453,0.025078151,-0.21994282,0,1.0,0.063486814,0.15460324,0.020679295,0.0805441,0
3,67,0.063486814,0.15460324,0.020679295,0.0805441,1,1.0,0.06657888,0.34942275,0.022290178,-0.20554338,0
3,68,0.06657888,0.34942275,0.022290178,-0.20554338,0,1.0,0.07356734,0.15398924,0.018179309,0.0940868,0
3,69,0.07356734,0.15398924,0.018179309,0.0940868,1,1.0,0.07664712,0.348846,0.020061046,-0.19280559,0
3,70,0.07664712,0.348846,0.020061046,-0.19280559,0,1.0,0.08362404,0.15344289,0.016204933,0.10613764,0
3,71,0.08362404,0.15344289,0.016204933,0.10613764,1,1.0,0.0866929,0.34832892,0.018327687,-0.18138897,0
3,72,0.0866929,0.34832892,0.018327687,-0.18138897,0,1.0,0.093659475,0.15294956,0.014699907,0.11701886,0
3,73,0.093659475,0.15294956,0.014699907,0.11701886,1,1.0,0.09671847,0.34785783,0.017040284,-0.17099035,0
3,74,0.09671847,0.34785783,0.017040284,-0.17099035,0,1.0,0.103675626,0.15249619,0.013620477,0.12701918,0
3,75,0.103675626,0.15249619,0.013620477,0.12701918,1,1.0,0.10672555,0.3474204,0.01616086,-0.1613357,0
3,76,0.10672555,0.3474204,0.01616086,-0.1613357,0,1.0,0.113673955,0.15207085,0.012934146,0.13640141,0
3,77,0.113673955,0.15207085,0.012934146,0.13640141,1,1.0,0.11671537,0.3470052,0.015662175,-0.15217307,0
3,78,0.11671537,0.3470052,0.015662175,-0.15217307,0,1.0,0.123655476,0.15166251,0.012618714,0.1454095,0
3,79,0.123655476,0.15166251,0.012618714,0.1454095,1,1.0,0.12668873,0.3466015,0.015526904,-0.14326592,0
3,80,0.12668873,0.3466015,0.015526904,-0.14326592,0,1.0,0.13362075,0.15126066,0.012661586,0.15427475,0
3,81,0.13362075,0.15126066,0.012661586,0.15427475,1,1.0,0.13664597,0.34619907,0.01574708,-0.13438699,0
3,82,0.13664597,0.34619907,0.01574708,-0.13438699,0,1.0,0.14356995,0.15085512,0.01305934,0.16322201,0
3,83,0.14356995,0.15085512,0.01305934,0.16322201,1,1.0,0.14658706,0.3457877,0.01632378,-0.1253126,0
3,84,0.14658706,0.3457877,0.01632378,-0.1253126,0,1.0,0.1535028,0.15043576,0.013817529,0.17247528,0
3,85,0.1535028,0.15043576,0.013817529,0.17247528,1,1.0,0.15651152,0.34535724,0.017267035,-0.11581682,0
3,86,0.15651152,0.34535724,0.017267035,-0.11581682,0,1.0,0.16341867,0.1499922,0.014950698,0.18226333,0
3,87,0.16341867,0.1499922,0.014950698,0.18226333,1,1.0,0.16641851,0.34489706,0.018595964,-0.10566596,0
3,88,0.16641851,0.34489706,0.018595964,-0.10566596,0,1.0,0.17331645,0.14951363,0.016482646,0.19282542,0
3,89,0.17331645,0.14951363,0.016482646,0.19282542,1,1.0,0.17630672,0.34439597,0.020339154,-0.09461269,0
3,90,0.17630672,0.34439597,0.020339154,-0.09461269,0,1.0,0.18319464,0.14898849,0.0184469,0.2044172,0
3,91,0.18319464,0.14898849,0.0184469,0.2044172,1,1.0,0.18617441,0.34384185,0.022535244,-0.08239003,0
3,92,0.18617441,0.34384185,0.022535244,-0.08239003,0,1.0,0.19305125,0.14840423,0.020887444,0.21731676,0
3,93,0.19305125,0.14840423,0.020887444,0.21731676,1,1.0,0.19601934,0.34322146,0.02523378,-0.068704866,0
3,94,0.19601934,0.34322146,0.02523378,-0.068704866,0,1.0,0.20288377,0.14774698,0.023859682,0.23183143,0
3,95,0.20288377,0.14774698,0.023859682,0.23183143,1,1.0,0.20583871,0.34252003,0.02849631,-0.05323089,0
3,96,0.20583871,0.34252003,0.02849631,-0.05323089,1,1.0,0.2126891,0.537222,0.027431693,-0.33678854,0
3,97,0.2126891,0.537222,0.027431693,-0.33678854,0,1.0,0.22343354,0.34172067,0.020695921,-0.03558292,0
3,98,0.22343354,0.34172067,0.020695921,-0.03558292,0,1.0,0.23026796,0.14630814,0.019984262,0.26355726,0
3,99,0.23026796,0.14630814,0.019984262,0.26355726,1,1.0,0.23319413,0.34113923,0.025255408,-0.022756025,0
3,100,0.23319413,0.34113923,0.025255408,-0.022756025,1,1.0,0.24001691,0.53589004,0.024800288,-0.30736482,0
3,101,0.24001691,0.53589004,0.024800288,-0.30736482,0,1.0,0.25073472,0.34042364,0.01865299,-0.006964841,0
3,102,0.25073472,0.34042364,0.01865299,-0.006964841,0,1.0,0.25754318,0.14503923,0.018513694,0.29154447,0
3,103,0.25754318,0.14503923,0.018513694,0.29154447,1,1.0,0.26044396,0.3398924,0.024344584,0.0047575585,0
3,104,0.26044396,0.3398924,0.024344584,0.0047575585,1,1.0,0.2672418,0.5346569,0.024439735,-0.28014603,0
3,105,0.2672418,0.5346569,0.024439735,-0.28014603,0,1.0,0.27793494,0.33919498,0.018836815,0.020143826,0
3,106,0.27793494,0.33919498,0.018836815,0.020143826,1,1.0,0.28471884,0.5340418,0.01923969,-0.26653686,0
3,107,0.28471884,0.5340418,0.01923969,-0.26653686,0,1.0,0.2953997,0.3386506,0.013908954,0.0321518,0
3,108,0.2953997,0.3386506,0.013908954,0.0321518,0,1.0,0.3021727,0.14333199,0.01455199,0.3291905,0
3,109,0.3021727,0.14333199,0.01455199,0.3291905,1,1.0,0.30503935,0.33824378,0.0211358,0.041131876,0
3,110,0.30503935,0.33824378,0.0211358,0.041131876,1,1.0,0.3118042,0.5330564,0.021958437,-0.24480827,0
3,111,0.3118042,0.5330564,0.021958437,-0.24480827,0,1.0,0.32246533,0.3376278,0.017062271,0.054719195,0
3,112,0.32246533,0.3376278,0.017062271,0.054719195,1,1.0,0.3292179,0.532501,0.018156655,-0.232532,0
3,113,0.3292179,0.532501,0.018156655,-0.232532,0,1.0,0.33986792,0.33712438,0.013506016,0.06582239,0
3,114,0.33986792,0.33712438,0.013506016,0.06582239,1,1.0,0.3466104,0.53205013,0.0148224635,-0.2225689,0
3,115,0.3466104,0.53205013,0.0148224635,-0.2225689,0,1.0,0.3572514,0.33671948,0.010371085,0.074752524,0
3,116,0.3572514,0.33671948,0.010371085,0.074752524,0,1.0,0.3639858,0.14145039,0.011866136,0.37068945,0
3,117,0.3639858,0.14145039,0.011866136,0.37068945,1,1.0,0.3668148,0.33640176,0.019279925,0.08177154,0
3,118,0.3668148,0.33640176,0.019279925,0.08177154,1,1.0,0.37354285,0.53124213,0.020915356,-0.20476672,0
3,119,0.37354285,0.53124213,0.020915356,-0.20476672,0,1.0,0.38416767,0.3358274,0.016820021,0.0944399,0
3,120,0.38416767,0.3358274,0.016820021,0.0944399,1,1.0,0.39088422,0.53070426,0.01870882,-0.19288923,0
3,121,0.39088422,0.53070426,0.01870882,-0.19288923,0,1.0,0.40149832,0.33531976,0.014851035,0.105636336,0
3,122,0.40149832,0.33531976,0.014851035,0.105636336,1,1.0,0.4082047,0.53022575,0.016963761,-0.1823244,0
3,123,0.4082047,0.53022575,0.016963761,-0.1823244,0,1.0,0.41880924,0.33486524,0.013317274,0.11566133,0
3,124,0.41880924,0.33486524,0.013317274,0.11566133,1,1.0,0.42550653,0.52979386,0.0156305,-0.17279053,0
3,125,0.42550653,0.52979386,0.0156305,-0.17279053,0,1.0,0.43610242,0.33445174,0.01217469,0.12478206,0
3,126,0.43610242,0.33445174,0.01217469,0.12478206,1,1.0,0.44279143,0.5293972,0.014670331,-0.16403514,0
3,127,0.44279143,0.5293972,0.014670331,-0.16403514,0,1.0,0.4533794,0.33406833,0.011389628,0.13323952,0
3,128,0.4533794,0.33406833,0.011389628,0.13323952,1,1.0,0.46006075,0.5290253,0.014054419,-0.15582848,0
3,129,0.46006075,0.5290253,0.014054419,-0.15582848,0,1.0,0.47064126,0.33370498,0.010937849,0.14125495,0
3,130,0.47064126,0.33370498,0.010937849,0.14125495,1,1.0,0.47731537,0.5286686,0.013762948,-0.14795731,0
3,131,0.47731537,0.5286686,0.013762948,-0.14795731,0,1.0,0.48788872,0.33335227,0.010803802,0.14903559,0
3,132,0.48788872,0.33335227,0.010803802,0.14903559,1,1.0,0.49455577,0.52831787,0.013784514,-0.14021948,0
3,133,0.49455577,0.52831787,0.013784514,-0.14021948,0,1.0,0.5051221,0.33300123,0.010980124,0.15678017,0
3,134,0.5051221,0.33300123,0.010980124,0.15678017,1,1.0,0.51178217,0.52796423,0.0141157275,-0.13241868,0
3,135,0.51178217,0.52796423,0.0141157275,-0.13241868,1,1.0,0.52234143,0.7228812,0.011467353,-0.42061508,0
3,136,0.52234143,0.7228812,0.011467353,-0.42061508,0,1.0,0.5367991,0.5275987,0.0030550526,-0.12433919,0
3,137,0.5367991,0.5275987,0.0030550526,-0.12433919,0,1.0,0.54735106,0.33243307,0.0005682687,0.16930601,0
3,138,0.54735106,0.33243307,0.0005682687,0.16930601,1,1.0,0.5539997,0.5275469,0.0039543887,-0.12319759,0
3,139,0.5539997,0.5275469,0.0039543887,-0.12319759,0,1.0,0.56455064,0.3323685,0.001490437,0.17073028,0
3,140,0.56455064,0.3323685,0.001490437,0.17073028,1,1.0,0.571198,0.5274691,0.0049050422,-0.1214821,0
3,141,0.571198,0.5274691,0.0049050422,-0.1214821,0,1.0,0.5817474,0.3322772,0.0024754005,0.17274429,0
3,142,0.5817474,0.3322772,0.0024754005,0.17274429,1,1.0,0.5883929,0.52736366,0.0059302864,-0.1191567,0
3,143,0.5883929,0.52736366,0.0059302864,-0.1191567,0,1.0,0.5989402,0.33215722,0.003547152,0.17539126,0
3,144,0.5989402,0.33215722,0.003547152,0.17539126,1,1.0,0.60558337,0.52722824,0.007054977,-0.11617055,0
3,145,0.60558337,0.52722824,0.007054977,-0.11617055,1,1.0,0.6161279,0.7222484,0.004731566,-0.40661937,0
3,146,0.6161279,0.7222484,0.004731566,-0.40661937,0,1.0,0.63057286,0.5270597,-0.0034008208,-0.112448476,0
3,147,0.63057286,0.5270597,-0.0034008208,-0.112448476,0,1.0,0.64111406,0.3319866,-0.00564979,0.17915958,0
3,148,0.64111406,0.3319866,-0.00564979,0.17915958,1,1.0,0.64775383,0.52718896,-0.0020665987,-0.1153003,0
3,149,0.64775383,0.52718896,-0.0020665987,-0.1153003,0,1.0,0.6582976,0.33209667,-0.0043726047,0.17672992,0
3,150,0.6582976,0.33209667,-0.0043726047,0.17672992,1,1.0,0.6649395,0.5272809,-0.0008380063,-0.1173292,0
3,151,0.6649395,0.5272809,-0.0008380063,-0.1173292,0,1.0,0.67548513,0.332171,-0.0031845905,0.17508923,0
3,152,0.67548513,0.332171,-0.0031845905,0.17508923,1,1.0,0.68212855,0.5273384,0.000317194,-0.118596636,0
3,153,0.68212855,0.5273384,0.000317194,-0.118596636,0,1.0,0.69267535,0.33221188,-0.0020547388,0.17418635,0
3,154,0.69267535,0.33221188,-0.0020547388,0.17418635,1,1.0,0.69931954,0.5273632,0.0014289882,-0.119144075,0
3,155,0.69931954,0.5273632,0.0014289882,-0.119144075,0,1.0,0.7098668,0.3322208,-0.0009538933,0.17398934,0
3,156,0.7098668,0.3322208,-0.0009538933,0.17398934,1,1.0,0.71651125,0.5273564,0.0025258935,-0.118994355,0
3,157,0.71651125,0.5273564,0.0025258935,-0.118994355,1,1.0,0.72705835,0.72244203,0.00014600642,-0.4108793,0
3,158,0.72705835,0.72244203,0.00014600642,-0.4108793,0,1.0,0.74150723,0.527318,-0.00807158,-0.11815036,0
3,159,0.74150723,0.527318,-0.00807158,-0.11815036,0,1.0,0.75205356,0.33231264,-0.0104345875,0.17197517,0
3,160,0.75205356,0.33231264,-0.0104345875,0.17197517,1,1.0,0.75869983,0.5275824,-0.0069950838,-0.12398121,0
3,161,0.75869983,0.5275824,-0.0069950838,-0.12398121,0,1.0,0.76925147,0.33256134,-0.009474708,0.16648667,0
3,162,0.76925147,0.33256134,-0.009474708,0.16648667,1,1.0,0.7759027,0.5278176,-0.006144975,-0.12917013,0
3,163,0.7759027,0.5278176,-0.006144975,-0.12917013,0,1.0,0.786459,0.33278424,-0.0087283775,0.1615678,0
3,164,0.786459,0.33278424,-0.0087283775,0.1615678,1,1.0,0.7931147,0.52803004,-0.0054970216,-0.13385586,0
3,165,0.7931147,0.52803004,-0.0054970216,-0.13385586,0,1.0,0.80367535,0.33298728,-0.008174139,0.15708777,0
3,166,0.80367535,0.33298728,-0.008174139,0.15708777,1,1.0,0.8103351,0.5282253,-0.0050323834,-0.13816266,0
3,167,0.8103351,0.5282253,-0.0050323834,-0.13816266,0,1.0,0.8208996,0.33317578,-0.0077956365,0.1529284,0
3,168,0.8208996,0.33317578,-0.0077956365,0.1529284,1,1.0,0.8275631,0.52840847,-0.0047370684,-0.14220364,0
3,169,0.8275631,0.52840847,-0.0047370684,-0.14220364,0,1.0,0.83813125,0.33335468,-0.007581142,0.14898105,0
3,170,0.83813125,0.33335468,-0.007581142,0.14898105,1,1.0,0.8447984,0.52858436,-0.0046015205,-0.14608389,0
3,171,0.8447984,0.52858436,-0.0046015205,-0.14608389,1,1.0,0.85537004,0.7237719,-0.0075231986,-0.44021496,0
3,172,0.85537004,0.7237719,-0.0075231986,-0.44021496,0,1.0,0.8698455,0.5287573,-0.016327497,-0.14991301,0
3,173,0.8698455,0.5287573,-0.016327497,-0.14991301,0,1.0,0.8804206,0.33387285,-0.019325757,0.13757454,0
3,174,0.8804206,0.33387285,-0.019325757,0.13757454,1,1.0,0.8870981,0.5292662,-0.016574267,-0.16114217,0
3,175,0.8870981,0.5292662,-0.016574267,-0.16114217,0,1.0,0.89768344,0.3343854,-0.01979711,0.12626626,0
3,176,0.89768344,0.3343854,-0.01979711,0.12626626,1,1.0,0.90437114,0.5297853,-0.017271785,-0.1725961,0
3,177,0.90437114,0.5297853,-0.017271785,-0.1725961,0,1.0,0.9149668,0.33491474,-0.020723708,0.11458847,0
3,178,0.9149668,0.33491474,-0.020723708,0.11458847,1,1.0,0.92166513,0.53032744,-0.018431937,-0.18455993,0
3,179,0.92166513,0.53032744,-0.018431937,-0.18455993,0,1.0,0.93227166,0.33547398,-0.022123136,0.1022519,0
3,180,0.93227166,0.33547398,-0.022123136,0.1022519,1,1.0,0.9389812,0.5309059,-0.020078098,-0.1973279,0
3,181,0.9389812,0.5309059,-0.020078098,-0.1973279,0,1.0,0.94959927,0.33607677,-0.024024656,0.088954285,0
3,182,0.94959927,0.33607677,-0.024024656,0.088954285,1,1.0,0.9563208,0.53153473,-0.022245571,-0.21121056,0
3,183,0.9563208,0.53153473,-0.022245571,-0.21121056,0,1.0,0.9669515,0.33673778,-0.026469782,0.07437288,0
3,184,0.9669515,0.33673778,-0.026469782,0.07437288,1,1.0,0.9736863,0.532229,-0.024982324,-0.22654244,0
3,185,0.9736863,0.532229,-0.024982324,-0.22654244,0,1.0,0.98433083,0.33747283,-0.029513173,0.058156624,0
3,186,0.98433083,0.33747283,-0.029513173,0.058156624,0,1.0,0.9910803,0.14278619,-0.02835004,0.34138379,0
3,187,0.9910803,0.14278619,-0.02835004,0.34138379,1,1.0,0.993936,0.33829978,-0.021522366,0.039897434,0
3,188,0.993936,0.33829978,-0.021522366,0.039897434,1,1.0,1.000702,0.53372365,-0.020724416,-0.25949755,0
3,189,1.000702,0.53372365,-0.020724416,-0.25949755,0,1.0,1.0113765,0.3389036,-0.025914367,0.026577232,0
3,190,1.0113765,0.3389036,-0.025914367,0.026577232,1,1.0,1.0181546,0.5343874,-0.025382822,-0.274168,0
3,191,1.0181546,0.5343874,-0.025382822,-0.274168,0,1.0,1.0288423,0.33963665,-0.030866183,0.010402288,0
3,192,1.0288423,0.33963665,-0.030866183,0.010402288,1,1.0,1.035635,0.53518736,-0.030658137,-0.29185727,0
3,193,1.035635,0.53518736,-0.030658137,-0.29185727,0,1.0,1.0463388,0.34051564,-0.036495283,-0.00899901,0
3,194,1.0463388,0.34051564,-0.036495283,-0.00899901,0,1.0,1.0531491,0.14593558,-0.036675263,0.2719495,0
3,195,1.0531491,0.14593558,-0.036675263,0.2719495,1,1.0,1.0560678,0.34156114,-0.031236272,-0.032071624,0
3,196,1.0560678,0.34156114,-0.031236272,-0.032071624,1,1.0,1.062899,0.53711677,-0.031877704,-0.33444396,0
3,197,1.062899,0.53711677,-0.031877704,-0.33444396,0,1.0,1.0736414,0.3424627,-0.038566586,-0.051981624,0
3,198,1.0736414,0.3424627,-0.038566586,-0.051981624,0,1.0,1.0804906,0.14791435,-0.039606217,0.22828811,0
3,199,1.0804906,0.14791435,-0.039606217,0.22828811,1,1.0,1.0834489,0.34357926,-0.035040453,-0.07662026,0
3,200,1.0834489,0.34357926,-0.035040453,-0.07662026,0,1.0,1.0903205,0.14897671,-0.03657286,0.2048046,0
3,201,1.0903205,0.14897671,-0.03657286,0.2048046,1,1.0,1.0933,0.34460208,-0.032476768,-0.09918723,0
3,202,1.0933,0.34460208,-0.032476768,-0.09918723,1,1.0,1.1001921,0.54017407,-0.03446051,-0.401937,0
3,203,1.1001921,0.54017407,-0.03446051,-0.401937,0,1.0,1.1109955,0.3455574,-0.04249925,-0.12031473,0
3,204,1.1109955,0.3455574,-0.04249925,-0.12031473,0,1.0,1.1179067,0.1510693,-0.044905547,0.15866296,0
3,205,1.1179067,0.1510693,-0.044905547,0.15866296,1,1.0,1.120928,0.34680444,-0.04173229,-0.14784156,0
3,206,1.120928,0.34680444,-0.04173229,-0.14784156,0,1.0,1.1278641,0.15230417,-0.04468912,0.1313891,0
3,207,1.1278641,0.15230417,-0.04468912,0.1313891,1,1.0,1.1309103,0.34803686,-0.042061336,-0.17505102,0
3,208,1.1309103,0.34803686,-0.042061336,-0.17505102,0,1.0,1.137871,0.15354131,-0.045562357,0.10407187,0
3,209,1.137871,0.15354131,-0.045562357,0.10407187,1,1.0,1.1409419,0.3492856,-0.04348092,-0.20263055,0
3,210,1.1409419,0.3492856,-0.04348092,-0.20263055,0,1.0,1.1479275,0.15481158,-0.04753353,0.076025404,0
3,211,1.1479275,0.15481158,-0.04753353,0.076025404,1,1.0,1.1510237,0.3505816,-0.046013024,-0.23126753,0
3,212,1.1510237,0.3505816,-0.046013024,-0.23126753,0,1.0,1.1580354,0.1561463,-0.050638374,0.046553653,0
3,213,1.1580354,0.1561463,-0.050638374,0.046553653,1,1.0,1.1611583,0.35195643,-0.0497073,-0.26166636,0
3,214,1.1611583,0.35195643,-0.0497073,-0.26166636,0,1.0,1.1681975,0.15757798,-0.05494063,0.0149332695,0
3,215,1.1681975,0.15757798,-0.05494063,0.0149332695,0,1.0,1.171349,-0.036714774,-0.054641962,0.28978825,0
3,216,1.171349,-0.036714774,-0.054641962,0.28978825,1,1.0,1.1706147,0.15914205,-0.048846196,-0.01961526,0
3,217,1.1706147,0.15914205,-0.048846196,-0.01961526,1,1.0,1.1737976,0.35492924,-0.049238503,-0.32730085,0
3,218,1.1737976,0.35492924,-0.049238503,-0.32730085,0,1.0,1.1808962,0.16054161,-0.05578452,-0.050543055,0
3,219,1.1808962,0.16054161,-0.05578452,-0.050543055,0,1.0,1.184107,-0.033737916,-0.05679538,0.22403078,0
3,220,1.184107,-0.033737916,-0.05679538,0.22403078,1,1.0,1.1834322,0.16214785,-0.052314766,-0.08601297,0
3,221,1.1834322,0.16214785,-0.052314766,-0.08601297,0,1.0,1.1866752,-0.0321867,-0.054035027,0.18971652,0
3,222,1.1866752,-0.0321867,-0.054035027,0.18971652,1,1.0,1.1860315,0.163665,-0.050240695,-0.1195108,0
3,223,1.1860315,0.163665,-0.050240695,-0.1195108,0,1.0,1.1893047,-0.030702481,-0.05263091,0.15690798,0
3,224,1.1893047,-0.030702481,-0.05263091,0.15690798,1,1.0,1.1886907,0.16513196,-0.04949275,-0.15190327,0
3,225,1.1886907,0.16513196,-0.04949275,-0.15190327,0,1.0,1.1919934,-0.02924765,-0.052530818,0.12476418,0
3,226,1.1919934,-0.02924765,-0.052530818,0.12476418,1,1.0,1.1914084,0.16658598,-0.050035533,-0.18401802,0
3,227,1.1914084,0.16658598,-0.050035533,-0.18401802,0,1.0,1.19474,-0.02778566,-0.053715892,0.09247024,0
3,228,1.19474,-0.02778566,-0.053715892,0.09247024,1,1.0,1.1941844,0.16806342,-0.051866487,-0.21666452,0
3,229,1.1941844,0.16806342,-0.051866487,-0.21666452,0,1.0,1.1975456,-0.02628018,-0.056199778,0.059216943,0
3,230,1.1975456,-0.02628018,-0.056199778,0.059216943,0,1.0,1.19702,-0.22055319,-0.05501544,0.33365232,0
3,231,1.19702,-0.22055319,-0.05501544,0.33365232,1,1.0,1.192609,-0.024693126,-0.04834239,0.024140358,0
3,232,1.192609,-0.024693126,-0.04834239,0.024140358,1,1.0,1.1921151,0.17108756,-0.047859587,-0.28339472,0
3,233,1.1921151,0.17108756,-0.047859587,-0.28339472,0,1.0,1.1955369,-0.023320246,-0.05352748,-0.006182261,0
3,234,1.1955369,-0.023320246,-0.05352748,-0.006182261,1,1.0,1.1950705,0.17252688,-0.053651124,-0.31526175,0
3,235,1.1950705,0.17252688,-0.053651124,-0.31526175,0,1.0,1.198521,-0.021791423,-0.05995636,-0.03996957,0
3,236,1.198521,-0.021791423,-0.05995636,-0.03996957,0,1.0,1.1980852,-0.21600464,-0.060755752,0.23321019,0
3,237,1.1980852,-0.21600464,-0.060755752,0.23321019,0,1.0,1.193765,-0.41020826,-0.056091547,0.5061269,0
3,238,1.193765,-0.41020826,-0.056091547,0.5061269,1,1.0,1.185561,-0.2143426,-0.04596901,0.19630824,0
3,239,1.185561,-0.2143426,-0.04596901,0.19630824,1,1.0,1.181274,-0.018594285,-0.042042844,-0.11051419,0
3,240,1.181274,-0.018594285,-0.042042844,-0.11051419,1,1.0,1.1809022,0.17710412,-0.04425313,-0.41615933,0
3,241,1.1809022,0.17710412,-0.04425313,-0.41615933,0,1.0,1.1844443,-0.017363636,-0.052576315,-0.13774946,0
3,242,1.1844443,-0.017363636,-0.052576315,-0.13774946,0,1.0,1.184097,-0.21169466,-0.055331305,0.13789396,0
3,243,1.184097,-0.21169466,-0.055331305,0.13789396,1,1.0,1.1798631,-0.015825653,-0.052573428,-0.17171903,0
3,244,1.1798631,-0.015825653,-0.052573428,-0.17171903,0,1.0,1.1795466,-0.21015726,-0.056007806,0.10392617,0
3,245,1.1795466,-0.21015726,-0.056007806,0.10392617,1,1.0,1.1753434,-0.014279255,-0.053929284,-0.20588781,0
3,246,1.1753434,-0.014279255,-0.053929284,-0.20588781,0,1.0,1.1750579,-0.2085902,-0.05804704,0.069307335,0
3,247,1.1750579,-0.2085902,-0.05804704,0.069307335,0,1.0,1.170886,-0.40283397,-0.056660894,0.34312603,0
3,248,1.170886,-0.40283397,-0.056660894,0.34312603,1,1.0,1.1628294,-0.20695363,-0.049798373,0.033127632,0
3,249,1.1628294,-0.20695363,-0.049798373,0.033127632,1,1.0,1.1586903,-0.011154231,-0.04913582,-0.27484205,0
3,250,1.1586903,-0.011154231,-0.04913582,-0.27484205,0,1.0,1.1584672,-0.20554194,-0.05463266,0.0019474883,0
3,251,1.1584672,-0.20554194,-0.05463266,0.0019474883,0,1.0,1.1543564,-0.39983955,-0.054593712,0.27690506,0
3,252,1.1543564,-0.39983955,-0.054593712,0.27690506,1,1.0,1.1463596,-0.20398295,-0.04905561,-0.03248473,0
3,253,1.1463596,-0.20398295,-0.04905561,-0.03248473,1,1.0,1.14228,-0.008193097,-0.049705304,-0.3402328,0
3,254,1.14228,-0.008193097,-0.049705304,-0.3402328,0,1.0,1.1421161,-0.20257388,-0.05650996,-0.06362906,0
3,255,1.1421161,-0.20257388,-0.05650996,-0.06362906,0,1.0,1.1380646,-0.396842,-0.057782542,0.21070288,0
3,256,1.1380646,-0.396842,-0.057782542,0.21070288,1,1.0,1.1301278,-0.2009435,-0.053568482,-0.09963305,0
3,257,1.1301278,-0.2009435,-0.053568482,-0.09963305,0,1.0,1.1261089,-0.39525843,-0.055561144,0.17567964,0
3,258,1.1261089,-0.39525843,-0.055561144,0.17567964,1,1.0,1.1182038,-0.19938716,-0.05204755,-0.13400047,0
3,259,1.1182038,-0.19938716,-0.05204755,-0.13400047,0,1.0,1.114216,-0.39372644,-0.05472756,0.14181864,0
3,260,1.114216,-0.39372644,-0.05472756,0.14181864,1,1.0,1.1063415,-0.19786514,-0.05189119,-0.16761532,0
3,261,1.1063415,-0.19786514,-0.05189119,-0.16761532,0,1.0,1.1023841,-0.3922074,-0.055243496,0.1082565,0
3,262,1.1023841,-0.3922074,-0.055243496,0.1082565,1,1.0,1.09454,-0.19633912,-0.053078365,-0.20133105,0
3,263,1.09454,-0.19633912,-0.053078365,-0.20133105,0,1.0,1.0906132,-0.39066336,-0.057104986,0.074147075,0
3,264,1.0906132,-0.39066336,-0.057104986,0.074147075,0,1.0,1.0827999,-0.58492213,-0.055622045,0.34828052,0
3,265,1.0827999,-0.58492213,-0.055622045,0.34828052,1,1.0,1.0711015,-0.38905498,-0.048656434,0.03858972,0
3,266,1.0711015,-0.38905498,-0.048656434,0.03858972,1,1.0,1.0633204,-0.19327028,-0.04788464,-0.2690391,0
3,267,1.0633204,-0.19327028,-0.04788464,-0.2690391,0,1.0,1.059455,-0.38767734,-0.053265423,0.008164507,0
3,268,1.059455,-0.38767734,-0.053265423,0.008164507,0,1.0,1.0517014,-0.5819965,-0.053102132,0.28357726,0
3,269,1.0517014,-0.5819965,-0.053102132,0.28357726,1,1.0,1.0400615,-0.38615897,-0.047430586,-0.025369668,0
3,270,1.0400615,-0.38615897,-0.047430586,-0.025369668,1,1.0,1.0323384,-0.19039005,-0.04793798,-0.33263218,0
3,271,1.0323384,-0.19039005,-0.04793798,-0.33263218,0,1.0,1.0285305,-0.38479808,-0.054590624,-0.05544353,0
3,272,1.0285305,-0.38479808,-0.054590624,-0.05544353,0,1.0,1.0208346,-0.5790965,-0.055699494,0.21952827,0
3,273,1.0208346,-0.5790965,-0.055699494,0.21952827,1,1.0,1.0092527,-0.38322443,-0.05130893,-0.09019138,0
3,274,1.0092527,-0.38322443,-0.05130893,-0.09019138,0,1.0,1.0015881,-0.57757485,-0.053112756,0.18587236,0
3,275,1.0015881,-0.57757485,-0.053112756,0.18587236,1,1.0,0.99003667,-0.38173476,-0.049395308,-0.12308129,0
3,276,0.99003667,-0.38173476,-0.049395308,-0.12308129,0,1.0,0.98240197,-0.57611555,-0.051856935,0.1536179,0
3,277,0.98240197,-0.57611555,-0.051856935,0.1536179,1,1.0,0.9708797,-0.3802909,-0.048784576,-0.1549633,0
3,278,0.9708797,-0.3802909,-0.048784576,-0.1549633,0,1.0,0.9632738,-0.57468164,-0.051883843,0.12193892,0
3,279,0.9632738,-0.57468164,-0.051883843,0.12193892,1,1.0,0.9517802,-0.3788562,-0.049445063,-0.18665093,0
3,280,0.9517802,-0.3788562,-0.049445063,-0.18665093,0,1.0,0.9442031,-0.5732371,-0.053178083,0.09003318,0
3,281,0.9442031,-0.5732371,-0.053178083,0.09003318,1,1.0,0.9327383,-0.37739488,-0.05137742,-0.21894193,0
3,282,0.9327383,-0.37739488,-0.05137742,-0.21894193,0,1.0,0.92519045,-0.5717462,-0.05575626,0.057102054,0
3,283,0.92519045,-0.5717462,-0.05575626,0.057102054,0,1.0,0.91375554,-0.7660262,-0.054614216,0.33168536,0
3,284,0.91375554,-0.7660262,-0.054614216,0.33168536,1,1.0,0.898435,-0.5701711,-0.04798051,0.022292167,0
3,285,0.898435,-0.5701711,-0.04798051,0.022292167,1,1.0,0.88703156,-0.3743951,-0.047534667,-0.28513476,0
3,286,0.88703156,-0.3743951,-0.047534667,-0.28513476,0,1.0,0.87954366,-0.568808,-0.053237364,-0.00781474,0
3,287,0.87954366,-0.568808,-0.053237364,-0.00781474,0,1.0,0.8681675,-0.7631276,-0.05339366,0.26760736,0
3,288,0.8681675,-0.7631276,-0.05339366,0.26760736,1,1.0,0.852905,-0.56728595,-0.04804151,-0.041426823,0
3,289,0.852905,-0.56728595,-0.04804151,-0.041426823,0,1.0,0.84155923,-0.7616872,-0.048870046,0.23571992,0
3,290,0.84155923,-0.7616872,-0.048870046,0.23571992,1,1.0,0.8263255,-0.56590235,-0.044155646,-0.07196884,0
3,291,0.8263255,-0.56590235,-0.044155646,-0.07196884,0,1.0,0.81500745,-0.7603644,-0.045595024,0.20646232,0
3,292,0.81500745,-0.7603644,-0.045595024,0.20646232,1,1.0,0.79980016,-0.5646211,-0.041465778,-0.10024776,0
3,293,0.79980016,-0.5646211,-0.041465778,-0.10024776,0,1.0,0.78850776,-0.759125,-0.043470733,0.17906986,0
3,294,0.78850776,-0.759125,-0.043470733,0.17906986,1,1.0,0.7733252,-0.5634088,-0.039889336,-0.12700346,0
3,295,0.7733252,-0.5634088,-0.039889336,-0.12700346,0,1.0,0.76205707,-0.75793725,-0.042429406,0.15283278,0
3,296,0.76205707,-0.75793725,-0.042429406,0.15283278,1,1.0,0.7468983,-0.5622343,-0.03937275,-0.15292801,0
3,297,0.7468983,-0.5622343,-0.03937275,-0.15292801,0,1.0,0.73565364,-0.756771,-0.04243131,0.12707831,0
3,298,0.73565364,-0.756771,-0.04243131,0.12707831,1,1.0,0.72051823,-0.5610677,-0.039889745,-0.1786835,0
3,299,0.72051823,-0.5610677,-0.039889745,-0.1786835,0,1.0,0.7092968,-0.75559676,-0.043463413,0.10115354,0
3,300,0.7092968,-0.75559676,-0.043463413,0.10115354,1,1.0,0.6941849,-0.5598797,-0.04144034,-0.20491898,0
3,301,0.6941849,-0.5598797,-0.04144034,-0.20491898,0,1.0,0.68298733,-0.75438535,-0.045538723,0.07440895,0
3,302,0.68298733,-0.75438535,-0.045538723,0.07440895,1,1.0,0.6678996,-0.55864114,-0.044050545,-0.23228674,0
3,303,0.6678996,-0.55864114,-0.044050545,-0.23228674,0,1.0,0.6567268,-0.7531069,-0.04869628,0.04618224,0
3,304,0.6567268,-0.7531069,-0.04869628,0.04618224,0,1.0,0.6416646,-0.94749796,-0.047772635,0.32311216,0
3,305,0.6416646,-0.94749796,-0.047772635,0.32311216,1,1.0,0.6227147,-0.7517294,-0.04131039,0.015754608,0
3,306,0.6227147,-0.7517294,-0.04131039,0.015754608,1,1.0,0.6076801,-0.55604017,-0.0409953,-0.2896707,0
3,307,0.6076801,-0.55604017,-0.0409953,-0.2896707,0,1.0,0.5965593,-0.75055426,-0.04678871,-0.010193905,0
3,308,0.5965593,-0.75055426,-0.04678871,-0.010193905,0,1.0,0.5815482,-0.9449751,-0.04699259,0.26736727,0
3,309,0.5815482,-0.9449751,-0.04699259,0.26736727,1,1.0,0.5626487,-0.74921507,-0.041645244,-0.039759334,0
3,310,0.5626487,-0.74921507,-0.041645244,-0.039759334,0,1.0,0.5476644,-0.9437158,-0.042440433,0.23949872,0
3,311,0.5476644,-0.9437158,-0.042440433,0.23949872,1,1.0,0.5287901,-0.7480141,-0.03765046,-0.06626328,0
3,312,0.5287901,-0.7480141,-0.03765046,-0.06626328,0,1.0,0.5138298,-0.9425766,-0.038975723,0.21430701,0
3,313,0.5138298,-0.9425766,-0.038975723,0.21430701,1,1.0,0.49497828,-0.7469197,-0.034689583,-0.09041137,0
3,314,0.49497828,-0.7469197,-0.034689583,-0.09041137,0,1.0,0.4800399,-0.9415277,-0.03649781,0.19112831,0
3,315,0.4800399,-0.9415277,-0.03649781,0.19112831,1,1.0,0.46120933,-0.74590313,-0.032675244,-0.11284108,0
3,316,0.46120933,-0.74590313,-0.032675244,-0.11284108,0,1.0,0.44629127,-0.94054204,-0.034932066,0.16935658,0
3,317,0.44629127,-0.94054204,-0.034932066,0.16935658,1,1.0,0.42748043,-0.74493796,-0.031544935,-0.1341385,0
3,318,0.42748043,-0.74493796,-0.031544935,-0.1341385,0,1.0,0.41258168,-0.9395942,-0.034227703,0.14842793,0
3,319,0.41258168,-0.9395942,-0.034227703,0.14842793,1,1.0,0.3937898,-0.74399924,-0.031259146,-0.15485363,0
3,320,0.3937898,-0.74399924,-0.031259146,-0.15485363,0,1.0,0.3789098,-0.93866,-0.034356218,0.12780617,0
3,321,0.3789098,-0.93866,-0.034356218,0.12780617,1,1.0,0.3601366,-0.74306315,-0.031800095,-0.1755147,0
3,322,0.3601366,-0.74306315,-0.031800095,-0.1755147,0,1.0,0.34527534,-0.9377159,-0.035310388,0.10696916,0
3,323,0.34527534,-0.9377159,-0.035310388,0.10696916,1,1.0,0.326521,-0.7421062,-0.033171006,-0.1966416,0
3,324,0.326521,-0.7421062,-0.033171006,-0.1966416,0,1.0,0.3116789,-0.9367384,-0.037103835,0.085395575,0
3,325,0.3116789,-0.9367384,-0.037103835,0.085395575,1,1.0,0.29294413,-0.7411047,-0.035395924,-0.21875891,0
3,326,0.29294413,-0.7411047,-0.035395924,-0.21875891,0,1.0,0.27812204,-0.93570334,-0.039771102,0.06255186,0
3,327,0.27812204,-0.93570334,-0.039771102,0.06255186,1,1.0,0.25940797,-0.7400344,-0.038520068,-0.24240908,0
3,328,0.25940797,-0.7400344,-0.038520068,-0.24240908,0,1.0,0.24460728,-0.9345855,-0.043368246,0.037879087,0
3,329,0.24460728,-0.9345855,-0.043368246,0.037879087,1,1.0,0.22591557,-0.73886937,-0.042610668,-0.26816538,0
3,330,0.22591557,-0.73886937,-0.042610668,-0.26816538,0,1.0,0.21113819,-0.93335813,-0.04797397,0.010779203,0
3,331,0.21113819,-0.93335813,-0.04797397,0.010779203,0,1.0,0.19247103,-1.1277604,-0.04775839,0.2879482,0
3,332,0.19247103,-1.1277604,-0.04775839,0.2879482,1,1.0,0.16991581,-0.9319911,-0.041999426,-0.019406602,0
3,333,0.16991581,-0.9319911,-0.041999426,-0.019406602,0,1.0,0.15127599,-1.1264863,-0.042387556,0.2597348,0
3,334,0.15127599,-1.1264863,-0.042387556,0.2597348,1,1.0,0.12874627,-0.9307857,-0.037192862,-0.046010666,0
3,335,0.12874627,-0.9307857,-0.037192862,-0.046010666,0,1.0,0.11013055,-1.1253551,-0.038113076,0.23470947,0
3,336,0.11013055,-1.1253551,-0.038113076,0.23470947,1,1.0,0.08762345,-0.92971,-0.033418886,-0.06974772,0
3,337,0.08762345,-0.92971,-0.033418886,-0.06974772,0,1.0,0.06902925,-1.1243373,-0.03481384,0.21220689,0
3,338,0.06902925,-1.1243373,-0.03481384,0.21220689,1,1.0,0.046542503,-0.9287353,-0.030569702,-0.09125148,0
3,339,0.046542503,-0.9287353,-0.030569702,-0.09125148,0,1.0,0.027967798,-1.123406,-0.032394733,0.19163214,0
3,340,0.027967798,-1.123406,-0.032394733,0.19163214,1,1.0,0.005499676,-0.927836,-0.02856209,-0.111091405,0
3,341,0.005499676,-0.927836,-0.02856209,-0.111091405,0,1.0,-0.013057044,-1.1225373,-0.030783918,0.17244528,0
3,342,-0.013057044,-1.1225373,-0.030783918,0.17244528,1,1.0,-0.03550779,-0.9269886,-0.027335012,-0.12978786,0
3,343,-0.03550779,-0.9269886,-0.027335012,-0.12978786,0,1.0,-0.054047562,-1.1217085,-0.029930769,0.15414743,0
3,344,-0.054047562,-1.1217085,-0.029930769,0.15414743,1,1.0,-0.07648173,-0.92617106,-0.02684782,-0.14782569,0
3,345,-0.07648173,-0.92617106,-0.02684782,-0.14782569,0,1.0,-0.095005155,-1.1208985,-0.029804334,0.13626784,0
3,346,-0.095005155,-1.1208985,-0.029804334,0.13626784,1,1.0,-0.117423125,-0.9253626,-0.027078977,-0.16566691,0
3,347,-0.117423125,-0.9253626,-0.027078977,-0.16566691,0,1.0,-0.13593037,-1.1200867,-0.030392315,0.11835186,0
3,348,-0.13593037,-1.1200867,-0.030392315,0.11835186,1,1.0,-0.15833211,-0.9245427,-0.028025279,-0.18376254,0
3,349,-0.15833211,-0.9245427,-0.028025279,-0.18376254,0,1.0,-0.17682296,-1.1192527,-0.03170053,0.09994938,0
3,350,-0.17682296,-1.1192527,-0.03170053,0.09994938,1,1.0,-0.19920802,-0.9236911,-0.029701542,-0.20256403,0
3,351,-0.19920802,-0.9236911,-0.029701542,-0.20256403,0,1.0,-0.21768184,-1.118376,-0.03375282,0.0806035,0
3,352,-0.21768184,-1.118376,-0.03375282,0.0806035,1,1.0,-0.24004936,-0.92278683,-0.03214075,-0.22253455,0
3,353,-0.24004936,-0.92278683,-0.03214075,-0.22253455,0,1.0,-0.2585051,-1.117435,-0.036591444,0.059839156,0
3,354,-0.2585051,-1.117435,-0.036591444,0.059839156,1,1.0,-0.28085378,-0.921808,-0.03539466,-0.24416035,0
3,355,-0.28085378,-0.921808,-0.03539466,-0.24416035,0,1.0,-0.29928994,-1.116407,-0.04027787,0.037151445,0
3,356,-0.29928994,-1.116407,-0.04027787,0.037151445,1,1.0,-0.32161808,-0.9207313,-0.039534837,-0.26796255,0
3,357,-0.32161808,-0.9207313,-0.039534837,-0.26796255,0,1.0,-0.34003273,-1.1152674,-0.044894088,0.011993355,0
3,358,-0.34003273,-1.1152674,-0.044894088,0.011993355,0,1.0,-0.36233807,-1.3097178,-0.04465422,0.29018053,0
3,359,-0.36233807,-1.3097178,-0.04465422,0.29018053,1,1.0,-0.38853243,-1.1139884,-0.038850613,-0.016244747,0
3,360,-0.38853243,-1.1139884,-0.038850613,-0.016244747,0,1.0,-0.4108122,-1.3085322,-0.039175507,0.26393166,0
3,361,-0.4108122,-1.3085322,-0.039175507,0.26393166,1,1.0,-0.43698284,-1.1128737,-0.033896875,-0.0408457,0
3,362,-0.43698284,-1.1128737,-0.033896875,-0.0408457,0,1.0,-0.45924032,-1.3074936,-0.034713786,0.24095267,0
3,363,-0.45924032,-1.3074936,-0.034713786,0.24095267,1,1.0,-0.4853902,-1.1118934,-0.029894734,-0.06247466,0
3,364,-0.4853902,-1.1118934,-0.029894734,-0.06247466,0,1.0,-0.507628,-1.3065742,-0.031144228,0.22062841,0
3,365,-0.507628,-1.3065742,-0.031144228,0.22062841,1,1.0,-0.53375953,-1.1110213,-0.026731659,-0.08171371,0
3,366,-0.53375953,-1.1110213,-0.026731659,-0.08171371,0,1.0,-0.55597997,-1.30575,-0.028365934,0.2024169,0
3,367,-0.55597997,-1.30575,-0.028365934,0.2024169,1,1.0,-0.58209497,-1.1102341,-0.024317596,-0.09907744,0
3,368,-0.58209497,-1.1102341,-0.024317596,-0.09907744,0,1.0,-0.60429966,-1.3049994,-0.026299145,0.18583523,0
3,369,-0.60429966,-1.3049994,-0.026299145,0.18583523,1,1.0,-0.63039964,-1.1095111,-0.02258244,-0.115026675,0
3,370,-0.63039964,-1.1095111,-0.02258244,-0.115026675,0,1.0,-0.65258986,-1.3043023,-0.024882974,0.17044698,0
3,371,-0.65258986,-1.3043023,-0.024882974,0.17044698,1,1.0,-0.6786759,-1.1088332,-0.021474034,-0.12998074,0
3,372,-0.6786759,-1.1088332,-0.021474034,-0.12998074,0,1.0,-0.7008526,-1.3036411,-0.02407365,0.15585078,0
3,373,-0.7008526,-1.3036411,-0.02407365,0.15585078,1,1.0,-0.7269254,-1.1081829,-0.020956634,-0.14432855,0
3,374,-0.7269254,-1.1081829,-0.020956634,-0.14432855,0,1.0,-0.74908906,-1.3029985,-0.023843205,0.14166997,0
3,375,-0.74908906,-1.3029985,-0.023843205,0.14166997,1,1.0,-0.775149,-1.1075433,-0.021009805,-0.15843868,0
3,376,-0.775149,-1.1075433,-0.021009805,-0.15843868,0,1.0,-0.79729986,-1.3023584,-0.024178578,0.12754282,0
3,377,-0.79729986,-1.3023584,-0.024178578,0.12754282,1,1.0,-0.82334703,-1.1068985,-0.021627722,-0.17266904,0
3,378,-0.82334703,-1.1068985,-0.021627722,-0.17266904,0,1.0,-0.84548503,-1.3017043,-0.025081102,0.11311332,0
3,379,-0.84548503,-1.3017043,-0.025081102,0.11311332,0,1.0,-0.8715191,-1.496458,-0.022818835,0.397779,0
3,380,-0.8715191,-1.496458,-0.022818835,0.397779,1,1.0,-0.90144825,-1.3010199,-0.014863256,0.09798998,0
3,381,-0.90144825,-1.3010199,-0.014863256,0.09798998,1,1.0,-0.92746866,-1.1056882,-0.012903457,-0.19934498,0
3,382,-0.92746866,-1.1056882,-0.012903457,-0.19934498,0,1.0,-0.94958246,-1.3006232,-0.016890356,0.08923974,0
3,383,-0.94958246,-1.3006232,-0.016890356,0.08923974,0,1.0,-0.9755949,-1.495499,-0.015105561,0.37654626,0
3,384,-0.9755949,-1.495499,-0.015105561,0.37654626,1,1.0,-1.0055048,-1.3001659,-0.007574636,0.07913902,0
3,385,-1.0055048,-1.3001659,-0.007574636,0.07913902,1,1.0,-1.0315082,-1.1049361,-0.0059918556,-0.21592407,0
3,386,-1.0315082,-1.1049361,-0.0059918556,-0.21592407,0,1.0,-1.0536069,-1.2999719,-0.010310337,0.07486275,0
3,387,-1.0536069,-1.2999719,-0.010310337,0.07486275,0,1.0,-1.0796064,-1.4949446,-0.008813082,0.36427498,0
3,388,-1.0796064,-1.4949446,-0.008813082,0.36427498,1,1.0,-1.1095053,-1.2996985,-0.0015275828,0.068826206,0
3,389,-1.1095053,-1.2996985,-0.0015275828,0.068826206,1,1.0,-1.1354992,-1.1045547,-0.00015105864,-0.2243383,0
3,390,-1.1354992,-1.1045547,-0.00015105864,-0.2243383,0,1.0,-1.1575903,-1.2996744,-0.0046378244,0.068296984,0
3,391,-1.1575903,-1.2996744,-0.0046378244,0.068296984,0,1.0,-1.1835839,-1.4947296,-0.0032718848,0.35951304,0
3,392,-1.1835839,-1.4947296,-0.0032718848,0.35951304,1,1.0,-1.2134784,-1.2995613,0.0039183763,0.06580022,0
3,393,-1.2134784,-1.2995613,0.0039183763,0.06580022,1,1.0,-1.2394696,-1.1044958,0.0052343807,-0.22564386,0
3,394,-1.2394696,-1.1044958,0.0052343807,-0.22564386,0,1.0,-1.2615595,-1.2996922,0.00072150334,0.06868558,0
3,395,-1.2615595,-1.2996922,0.00072150334,0.06868558,0,1.0,-1.2875534,-1.4948244,0.0020952148,0.36159605,0
3,396,-1.2875534,-1.4948244,0.0020952148,0.36159605,1,1.0,-1.3174498,-1.2997323,0.009327136,0.06957453,0
3,397,-1.3174498,-1.2997323,0.009327136,0.06957453,1,1.0,-1.3434445,-1.1047453,0.010718627,-0.22015111,0
3,398,-1.3434445,-1.1047453,0.010718627,-0.22015111,0,1.0,-1.3655394,-1.3000188,0.0063156043,0.07589355,0
3,399,-1.3655394,-1.3000188,0.0063156043,0.07589355,1,1.0,-1.3915398,-1.104988,0.007833475,-0.2147901,0
3,400,-1.3915398,-1.104988,0.007833475,-0.2147901,0,1.0,-1.4136395,-1.300221,0.0035376733,0.08035352,0
3,401,-1.4136395,-1.300221,0.0035376733,0.08035352,0,1.0,-1.439644,-1.4953935,0.0051447437,0.37415048,0
3,402,-1.439644,-1.4953935,0.0051447437,0.37415048,1,1.0,-1.4695518,-1.300345,0.012627753,0.083094165,0
3,403,-1.4695518,-1.300345,0.012627753,0.083094165,1,1.0,-1.4955587,-1.1054063,0.014289637,-0.20557807,0
3,404,-1.4955587,-1.1054063,0.014289637,-0.20557807,0,1.0,-1.5176668,-1.3007296,0.010178075,0.091578044,0
3,405,-1.5176668,-1.3007296,0.010178075,0.091578044,1,1.0,-1.5436815,-1.1057551,0.012009636,-0.19787641,0
3,406,-1.5436815,-1.1057551,0.012009636,-0.19787641,0,1.0,-1.5657966,-1.3010467,0.008052108,0.0985707,0
3,407,-1.5657966,-1.3010467,0.008052108,0.0985707,0,1.0,-1.5918175,-1.4962832,0.010023522,0.39378312,0
3,408,-1.5918175,-1.4962832,0.010023522,0.39378312,1,1.0,-1.6217432,-1.3013048,0.017899184,0.10427725,0
3,409,-1.6217432,-1.3013048,0.017899184,0.10427725,1,1.0,-1.6477692,-1.1064439,0.01998473,-0.18270524,0
3,410,-1.6477692,-1.1064439,0.01998473,-0.18270524,0,1.0,-1.6698982,-1.301846,0.016330624,0.116214536,0
3,411,-1.6698982,-1.301846,0.016330624,0.116214536,1,1.0,-1.695935,-1.1069618,0.018654915,-0.1712718,0
3,412,-1.695935,-1.1069618,0.018654915,-0.1712718,0,1.0,-1.7180743,-1.3023458,0.015229479,0.12723732,0
3,413,-1.7180743,-1.3023458,0.015229479,0.12723732,1,1.0,-1.7441212,-1.1074452,0.017774226,-0.16060224,0
3,414,-1.7441212,-1.1074452,0.017774226,-0.16060224,0,1.0,-1.7662702,-1.3028171,0.014562181,0.13763458,0
3,415,-1.7662702,-1.3028171,0.014562181,0.13763458,1,1.0,-1.7923265,-1.1079067,0.017314872,-0.15041886,0
3,416,-1.7923265,-1.1079067,0.017314872,-0.15041886,0,1.0,-1.8144846,-1.3032722,0.014306495,0.14767586,0
3,417,-1.8144846,-1.3032722,0.014306495,0.14767586,1,1.0,-1.8405501,-1.1083581,0.017260011,-0.14045954,0
3,418,-1.8405501,-1.1083581,0.017260011,-0.14045954,0,1.0,-1.8627172,-1.303723,0.014450821,0.15761827,0
3,419,-1.8627172,-1.303723,0.014450821,0.15761827,1,1.0,-1.8887917,-1.1088108,0.017603187,-0.13047098,0
3,420,-1.8887917,-1.1088108,0.017603187,-0.13047098,0,1.0,-1.9109678,-1.3041805,0.014993767,0.16771314,0
3,421,-1.9109678,-1.3041805,0.014993767,0.16771314,1,1.0,-1.9370515,-1.1092763,0.018348029,-0.12020223,0
3,422,-1.9370515,-1.1092763,0.018348029,-0.12020223,0,1.0,-1.959237,-1.3046563,0.015943985,0.1782124,0
3,423,-1.959237,-1.3046563,0.015943985,0.1782124,1,1.0,-1.9853301,-1.1097661,0.019508233,-0.10939841,0
3,424,-1.9853301,-1.1097661,0.019508233,-0.10939841,0,1.0,-2.0075254,-1.3051621,0.017320264,0.18937486,0
3,425,-2.0075254,-1.3051621,0.017320264,0.18937486,1,1.0,-2.0336287,-1.1102921,0.021107763,-0.097794294,0
3,426,-2.0336287,-1.1102921,0.021107763,-0.097794294,0,1.0,-2.0558345,-1.3057101,0.019151876,0.20147265,0
3,427,-2.0558345,-1.3057101,0.019151876,0.20147265,1,1.0,-2.0819488,-1.1108673,0.023181329,-0.085107766,0
3,428,-2.0819488,-1.1108673,0.023181329,-0.085107766,0,1.0,-2.104166,-1.3063136,0.021479174,0.21479782,0
3,429,-2.104166,-1.3063136,0.021479174,0.21479782,1,1.0,-2.1302924,-1.1115053,0.02577513,-0.07103297,0
3,430,-2.1302924,-1.1115053,0.02577513,-0.07103297,0,1.0,-2.1525226,-1.3069872,0.02435447,0.2296694,0
3,431,-2.1525226,-1.3069872,0.02435447,0.2296694,1,1.0,-2.1786623,-1.1122215,0.02894786,-0.055232875,0
3,432,-2.1786623,-1.1122215,0.02894786,-0.055232875,0,1.0,-2.2009065,-1.3077463,0.027843202,0.24644093,0
3,433,-2.2009065,-1.3077463,0.027843202,0.24644093,1,1.0,-2.2270615,-1.1130328,0.03277202,-0.037331194,0
3,434,-2.2270615,-1.1130328,0.03277202,-0.037331194,0,1.0,-2.2493222,-1.308609,0.032025397,0.26550883,0
3,435,-2.2493222,-1.308609,0.032025397,0.26550883,1,1.0,-2.2754943,-1.1139585,0.037335575,-0.016903447,0
3,436,-2.2754943,-1.1139585,0.037335575,-0.016903447,0,1.0,-2.2977736,-1.3095955,0.036997505,0.28732157,0
3,437,-2.2977736,-1.3095955,0.036997505,0.28732157,1,1.0,-2.3239655,-1.11502,0.042743936,0.006533083,0
3,438,-2.3239655,-1.11502,0.042743936,0.006533083,1,1.0,-2.3462658,-0.9205364,0.042874597,-0.27236313,0
3,439,-2.3462658,-0.9205364,0.042874597,-0.27236313,0,1.0,-2.3646767,-1.116243,0.037427336,0.03352838,0
3,440,-2.3646767,-1.116243,0.037427336,0.03352838,1,1.0,-2.3870015,-0.92167723,0.038097903,-0.24711487,0
3,441,-2.3870015,-0.92167723,0.038097903,-0.24711487,0,1.0,-2.405435,-1.117322,0.033155605,0.05733741,1
4,0,-0.049911954,-0.03698487,-0.036152262,-0.0119345365,0,1.0,-0.05065165,-0.2315702,-0.036390953,0.2691263,0
4,1,-0.05065165,-0.2315702,-0.036390953,0.2691263,0,1.0,-0.055283055,-0.42615443,-0.031008428,0.55011284,0
4,2,-0.055283055,-0.42615443,-0.031008428,0.55011284,0,1.0,-0.06380615,-0.62082744,-0.020006172,0.8328669,0
4,3,-0.06380615,-0.62082744,-0.020006172,0.8328669,1,1.0,-0.076222695,-0.4254379,-0.0033488336,0.53395987,0
4,4,-0.076222695,-0.4254379,-0.0033488336,0.53395987,1,1.0,-0.08473145,-0.23026901,0.007330363,0.2402236,0
4,5,-0.08473145,-0.23026901,0.007330363,0.2402236,1,1.0,-0.089336835,-0.035252534,0.012134835,-0.050138142,0
4,6,-0.089336835,-0.035252534,0.012134835,-0.050138142,0,1.0,-0.09004188,-0.23054637,0.011132073,0.24634859,0
4,7,-0.09004188,-0.23054637,0.011132073,0.24634859,1,1.0,-0.09465281,-0.03558516,0.016059045,-0.042802334,0
4,8,-0.09465281,-0.03558516,0.016059045,-0.042802334,0,1.0,-0.09536451,-0.23093367,0.015202997,0.2549038,0
4,9,-0.09536451,-0.23093367,0.015202997,0.2549038,1,1.0,-0.099983186,-0.03603205,0.020301074,-0.032945335,0
4,10,-0.099983186,-0.03603205,0.020301074,-0.032945335,1,1.0,-0.10070383,0.15879299,0.019642167,-0.31915456,0
4,11,-0.10070383,0.15879299,0.019642167,-0.31915456,0,1.0,-0.097527966,-0.036603127,0.013259076,-0.020342506,0
4,12,-0.097527966,-0.036603127,0.013259076,-0.020342506,0,1.0,-0.09826003,-0.23191269,0.012852225,0.27649415,0
4,13,-0.09826003,-0.23191269,0.012852225,0.27649415,1,1.0,-0.102898285,-0.036976438,0.018382108,-0.012107638,0
4,14,-0.102898285,-0.036976438,0.018382108,-0.012107638,1,1.0,-0.103637815,0.15787713,0.018139957,-0.29893458,0
4,15,-0.103637815,0.15787713,0.018139957,-0.29893458,0,1.0,-0.10048027,-0.03749863,0.012161264,-0.00058629503,0
4,16,-0.10048027,-0.03749863,0.012161264,-0.00058629503,0,1.0,-0.10123024,-0.23279287,0.012149538,0.29590872,0
4,17,-0.10123024,-0.23279287,0.012149538,0.29590872,1,1.0,-0.1058861,-0.037846204,0.018067712,0.0070821834,0
4,18,-0.1058861,-0.037846204,0.018067712,0.0070821834,1,1.0,-0.10664302,0.15701203,0.018209357,-0.27984583,0
4,19,-0.10664302,0.15701203,0.018209357,-0.27984583,0,1.0,-0.10350278,-0.03836488,0.01261244,0.018524189,0
4,20,-0.10350278,-0.03836488,0.01261244,0.018524189,0,1.0,-0.10427008,-0.2336654,0.012982923,0.31515965,0
4,21,-0.10427008,-0.2336654,0.012982923,0.31515965,1,1.0,-0.10894339,-0.03873078,0.019286117,0.026599217,0
4,22,-0.10894339,-0.03873078,0.019286117,0.026599217,1,1.0,-0.109718,0.15610936,0.019818101,-0.25993687,0
4,23,-0.109718,0.15610936,0.019818101,-0.25993687,0,1.0,-0.106595814,-0.039289817,0.014619363,0.038930476,0
4,24,-0.106595814,-0.039289817,0.014619363,0.038930476,1,1.0,-0.10738161,0.15561947,0.015397972,-0.24910428,0
4,25,-0.10738161,0.15561947,0.015397972,-0.24910428,0,1.0,-0.10426922,-0.039718952,0.0104158865,0.048395447,0
4,26,-0.10426922,-0.039718952,0.0104158865,0.048395447,0,1.0,-0.1050636,-0.2349887,0.011383796,0.3443464,0
4,27,-0.1050636,-0.2349887,0.011383796,0.3443464,1,1.0,-0.10976338,-0.040030524,0.018270724,0.055274844,0
4,28,-0.10976338,-0.040030524,0.018270724,0.055274844,1,1.0,-0.110563986,0.15482475,0.01937622,-0.23158799,0
4,29,-0.110563986,0.15482475,0.01937622,-0.23158799,0,1.0,-0.107467495,-0.04056863,0.014744461,0.06714332,0
4,30,-0.107467495,-0.04056863,0.014744461,0.06714332,1,1.0,-0.10827886,0.15433885,0.016087327,-0.22085142,0
4,31,-0.10827886,0.15433885,0.016087327,-0.22085142,0,1.0,-0.10519209,-0.041009307,0.011670298,0.07686237,0
4,32,-0.10519209,-0.041009307,0.011670298,0.07686237,1,1.0,-0.10601228,0.15394342,0.0132075455,-0.21211581,0
4,33,-0.10601228,0.15394342,0.0132075455,-0.21211581,0,1.0,-0.10293341,-0.041364856,0.00896523,0.08470396,0
4,34,-0.10293341,-0.041364856,0.00896523,0.08470396,0,1.0,-0.103760704,-0.23661417,0.010659309,0.3802019,0
4,35,-0.103760704,-0.23661417,0.010659309,0.3802019,1,1.0,-0.108492985,-0.041645188,0.018263347,0.09089882,0
4,36,-0.108492985,-0.041645188,0.018263347,0.09089882,1,1.0,-0.10932589,0.1532103,0.020081323,-0.19596653,0
4,37,-0.10932589,0.1532103,0.020081323,-0.19596653,0,1.0,-0.106261685,-0.042193063,0.016161993,0.102982916,0
4,38,-0.106261685,-0.042193063,0.016161993,0.102982916,1,1.0,-0.107105546,0.15269358,0.01822165,-0.18455745,0
4,39,-0.107105546,0.15269358,0.01822165,-0.18455745,0,1.0,-0.10405167,-0.042684283,0.014530502,0.11381756,0
4,40,-0.10405167,-0.042684283,0.014530502,0.11381756,1,1.0,-0.10490536,0.15222648,0.016806854,-0.17424591,0
4,41,-0.10490536,0.15222648,0.016806854,-0.17424591,0,1.0,-0.10186083,-0.04313192,0.013321935,0.1236913,0
4,42,-0.10186083,-0.04313192,0.013321935,0.1236913,1,1.0,-0.10272347,0.15179667,0.015795762,-0.1647591,0
4,43,-0.10272347,0.15179667,0.015795762,-0.1647591,0,1.0,-0.09968753,-0.0435478,0.012500579,0.1328648,0
4,44,-0.09968753,-0.0435478,0.012500579,0.1328648,1,1.0,-0.10055849,0.15139288,0.015157875,-0.1558483,0
4,45,-0.10055849,0.15139288,0.015157875,-0.1558483,0,1.0,-0.09753063,-0.043942783,0.012040909,0.14157778,0
4,46,-0.09753063,-0.043942783,0.012040909,0.14157778,1,1.0,-0.09840949,0.15100467,0.014872464,-0.14728226,0
4,47,-0.09840949,0.15100467,0.014872464,-0.14728226,0,1.0,-0.095389396,-0.04432707,0.01192682,0.15005529,0
4,48,-0.095389396,-0.04432707,0.01192682,0.15005529,1,1.0,-0.09627594,0.15062208,0.014927926,-0.13884124,0
4,49,-0.09627594,0.15062208,0.014927926,-0.13884124,0,1.0,-0.09326349,-0.044710457,0.012151101,0.15851358,0
4,50,-0.09326349,-0.044710457,0.012151101,0.15851358,1,1.0,-0.0941577,0.15023544,0.015321372,-0.13031134,0
4,51,-0.0941577,0.15023544,0.015321372,-0.13031134,0,1.0,-0.091152996,-0.0451026,0.012715145,0.16716562,0
4,52,-0.091152996,-0.0451026,0.012715145,0.16716562,1,1.0,-0.092055045,0.14983505,0.016058458,-0.12147907,0
4,53,-0.092055045,0.14983505,0.016058458,-0.12147907,0,1.0,-0.08905835,-0.04551324,0.013628876,0.17622659,0
4,54,-0.08905835,-0.04551324,0.013628876,0.17622659,1,1.0,-0.089968614,0.14941104,0.017153408,-0.112125926,0
4,55,-0.089968614,0.14941104,0.017153408,-0.112125926,0,1.0,-0.08698039,-0.04595245,0.01491089,0.18591906,0
4,56,-0.08698039,-0.04595245,0.01491089,0.18591906,1,1.0,-0.08789944,0.14895302,0.01862927,-0.10202301,0
4,57,-0.08789944,0.14895302,0.01862927,-0.10202301,0,1.0,-0.08492038,-0.04643089,0.01658881,0.1964787,0
4,58,-0.08492038,-0.04643089,0.01658881,0.1964787,1,1.0,-0.085848995,0.1484499,0.020518385,-0.09092539,0
4,59,-0.085848995,0.1484499,0.020518385,-0.09092539,0,1.0,-0.08288,-0.04696005,0.018699877,0.20815982,0
4,60,-0.08288,-0.04696005,0.018699877,0.20815982,1,1.0,-0.0838192,0.14788958,0.022863073,-0.07856609,0
4,61,-0.0838192,0.14788958,0.022863073,-0.07856609,0,1.0,-0.08086141,-0.04755253,0.021291751,0.22124162,0
4,62,-0.08086141,-0.04755253,0.021291751,0.22124162,1,1.0,-0.081812456,0.14725871,0.025716584,-0.06464971,0
4,63,-0.081812456,0.14725871,0.025716584,-0.06464971,0,1.0,-0.07886729,-0.048222326,0.02442359,0.23603474,0
4,64,-0.07886729,-0.048222326,0.02442359,0.23603474,1,1.0,-0.079831734,0.14654233,0.029144283,-0.04884528,0
4,65,-0.079831734,0.14654233,0.029144283,-0.04884528,1,1.0,-0.076900885,0.3412345,0.028167378,-0.33219233,0
4,66,-0.076900885,0.3412345,0.028167378,-0.33219233,0,1.0,-0.0700762,0.1457232,0.021523532,-0.030761575,0
4,67,-0.0700762,0.1457232,0.021523532,-0.030761575,0,1.0,-0.06716173,-0.0497007,0.0209083,0.26863378,0
4,68,-0.06716173,-0.0497007,0.0209083,0.26863378,1,1.0,-0.06815574,0.14511673,0.026280977,-0.017381877,0
4,69,-0.06815574,0.14511673,0.026280977,-0.017381877,1,1.0,-0.06525341,0.33985212,0.025933338,-0.30165836,0
4,70,-0.06525341,0.33985212,0.025933338,-0.30165836,0,1.0,-0.05845637,0.14437032,0.019900171,-0.00091073517,0
4,71,-0.05845637,0.14437032,0.019900171,-0.00091073517,0,1.0,-0.055568963,-0.051031288,0.019881956,0.2979839,0
4,72,-0.055568963,-0.051031288,0.019881956,0.2979839,1,1.0,-0.05658959,0.14380169,0.025841635,0.011637116,0
4,73,-0.05658959,0.14380169,0.025841635,0.011637116,1,1.0,-0.053713553,0.33854368,0.026074378,-0.27278176,0
4,74,-0.053713553,0.33854368,0.026074378,-0.27278176,0,1.0,-0.04694268,0.14305958,0.020618742,0.028009735,0
4,75,-0.04694268,0.14305958,0.020618742,0.028009735,0,1.0,-0.044081487,-0.0523519,0.021178937,0.32712612,0
4,76,-0.044081487,-0.0523519,0.021178937,0.32712612,1,1.0,-0.045128528,0.14246222,0.027721459,0.04119662,0
4,77,-0.045128528,0.14246222,0.027721459,0.04119662,1,1.0,-0.04227928,0.3371759,0.02854539,-0.24261263,0
4,78,-0.04227928,0.3371759,0.02854539,-0.24261263,0,1.0,-0.035535764,0.1416581,0.023693139,0.05893582,0
4,79,-0.035535764,0.1416581,0.023693139,0.05893582,1,1.0,-0.032702602,0.33643246,0.024871856,-0.22617859,0
4,80,-0.032702602,0.33643246,0.024871856,-0.22617859,0,1.0,-0.025973953,0.14096405,0.020348284,0.07424492,0
4,81,-0.025973953,0.14096405,0.020348284,0.07424492,1,1.0,-0.023154672,0.33578846,0.021833181,-0.21194923,0
4,82,-0.023154672,0.33578846,0.021833181,-0.21194923,0,1.0,-0.016438903,0.14036126,0.017594198,0.08754016,0
4,83,-0.016438903,0.14036126,0.017594198,0.08754016,0,1.0,-0.013631677,-0.05500841,0.019345,0.38572174,0
4,84,-0.013631677,-0.05500841,0.019345,0.38572174,1,1.0,-0.014731846,0.13983364,0.027059436,0.099200405,0
4,85,-0.014731846,0.13983364,0.027059436,0.099200405,1,1.0,-0.011935173,0.33455753,0.029043444,-0.18482402,0
4,86,-0.011935173,0.33455753,0.029043444,-0.18482402,0,1.0,-0.005244022,0.13903233,0.025346963,0.11687768,0
4,87,-0.005244022,0.13903233,0.025346963,0.11687768,1,1.0,-0.0024633752,0.3337821,0.027684517,-0.16770194,0
4,88,-0.0024633752,0.3337821,0.027684517,-0.16770194,0,1.0,0.004212267,0.13827506,0.024330478,0.13358448,0
4,89,0.004212267,0.13827506,0.024330478,0.13358448,1,1.0,0.006977768,0.3330402,0.027002167,-0.1513243,0
4,90,0.006977768,0.3330402,0.027002167,-0.1513243,0,1.0,0.013638572,0.1375422,0.023975682,0.14975345,0
4,91,0.013638572,0.1375422,0.023975682,0.14975345,1,1.0,0.016389417,0.3323128,0.02697075,-0.13527027,0
4,92,0.016389417,0.3323128,0.02697075,-0.13527027,0,1.0,0.023035672,0.1368151,0.024265345,0.16579804,0
4,93,0.023035672,0.1368151,0.024265345,0.16579804,1,1.0,0.025771974,0.33158144,0.027581306,-0.11913217,0
4,94,0.025771974,0.33158144,0.027581306,-0.11913217,0,1.0,0.032403603,0.1360754,0.025198663,0.18212324,0
4,95,0.032403603,0.1360754,0.025198663,0.18212324,1,1.0,0.03512511,0.3308279,0.028841127,-0.102505125,0
4,96,0.03512511,0.3308279,0.028841127,-0.102505125,0,1.0,0.04174167,0.13530473,0.026791025,0.19913575,0
4,97,0.04174167,0.13530473,0.026791025,0.19913575,1,1.0,0.044447765,0.33003345,0.03077374,-0.0849769,0
4,98,0.044447765,0.33003345,0.03077374,-0.0849769,0,1.0,0.05104843,0.13448422,0.029074201,0.21725415,0
4,99,0.05104843,0.13448422,0.029074201,0.21725415,1,1.0,0.053738117,0.32917872,0.033419285,-0.0661176,0
4,100,0.053738117,0.32917872,0.033419285,-0.0661176,0,1.0,0.060321692,0.13359398,0.032096934,0.23691916,0
4,101,0.060321692,0.13359398,0.032096934,0.23691916,1,1.0,0.06299357,0.32824302,0.036835317,-0.045469135,0
4,102,0.06299357,0.32824302,0.036835317,-0.045469135,1,1.0,0.069558434,0.5228179,0.035925932,-0.3263064,0
4,103,0.069558434,0.5228179,0.035925932,-0.3263064,0,1.0,0.08001479,0.3272034,0.029399805,-0.02251397,0
4,104,0.08001479,0.3272034,0.029399805,-0.02251397,0,1.0,0.086558856,0.13167243,0.028949525,0.27929804,0
4,105,0.086558856,0.13167243,0.028949525,0.27929804,1,1.0,0.08919231,0.3263697,0.034535486,-0.0041155335,0
4,106,0.08919231,0.3263697,0.034535486,-0.0041155335,1,1.0,0.0957197,0.52097976,0.034453176,-0.28570518,0
4,107,0.0957197,0.52097976,0.034453176,-0.28570518,0,1.0,0.106139295,0.32538384,0.028739072,0.017641861,0
4,108,0.106139295,0.32538384,0.028739072,0.017641861,1,1.0,0.112646975,0.5200821,0.02909191,-0.2658368,0
4,109,0.112646975,0.5200821,0.02909191,-0.2658368,0,1.0,0.12304862,0.32455727,0.023775173,0.03587814,0
4,110,0.12304862,0.32455727,0.023775173,0.03587814,0,1.0,0.12953976,0.12910259,0.024492737,0.33596656,0
4,111,0.12953976,0.12910259,0.024492737,0.33596656,1,1.0,0.13212182,0.32386756,0.031212067,0.051106844,0
4,112,0.13212182,0.32386756,0.031212067,0.051106844,1,1.0,0.13859916,0.5185284,0.032234203,-0.23156731,0
4,113,0.13859916,0.5185284,0.032234203,-0.23156731,0,1.0,0.14896972,0.32296103,0.027602857,0.07110656,0
4,114,0.14896972,0.32296103,0.027602857,0.07110656,1,1.0,0.15542895,0.5176766,0.029024988,-0.21274133,0
4,115,0.15542895,0.5176766,0.029024988,-0.21274133,0,1.0,0.16578248,0.32215196,0.024770163,0.08895426,0
4,116,0.16578248,0.32215196,0.024770163,0.08895426,1,1.0,0.17222552,0.51691025,0.026549248,-0.1958119,0
4,117,0.17222552,0.51691025,0.026549248,-0.1958119,0,1.0,0.18256372,0.3214188,0.02263301,0.105126515,0
4,118,0.18256372,0.3214188,0.02263301,0.105126515,1,1.0,0.1889921,0.51620924,0.02473554,-0.18033074,0
4,119,0.1889921,0.51620924,0.02473554,-0.18033074,0,1.0,0.1993163,0.3207422,0.021128925,0.1200516,0
4,120,0.1993163,0.3207422,0.021128925,0.1200516,1,1.0,0.20573114,0.51555514,0.023529958,-0.16589117,0
4,121,0.20573114,0.51555514,0.023529958,-0.16589117,0,1.0,0.21604224,0.32010442,0.020212134,0.13412094,0
4,122,0.21604224,0.32010442,0.020212134,0.13412094,1,1.0,0.22244433,0.51493114,0.022894552,-0.15211743,0
4,123,0.22244433,0.51493114,0.022894552,-0.15211743,0,1.0,0.23274295,0.31948894,0.019852204,0.1476994,0
4,124,0.23274295,0.31948894,0.019852204,0.1476994,1,1.0,0.23913273,0.5143211,0.022806192,-0.13865504,0
4,125,0.23913273,0.5143211,0.022806192,-0.13865504,0,1.0,0.24941915,0.31888002,0.020033091,0.16113473,0
4,126,0.24941915,0.31888002,0.020033091,0.16113473,1,1.0,0.25579676,0.51370955,0.023255786,-0.12516156,0
4,127,0.25579676,0.51370955,0.023255786,-0.12516156,0,1.0,0.26607093,0.31826228,0.020752555,0.17476666,0
4,128,0.26607093,0.31826228,0.020752555,0.17476666,1,1.0,0.27243617,0.51308113,0.024247888,-0.11129795,0
4,129,0.27243617,0.51308113,0.024247888,-0.11129795,0,1.0,0.2826978,0.3176203,0.022021929,0.18893534,0
4,130,0.2826978,0.3176203,0.022021929,0.18893534,1,1.0,0.28905022,0.51242036,0.025800636,-0.09672001,0
4,131,0.28905022,0.51242036,0.025800636,-0.09672001,0,1.0,0.2992986,0.31693834,0.023866236,0.20399003,0
4,132,0.2992986,0.31693834,0.023866236,0.20399003,1,1.0,0.3056374,0.511711,0.027946036,-0.08106975,0
4,133,0.3056374,0.511711,0.027946036,-0.08106975,0,1.0,0.3158716,0.3161998,0.026324641,0.22029757,0
4,134,0.3158716,0.3161998,0.026324641,0.22029757,1,1.0,0.3221956,0.5109358,0.030730592,-0.06396662,0
4,135,0.3221956,0.5109358,0.030730592,-0.06396662,1,1.0,0.33241433,0.70560396,0.02945126,-0.34679765,0
4,136,0.33241433,0.70560396,0.02945126,-0.34679765,0,1.0,0.34652638,0.51007575,0.022515306,-0.04497509,0
4,137,0.34652638,0.51007575,0.022515306,-0.04497509,0,1.0,0.3567279,0.3146383,0.021615805,0.25472572,0
4,138,0.3567279,0.3146383,0.021615805,0.25472572,1,1.0,0.3630207,0.509445,0.02671032,-0.031061592,0
4,139,0.3630207,0.509445,0.02671032,-0.031061592,1,1.0,0.37320957,0.704174,0.026089087,-0.3151989,0
4,140,0.37320957,0.704174,0.026089087,-0.3151989,0,1.0,0.38729307,0.5086903,0.01978511,-0.014403849,0
4,141,0.38729307,0.5086903,0.01978511,-0.014403849,1,1.0,0.39746687,0.703523,0.019497033,-0.30077925,0
4,142,0.39746687,0.703523,0.019497033,-0.30077925,0,1.0,0.41153732,0.50812864,0.0134814475,-0.002011689,0
4,143,0.41153732,0.50812864,0.0134814475,-0.002011689,0,1.0,0.42169988,0.31281596,0.013441213,0.29489413,0
4,144,0.42169988,0.31281596,0.013441213,0.29489413,1,1.0,0.42795622,0.5077438,0.019339096,0.0064804778,0
4,145,0.42795622,0.5077438,0.019339096,0.0064804778,1,1.0,0.4381111,0.7025831,0.019468706,-0.28003854,0
4,146,0.4381111,0.7025831,0.019468706,-0.28003854,0,1.0,0.45216274,0.5071889,0.013867935,0.018720629,0
4,147,0.45216274,0.5071889,0.013867935,0.018720629,1,1.0,0.46230653,0.7021093,0.014242347,-0.26955473,0
4,148,0.46230653,0.7021093,0.014242347,-0.26955473,0,1.0,0.47634873,0.506787,0.0088512525,0.027586058,0
4,149,0.47634873,0.506787,0.0088512525,0.027586058,0,1.0,0.48648447,0.31153923,0.009402974,0.32304847,0
4,150,0.48648447,0.31153923,0.009402974,0.32304847,1,1.0,0.49271524,0.50652605,0.015863944,0.033345617,0
4,151,0.49271524,0.50652605,0.015863944,0.033345617,1,1.0,0.50284576,0.7014169,0.016530855,-0.25429016,0
4,152,0.50284576,0.7014169,0.016530855,-0.25429016,0,1.0,0.5168741,0.5060629,0.011445052,0.043560714,0
4,153,0.5168741,0.5060629,0.011445052,0.043560714,1,1.0,0.52699536,0.70101887,0.012316267,-0.24548933,0
4,154,0.52699536,0.70101887,0.012316267,-0.24548933,0,1.0,0.54101574,0.5057232,0.00740648,0.051052853,0
4,155,0.54101574,0.5057232,0.00740648,0.051052853,1,1.0,0.5511302,0.7007382,0.008427537,-0.2392841,0
4,156,0.5511302,0.7007382,0.008427537,-0.2392841,0,1.0,0.56514496,0.50549686,0.0036418554,0.05604516,0
4,157,0.56514496,0.50549686,0.0036418554,0.05604516,0,1.0,0.5752549,0.31032288,0.0047627585,0.34987488,0
4,158,0.5752549,0.31032288,0.0047627585,0.34987488,1,1.0,0.58146137,0.50537676,0.011760256,0.058697615,0
4,159,0.58146137,0.50537676,0.011760256,0.058697615,1,1.0,0.5915689,0.7003281,0.012934209,-0.23025179,0
4,160,0.5915689,0.7003281,0.012934209,-0.23025179,0,1.0,0.60557544,0.5050238,0.008329173,0.066482805,0
4,161,0.60557544,0.5050238,0.008329173,0.066482805,1,1.0,0.6156759,0.7000253,0.009658829,-0.22356062,0
4,162,0.6156759,0.7000253,0.009658829,-0.22356062,0,1.0,0.62967646,0.50476664,0.005187616,0.07215336,0
4,163,0.62967646,0.50476664,0.005187616,0.07215336,1,1.0,0.63977176,0.69981384,0.006630684,-0.21888834,0
4,164,0.63977176,0.69981384,0.006630684,-0.21888834,0,1.0,0.65376806,0.5045978,0.0022529166,0.07587878,0
4,165,0.65376806,0.5045978,0.0022529166,0.07587878,1,1.0,0.66386,0.69968736,0.003770492,-0.2160925,0
4,166,0.66386,0.69968736,0.003770492,-0.2160925,0,1.0,0.67785376,0.5045117,-0.0005513578,0.07777742,0
4,167,0.67785376,0.5045117,-0.0005513578,0.07777742,1,1.0,0.687944,0.6996415,0.0010041905,-0.21507941,0
4,168,0.687944,0.6996415,0.0010041905,-0.21507941,0,1.0,0.70193684,0.5045052,-0.0032973976,0.07792012,0
4,169,0.70193684,0.5045052,-0.0032973976,0.07792012,0,1.0,0.7120269,0.30943072,-0.0017389954,0.36956087,0
4,170,0.7120269,0.30943072,-0.0017389954,0.36956087,1,1.0,0.7182155,0.50457734,0.0056522223,0.07633013,0
4,171,0.7182155,0.50457734,0.0056522223,0.07633013,1,1.0,0.72830707,0.6996178,0.007178825,-0.21456414,0
4,172,0.72830707,0.6996178,0.007178825,-0.21456414,1,1.0,0.74229944,0.8946364,0.002887542,-0.50497395,0
4,173,0.74229944,0.8946364,0.002887542,-0.50497395,0,1.0,0.76019216,0.69947386,-0.007211937,-0.21138243,0
4,174,0.76019216,0.69947386,-0.007211937,-0.21138243,0,1.0,0.77418166,0.50445575,-0.011439586,0.07901681,0
4,175,0.77418166,0.50445575,-0.011439586,0.07901681,0,1.0,0.78427076,0.30949965,-0.009859249,0.36806867,0
4,176,0.78427076,0.30949965,-0.009859249,0.36806867,1,1.0,0.79046077,0.5047603,-0.0024978758,0.07229337,0
4,177,0.79046077,0.5047603,-0.0024978758,0.07229337,1,1.0,0.80055594,0.699918,-0.0010520085,-0.2211766,0
4,178,0.80055594,0.699918,-0.0010520085,-0.2211766,0,1.0,0.81455433,0.50481105,-0.0054755406,0.071174294,0
4,179,0.81455433,0.50481105,-0.0054755406,0.071174294,1,1.0,0.8246505,0.7000111,-0.0040520546,-0.22323115,0
4,180,0.8246505,0.7000111,-0.0040520546,-0.22323115,0,1.0,0.83865076,0.5049473,-0.008516678,0.06817085,0
4,181,0.83865076,0.5049473,-0.008516678,0.06817085,1,1.0,0.8487497,0.7001903,-0.0071532605,-0.22718692,0
4,182,0.8487497,0.7001903,-0.0071532605,-0.22718692,0,1.0,0.8627535,0.5051713,-0.011696999,0.06323105,0
4,183,0.8627535,0.5051713,-0.011696999,0.06323105,0,1.0,0.8728569,0.31021902,-0.010432378,0.35220066,0
4,184,0.8728569,0.31021902,-0.010432378,0.35220066,1,1.0,0.87906134,0.50548774,-0.0033883646,0.056246437,0
4,185,0.87906134,0.50548774,-0.0033883646,0.056246437,1,1.0,0.88917106,0.70065814,-0.0022634359,-0.23750362,0
4,186,0.88917106,0.70065814,-0.0022634359,-0.23750362,0,1.0,0.90318424,0.50556856,-0.007013508,0.054464497,0
4,187,0.90318424,0.50556856,-0.007013508,0.054464497,1,1.0,0.9132956,0.7007904,-0.0059242183,-0.24042296,0
4,188,0.9132956,0.7007904,-0.0059242183,-0.24042296,0,1.0,0.9273114,0.5057536,-0.010732678,0.050385427,0
4,189,0.9273114,0.5057536,-0.010732678,0.050385427,1,1.0,0.9374265,0.70102775,-0.009724969,-0.24566433,0
4,190,0.9374265,0.70102775,-0.009724969,-0.24566433,0,1.0,0.951447,0.50604606,-0.014638255,0.043935306,0
4,191,0.951447,0.50604606,-0.014638255,0.043935306,1,1.0,0.96156794,0.70137477,-0.01375955,-0.25332993,0
4,192,0.96156794,0.70137477,-0.01375955,-0.25332993,0,1.0,0.9755955,0.50645196,-0.018826148,0.034981407,0
4,193,0.9755955,0.50645196,-0.018826148,0.034981407,0,1.0,0.9857245,0.311605,-0.01812652,0.32166556,0
4,194,0.9857245,0.311605,-0.01812652,0.32166556,1,1.0,0.9919566,0.50698036,-0.011693209,0.023321787,0
4,195,0.9919566,0.50698036,-0.011693209,0.023321787,1,1.0,1.0020962,0.702268,-0.011226773,-0.27302742,0
4,196,1.0020962,0.702268,-0.011226773,-0.27302742,0,1.0,1.0161415,0.507308,-0.016687322,0.016093507,0
4,197,1.0161415,0.507308,-0.016687322,0.016093507,1,1.0,1.0262877,0.70266527,-0.016365452,-0.2818074,0
4,198,1.0262877,0.70266527,-0.016365452,-0.2818074,0,1.0,1.040341,0.50778055,-0.0220016,0.0056693307,0
4,199,1.040341,0.50778055,-0.0220016,0.0056693307,1,1.0,1.0504967,0.703211,-0.021888213,-0.29387337,0
4,200,1.0504967,0.703211,-0.021888213,-0.29387337,0,1.0,1.0645609,0.50840783,-0.02776568,-0.00817324,0
4,201,1.0645609,0.50840783,-0.02776568,-0.00817324,0,1.0,1.074729,0.31369486,-0.027929146,0.2756216,0
4,202,1.074729,0.31369486,-0.027929146,0.2756216,1,1.0,1.081003,0.5092039,-0.022416715,-0.025737736,0
4,203,1.081003,0.5092039,-0.022416715,-0.025737736,1,1.0,1.091187,0.70464003,-0.022931468,-0.32540825,0
4,204,1.091187,0.70464003,-0.022931468,-0.32540825,0,1.0,1.1052798,0.509852,-0.029439634,-0.04004422,0
4,205,1.1052798,0.509852,-0.029439634,-0.04004422,0,1.0,1.1154768,0.3151643,-0.030240517,0.24320677,0
4,206,1.1154768,0.3151643,-0.030240517,0.24320677,1,1.0,1.1217802,0.5107049,-0.025376381,-0.05885931,0
4,207,1.1217802,0.5107049,-0.025376381,-0.05885931,1,1.0,1.1319942,0.7061813,-0.02655357,-0.3594394,0
4,208,1.1319942,0.7061813,-0.02655357,-0.3594394,0,1.0,1.1461178,0.51144665,-0.033742357,-0.0752463,0
4,209,1.1461178,0.51144665,-0.033742357,-0.0752463,0,1.0,1.1563468,0.3168243,-0.03524728,0.20660274,0
4,210,1.1563468,0.3168243,-0.03524728,0.20660274,1,1.0,1.1626832,0.5124321,-0.031115228,-0.09698726,0
4,211,1.1626832,0.5124321,-0.031115228,-0.09698726,0,1.0,1.1729319,0.3177696,-0.033054974,0.18571876,0
4,212,1.1729319,0.3177696,-0.033054974,0.18571876,1,1.0,1.1792873,0.5133485,-0.029340599,-0.11720576,0
4,213,1.1792873,0.5133485,-0.029340599,-0.11720576,1,1.0,1.1895542,0.7088783,-0.03168471,-0.4189991,0
4,214,1.1895542,0.7088783,-0.03168471,-0.4189991,0,1.0,1.2037318,0.5142193,-0.040064696,-0.13647094,0
4,215,1.2037318,0.5142193,-0.040064696,-0.13647094,0,1.0,1.2140162,0.31969345,-0.042794116,0.14330785,0
4,216,1.2140162,0.31969345,-0.042794116,0.14330785,1,1.0,1.2204101,0.5154013,-0.03992796,-0.16256282,0
4,217,1.2204101,0.5154013,-0.03992796,-0.16256282,0,1.0,1.2307181,0.32087302,-0.043179214,0.11726134,0
4,218,1.2307181,0.32087302,-0.043179214,0.11726134,1,1.0,1.2371355,0.5165862,-0.040833987,-0.18872553,0
4,219,1.2371355,0.5165862,-0.040833987,-0.18872553,0,1.0,1.2474673,0.3220715,-0.044608496,0.09080142,0
4,220,1.2474673,0.3220715,-0.044608496,0.09080142,1,1.0,1.2539088,0.51780355,-0.04279247,-0.2156151,0
4,221,1.2539088,0.51780355,-0.04279247,-0.2156151,0,1.0,1.2642648,0.32331863,-0.047104772,0.063268036,0
4,222,1.2642648,0.32331863,-0.047104772,0.063268036,1,1.0,1.2707312,0.5190832,-0.04583941,-0.24389677,0
4,223,1.2707312,0.5190832,-0.04583941,-0.24389677,0,1.0,1.2811128,0.32464492,-0.050717346,0.03398218,0
4,224,1.2811128,0.32464492,-0.050717346,0.03398218,1,1.0,1.2876058,0.52045614,-0.0500377,-0.27426144,0
4,225,1.2876058,0.52045614,-0.0500377,-0.27426144,0,1.0,1.2980149,0.3260825,-0.05552293,0.0022291343,0
4,226,1.2980149,0.3260825,-0.05552293,0.0022291343,0,1.0,1.3045365,0.13179897,-0.05547835,0.27688998,0
4,227,1.3045365,0.13179897,-0.05547835,0.27688998,1,1.0,1.3071725,0.32766673,-0.04994055,-0.032761883,0
4,228,1.3071725,0.32766673,-0.04994055,-0.032761883,1,1.0,1.3137258,0.52346796,-0.050595786,-0.34077397,0
4,229,1.3137258,0.52346796,-0.050595786,-0.34077397,0,1.0,1.3241951,0.32910103,-0.057411265,-0.064465486,0
4,230,1.3241951,0.32910103,-0.057411265,-0.064465486,0,1.0,1.3307772,0.13484718,-0.058700576,0.20956555,0
4,231,1.3307772,0.13484718,-0.058700576,0.20956555,1,1.0,1.3334742,0.3307572,-0.054509263,-0.10104139,0
4,232,1.3334742,0.3307572,-0.054509263,-0.10104139,0,1.0,1.3400893,0.1364571,-0.056530092,0.1739581,0
4,233,1.3400893,0.1364571,-0.056530092,0.1739581,1,1.0,1.3428184,0.33234063,-0.05305093,-0.13600884,0
4,234,1.3428184,0.33234063,-0.05305093,-0.13600884,1,1.0,1.3494653,0.5281807,-0.05577111,-0.44494537,0
4,235,1.3494653,0.5281807,-0.05577111,-0.44494537,0,1.0,1.3600289,0.33389038,-0.06467001,-0.17035116,0
4,236,1.3600289,0.33389038,-0.06467001,-0.17035116,0,1.0,1.3667066,0.1397508,-0.068077035,0.101249725,0
4,237,1.3667066,0.1397508,-0.068077035,0.101249725,0,1.0,1.3695017,-0.054332808,-0.06605204,0.3717016,0
4,238,1.3695017,-0.054332808,-0.06605204,0.3717016,0,1.0,1.368415,-0.24845724,-0.058618013,0.6428481,0
4,239,1.368415,-0.24845724,-0.058618013,0.6428481,1,1.0,1.3634459,-0.052569363,-0.04576105,0.33229712,0
4,240,1.3634459,-0.052569363,-0.04576105,0.33229712,1,1.0,1.3623945,0.14317305,-0.03911511,0.025541807,0
4,241,1.3623945,0.14317305,-0.03911511,0.025541807,1,1.0,1.365258,0.33883348,-0.03860427,-0.27922127,0
4,242,1.365258,0.33883348,-0.03860427,-0.27922127,1,1.0,1.3720347,0.53448427,-0.044188697,-0.5838256,0
4,243,1.3720347,0.53448427,-0.044188697,-0.5838256,0,1.0,1.3827243,0.3400083,-0.05586521,-0.30538368,0
4,244,1.3827243,0.3400083,-0.05586521,-0.30538368,0,1.0,1.3895245,0.14572512,-0.061972883,-0.030829357,0
4,245,1.3895245,0.14572512,-0.061972883,-0.030829357,0,1.0,1.392439,-0.04845589,-0.06258947,0.24167462,0
4,246,1.392439,-0.04845589,-0.06258947,0.24167462,1,1.0,1.3914698,0.14750168,-0.057755977,-0.070075475,0
4,247,1.3914698,0.14750168,-0.057755977,-0.070075475,1,1.0,1.3944199,0.34340206,-0.059157487,-0.3804069,0
4,248,1.3944199,0.34340206,-0.059157487,-0.3804069,0,1.0,1.4012879,0.14916787,-0.06676562,-0.10694742,0
4,249,1.4012879,0.14916787,-0.06676562,-0.10694742,0,1.0,1.4042712,-0.044936936,-0.06890457,0.16394657,0
4,250,1.4042712,-0.044936936,-0.06890457,0.16394657,0,1.0,1.4033725,-0.23900831,-0.06562564,0.43412092,0
4,251,1.4033725,-0.23900831,-0.06562564,0.43412092,1,1.0,1.3985924,-0.043021623,-0.056943223,0.12149362,0
4,252,1.3985924,-0.043021623,-0.056943223,0.12149362,1,1.0,1.3977319,0.15286797,-0.05451335,-0.18859677,0
4,253,1.3977319,0.15286797,-0.05451335,-0.18859677,1,1.0,1.4007893,0.34872574,-0.058285285,-0.497966,0
4,254,1.4007893,0.34872574,-0.058285285,-0.497966,0,1.0,1.4077638,0.15447193,-0.068244606,-0.22420625,0
4,255,1.4077638,0.15447193,-0.068244606,-0.22420625,0,1.0,1.4108533,-0.039611638,-0.07272873,0.046193082,0
4,256,1.4108533,-0.039611638,-0.07272873,0.046193082,0,1.0,1.410061,-0.23361942,-0.071804866,0.31507206,0
4,257,1.410061,-0.23361942,-0.071804866,0.31507206,0,1.0,1.4053886,-0.427649,-0.065503426,0.58427393,0
4,258,1.4053886,-0.427649,-0.065503426,0.58427393,1,1.0,1.3968357,-0.23167355,-0.05381795,0.27169695,0
4,259,1.3968357,-0.23167355,-0.05381795,0.27169695,1,1.0,1.3922021,-0.035826605,-0.04838401,-0.037462976,0
4,260,1.3922021,-0.035826605,-0.04838401,-0.037462976,1,1.0,1.3914857,0.15995458,-0.04913327,-0.34501043,0
4,261,1.3914857,0.15995458,-0.04913327,-0.34501043,1,1.0,1.3946848,0.35573977,-0.056033477,-0.6527732,0
4,262,1.3946848,0.35573977,-0.056033477,-0.6527732,0,1.0,1.4017996,0.16144107,-0.06908894,-0.37824777,0
4,263,1.4017996,0.16144107,-0.06908894,-0.37824777,0,1.0,1.4050283,-0.03263516,-0.0766539,-0.10812392,0
4,264,1.4050283,-0.03263516,-0.0766539,-0.10812392,0,1.0,1.4043757,-0.22657974,-0.07881638,0.1594245,0
4,265,1.4043757,-0.22657974,-0.07881638,0.1594245,0,1.0,1.399844,-0.42049003,-0.075627886,0.42623892,0
4,266,1.399844,-0.42049003,-0.075627886,0.42623892,0,1.0,1.3914343,-0.61446387,-0.06710311,0.69415456,0
4,267,1.3914343,-0.61446387,-0.06710311,0.69415456,1,1.0,1.379145,-0.41847843,-0.053220015,0.38112453,0
4,268,1.379145,-0.41847843,-0.053220015,0.38112453,1,1.0,1.3707755,-0.22264275,-0.045597527,0.07214764,0
4,269,1.3707755,-0.22264275,-0.045597527,0.07214764,1,1.0,1.3663225,-0.026897756,-0.044154573,-0.23456569,0
4,270,1.3663225,-0.026897756,-0.044154573,-0.23456569,1,1.0,1.3657846,0.16882634,-0.048845887,-0.54084295,0
4,271,1.3657846,0.16882634,-0.048845887,-0.54084295,1,1.0,1.3691611,0.36459962,-0.059662744,-0.8485076,0
4,272,1.3691611,0.36459962,-0.059662744,-0.8485076,0,1.0,1.3764532,0.17033994,-0.076632895,-0.57516694,0
4,273,1.3764532,0.17033994,-0.076632895,-0.57516694,0,1.0,1.3798599,-0.023628805,-0.08813623,-0.30757576,0
4,274,1.3798599,-0.023628805,-0.08813623,-0.30757576,0,1.0,1.3793874,-0.21739157,-0.09428775,-0.043938287,0
4,275,1.3793874,-0.21739157,-0.09428775,-0.043938287,0,1.0,1.3750396,-0.41104388,-0.09516652,0.21757038,0
4,276,1.3750396,-0.41104388,-0.09516652,0.21757038,0,1.0,1.3668187,-0.60468566,-0.09081511,0.47878203,0
4,277,1.3668187,-0.60468566,-0.09081511,0.47878203,0,1.0,1.3547249,-0.798416,-0.08123947,0.7415171,0
4,278,1.3547249,-0.798416,-0.08123947,0.7415171,0,1.0,1.3387566,-0.9923281,-0.066409126,1.0075678,0
4,279,1.3387566,-0.9923281,-0.066409126,1.0075678,1,1.0,1.31891,-0.7963854,-0.04625777,0.6947917,0
4,280,1.31891,-0.7963854,-0.04625777,0.6947917,1,1.0,1.3029823,-0.6006534,-0.032361936,0.38791278,0
4,281,1.3029823,-0.6006534,-0.032361936,0.38791278,1,1.0,1.2909693,-0.4050874,-0.024603682,0.08520461,0
4,282,1.2909693,-0.4050874,-0.024603682,0.08520461,1,1.0,1.2828676,-0.20962156,-0.02289959,-0.21513815,0
4,283,1.2828676,-0.20962156,-0.02289959,-0.21513815,1,1.0,1.2786751,-0.014179851,-0.027202353,-0.51495576,0
4,284,1.2786751,-0.014179851,-0.027202353,-0.51495576,1,1.0,1.2783915,0.18131441,-0.03750147,-0.81608516,0
4,285,1.2783915,0.18131441,-0.03750147,-0.81608516,1,1.0,1.2820178,0.3769292,-0.053823173,-1.1203239,0
4,286,1.2820178,0.3769292,-0.053823173,-1.1203239,0,1.0,1.2895564,0.18255295,-0.07622965,-0.8449981,0
4,287,1.2895564,0.18255295,-0.07622965,-0.8449981,0,1.0,1.2932074,-0.011450707,-0.09312961,-0.57722753,0
4,288,1.2932074,-0.011450707,-0.09312961,-0.57722753,0,1.0,1.2929784,-0.2051524,-0.10467416,-0.31527463,0
4,289,1.2929784,-0.2051524,-0.10467416,-0.31527463,0,1.0,1.2888753,-0.3986397,-0.110979654,-0.05735026,0
4,290,1.2888753,-0.3986397,-0.110979654,-0.05735026,0,1.0,1.2809026,-0.5920099,-0.11212666,0.19835953,0
4,291,1.2809026,-0.5920099,-0.11212666,0.19835953,0,1.0,1.2690624,-0.7853644,-0.10815947,0.45367378,0
4,292,1.2690624,-0.7853644,-0.10815947,0.45367378,0,1.0,1.253355,-0.978804,-0.099085994,0.7104007,0
4,293,1.253355,-0.978804,-0.099085994,0.7104007,0,1.0,1.233779,-1.1724242,-0.08487798,0.9703229,0
4,294,1.233779,-1.1724242,-0.08487798,0.9703229,0,1.0,1.2103305,-1.3663107,-0.06547152,1.2351813,0
4,295,1.2103305,-1.3663107,-0.06547152,1.2351813,1,1.0,1.1830043,-1.1704112,-0.040767893,0.92272687,0
4,296,1.1830043,-1.1704112,-0.040767893,0.92272687,1,1.0,1.1595961,-0.97476286,-0.022313358,0.61751574,0
4,297,1.1595961,-0.97476286,-0.022313358,0.61751574,1,1.0,1.1401008,-0.7793364,-0.009963043,0.31788948,0
4,298,1.1401008,-0.7793364,-0.009963043,0.31788948,1,1.0,1.1245141,-0.58407396,-0.0036052533,0.022081286,0
4,299,1.1245141,-0.58407396,-0.0036052533,0.022081286,1,1.0,1.1128327,-0.38890052,-0.0031636276,-0.27173695,0
4,300,1.1128327,-0.38890052,-0.0031636276,-0.27173695,1,1.0,1.1050546,-0.19373356,-0.008598367,-0.56541604,0
4,301,1.1050546,-0.19373356,-0.008598367,-0.56541604,1,1.0,1.10118,0.0015079638,-0.019906687,-0.8607954,0
4,302,1.10118,0.0015079638,-0.019906687,-0.8607954,1,1.0,1.1012101,0.19689527,-0.037122596,-1.1596705,0
4,303,1.1012101,0.19689527,-0.037122596,-1.1596705,0,1.0,1.105148,0.002276149,-0.060316004,-0.8788544,0
4,304,1.105148,0.002276149,-0.060316004,-0.8788544,0,1.0,1.1051935,-0.19197665,-0.07789309,-0.60572726,0
4,305,1.1051935,-0.19197665,-0.07789309,-0.60572726,0,1.0,1.101354,-0.38592795,-0.09000763,-0.33855984,0
4,306,1.101354,-0.38592795,-0.09000763,-0.33855984,0,1.0,1.0936354,-0.57966155,-0.09677883,-0.07556233,0
4,307,1.0936354,-0.57966155,-0.09677883,-0.07556233,0,1.0,1.0820422,-0.77327245,-0.09829008,0.18508649,0
4,308,1.0820422,-0.77327245,-0.09829008,0.18508649,0,1.0,1.0665767,-0.9668607,-0.09458835,0.44521654,0
4,309,1.0665767,-0.9668607,-0.09458835,0.44521654,0,1.0,1.0472395,-1.160526,-0.08568402,0.70664847,0
4,310,1.0472395,-1.160526,-0.08568402,0.70664847,0,1.0,1.024029,-1.354363,-0.07155105,0.9711769,0
4,311,1.024029,-1.354363,-0.07155105,0.9711769,1,1.0,0.99694175,-1.1583575,-0.05212751,0.65690285,0
4,312,0.99694175,-1.1583575,-0.05212751,0.65690285,1,1.0,0.9737746,-0.9625501,-0.038989455,0.34827223,0
4,313,0.9737746,-0.9625501,-0.038989455,0.34827223,1,1.0,0.9545236,-0.76689595,-0.032024007,0.043554015,0
4,314,0.9545236,-0.76689595,-0.032024007,0.043554015,1,1.0,0.9391857,-0.5713298,-0.031152928,-0.2590583,0
4,315,0.9391857,-0.5713298,-0.031152928,-0.2590583,1,1.0,0.9277591,-0.37577724,-0.036334094,-0.5614022,0
4,316,0.9277591,-0.37577724,-0.036334094,-0.5614022,0,1.0,0.92024356,-0.570371,-0.047562137,-0.28038418,0
4,317,0.92024356,-0.570371,-0.047562137,-0.28038418,0,1.0,0.9088361,-0.7647833,-0.053169824,-0.0030734318,0
4,318,0.9088361,-0.7647833,-0.053169824,-0.0030734318,1,1.0,0.89354044,-0.56894076,-0.05323129,-0.3120467,0
4,319,0.89354044,-0.56894076,-0.05323129,-0.3120467,0,1.0,0.8821616,-0.76326555,-0.059472226,-0.036615033,0
4,320,0.8821616,-0.76326555,-0.059472226,-0.036615033,0,1.0,0.86689633,-0.95748645,-0.060204525,0.23672675,0
4,321,0.86689633,-0.95748645,-0.060204525,0.23672675,1,1.0,0.8477466,-0.76155835,-0.05546999,-0.07432238,0
4,322,0.8477466,-0.76155835,-0.05546999,-0.07432238,0,1.0,0.8325154,-0.955843,-0.05695644,0.20035657,0
4,323,0.8325154,-0.955843,-0.05695644,0.20035657,1,1.0,0.8133986,-0.75995463,-0.05294931,-0.10973562,0
4,324,0.8133986,-0.75995463,-0.05294931,-0.10973562,0,1.0,0.7981995,-0.9542794,-0.05514402,0.16578323,0
4,325,0.7981995,-0.9542794,-0.05514402,0.16578323,1,1.0,0.7791139,-0.75841326,-0.051828355,-0.14377359,0
4,326,0.7791139,-0.75841326,-0.051828355,-0.14377359,0,1.0,0.76394564,-0.9527561,-0.054703828,0.13211857,0
4,327,0.76394564,-0.9527561,-0.054703828,0.13211857,1,1.0,0.7448905,-0.756895,-0.052061457,-0.17730857,0
4,328,0.7448905,-0.756895,-0.052061457,-0.17730857,0,1.0,0.7297526,-0.95123476,-0.055607628,0.09850693,0
4,329,0.7297526,-0.95123476,-0.055607628,0.09850693,1,1.0,0.71072793,-0.75536174,-0.05363749,-0.21118866,0
4,330,0.71072793,-0.75536174,-0.05363749,-0.21118866,0,1.0,0.69562066,-0.9496774,-0.05786126,0.06410378,0
4,331,0.69562066,-0.9496774,-0.05786126,0.06410378,0,1.0,0.67662716,-1.1439241,-0.056579188,0.33798447,0
4,332,0.67662716,-1.1439241,-0.056579188,0.33798447,1,1.0,0.65374863,-0.94804454,-0.049819496,0.028009972,0
4,333,0.65374863,-0.94804454,-0.049819496,0.028009972,1,1.0,0.63478774,-0.7522449,-0.049259298,-0.27996603,0
4,334,0.63478774,-0.7522449,-0.049259298,-0.27996603,0,1.0,0.6197429,-0.9466308,-0.054858617,-0.0032172047,0
4,335,0.6197429,-0.9466308,-0.054858617,-0.0032172047,0,1.0,0.6008102,-1.1409248,-0.05492296,0.27166507,0
4,336,0.6008102,-1.1409248,-0.05492296,0.27166507,1,1.0,0.5779917,-0.94506395,-0.04948966,-0.037822515,0
4,337,0.5779917,-0.94506395,-0.04948966,-0.037822515,0,1.0,0.5590905,-1.1394426,-0.050246112,0.23884441,0
4,338,0.5590905,-1.1394426,-0.050246112,0.23884441,1,1.0,0.5363016,-0.9436401,-0.04546922,-0.06925467,0
4,339,0.5363016,-0.9436401,-0.04546922,-0.06925467,0,1.0,0.5174288,-1.1380817,-0.046854317,0.2087429,0
4,340,0.5174288,-1.1380817,-0.046854317,0.2087429,1,1.0,0.49466717,-0.9423222,-0.04267946,-0.098344244,0
4,341,0.49466717,-0.9423222,-0.04267946,-0.098344244,0,1.0,0.47582075,-1.1368073,-0.04464634,0.1805738,0
4,342,0.47582075,-1.1368073,-0.04464634,0.1805738,1,1.0,0.4530846,-0.94107586,-0.041034866,-0.12585247,0
4,343,0.4530846,-0.94107586,-0.041034866,-0.12585247,0,1.0,0.43426308,-1.1355866,-0.043551914,0.15360725,0
4,344,0.43426308,-1.1355866,-0.043551914,0.15360725,1,1.0,0.41155136,-0.93986905,-0.04047977,-0.152491,0
4,345,0.41155136,-0.93986905,-0.04047977,-0.152491,0,1.0,0.39275396,-1.1343887,-0.043529592,0.12715165,0
4,346,0.39275396,-1.1343887,-0.043529592,0.12715165,1,1.0,0.3700662,-0.93867105,-0.040986557,-0.17894037,0
4,347,0.3700662,-0.93867105,-0.040986557,-0.17894037,0,1.0,0.35129276,-1.1331832,-0.044565365,0.1005362,0
4,348,0.35129276,-1.1331832,-0.044565365,0.1005362,1,1.0,0.3286291,-0.9374519,-0.042554643,-0.20586723,0
4,349,0.3286291,-0.9374519,-0.042554643,-0.20586723,0,1.0,0.30988008,-1.1319402,-0.046671987,0.07309396,0
4,350,0.30988008,-1.1319402,-0.046671987,0.07309396,1,1.0,0.28724125,-0.93618137,-0.04521011,-0.23394123,0
4,351,0.28724125,-0.93618137,-0.04521011,-0.23394123,0,1.0,0.26851764,-1.1306292,-0.04988893,0.04414521,0
4,352,0.26851764,-1.1306292,-0.04988893,0.04414521,1,1.0,0.24590506,-0.93482864,-0.049006026,-0.2638514,0
4,353,0.24590506,-0.93482864,-0.049006026,-0.2638514,0,1.0,0.22720848,-1.1292181,-0.054283056,0.0129807,0
4,354,0.22720848,-1.1292181,-0.054283056,0.0129807,0,1.0,0.20462412,-1.3235213,-0.05402344,0.28805473,0
4,355,0.20462412,-1.3235213,-0.05402344,0.28805473,1,1.0,0.1781537,-1.1276722,-0.048262347,-0.021165453,0
4,356,0.1781537,-1.1276722,-0.048262347,-0.021165453,1,1.0,0.15560025,-0.9318925,-0.048685655,-0.32867664,0
4,357,0.15560025,-0.9318925,-0.048685655,-0.32867664,0,1.0,0.1369624,-1.1262888,-0.055259187,-0.051735662,0
4,358,0.1369624,-1.1262888,-0.055259187,-0.051735662,0,1.0,0.11443662,-1.3205767,-0.0562939,0.22301333,0
4,359,0.11443662,-1.3205767,-0.0562939,0.22301333,1,1.0,0.088025086,-1.1246971,-0.051833637,-0.08688213,0
4,360,0.088025086,-1.1246971,-0.051833637,-0.08688213,0,1.0,0.06553114,-1.3190392,-0.053571276,0.18900727,0
4,361,0.06553114,-1.3190392,-0.053571276,0.18900727,1,1.0,0.03915036,-1.1231935,-0.04979113,-0.120082445,0
4,362,0.03915036,-1.1231935,-0.04979113,-0.120082445,0,1.0,0.01668649,-1.317568,-0.05219278,0.15648545,0
4,363,0.01668649,-1.317568,-0.05219278,0.15648545,1,1.0,-0.009664869,-1.1217391,-0.04906307,-0.15219556,0
4,364,-0.009664869,-1.1217391,-0.04906307,-0.15219556,0,1.0,-0.03209965,-1.3161254,-0.052106984,0.12461432,0
4,365,-0.03209965,-1.3161254,-0.052106984,0.12461432,1,1.0,-0.05842216,-1.1202972,-0.049614698,-0.18404186,0
4,366,-0.05842216,-1.1202972,-0.049614698,-0.18404186,0,1.0,-0.0808281,-1.3146755,-0.053295534,0.09258595,0
4,367,-0.0808281,-1.3146755,-0.053295534,0.09258595,1,1.0,-0.10712161,-1.1188318,-0.051443815,-0.216424,0
4,368,-0.10712161,-1.1188318,-0.051443815,-0.216424,0,1.0,-0.12949824,-1.3131819,-0.055772297,0.059597846,0
4,369,-0.12949824,-1.3131819,-0.055772297,0.059597846,1,1.0,-0.15576188,-1.1173065,-0.05458034,-0.250147,0
4,370,-0.15576188,-1.1173065,-0.05458034,-0.250147,0,1.0,-0.17810802,-1.3116083,-0.05958328,0.024832975,0
4,371,-0.17810802,-1.3116083,-0.05958328,0.024832975,0,1.0,-0.20434017,-1.5058274,-0.059086617,0.29813755,0
4,372,-0.20434017,-1.5058274,-0.059086617,0.29813755,1,1.0,-0.23445673,-1.3099151,-0.05312387,-0.012579386,0
4,373,-0.23445673,-1.3099151,-0.05312387,-0.012579386,1,1.0,-0.26065502,-1.1140732,-0.053375456,-0.321539,0
4,374,-0.26065502,-1.1140732,-0.053375456,-0.321539,0,1.0,-0.28293648,-1.308396,-0.059806235,-0.0461548,0
4,375,-0.28293648,-1.308396,-0.059806235,-0.0461548,0,1.0,-0.3091044,-1.5026116,-0.060729332,0.22707526,0
4,376,-0.3091044,-1.5026116,-0.060729332,0.22707526,1,1.0,-0.33915666,-1.3066767,-0.056187827,-0.08412874,0
4,377,-0.33915666,-1.3066767,-0.056187827,-0.08412874,0,1.0,-0.36529016,-1.5009501,-0.057870403,0.19031094,0
4,378,-0.36529016,-1.5009501,-0.057870403,0.19031094,1,1.0,-0.39530918,-1.30505,-0.054064184,-0.12005164,0
4,379,-0.39530918,-1.30505,-0.054064184,-0.12005164,0,1.0,-0.42141017,-1.4993573,-0.056465216,0.1550964,0
4,380,-0.42141017,-1.4993573,-0.056465216,0.1550964,1,1.0,-0.45139733,-1.3034743,-0.053363286,-0.15485185,0
4,381,-0.45139733,-1.3034743,-0.053363286,-0.15485185,0,1.0,-0.47746682,-1.4977932,-0.056460325,0.12053021,0
4,382,-0.47746682,-1.4977932,-0.056460325,0.12053021,1,1.0,-0.5074227,-1.3019097,-0.05404972,-0.18941738,0
4,383,-0.5074227,-1.3019097,-0.05404972,-0.18941738,0,1.0,-0.53346086,-1.4962184,-0.057838067,0.08573716,0
4,384,-0.53346086,-1.4962184,-0.057838067,0.08573716,1,1.0,-0.56338525,-1.3003172,-0.056123324,-0.22461829,0
4,385,-0.56338525,-1.3003172,-0.056123324,-0.22461829,0,1.0,-0.5893916,-1.494594,-0.060615692,0.049846448,0
4,386,-0.5893916,-1.494594,-0.060615692,0.049846448,0,1.0,-0.61928344,-1.6887966,-0.059618764,0.3228055,0
4,387,-0.61928344,-1.6887966,-0.059618764,0.3228055,1,1.0,-0.6530594,-1.4928787,-0.053162653,0.011933084,0
4,388,-0.6530594,-1.4928787,-0.053162653,0.011933084,0,1.0,-0.682917,-1.6871995,-0.05292399,0.28738004,0
4,389,-0.682917,-1.6871995,-0.05292399,0.28738004,1,1.0,-0.716661,-1.4913644,-0.04717639,-0.02151382,0
4,390,-0.716661,-1.4913644,-0.04717639,-0.02151382,0,1.0,-0.7464883,-1.6857791,-0.047606666,0.25591916,0
4,391,-0.7464883,-1.6857791,-0.047606666,0.25591916,1,1.0,-0.7802038,-1.4900109,-0.042488284,-0.051391505,0
4,392,-0.7802038,-1.4900109,-0.042488284,-0.051391505,0,1.0,-0.81000406,-1.6844987,-0.043516114,0.22758907,0
4,393,-0.81000406,-1.6844987,-0.043516114,0.22758907,1,1.0,-0.84369403,-1.4887828,-0.03896433,-0.07849663,0
4,394,-0.84369403,-1.4887828,-0.03896433,-0.07849663,0,1.0,-0.87346965,-1.683325,-0.040534265,0.20164278,0
4,395,-0.87346965,-1.683325,-0.040534265,0.20164278,1,1.0,-0.9071362,-1.4876475,-0.036501408,-0.10354621,0
4,396,-0.9071362,-1.4876475,-0.036501408,-0.10354621,0,1.0,-0.9368891,-1.682228,-0.038572334,0.17740087,0
4,397,-0.9368891,-1.682228,-0.038572334,0.17740087,1,1.0,-0.97053367,-1.4865758,-0.035024315,-0.12719645,0
4,398,-0.97053367,-1.4865758,-0.035024315,-0.12719645,0,1.0,-1.0002652,-1.6811789,-0.037568245,0.15423422,0
4,399,-1.0002652,-1.6811789,-0.037568245,0.15423422,0,1.0,-1.0338888,-1.8757434,-0.03448356,0.4348325,0
4,400,-1.0338888,-1.8757434,-0.03448356,0.4348325,1,1.0,-1.0714036,-1.6801506,-0.02578691,0.13148168,0
4,401,-1.0714036,-1.6801506,-0.02578691,0.13148168,0,1.0,-1.1050067,-1.8748939,-0.023157276,0.41591892,0
4,402,-1.1050067,-1.8748939,-0.023157276,0.41591892,1,1.0,-1.1425046,-1.6794516,-0.014838898,0.11602635,0
4,403,-1.1425046,-1.6794516,-0.014838898,0.11602635,0,1.0,-1.1760936,-1.8743578,-0.0125183705,0.403991,0
4,404,-1.1760936,-1.8743578,-0.0125183705,0.403991,1,1.0,-1.2135807,-1.6790606,-0.0044385497,0.107387826,0
4,405,-1.2135807,-1.6790606,-0.0044385497,0.107387826,1,1.0,-1.247162,-1.4838753,-0.0022907932,-0.18669213,0
4,406,-1.247162,-1.4838753,-0.0022907932,-0.18669213,0,1.0,-1.2768395,-1.6789644,-0.006024636,0.105267264,0
4,407,-1.2768395,-1.6789644,-0.006024636,0.105267264,0,1.0,-1.3104187,-1.8739995,-0.0039192904,0.39604336,0
4,408,-1.3104187,-1.8739995,-0.0039192904,0.39604336,1,1.0,-1.3478987,-1.6788222,0.004001577,0.102127336,0
4,409,-1.3478987,-1.6788222,0.004001577,0.102127336,1,1.0,-1.3814752,-1.4837577,0.006044124,-0.18929042,0
4,410,-1.3814752,-1.4837577,0.006044124,-0.18929042,0,1.0,-1.4111503,-1.6789657,0.0022583152,0.105293036,0
4,411,-1.4111503,-1.6789657,0.0022583152,0.105293036,1,1.0,-1.4447297,-1.4838761,0.0043641757,-0.18667655,0
4,412,-1.4447297,-1.4838761,0.0043641757,-0.18667655,0,1.0,-1.4744072,-1.6790602,0.000630645,0.107379906,0
4,413,-1.4744072,-1.6790602,0.000630645,0.107379906,0,1.0,-1.5079883,-1.8741913,0.0027782433,0.40026173,0
4,414,-1.5079883,-1.8741913,0.0027782433,0.40026173,1,1.0,-1.5454721,-1.6791089,0.010783478,0.10845602,0
4,415,-1.5454721,-1.6791089,0.010783478,0.10845602,1,1.0,-1.5790544,-1.484143,0.012952599,-0.18080536,0
4,416,-1.5790544,-1.484143,0.012952599,-0.18080536,0,1.0,-1.6087372,-1.6794479,0.009336491,0.11593534,0
4,417,-1.6087372,-1.6794479,0.009336491,0.11593534,1,1.0,-1.6423262,-1.484461,0.0116551975,-0.17378743,0
4,418,-1.6423262,-1.484461,0.0116551975,-0.17378743,0,1.0,-1.6720154,-1.6797478,0.0081794495,0.12254943,0
4,419,-1.6720154,-1.6797478,0.0081794495,0.12254943,1,1.0,-1.7056104,-1.484744,0.010630438,-0.16754179,0
4,420,-1.7056104,-1.484744,0.010630438,-0.16754179,0,1.0,-1.7353052,-1.6800165,0.0072796023,0.1284757,0
4,421,-1.7353052,-1.6800165,0.0072796023,0.1284757,1,1.0,-1.7689055,-1.4849995,0.009849116,-0.16190174,0
4,422,-1.7689055,-1.4849995,0.009849116,-0.16190174,0,1.0,-1.7986056,-1.6802611,0.0066110813,0.13387197,0
4,423,-1.7986056,-1.6802611,0.0066110813,0.13387197,0,1.0,-1.8322108,-1.8754771,0.009288521,0.42863324,0
4,424,-1.8322108,-1.8754771,0.009288521,0.42863324,1,1.0,-1.8697203,-1.680488,0.017861186,0.13889289,0
4,425,-1.8697203,-1.680488,0.017861186,0.13889289,1,1.0,-1.9033301,-1.4856263,0.020639043,-0.14810205,0
4,426,-1.9033301,-1.4856263,0.020639043,-0.14810205,0,1.0,-1.9330426,-1.6810377,0.017677002,0.15101998,0
4,427,-1.9330426,-1.6810377,0.017677002,0.15101998,1,1.0,-1.9666634,-1.4861732,0.020697402,-0.13603424,0
4,428,-1.9666634,-1.4861732,0.020697402,-0.13603424,0,1.0,-1.9963869,-1.6815854,0.017976718,0.16310589,0
4,429,-1.9963869,-1.6815854,0.017976718,0.16310589,1,1.0,-2.0300186,-1.4867253,0.021238836,-0.1238521,0
4,430,-2.0300186,-1.4867253,0.021238836,-0.1238521,0,1.0,-2.059753,-1.682145,0.018761793,0.17545508,0
4,431,-2.059753,-1.682145,0.018761793,0.17545508,1,1.0,-2.093396,-1.4872966,0.022270894,-0.11125058,0
4,432,-2.093396,-1.4872966,0.022270894,-0.11125058,1,1.0,-2.1231418,-1.2925007,0.020045882,-0.3968248,0
4,433,-2.1231418,-1.2925007,0.020045882,-0.3968248,0,1.0,-2.1489918,-1.4879012,0.012109387,-0.097889796,0
4,434,-2.1489918,-1.4879012,0.012109387,-0.097889796,0,1.0,-2.1787498,-1.6831946,0.010151591,0.1985889,0
4,435,-2.1787498,-1.6831946,0.010151591,0.1985889,1,1.0,-2.2124138,-1.4882194,0.014123369,-0.09087446,0
4,436,-2.2124138,-1.4882194,0.014123369,-0.09087446,0,1.0,-2.2421782,-1.6835408,0.012305879,0.20623071,0
4,437,-2.2421782,-1.6835408,0.012305879,0.20623071,1,1.0,-2.275849,-1.488597,0.016430493,-0.082545064,0
4,438,-2.275849,-1.488597,0.016430493,-0.082545064,0,1.0,-2.305621,-1.6839505,0.014779593,0.2152761,0
4,439,-2.305621,-1.6839505,0.014779593,0.2152761,1,1.0,-2.3393,-1.489043,0.019085115,-0.07270829,0
4,440,-2.3393,-1.489043,0.019085115,-0.07270829,0,1.0,-2.3690808,-1.6844333,0.01763095,0.22593445,0
4,441,-2.3690808,-1.6844333,0.01763095,0.22593445,1,1.0,-2.4027696,-1.4895678,0.022149637,-0.06113528,1
5,0,-0.041778084,0.043056205,-0.021271598,0.013855805,0,1.0,-0.040916957,-0.15175433,-0.02099448,0.29975212,0
5,1,-0.040916957,-0.15175433,-0.02099448,0.29975212,0,1.0,-0.043952044,-0.34657082,-0.014999439,0.58574057,0
5,2,-0.043952044,-0.34657082,-0.014999439,0.58574057,1,1.0,-0.05088346,-0.15124203,-0.0032846276,0.28837064,0
5,3,-0.05088346,-0.15124203,-0.0032846276,0.28837064,0,1.0,-0.053908303,-0.346317,0.0024827854,0.58001584,0
5,4,-0.053908303,-0.346317,0.0024827854,0.58001584,1,1.0,-0.060834642,-0.15122992,0.014083101,0.28811607,0
5,5,-0.060834642,-0.15122992,0.014083101,0.28811607,1,1.0,-0.06385924,0.043688394,0.019845422,-9.212917e-05,0
5,6,-0.06385924,0.043688394,0.019845422,-9.212917e-05,1,1.0,-0.06298547,0.23852019,0.01984358,-0.28644812,0
5,7,-0.06298547,0.23852019,0.01984358,-0.28644812,0,1.0,-0.05821507,0.04312095,0.014114618,0.012426683,0
5,8,-0.05821507,0.04312095,0.014114618,0.012426683,0,1.0,-0.05735265,-0.15220055,0.014363152,0.3095293,0
5,9,-0.05735265,-0.15220055,0.014363152,0.3095293,1,1.0,-0.06039666,0.04271384,0.020553738,0.0214105,0
5,10,-0.06039666,0.04271384,0.020553738,0.0214105,1,1.0,-0.059542384,0.23753509,0.020981949,-0.26471728,0
5,11,-0.059542384,0.23753509,0.020981949,-0.26471728,0,1.0,-0.05479168,0.042120047,0.015687602,0.03450901,0
5,12,-0.05479168,0.042120047,0.015687602,0.03450901,0,1.0,-0.05394928,-0.15322332,0.016377782,0.33209997,0
5,13,-0.05394928,-0.15322332,0.016377782,0.33209997,1,1.0,-0.057013746,0.041661732,0.023019781,0.04462645,0
5,14,-0.057013746,0.041661732,0.023019781,0.04462645,1,1.0,-0.056180514,0.23644616,0.02391231,-0.24070556,0
5,15,-0.056180514,0.23644616,0.02391231,-0.24070556,0,1.0,-0.05145159,0.040990926,0.0190982,0.059423022,0
5,16,-0.05145159,0.040990926,0.0190982,0.059423022,1,1.0,-0.050631773,0.23583391,0.02028666,-0.22717363,0
5,17,-0.050631773,0.23583391,0.02028666,-0.22717363,0,1.0,-0.045915093,0.04042801,0.015743187,0.07183878,0
5,18,-0.045915093,0.04042801,0.015743187,0.07183878,1,1.0,-0.045106534,0.23532076,0.017179964,-0.21583581,0
5,19,-0.045106534,0.23532076,0.017179964,-0.21583581,0,1.0,-0.040400118,0.03995747,0.012863247,0.08221654,0
5,20,-0.040400118,0.03995747,0.012863247,0.08221654,0,1.0,-0.03960097,-0.15534648,0.014507578,0.37892994,0
5,21,-0.03960097,-0.15534648,0.014507578,0.37892994,1,1.0,-0.042707898,0.039566465,0.022086177,0.09085634,0
5,22,-0.042707898,0.039566465,0.022086177,0.09085634,1,1.0,-0.041916568,0.234365,0.023903303,-0.19477738,0
5,23,-0.041916568,0.234365,0.023903303,-0.19477738,0,1.0,-0.03722927,0.03890942,0.020007756,0.10534913,0
5,24,-0.03722927,0.03890942,0.020007756,0.10534913,1,1.0,-0.03645108,0.23373902,0.022114739,-0.18095489,0
5,25,-0.03645108,0.23373902,0.022114739,-0.18095489,0,1.0,-0.0317763,0.03830771,0.01849564,0.118621595,0
5,26,-0.0317763,0.03830771,0.01849564,0.118621595,1,1.0,-0.031010145,0.23315984,0.020868072,-0.1681692,0
5,27,-0.031010145,0.23315984,0.020868072,-0.1681692,0,1.0,-0.02634695,0.037745506,0.017504688,0.13102326,0
5,28,-0.02634695,0.037745506,0.017504688,0.13102326,1,1.0,-0.025592038,0.23261239,0.020125153,-0.15608618,0
5,29,-0.025592038,0.23261239,0.020125153,-0.15608618,0,1.0,-0.020939792,0.037208162,0.01700343,0.1428772,0
5,30,-0.020939792,0.037208162,0.01700343,0.1428772,1,1.0,-0.020195628,0.23208252,0.019860974,-0.14439331,0
5,31,-0.020195628,0.23208252,0.019860974,-0.14439331,0,1.0,-0.015553977,0.036681853,0.016973108,0.15448862,0
5,32,-0.015553977,0.036681853,0.016973108,0.15448862,1,1.0,-0.01482034,0.23155671,0.02006288,-0.13279171,0
5,33,-0.01482034,0.23155671,0.02006288,-0.13279171,0,1.0,-0.010189206,0.036153212,0.017407047,0.16615264,0
5,34,-0.010189206,0.036153212,0.017407047,0.16615264,1,1.0,-0.009466141,0.23102172,0.020730099,-0.12098841,0
5,35,-0.009466141,0.23102172,0.020730099,-0.12098841,0,1.0,-0.004845707,0.035608996,0.01831033,0.1781619,0
5,36,-0.004845707,0.035608996,0.01831033,0.1781619,1,1.0,-0.0041335276,0.23046419,0.02187357,-0.108688965,0
5,37,-0.0041335276,0.23046419,0.02187357,-0.108688965,0,1.0,0.0004757565,0.035035737,0.01969979,0.19081391,0
5,38,0.0004757565,0.035035737,0.01969979,0.19081391,1,1.0,0.0011764712,0.22987041,0.023516068,-0.09559002,0
5,39,0.0011764712,0.22987041,0.023516068,-0.09559002,0,1.0,0.0057738796,0.034419443,0.021604268,0.20441845,0
5,40,0.0057738796,0.034419443,0.021604268,0.20441845,1,1.0,0.006462268,0.22922587,0.025692636,-0.08137185,0
5,41,0.006462268,0.22922587,0.025692636,-0.08137185,0,1.0,0.011046786,0.03374523,0.0240652,0.21930516,0
5,42,0.011046786,0.03374523,0.0240652,0.21930516,1,1.0,0.01172169,0.22851506,0.028451303,-0.06569051,0
5,43,0.01172169,0.22851506,0.028451303,-0.06569051,0,1.0,0.01629199,0.032996994,0.027137492,0.23583145,0
5,44,0.01629199,0.032996994,0.027137492,0.23583145,1,1.0,0.016951932,0.22772093,0.031854123,-0.048169456,0
5,45,0.016951932,0.22772093,0.031854123,-0.048169456,1,1.0,0.02150635,0.42237198,0.030890733,-0.3306344,0
5,46,0.02150635,0.42237198,0.030890733,-0.3306344,0,1.0,0.029953789,0.22682422,0.024278045,-0.028372275,0
5,47,0.029953789,0.22682422,0.024278045,-0.028372275,0,1.0,0.034490272,0.031362683,0.0237106,0.2718707,0
5,48,0.034490272,0.031362683,0.0237106,0.2718707,1,1.0,0.03511753,0.22613841,0.029148012,-0.013240523,0
5,49,0.03511753,0.22613841,0.029148012,-0.013240523,1,1.0,0.039640296,0.4208305,0.028883202,-0.29658628,0
5,50,0.039640296,0.4208305,0.028883202,-0.29658628,0,1.0,0.048056904,0.22530894,0.022951478,0.0050641913,0
5,51,0.048056904,0.22530894,0.022951478,0.0050641913,0,1.0,0.052563086,0.029865483,0.023052761,0.3048993,0
5,52,0.052563086,0.029865483,0.023052761,0.3048993,1,1.0,0.053160395,0.22465146,0.029150747,0.019574894,0
5,53,0.053160395,0.22465146,0.029150747,0.019574894,1,1.0,0.057653423,0.4193435,0.029542245,-0.26376998,0
5,54,0.057653423,0.4193435,0.029542245,-0.26376998,0,1.0,0.06604029,0.2238126,0.024266846,0.038082547,0
5,55,0.06604029,0.2238126,0.024266846,0.038082547,1,1.0,0.07051654,0.4185783,0.025028497,-0.24684624,0
5,56,0.07051654,0.4185783,0.025028497,-0.24684624,0,1.0,0.07888811,0.22310801,0.02009157,0.053624984,0
5,57,0.07888811,0.22310801,0.02009157,0.053624984,0,1.0,0.08335027,0.027703814,0.02116407,0.35257864,0
5,58,0.08335027,0.027703814,0.02116407,0.35257864,1,1.0,0.08390435,0.22251852,0.028215645,0.0666438,0
5,59,0.08390435,0.22251852,0.028215645,0.0666438,1,1.0,0.088354714,0.41722482,0.02954852,-0.2170051,0
5,60,0.088354714,0.41722482,0.02954852,-0.2170051,0,1.0,0.096699215,0.22169319,0.025208417,0.08485031,0
5,61,0.096699215,0.22169319,0.025208417,0.08485031,1,1.0,0.10113308,0.4164449,0.026905425,-0.19977394,0
5,62,0.10113308,0.4164449,0.026905425,-0.19977394,0,1.0,0.10946198,0.22094865,0.022909945,0.101273514,0
5,63,0.10946198,0.22094865,0.022909945,0.101273514,1,1.0,0.11388095,0.41573492,0.024935415,-0.18409427,0
5,64,0.11388095,0.41573492,0.024935415,-0.18409427,0,1.0,0.122195646,0.22026521,0.02125353,0.11634939,0
5,65,0.122195646,0.22026521,0.02125353,0.11634939,1,1.0,0.12660095,0.4150763,0.02358052,-0.16955316,0
5,66,0.12660095,0.4150763,0.02358052,-0.16955316,0,1.0,0.13490248,0.21962489,0.020189455,0.13047445,0
5,67,0.13490248,0.21962489,0.020189455,0.13047445,1,1.0,0.13929498,0.4144519,0.022798944,-0.15577121,0
5,68,0.13929498,0.4144519,0.022798944,-0.15577121,0,1.0,0.147584,0.21901107,0.01968352,0.14401618,0
5,69,0.147584,0.21901107,0.01968352,0.14401618,1,1.0,0.15196423,0.4138457,0.022563843,-0.14239255,0
5,70,0.15196423,0.4138457,0.022563843,-0.14239255,0,1.0,0.16024114,0.21840796,0.019715993,0.1573226,0
5,71,0.16024114,0.21840796,0.019715993,0.1573226,1,1.0,0.16460931,0.41324216,0.022862446,-0.12907578,0
5,72,0.16460931,0.41324216,0.022862446,-0.12907578,0,1.0,0.17287415,0.21780029,0.02028093,0.1707314,0
5,73,0.17287415,0.21780029,0.02028093,0.1707314,1,1.0,0.17723015,0.41262618,0.023695556,-0.115485154,0
5,74,0.17723015,0.41262618,0.023695556,-0.115485154,0,1.0,0.18548268,0.21717286,0.021385854,0.18457836,0
5,75,0.18548268,0.21717286,0.021385854,0.18457836,1,1.0,0.18982613,0.4119824,0.025077421,-0.10128216,0
5,76,0.18982613,0.4119824,0.025077421,-0.10128216,0,1.0,0.19806579,0.21651019,0.023051778,0.19920595,0
5,77,0.19806579,0.21651019,0.023051778,0.19920595,1,1.0,0.20239599,0.411295,0.027035898,-0.08611699,0
5,78,0.20239599,0.411295,0.027035898,-0.08611699,0,1.0,0.2106219,0.21579614,0.025313558,0.21497169,0
5,79,0.2106219,0.21579614,0.025313558,0.21497169,1,1.0,0.2149378,0.41054723,0.029612992,-0.069619946,0
5,80,0.2149378,0.41054723,0.029612992,-0.069619946,0,1.0,0.22314876,0.21501352,0.028220592,0.23225698,0
5,81,0.22314876,0.21501352,0.028220592,0.23225698,1,1.0,0.22744903,0.4097211,0.032865733,-0.051392354,0
5,82,0.22744903,0.4097211,0.032865733,-0.051392354,1,1.0,0.23564345,0.60435677,0.031837884,-0.3335274,0
5,83,0.23564345,0.60435677,0.031837884,-0.3335274,0,1.0,0.24773058,0.40879646,0.025167337,-0.030976854,0
5,84,0.24773058,0.40879646,0.025167337,-0.030976854,1,1.0,0.25590652,0.60354865,0.0245478,-0.31561416,0
5,85,0.25590652,0.60354865,0.0245478,-0.31561416,0,1.0,0.26797748,0.40808576,0.018235516,-0.015291895,0
5,86,0.26797748,0.40808576,0.018235516,-0.015291895,0,1.0,0.2761392,0.2127071,0.017929679,0.28308833,0
5,87,0.2761392,0.2127071,0.017929679,0.28308833,1,1.0,0.28039333,0.40756878,0.023591444,-0.0038861935,0
5,88,0.28039333,0.40756878,0.023591444,-0.0038861935,1,1.0,0.2885447,0.60234463,0.023513721,-0.28903338,0
5,89,0.2885447,0.60234463,0.023513721,-0.28903338,0,1.0,0.30059162,0.40689537,0.017733054,0.010971824,0
5,90,0.30059162,0.40689537,0.017733054,0.010971824,0,1.0,0.30872953,0.21152367,0.01795249,0.30919656,0
5,91,0.30872953,0.21152367,0.01795249,0.30919656,1,1.0,0.31296,0.40638527,0.024136422,0.022228988,0
5,92,0.31296,0.40638527,0.024136422,0.022228988,1,1.0,0.3210877,0.6011529,0.024581002,-0.26274195,0
5,93,0.3210877,0.6011529,0.024581002,-0.26274195,0,1.0,0.33311075,0.40568888,0.019326162,0.03759161,0
5,94,0.33311075,0.40568888,0.019326162,0.03759161,1,1.0,0.34122452,0.6005284,0.020077994,-0.24893162,0
5,95,0.34122452,0.6005284,0.020077994,-0.24893162,0,1.0,0.3532351,0.4051256,0.015099362,0.050016113,0
5,96,0.3532351,0.4051256,0.015099362,0.050016113,1,1.0,0.3613376,0.6000278,0.016099684,-0.23786485,0
5,97,0.3613376,0.6000278,0.016099684,-0.23786485,0,1.0,0.37333816,0.4046796,0.011342387,0.059852593,0
5,98,0.37333816,0.4046796,0.011342387,0.059852593,0,1.0,0.38143176,0.20939688,0.012539439,0.35609242,0
5,99,0.38143176,0.20939688,0.012539439,0.35609242,1,1.0,0.3856197,0.40433833,0.019661287,0.06738975,0
5,100,0.3856197,0.40433833,0.019661287,0.06738975,1,1.0,0.39370647,0.59917295,0.021009082,-0.21902566,0
5,101,0.39370647,0.59917295,0.021009082,-0.21902566,0,1.0,0.40568992,0.4037571,0.016628569,0.08020967,0
5,102,0.40568992,0.4037571,0.016628569,0.08020967,1,1.0,0.41376507,0.59863675,0.018232763,-0.20718086,0
5,103,0.41376507,0.59863675,0.018232763,-0.20718086,0,1.0,0.4257378,0.4032589,0.014089146,0.09119736,0
5,104,0.4257378,0.4032589,0.014089146,0.09119736,1,1.0,0.433803,0.5981761,0.015913093,-0.19700736,0
5,105,0.433803,0.5981761,0.015913093,-0.19700736,0,1.0,0.4457665,0.40283018,0.011972945,0.10065266,0
5,106,0.4457665,0.40283018,0.011972945,0.10065266,1,1.0,0.45382312,0.59777856,0.013985999,-0.18822892,0
5,107,0.45382312,0.59777856,0.013985999,-0.18822892,0,1.0,0.46577868,0.4024593,0.01022142,0.108833015,0
5,108,0.46577868,0.4024593,0.01022142,0.108833015,1,1.0,0.47382787,0.5974333,0.012398081,-0.18060766,0
5,109,0.47382787,0.5974333,0.012398081,-0.18060766,0,1.0,0.48577654,0.40213615,0.008785928,0.11596049,0
5,110,0.48577654,0.40213615,0.008785928,0.11596049,1,1.0,0.49381927,0.59713113,0.011105137,-0.17393765,0
5,111,0.49381927,0.59713113,0.011105137,-0.17393765,0,1.0,0.50576186,0.401852,0.0076263845,0.12222781,0
5,112,0.50576186,0.401852,0.0076263845,0.12222781,1,1.0,0.5137989,0.59686387,0.0100709405,-0.16803935,0
5,113,0.5137989,0.59686387,0.0100709405,-0.16803935,0,1.0,0.5257362,0.40159923,0.0067101535,0.12780358,0
5,114,0.5257362,0.40159923,0.0067101535,0.12780358,1,1.0,0.5337682,0.59662443,0.009266226,-0.16275485,0
5,115,0.5337682,0.59662443,0.009266226,-0.16275485,0,1.0,0.54570067,0.40137103,0.0060111284,0.13283686,0
5,116,0.54570067,0.40137103,0.0060111284,0.13283686,1,1.0,0.5537281,0.5964064,0.008667866,-0.15794359,0
5,117,0.5537281,0.5964064,0.008667866,-0.15794359,0,1.0,0.5656562,0.4011614,0.005508994,0.13746119,0
5,118,0.5656562,0.4011614,0.005508994,0.13746119,1,1.0,0.57367945,0.59620404,0.008258218,-0.15347865,0
5,119,0.57367945,0.59620404,0.008258218,-0.15347865,0,1.0,0.58560354,0.4009648,0.005188645,0.14179806,0
5,120,0.58560354,0.4009648,0.005188645,0.14179806,1,1.0,0.5936228,0.59601206,0.008024606,-0.14924341,0
5,121,0.5936228,0.59601206,0.008024606,-0.14924341,0,1.0,0.6055431,0.40077612,0.0050397376,0.14596026,0
5,122,0.6055431,0.40077612,0.0050397376,0.14596026,1,1.0,0.6135586,0.59582555,0.007958943,-0.14512847,0
5,123,0.6135586,0.59582555,0.007958943,-0.14512847,0,1.0,0.6254751,0.4005905,0.0050563733,0.1500547,0
5,124,0.6254751,0.4005905,0.0050563733,0.1500547,1,1.0,0.6334869,0.5956397,0.008057468,-0.14102878,0
5,125,0.6334869,0.5956397,0.008057468,-0.14102878,1,1.0,0.6453997,0.79064536,0.0052368916,-0.43115887,0
5,126,0.6453997,0.79064536,0.0052368916,-0.43115887,0,1.0,0.6612126,0.5954496,-0.0033862854,-0.13682966,0
5,127,0.6612126,0.5954496,-0.0033862854,-0.13682966,0,1.0,0.6731216,0.40037635,-0.0061228788,0.15478303,0
5,128,0.6731216,0.40037635,-0.0061228788,0.15478303,1,1.0,0.6811291,0.5955854,-0.0030272184,-0.13982522,0
5,129,0.6811291,0.5955854,-0.0030272184,-0.13982522,0,1.0,0.69304085,0.40050694,-0.005823723,0.15190113,0
5,130,0.69304085,0.40050694,-0.005823723,0.15190113,1,1.0,0.701051,0.5957118,-0.0027857004,-0.14261335,0
5,131,0.701051,0.5957118,-0.0027857004,-0.14261335,0,1.0,0.7129652,0.40062985,-0.0056379675,0.14918943,0
5,132,0.7129652,0.40062985,-0.0056379675,0.14918943,1,1.0,0.7209778,0.5958321,-0.0026541788,-0.14526682,0
5,133,0.7209778,0.5958321,-0.0026541788,-0.14526682,0,1.0,0.7328944,0.40074825,-0.005559515,0.1465776,0
5,134,0.7328944,0.40074825,-0.005559515,0.1465776,1,1.0,0.7409094,0.59594935,-0.0026279632,-0.14785406,0
5,135,0.7409094,0.59594935,-0.0026279632,-0.14785406,0,1.0,0.7528284,0.40086517,-0.0055850446,0.14399864,0
5,136,0.7528284,0.40086517,-0.0055850446,0.14399864,1,1.0,0.7608457,0.59606665,-0.0027050716,-0.15044102,0
5,137,0.7608457,0.59606665,-0.0027050716,-0.15044102,0,1.0,0.772767,0.40098354,-0.005713892,0.14138728,0
5,138,0.772767,0.40098354,-0.005713892,0.14138728,1,1.0,0.7807867,0.5961869,-0.0028861463,-0.15309279,0
5,139,0.7807867,0.5961869,-0.0028861463,-0.15309279,0,1.0,0.7927104,0.40110633,-0.005948002,0.13867824,0
5,140,0.7927104,0.40110633,-0.005948002,0.13867824,1,1.0,0.80073255,0.596313,-0.0031744374,-0.15587525,0
5,141,0.80073255,0.596313,-0.0031744374,-0.15587525,0,1.0,0.81265885,0.40123662,-0.006291942,0.13580453,0
5,142,0.81265885,0.40123662,-0.006291942,0.13580453,1,1.0,0.82068354,0.5964481,-0.0035758517,-0.15885675,0
5,143,0.82068354,0.5964481,-0.0035758517,-0.15885675,0,1.0,0.8326125,0.40137756,-0.0067529865,0.13269594,0
5,144,0.8326125,0.40137756,-0.0067529865,0.13269594,1,1.0,0.84064007,0.5965956,-0.0040990678,-0.16210979,0
5,145,0.84064007,0.5965956,-0.0040990678,-0.16210979,0,1.0,0.85257196,0.40153256,-0.0073412634,0.12927718,0
5,146,0.85257196,0.40153256,-0.0073412634,0.12927718,1,1.0,0.8606026,0.5967589,-0.00475572,-0.16571276,0
5,147,0.8606026,0.5967589,-0.00475572,-0.16571276,0,1.0,0.8725378,0.40170532,-0.008069975,0.1254661,0
5,148,0.8725378,0.40170532,-0.008069975,0.1254661,1,1.0,0.8805719,0.59694195,-0.0055606533,-0.16975187,0
5,149,0.8805719,0.59694195,-0.0055606533,-0.16975187,0,1.0,0.8925108,0.40190005,-0.00895569,0.12117167,0
5,150,0.8925108,0.40190005,-0.00895569,0.12117167,1,1.0,0.90054876,0.59714913,-0.006532257,-0.17432319,0
5,151,0.90054876,0.59714913,-0.006532257,-0.17432319,0,1.0,0.91249174,0.4021213,-0.01001872,0.11629189,0
5,152,0.91249174,0.4021213,-0.01001872,0.11629189,1,1.0,0.9205342,0.59738535,-0.007692883,-0.17953496,0
5,153,0.9205342,0.59738535,-0.007692883,-0.17953496,0,1.0,0.9324819,0.40237433,-0.011283582,0.11071125,0
5,154,0.9324819,0.40237433,-0.011283582,0.11071125,1,1.0,0.94052935,0.59765613,-0.009069357,-0.18551011,0
5,155,0.94052935,0.59765613,-0.009069357,-0.18551011,0,1.0,0.95248246,0.4026651,-0.012779559,0.10429803,0
5,156,0.95248246,0.4026651,-0.012779559,0.10429803,1,1.0,0.96053576,0.59796786,-0.010693599,-0.19238925,0
5,157,0.96053576,0.59796786,-0.010693599,-0.19238925,0,1.0,0.97249514,0.4030005,-0.014541384,0.09690121,0
5,158,0.97249514,0.4030005,-0.014541384,0.09690121,1,1.0,0.9805552,0.5983278,-0.012603359,-0.2003338,0
5,159,0.9805552,0.5983278,-0.012603359,-0.2003338,0,1.0,0.9925217,0.40338835,-0.016610036,0.08834686,0
5,160,0.9925217,0.40338835,-0.016610036,0.08834686,1,1.0,1.0005895,0.5987444,-0.014843098,-0.20952992,0
5,161,1.0005895,0.5987444,-0.014843098,-0.20952992,0,1.0,1.0125644,0.4038378,-0.019033697,0.07843407,0
5,162,1.0125644,0.4038378,-0.019033697,0.07843407,1,1.0,1.0206411,0.59922737,-0.017465016,-0.22019276,0
5,163,1.0206411,0.59922737,-0.017465016,-0.22019276,0,1.0,1.0326257,0.40435937,-0.02186887,0.06693022,0
5,164,1.0326257,0.40435937,-0.02186887,0.06693022,1,1.0,1.0407128,0.5997879,-0.020530267,-0.23257144,0
5,165,1.0407128,0.5997879,-0.020530267,-0.23257144,0,1.0,1.0527086,0.40496525,-0.025181694,0.05356551,0
5,166,1.0527086,0.40496525,-0.025181694,0.05356551,1,1.0,1.060808,0.6004391,-0.024110384,-0.24695487,0
5,167,1.060808,0.6004391,-0.024110384,-0.24695487,0,1.0,1.0728167,0.40566957,-0.029049482,0.038026642,0
5,168,1.0728167,0.40566957,-0.029049482,0.038026642,1,1.0,1.0809301,0.6011958,-0.02828895,-0.26367828,0
5,169,1.0809301,0.6011958,-0.02828895,-0.26367828,0,1.0,1.092954,0.4064888,-0.033562515,0.019949486,0
5,170,1.092954,0.4064888,-0.033562515,0.019949486,1,1.0,1.1010838,0.60207564,-0.033163525,-0.283131,0
5,171,1.1010838,0.60207564,-0.033163525,-0.283131,0,1.0,1.1131253,0.407442,-0.038826145,-0.0010894029,0
5,172,1.1131253,0.407442,-0.038826145,-0.0010894029,0,1.0,1.1212741,0.21289776,-0.038847934,0.27909502,0
5,173,1.1212741,0.21289776,-0.038847934,0.27909502,1,1.0,1.1255322,0.40855172,-0.033266034,-0.025582952,0
5,174,1.1255322,0.40855172,-0.033266034,-0.025582952,1,1.0,1.1337031,0.60413456,-0.03377769,-0.3285733,0
5,175,1.1337031,0.60413456,-0.03377769,-0.3285733,0,1.0,1.1457858,0.40950936,-0.04034916,-0.046730753,0
5,176,1.1457858,0.40950936,-0.04034916,-0.046730753,0,1.0,1.153976,0.21498851,-0.041283775,0.2329536,0
5,177,1.153976,0.21498851,-0.041283775,0.2329536,1,1.0,1.1582757,0.4106753,-0.0366247,-0.07246045,0
5,178,1.1582757,0.4106753,-0.0366247,-0.07246045,1,1.0,1.1664892,0.6063026,-0.038073912,-0.37646994,0
5,179,1.1664892,0.6063026,-0.038073912,-0.37646994,0,1.0,1.1786153,0.41174155,-0.04560331,-0.09603087,0
5,180,1.1786153,0.41174155,-0.04560331,-0.09603087,0,1.0,1.1868502,0.21730188,-0.047523927,0.1819227,0
5,181,1.1868502,0.21730188,-0.047523927,0.1819227,1,1.0,1.1911962,0.4130705,-0.043885473,-0.12536547,0
5,182,1.1911962,0.4130705,-0.043885473,-0.12536547,0,1.0,1.1994576,0.21860385,-0.046392784,0.15315549,0
5,183,1.1994576,0.21860385,-0.046392784,0.15315549,1,1.0,1.2038296,0.41435832,-0.04332967,-0.15379485,0
5,184,1.2038296,0.41435832,-0.04332967,-0.15379485,0,1.0,1.2121168,0.2198827,-0.04640557,0.12490983,0
5,185,1.2121168,0.2198827,-0.04640557,0.12490983,1,1.0,1.2165145,0.41563767,-0.043907374,-0.1820449,0
5,186,1.2165145,0.41563767,-0.043907374,-0.1820449,0,1.0,1.2248273,0.22117062,-0.04754827,0.09646996,0
5,187,1.2248273,0.22117062,-0.04754827,0.09646996,1,1.0,1.2292507,0.41694066,-0.045618873,-0.21082714,0
5,188,1.2292507,0.41694066,-0.045618873,-0.21082714,0,1.0,1.2375895,0.22249965,-0.049835414,0.067123644,0
5,189,1.2375895,0.22249965,-0.049835414,0.067123644,1,1.0,1.2420394,0.41829938,-0.048492942,-0.24085683,0
5,190,1.2420394,0.41829938,-0.048492942,-0.24085683,0,1.0,1.2504054,0.22390246,-0.053310078,0.036144394,0
5,191,1.2504054,0.22390246,-0.053310078,0.036144394,1,1.0,1.2548835,0.41974676,-0.05258719,-0.27287045,0
5,192,1.2548835,0.41974676,-0.05258719,-0.27287045,0,1.0,1.2632785,0.22541305,-0.058044598,0.0027736214,0
5,193,1.2632785,0.22541305,-0.058044598,0.0027736214,0,1.0,1.2677867,0.031169515,-0.057989128,0.2765927,0
5,194,1.2677867,0.031169515,-0.057989128,0.2765927,1,1.0,1.2684101,0.22706878,-0.052457273,-0.033801503,0
5,195,1.2684101,0.22706878,-0.052457273,-0.033801503,1,1.0,1.2729515,0.42290223,-0.0531333,-0.34256294,0
5,196,1.2729515,0.42290223,-0.0531333,-0.34256294,0,1.0,1.2814095,0.22857486,-0.05998456,-0.06709712,0
5,197,1.2814095,0.22857486,-0.05998456,-0.06709712,0,1.0,1.285981,0.03436192,-0.061326504,0.20607345,0
5,198,1.285981,0.03436192,-0.061326504,0.20607345,0,1.0,1.2866683,-0.15983188,-0.057205036,0.47879788,0
5,199,1.2866683,-0.15983188,-0.057205036,0.47879788,1,1.0,1.2834716,0.036049042,-0.047629077,0.168648,0
5,200,1.2834716,0.036049042,-0.047629077,0.168648,1,1.0,1.2841926,0.23181924,-0.044256117,-0.13867193,0
5,201,1.2841926,0.23181924,-0.044256117,-0.13867193,1,1.0,1.288829,0.4275462,-0.047029555,-0.44498196,0
5,202,1.288829,0.4275462,-0.047029555,-0.44498196,0,1.0,1.29738,0.23312008,-0.055929195,-0.16748683,0
5,203,1.29738,0.23312008,-0.055929195,-0.16748683,0,1.0,1.3020424,0.03884146,-0.05927893,0.107040815,0
5,204,1.3020424,0.03884146,-0.05927893,0.107040815,1,1.0,1.3028191,0.23476058,-0.057138115,-0.20373948,0
5,205,1.3028191,0.23476058,-0.057138115,-0.20373948,0,1.0,1.3075143,0.040500343,-0.061212905,0.07038589,0
5,206,1.3075143,0.040500343,-0.061212905,0.07038589,0,1.0,1.3083243,-0.15369304,-0.05980519,0.34314504,0
5,207,1.3083243,-0.15369304,-0.05980519,0.34314504,1,1.0,1.3052505,0.042226486,-0.052942287,0.032218903,0
5,208,1.3052505,0.042226486,-0.052942287,0.032218903,1,1.0,1.306095,0.2380661,-0.05229791,-0.2766867,0
5,209,1.306095,0.2380661,-0.05229791,-0.2766867,0,1.0,1.3108563,0.04372777,-0.05783164,-0.00094632973,0
5,210,1.3108563,0.04372777,-0.05783164,-0.00094632973,1,1.0,1.3117309,0.23962937,-0.05785057,-0.31130052,0
5,211,1.3117309,0.23962937,-0.05785057,-0.31130052,0,1.0,1.3165236,0.045377284,-0.06407658,-0.037408393,0
5,212,1.3165236,0.045377284,-0.06407658,-0.037408393,0,1.0,1.3174311,-0.14877006,-0.064824745,0.23438936,0
5,213,1.3174311,-0.14877006,-0.064824745,0.23438936,0,1.0,1.3144556,-0.3429088,-0.06013696,0.5059407,0
5,214,1.3144556,-0.3429088,-0.06013696,0.5059407,1,1.0,1.3075975,-0.14699326,-0.050018147,0.194929,0
5,215,1.3075975,-0.14699326,-0.050018147,0.194929,1,1.0,1.3046576,0.04880716,-0.046119567,-0.113103524,0
5,216,1.3046576,0.04880716,-0.046119567,-0.113103524,1,1.0,1.3056338,0.24455857,-0.048381638,-0.41997278,0
5,217,1.3056338,0.24455857,-0.048381638,-0.41997278,1,1.0,1.310525,0.4403315,-0.05678109,-0.7275072,0
5,218,1.310525,0.4403315,-0.05678109,-0.7275072,0,1.0,1.3193315,0.24603859,-0.07133123,-0.4532222,0
5,219,1.3193315,0.24603859,-0.07133123,-0.4532222,0,1.0,1.3242524,0.051994,-0.080395676,-0.18384908,0
5,220,1.3242524,0.051994,-0.080395676,-0.18384908,0,1.0,1.3252922,-0.14189108,-0.08407266,0.082428284,0
5,221,1.3252922,-0.14189108,-0.08407266,0.082428284,0,1.0,1.3224543,-0.33571354,-0.0824241,0.34744683,0
5,222,1.3224543,-0.33571354,-0.0824241,0.34744683,0,1.0,1.3157401,-0.5295723,-0.07547516,0.6130425,0
5,223,1.3157401,-0.5295723,-0.07547516,0.6130425,0,1.0,1.3051486,-0.72356284,-0.06321431,0.88103133,0
5,224,1.3051486,-0.72356284,-0.06321431,0.88103133,1,1.0,1.2906774,-0.5276418,-0.045593683,0.5691641,0
5,225,1.2906774,-0.5276418,-0.045593683,0.5691641,1,1.0,1.2801245,-0.33191103,-0.0342104,0.26247314,0
5,226,1.2801245,-0.33191103,-0.0342104,0.26247314,1,1.0,1.2734864,-0.13631786,-0.028960938,-0.040800836,0
5,227,1.2734864,-0.13631786,-0.028960938,-0.040800836,1,1.0,1.2707599,0.059207156,-0.029776953,-0.3424787,0
5,228,1.2707599,0.059207156,-0.029776953,-0.3424787,1,1.0,1.2719442,0.25473982,-0.03662653,-0.6444008,0
5,229,1.2719442,0.25473982,-0.03662653,-0.6444008,1,1.0,1.2770389,0.45035255,-0.049514543,-0.9483889,0
5,230,1.2770389,0.45035255,-0.049514543,-0.9483889,0,1.0,1.286046,0.25593096,-0.068482324,-0.67166525,0
5,231,1.286046,0.25593096,-0.068482324,-0.67166525,0,1.0,1.2911646,0.061824467,-0.081915624,-0.40130606,0
5,232,1.2911646,0.061824467,-0.081915624,-0.40130606,0,1.0,1.2924011,-0.13204582,-0.08994175,-0.13553204,0
5,233,1.2924011,-0.13204582,-0.08994175,-0.13553204,0,1.0,1.2897602,-0.32577208,-0.09265239,0.12747552,0
5,234,1.2897602,-0.32577208,-0.09265239,0.12747552,0,1.0,1.2832447,-0.519453,-0.09010288,0.38954997,0
5,235,1.2832447,-0.519453,-0.09010288,0.38954997,0,1.0,1.2728556,-0.7131883,-0.082311876,0.65251964,0
5,236,1.2728556,-0.7131883,-0.082311876,0.65251964,0,1.0,1.2585919,-0.9070733,-0.069261484,0.9181902,0
5,237,1.2585919,-0.9070733,-0.069261484,0.9181902,1,1.0,1.2404504,-0.71108687,-0.050897684,0.6045687,0
5,238,1.2404504,-0.71108687,-0.050897684,0.6045687,1,1.0,1.2262287,-0.51529145,-0.038806308,0.29629847,0
5,239,1.2262287,-0.51529145,-0.038806308,0.29629847,1,1.0,1.2159228,-0.31963837,-0.03288034,-0.008366369,0
5,240,1.2159228,-0.31963837,-0.03288034,-0.008366369,1,1.0,1.2095301,-0.124060676,-0.03304767,-0.31123942,0
5,241,1.2095301,-0.124060676,-0.03304767,-0.31123942,1,1.0,1.2070489,0.071516134,-0.039272457,-0.6141587,0
5,242,1.2070489,0.071516134,-0.039272457,-0.6141587,1,1.0,1.2084792,0.2671642,-0.05155563,-0.9189477,0
5,243,1.2084792,0.2671642,-0.05155563,-0.9189477,0,1.0,1.2138225,0.072775654,-0.069934584,-0.6429029,0
5,244,1.2138225,0.072775654,-0.069934584,-0.6429029,0,1.0,1.215278,-0.121305436,-0.08279264,-0.3730369,0
5,245,1.215278,-0.121305436,-0.08279264,-0.3730369,0,1.0,1.2128519,-0.31515965,-0.09025338,-0.10756483,0
5,246,1.2128519,-0.31515965,-0.09025338,-0.10756483,0,1.0,1.2065487,-0.50888014,-0.09240468,0.15533471,0
5,247,1.2065487,-0.50888014,-0.09240468,0.15533471,0,1.0,1.1963711,-0.7025659,-0.08929798,0.41749555,0
5,248,1.1963711,-0.7025659,-0.08929798,0.41749555,0,1.0,1.1823198,-0.8963164,-0.08094807,0.6807446,0
5,249,1.1823198,-0.8963164,-0.08094807,0.6807446,0,1.0,1.1643934,-1.0902263,-0.06733318,0.9468843,0
5,250,1.1643934,-1.0902263,-0.06733318,0.9468843,1,1.0,1.142589,-0.89426535,-0.048395492,0.6338279,0
5,251,1.142589,-0.89426535,-0.048395492,0.6338279,1,1.0,1.1247036,-0.6985029,-0.035718936,0.32630536,0
5,252,1.1247036,-0.6985029,-0.035718936,0.32630536,1,1.0,1.1107336,-0.5028911,-0.029192828,0.022575654,0
5,253,1.1107336,-0.5028911,-0.029192828,0.022575654,1,1.0,1.1006757,-0.3073629,-0.028741315,-0.2791731,0
5,254,1.1006757,-0.3073629,-0.028741315,-0.2791731,1,1.0,1.0945284,-0.111843005,-0.034324776,-0.5807806,0
5,255,1.0945284,-0.111843005,-0.034324776,-0.5807806,1,1.0,1.0922916,0.08374268,-0.04594039,-0.8840759,0
5,256,1.0922916,0.08374268,-0.04594039,-0.8840759,0,1.0,1.0939665,-0.11072636,-0.06362191,-0.6061818,0
5,257,1.0939665,-0.11072636,-0.06362191,-0.6061818,0,1.0,1.0917519,-0.3049037,-0.075745545,-0.3341973,0
5,258,1.0917519,-0.3049037,-0.075745545,-0.3341973,0,1.0,1.0856539,-0.49887046,-0.08242949,-0.06632931,0
5,259,1.0856539,-0.49887046,-0.08242949,-0.06632931,0,1.0,1.0756764,-0.6927198,-0.083756074,0.19925056,0
5,260,1.0756764,-0.6927198,-0.083756074,0.19925056,0,1.0,1.061822,-0.8865502,-0.079771064,0.4643814,0
5,261,1.061822,-0.8865502,-0.079771064,0.4643814,0,1.0,1.0440911,-1.0804596,-0.07048344,0.7308928,0
5,262,1.0440911,-1.0804596,-0.07048344,0.7308928,1,1.0,1.0224819,-0.884438,-0.055865582,0.41688544,0
5,263,1.0224819,-0.884438,-0.055865582,0.41688544,1,1.0,1.0047932,-0.6885707,-0.047527872,0.10712686,0
5,264,1.0047932,-0.6885707,-0.047527872,0.10712686,1,1.0,0.9910217,-0.49280098,-0.045385335,-0.20016399,0
5,265,0.9910217,-0.49280098,-0.045385335,-0.20016399,0,1.0,0.9811657,-0.6872454,-0.049388617,0.077863626,0
5,266,0.9811657,-0.6872454,-0.049388617,0.077863626,1,1.0,0.96742076,-0.49145153,-0.04783134,-0.22998345,0
5,267,0.96742076,-0.49145153,-0.04783134,-0.22998345,0,1.0,0.9575918,-0.6858585,-0.052431013,0.04723644,0
5,268,0.9575918,-0.6858585,-0.052431013,0.04723644,1,1.0,0.9438746,-0.49002546,-0.051486284,-0.2615171,0
5,269,0.9438746,-0.49002546,-0.051486284,-0.2615171,0,1.0,0.93407404,-0.6843761,-0.056716625,0.014492254,0
5,270,0.93407404,-0.6843761,-0.056716625,0.014492254,0,1.0,0.92038655,-0.8786407,-0.056426782,0.2887549,0
5,271,0.92038655,-0.8786407,-0.056426782,0.2887549,1,1.0,0.90281373,-0.68276143,-0.05065168,-0.021177096,0
5,272,0.90281373,-0.68276143,-0.05065168,-0.021177096,0,1.0,0.8891585,-0.87712175,-0.051075224,0.25510427,0
5,273,0.8891585,-0.87712175,-0.051075224,0.25510427,1,1.0,0.87161607,-0.68130916,-0.045973137,-0.05324116,0
5,274,0.87161607,-0.68130916,-0.045973137,-0.05324116,1,1.0,0.8579899,-0.48555923,-0.047037963,-0.36006722,0
5,275,0.8579899,-0.48555923,-0.047037963,-0.36006722,0,1.0,0.8482787,-0.67998207,-0.054239307,-0.082579575,0
5,276,0.8482787,-0.67998207,-0.054239307,-0.082579575,0,1.0,0.83467907,-0.87428623,-0.0558909,0.19250955,0
5,277,0.83467907,-0.87428623,-0.0558909,0.19250955,1,1.0,0.8171933,-0.6784111,-0.052040707,-0.11726769,0
5,278,0.8171933,-0.6784111,-0.052040707,-0.11726769,0,1.0,0.8036251,-0.87275034,-0.05438606,0.15855338,0
5,279,0.8036251,-0.87275034,-0.05438606,0.15855338,1,1.0,0.7861701,-0.6768936,-0.051214993,-0.15077893,0
5,280,0.7861701,-0.6768936,-0.051214993,-0.15077893,0,1.0,0.77263224,-0.8712462,-0.05423057,0.1253171,0
5,281,0.77263224,-0.8712462,-0.05423057,0.1253171,1,1.0,0.7552073,-0.67539096,-0.05172423,-0.18396984,0
5,282,0.7552073,-0.67539096,-0.05172423,-0.18396984,0,1.0,0.7416995,-0.86973614,-0.055403627,0.09195789,0
5,283,0.7416995,-0.86973614,-0.055403627,0.09195789,0,1.0,0.7243048,-1.0640221,-0.05356447,0.3666592,0
5,284,0.7243048,-1.0640221,-0.05356447,0.3666592,1,1.0,0.7030243,-0.86818147,-0.046231285,0.057579227,0
5,285,0.7030243,-0.86818147,-0.046231285,0.057579227,1,1.0,0.6856607,-0.67242813,-0.0450797,-0.24932413,0
5,286,0.6856607,-0.67242813,-0.0450797,-0.24932413,0,1.0,0.6722121,-0.86687833,-0.050066184,0.028805844,0
5,287,0.6722121,-0.86687833,-0.050066184,0.028805844,1,1.0,0.65487456,-0.67107546,-0.049490068,-0.2792437,0
5,288,0.65487456,-0.67107546,-0.049490068,-0.2792437,0,1.0,0.6414531,-0.8654578,-0.05507494,-0.002571396,0
5,289,0.6414531,-0.8654578,-0.05507494,-0.002571396,0,1.0,0.6241439,-1.0597484,-0.05512637,0.2722388,0
5,290,0.6241439,-1.0597484,-0.05512637,0.2722388,1,1.0,0.60294896,-0.8638849,-0.049681593,-0.037309036,0
5,291,0.60294896,-0.8638849,-0.049681593,-0.037309036,0,1.0,0.58567125,-1.0582606,-0.050427772,0.23929425,0
5,292,0.58567125,-1.0582606,-0.050427772,0.23929425,1,1.0,0.56450605,-0.86245584,-0.045641888,-0.06885895,0
5,293,0.56450605,-0.86245584,-0.045641888,-0.06885895,0,1.0,0.5472569,-1.0568947,-0.04701907,0.20908158,0
5,294,0.5472569,-1.0568947,-0.04701907,0.20908158,1,1.0,0.526119,-0.86113304,-0.042837437,-0.09805485,0
5,295,0.526119,-0.86113304,-0.042837437,-0.09805485,0,1.0,0.50889635,-1.0556157,-0.044798534,0.18081115,0
5,296,0.50889635,-1.0556157,-0.044798534,0.18081115,1,1.0,0.48778406,-0.8598823,-0.04118231,-0.12566076,0
5,297,0.48778406,-0.8598823,-0.04118231,-0.12566076,0,1.0,0.4705864,-1.0543908,-0.043695524,0.15375045,0
5,298,0.4705864,-1.0543908,-0.043695524,0.15375045,1,1.0,0.4494986,-0.85867137,-0.040620517,-0.15239094,0
5,299,0.4494986,-0.85867137,-0.040620517,-0.15239094,0,1.0,0.43232515,-1.0531888,-0.043668333,0.12720545,0
5,300,0.43232515,-1.0531888,-0.043668333,0.12720545,1,1.0,0.41126138,-0.8574694,-0.041124225,-0.17892826,0
5,301,0.41126138,-0.8574694,-0.041124225,-0.17892826,0,1.0,0.394112,-1.0519794,-0.04470279,0.10050304,0
5,302,0.394112,-1.0519794,-0.04470279,0.10050304,1,1.0,0.37307242,-0.8562463,-0.042692732,-0.20594163,0
5,303,0.37307242,-0.8562463,-0.042692732,-0.20594163,0,1.0,0.35594746,-1.0507325,-0.046811562,0.072974086,0
5,304,0.35594746,-1.0507325,-0.046811562,0.072974086,1,1.0,0.33493283,-0.8549718,-0.045352083,-0.23410287,0
5,305,0.33493283,-0.8549718,-0.045352083,-0.23410287,0,1.0,0.3178334,-1.0494175,-0.05003414,0.04393669,0
5,306,0.3178334,-1.0494175,-0.05003414,0.04393669,1,1.0,0.29684505,-0.85361505,-0.049155407,-0.26410323,0
5,307,0.29684505,-0.85361505,-0.049155407,-0.26410323,0,1.0,0.27977273,-1.0480022,-0.05443747,0.0126793925,0
5,308,0.27977273,-1.0480022,-0.05443747,0.0126793925,0,1.0,0.2588127,-1.2423029,-0.05418388,0.287702,0
5,309,0.2588127,-1.2423029,-0.05418388,0.287702,1,1.0,0.23396663,-1.0464518,-0.048429843,-0.021565793,0
5,310,0.23396663,-1.0464518,-0.048429843,-0.021565793,0,1.0,0.2130376,-1.240847,-0.048861157,0.25545225,0
5,311,0.2130376,-1.240847,-0.048861157,0.25545225,1,1.0,0.18822066,-1.0450627,-0.04375211,-0.052233152,0
5,312,0.18822066,-1.0450627,-0.04375211,-0.052233152,1,1.0,0.1673194,-0.8493416,-0.044796776,-0.3583929,0
5,313,0.1673194,-0.8493416,-0.044796776,-0.3583929,0,1.0,0.15033257,-1.043799,-0.051964633,-0.08016519,0
5,314,0.15033257,-1.043799,-0.051964633,-0.08016519,0,1.0,0.1294566,-1.238139,-0.05356794,0.19568059,0
5,315,0.1294566,-1.238139,-0.05356794,0.19568059,1,1.0,0.104693815,-1.0422933,-0.049654327,-0.11340793,0
5,316,0.104693815,-1.0422933,-0.049654327,-0.11340793,0,1.0,0.08384795,-1.2366699,-0.051922485,0.16320522,0
5,317,0.08384795,-1.2366699,-0.051922485,0.16320522,1,1.0,0.059114553,-1.0408447,-0.048658382,-0.14539525,0
5,318,0.059114553,-1.0408447,-0.048658382,-0.14539525,0,1.0,0.03829766,-1.2352372,-0.051566284,0.13154857,0
5,319,0.03829766,-1.2352372,-0.051566284,0.13154857,1,1.0,0.013592916,-1.039416,-0.048935313,-0.17694661,0
5,320,0.013592916,-1.039416,-0.048935313,-0.17694661,0,1.0,-0.007195404,-1.2338047,-0.052474245,0.099906184,0
5,321,-0.007195404,-1.2338047,-0.052474245,0.099906184,1,1.0,-0.031871498,-1.0379715,-0.050476123,-0.20885962,0
5,322,-0.031871498,-1.0379715,-0.050476123,-0.20885962,0,1.0,-0.052630927,-1.2323368,-0.054653317,0.067483194,0
5,323,-0.052630927,-1.2323368,-0.054653317,0.067483194,1,1.0,-0.07727766,-1.0364755,-0.05330365,-0.24193001,0
5,324,-0.07727766,-1.0364755,-0.05330365,-0.24193001,0,1.0,-0.09800717,-1.2307972,-0.058142252,0.033474594,0
5,325,-0.09800717,-1.2307972,-0.058142252,0.033474594,0,1.0,-0.122623116,-1.4250392,-0.057472758,0.30726114,0
5,326,-0.122623116,-1.4250392,-0.057472758,0.30726114,1,1.0,-0.1511239,-1.2291474,-0.051327538,-0.0029790867,0
5,327,-0.1511239,-1.2291474,-0.051327538,-0.0029790867,1,1.0,-0.17570685,-1.0333283,-0.051387116,-0.3114045,0
5,328,-0.17570685,-1.0333283,-0.051387116,-0.3114045,0,1.0,-0.19637342,-1.227682,-0.05761521,-0.03536007,0
5,329,-0.19637342,-1.227682,-0.05761521,-0.03536007,0,1.0,-0.22092706,-1.4219325,-0.05832241,0.2386026,0
5,330,-0.22092706,-1.4219325,-0.05832241,0.2386026,1,1.0,-0.2493657,-1.2260278,-0.05355036,-0.07189165,0
5,331,-0.2493657,-1.2260278,-0.05355036,-0.07189165,0,1.0,-0.27388626,-1.4203428,-0.05498819,0.20342669,0
5,332,-0.27388626,-1.4203428,-0.05498819,0.20342669,1,1.0,-0.30229312,-1.2244793,-0.050919656,-0.10608282,0
5,333,-0.30229312,-1.2244793,-0.050919656,-0.10608282,0,1.0,-0.3267827,-1.418836,-0.053041313,0.1701104,0
5,334,-0.3267827,-1.418836,-0.053041313,0.1701104,1,1.0,-0.35515943,-1.2229966,-0.049639106,-0.13882247,0
5,335,-0.35515943,-1.2229966,-0.049639106,-0.13882247,0,1.0,-0.37961936,-1.4173738,-0.052415553,0.13779621,0
5,336,-0.37961936,-1.4173738,-0.052415553,0.13779621,1,1.0,-0.40796682,-1.2215418,-0.04965963,-0.17095147,0
5,337,-0.40796682,-1.2215418,-0.04965963,-0.17095147,0,1.0,-0.43239766,-1.4159191,-0.05307866,0.10566111,0
5,338,-0.43239766,-1.4159191,-0.05307866,0.10566111,1,1.0,-0.46071604,-1.2200782,-0.050965436,-0.20328423,0
5,339,-0.46071604,-1.2200782,-0.050965436,-0.20328423,0,1.0,-0.4851176,-1.4144356,-0.05503112,0.07289604,0
5,340,-0.4851176,-1.4144356,-0.05503112,0.07289604,1,1.0,-0.51340634,-1.2185698,-0.053573202,-0.2366291,0
5,341,-0.51340634,-1.2185698,-0.053573202,-0.2366291,0,1.0,-0.5377777,-1.412887,-0.05830578,0.038685624,0
5,342,-0.5377777,-1.412887,-0.05830578,0.038685624,0,1.0,-0.56603545,-1.6071265,-0.057532072,0.31241754,0
5,343,-0.56603545,-1.6071265,-0.057532072,0.31241754,1,1.0,-0.59817797,-1.411234,-0.05128372,0.0021600637,0
5,344,-0.59817797,-1.411234,-0.05128372,0.0021600637,0,1.0,-0.6264027,-1.6055845,-0.05124052,0.27823156,0
5,345,-0.6264027,-1.6055845,-0.05124052,0.27823156,1,1.0,-0.6585144,-1.4097704,-0.04567589,-0.030162156,0
5,346,-0.6585144,-1.4097704,-0.04567589,-0.030162156,0,1.0,-0.68670976,-1.6042086,-0.04627913,0.24776688,0
5,347,-0.68670976,-1.6042086,-0.04627913,0.24776688,1,1.0,-0.7187939,-1.4084573,-0.041323792,-0.05914687,0
5,348,-0.7187939,-1.4084573,-0.041323792,-0.05914687,0,1.0,-0.7469631,-1.6029631,-0.04250673,0.22021706,0
5,349,-0.7469631,-1.6029631,-0.04250673,0.22021706,1,1.0,-0.77902234,-1.4072602,-0.03810239,-0.085565425,0
5,350,-0.77902234,-1.4072602,-0.03810239,-0.085565425,0,1.0,-0.80716753,-1.6018158,-0.039813697,0.19485684,0
5,351,-0.80716753,-1.6018158,-0.039813697,0.19485684,1,1.0,-0.83920383,-1.4061476,-0.03591656,-0.11011497,0
5,352,-0.83920383,-1.4061476,-0.03591656,-0.11011497,0,1.0,-0.8673268,-1.600737,-0.038118858,0.17102364,0
5,353,-0.8673268,-1.600737,-0.038118858,0.17102364,1,1.0,-0.8993416,-1.4050908,-0.034698386,-0.13343675,0
5,354,-0.8993416,-1.4050908,-0.034698386,-0.13343675,0,1.0,-0.9274434,-1.599699,-0.03736712,0.14810055,0
5,355,-0.9274434,-1.599699,-0.03736712,0.14810055,0,1.0,-0.9594374,-1.7942665,-0.034405112,0.42876467,0
5,356,-0.9594374,-1.7942665,-0.034405112,0.42876467,1,1.0,-0.9953227,-1.5986745,-0.025829818,0.12543736,0
5,357,-0.9953227,-1.5986745,-0.025829818,0.12543736,0,1.0,-1.0272962,-1.7934171,-0.02332107,0.40986064,0
5,358,-1.0272962,-1.7934171,-0.02332107,0.40986064,1,1.0,-1.0631645,-1.5979724,-0.015123857,0.109917566,0
5,359,-1.0631645,-1.5979724,-0.015123857,0.109917566,0,1.0,-1.095124,-1.7928745,-0.012925507,0.39779088,0
5,360,-1.095124,-1.7928745,-0.012925507,0.39779088,1,1.0,-1.1309814,-1.5975715,-0.0049696886,0.10106099,0
5,361,-1.1309814,-1.5975715,-0.0049696886,0.10106099,1,1.0,-1.1629329,-1.4023787,-0.0029484688,-0.1931857,0
5,362,-1.1629329,-1.4023787,-0.0029484688,-0.1931857,0,1.0,-1.1909804,-1.5974584,-0.0068121827,0.098565646,0
5,363,-1.1909804,-1.5974584,-0.0068121827,0.098565646,1,1.0,-1.2229296,-1.4022394,-0.00484087,-0.19625871,0
5,364,-1.2229296,-1.4022394,-0.00484087,-0.19625871,0,1.0,-1.2509744,-1.5972918,-0.008766044,0.094893225,0
5,365,-1.2509744,-1.5972918,-0.008766044,0.094893225,0,1.0,-1.2829202,-1.792287,-0.0068681794,0.38479763,0
5,366,-1.2829202,-1.792287,-0.0068681794,0.38479763,1,1.0,-1.318766,-1.5970683,0.00082777307,0.08995713,0
5,367,-1.318766,-1.5970683,0.00082777307,0.08995713,1,1.0,-1.3507074,-1.4019582,0.0026269157,-0.20246452,0
5,368,-1.3507074,-1.4019582,0.0026269157,-0.20246452,0,1.0,-1.3787465,-1.5971175,-0.0014223745,0.09104592,0
5,369,-1.3787465,-1.5971175,-0.0014223745,0.09104592,0,1.0,-1.4106889,-1.7922192,0.00039854387,0.38327974,0
5,370,-1.4106889,-1.7922192,0.00039854387,0.38327974,1,1.0,-1.4465332,-1.5971029,0.008064139,0.09072251,0
5,371,-1.4465332,-1.5971029,0.008064139,0.09072251,1,1.0,-1.4784753,-1.4020975,0.009878589,-0.19940531,0
5,372,-1.4784753,-1.4020975,0.009878589,-0.19940531,0,1.0,-1.5065173,-1.5973593,0.0058904826,0.09637741,0
5,373,-1.5065173,-1.5973593,0.0058904826,0.09637741,1,1.0,-1.5384644,-1.4023222,0.007818031,-0.19444127,0
5,374,-1.5384644,-1.4023222,0.007818031,-0.19444127,0,1.0,-1.5665109,-1.5975552,0.0039292057,0.100697614,0
5,375,-1.5665109,-1.5975552,0.0039292057,0.100697614,0,1.0,-1.598462,-1.7927332,0.0059431577,0.39461762,0
5,376,-1.598462,-1.7927332,0.0059431577,0.39461762,1,1.0,-1.6343167,-1.5976961,0.01383551,0.10381437,0
5,377,-1.6343167,-1.5976961,0.01383551,0.10381437,1,1.0,-1.6662706,-1.402775,0.015911797,-0.18447159,0
5,378,-1.6662706,-1.402775,0.015911797,-0.18447159,0,1.0,-1.694326,-1.598121,0.0122223655,0.11318813,0
5,379,-1.694326,-1.598121,0.0122223655,0.11318813,1,1.0,-1.7262884,-1.4031763,0.014486128,-0.17561379,0
5,380,-1.7262884,-1.4031763,0.014486128,-0.17561379,0,1.0,-1.754352,-1.5985025,0.010973852,0.12160359,0
5,381,-1.754352,-1.5985025,0.010973852,0.12160359,1,1.0,-1.7863221,-1.4035395,0.013405925,-0.16759709,0
5,382,-1.7863221,-1.4035395,0.013405925,-0.16759709,0,1.0,-1.8143928,-1.5988508,0.010053983,0.1292847,0
5,383,-1.8143928,-1.5988508,0.010053983,0.1292847,1,1.0,-1.8463699,-1.4038743,0.012639676,-0.16020945,0
5,384,-1.8463699,-1.4038743,0.012639676,-0.16020945,0,1.0,-1.8744473,-1.5991749,0.009435488,0.13643403,0
5,385,-1.8744473,-1.5991749,0.009435488,0.13643403,1,1.0,-1.9064308,-1.4041893,0.012164168,-0.15325727,0
5,386,-1.9064308,-1.4041893,0.012164168,-0.15325727,0,1.0,-1.9345146,-1.5994834,0.0090990225,0.14323822,0
5,387,-1.9345146,-1.5994834,0.0090990225,0.14323822,1,1.0,-1.9665043,-1.4044929,0.0119637875,-0.1465603,0
5,388,-1.9665043,-1.4044929,0.0119637875,-0.1465603,0,1.0,-1.9945942,-1.5997841,0.009032581,0.14987284,0
5,389,-1.9945942,-1.5997841,0.009032581,0.14987284,0,1.0,-2.0265899,-1.7950343,0.012030038,0.44539163,0
5,390,-2.0265899,-1.7950343,0.012030038,0.44539163,1,1.0,-2.0624905,-1.6000845,0.020937871,0.15652497,0
5,391,-2.0624905,-1.6000845,0.020937871,0.15652497,1,1.0,-2.0944922,-1.4052685,0.02406837,-0.12947972,0
5,392,-2.0944922,-1.4052685,0.02406837,-0.12947972,0,1.0,-2.1225977,-1.6007268,0.021478776,0.17069826,0
5,393,-2.1225977,-1.6007268,0.021478776,0.17069826,1,1.0,-2.154612,-1.4059188,0.02489274,-0.11513213,0
5,394,-2.154612,-1.4059188,0.02489274,-0.11513213,0,1.0,-2.1827304,-1.6013885,0.022590097,0.18529917,0
5,395,-2.1827304,-1.6013885,0.022590097,0.18529917,1,1.0,-2.2147584,-1.4065968,0.026296081,-0.10017271,0
5,396,-2.2147584,-1.4065968,0.026296081,-0.10017271,1,1.0,-2.2428901,-1.2118614,0.024292627,-0.38444468,0
5,397,-2.2428901,-1.2118614,0.024292627,-0.38444468,0,1.0,-2.2671275,-1.4073197,0.016603734,-0.08420245,0
5,398,-2.2671275,-1.4073197,0.016603734,-0.08420245,0,1.0,-2.2952738,-1.6026757,0.014919684,0.21367238,0
5,399,-2.2952738,-1.6026757,0.014919684,0.21367238,1,1.0,-2.3273273,-1.4077702,0.019193131,-0.074267104,0
5,400,-2.3273273,-1.4077702,0.019193131,-0.074267104,0,1.0,-2.3554828,-1.6031619,0.01770779,0.224409,0
5,401,-2.3554828,-1.6031619,0.01770779,0.224409,1,1.0,-2.387546,-1.4082975,0.02219597,-0.062636025,0
5,402,-2.387546,-1.4082975,0.02219597,-0.062636025,0,1.0,-2.4157119,-1.6037306,0.02094325,0.23696642,1
6,0,-0.016307857,0.0100856945,-0.02021687,-0.026242755,0,1.0,-0.016106144,-0.18474059,-0.020741725,0.25999358,0
6,1,-0.016106144,-0.18474059,-0.020741725,0.25999358,0,1.0,-0.019800954,-0.37956038,-0.015541853,0.5460628,0
6,2,-0.019800954,-0.37956038,-0.015541853,0.5460628,1,1.0,-0.027392162,-0.18422355,-0.004620597,0.24852382,0
6,3,-0.027392162,-0.18422355,-0.004620597,0.24852382,0,1.0,-0.031076632,-0.37927923,0.0003498791,0.53974575,0
6,4,-0.031076632,-0.37927923,0.0003498791,0.53974575,1,1.0,-0.038662218,-0.18416218,0.011144794,0.24717307,0
6,5,-0.038662218,-0.18416218,0.011144794,0.24717307,1,1.0,-0.04234546,0.010798841,0.016088255,-0.041973803,0
6,6,-0.04234546,0.010798841,0.016088255,-0.041973803,0,1.0,-0.042129483,-0.18455008,0.015248779,0.2557414,0
6,7,-0.042129483,-0.18455008,0.015248779,0.2557414,1,1.0,-0.045820486,0.01035088,0.020363607,-0.03209308,0
6,8,-0.045820486,0.01035088,0.020363607,-0.03209308,1,1.0,-0.045613468,0.20517498,0.019721745,-0.31828216,0
6,9,-0.045613468,0.20517498,0.019721745,-0.31828216,0,1.0,-0.041509967,0.00977777,0.013356103,-0.019445522,0
6,10,-0.041509967,0.00977777,0.013356103,-0.019445522,0,1.0,-0.041314412,-0.18553315,0.012967192,0.2774213,0
6,11,-0.041314412,-0.18553315,0.012967192,0.2774213,1,1.0,-0.045025077,0.0094014285,0.018515619,-0.011143733,0
6,12,-0.045025077,0.0094014285,0.018515619,-0.011143733,1,1.0,-0.044837046,0.20425302,0.018292744,-0.29792774,0
6,13,-0.044837046,0.20425302,0.018292744,-0.29792774,0,1.0,-0.040751986,0.008875145,0.012334188,0.0004678081,0
6,14,-0.040751986,0.008875145,0.012334188,0.0004678081,0,1.0,-0.040574484,-0.1864215,0.0123435445,0.29701665,0
6,15,-0.040574484,-0.1864215,0.0123435445,0.29701665,1,1.0,-0.044302914,0.008522329,0.018283878,0.008252095,0
6,16,-0.044302914,0.008522329,0.018283878,0.008252095,1,1.0,-0.044132467,0.20337735,0.018448919,-0.27860644,0
6,17,-0.044132467,0.20337735,0.018448919,-0.27860644,0,1.0,-0.04006492,0.007997143,0.012876791,0.019837689,0
6,18,-0.04006492,0.007997143,0.012876791,0.019837689,0,1.0,-0.039904978,-0.18730709,0.013273545,0.3165554,0
6,19,-0.039904978,-0.18730709,0.013273545,0.3165554,1,1.0,-0.04365112,0.0076233107,0.019604653,0.028087888,0
6,20,-0.04365112,0.0076233107,0.019604653,0.028087888,1,1.0,-0.043498654,0.20245871,0.020166412,-0.25834566,0
6,21,-0.043498654,0.20245871,0.020166412,-0.25834566,0,1.0,-0.03944948,0.0070547494,0.014999498,0.04062921,0
6,22,-0.03944948,0.0070547494,0.014999498,0.04062921,1,1.0,-0.039308384,0.20195843,0.015812082,-0.24728374,0
6,23,-0.039308384,0.20195843,0.015812082,-0.24728374,0,1.0,-0.035269216,0.0066142688,0.010866407,0.050344437,0
6,24,-0.035269216,0.0066142688,0.010866407,0.050344437,0,1.0,-0.03513693,-0.1886618,0.011873296,0.3464359,0
6,25,-0.03513693,-0.1886618,0.011873296,0.3464359,1,1.0,-0.038910165,0.0062892693,0.018802015,0.057520583,0
6,26,-0.038910165,0.0062892693,0.018802015,0.057520583,1,1.0,-0.03878438,0.20113666,0.019952426,-0.22917137,0
6,27,-0.03878438,0.20113666,0.019952426,-0.22917137,0,1.0,-0.03476165,0.005735348,0.015368999,0.069737874,0
6,28,-0.03476165,0.005735348,0.015368999,0.069737874,1,1.0,-0.03464694,0.20063363,0.016763756,-0.21805671,0
6,29,-0.03464694,0.20063363,0.016763756,-0.21805671,0,1.0,-0.03063427,0.005276096,0.012402622,0.07986673,0
6,30,-0.03063427,0.005276096,0.012402622,0.07986673,1,1.0,-0.030528747,0.20021808,0.013999957,-0.20887747,0
6,31,-0.030528747,0.20021808,0.013999957,-0.20887747,0,1.0,-0.026524385,0.004898769,0.009822407,0.088188626,0
6,32,-0.026524385,0.004898769,0.009822407,0.088188626,0,1.0,-0.02642641,-0.19036259,0.01158618,0.3839543,0
6,33,-0.02642641,-0.19036259,0.01158618,0.3839543,1,1.0,-0.03023366,0.0045929668,0.019265264,0.09494683,0
6,34,-0.03023366,0.0045929668,0.019265264,0.09494683,1,1.0,-0.030141803,0.19943358,0.021164201,-0.19159621,0
6,35,-0.030141803,0.19943358,0.021164201,-0.19159621,0,1.0,-0.02615313,0.004015349,0.017332278,0.107687294,0
6,36,-0.02615313,0.004015349,0.017332278,0.107687294,1,1.0,-0.026072824,0.1988847,0.019486023,-0.17947738,0
6,37,-0.026072824,0.1988847,0.019486023,-0.17947738,0,1.0,-0.022095129,0.0034893944,0.015896475,0.11928845,0
6,38,-0.022095129,0.0034893944,0.015896475,0.11928845,1,1.0,-0.022025341,0.19838002,0.018282244,-0.1683372,0
6,39,-0.022025341,0.19838002,0.018282244,-0.1683372,0,1.0,-0.018057741,0.003001219,0.014915501,0.13005672,0
6,40,-0.018057741,0.003001219,0.014915501,0.13005672,1,1.0,-0.017997717,0.19790636,0.017516635,-0.15788348,0
6,41,-0.017997717,0.19790636,0.017516635,-0.15788348,0,1.0,-0.01403959,0.002538063,0.014358966,0.14027363,0
6,42,-0.01403959,0.002538063,0.014358966,0.14027363,1,1.0,-0.013988828,0.19745144,0.017164439,-0.14784491,0
6,43,-0.013988828,0.19745144,0.017164439,-0.14784491,0,1.0,-0.010039799,0.0020879605,0.01420754,0.15020326,0
6,44,-0.010039799,0.0020879605,0.01420754,0.15020326,1,1.0,-0.00999804,0.19700362,0.017211605,-0.13796385,0
6,45,-0.00999804,0.19700362,0.017211605,-0.13796385,0,1.0,-0.006057968,0.0016394281,0.014452328,0.16009898,0
6,46,-0.006057968,0.0016394281,0.014452328,0.16009898,1,1.0,-0.0060251793,0.19655152,0.017654307,-0.12798978,0
6,47,-0.0060251793,0.19655152,0.017654307,-0.12798978,0,1.0,-0.002094149,0.0011811733,0.015094512,0.17021017,0
6,48,-0.002094149,0.0011811733,0.015094512,0.17021017,1,1.0,-0.0020705254,0.19608386,0.018498715,-0.11767293,0
6,49,-0.0020705254,0.19608386,0.018498715,-0.11767293,0,1.0,0.0018511518,0.00070180977,0.016145257,0.18078831,0
6,50,0.0018511518,0.00070180977,0.016145257,0.18078831,1,1.0,0.001865188,0.19558905,0.019761024,-0.106757954,0
6,51,0.001865188,0.19558905,0.019761024,-0.106757954,0,1.0,0.0057769693,0.00018957525,0.017625865,0.1920934,0
6,52,0.0057769693,0.00018957525,0.017625865,0.1920934,1,1.0,0.0057807607,0.19505501,0.021467732,-0.0949776,0
6,53,0.0057807607,0.19505501,0.021467732,-0.0949776,0,1.0,0.009681861,-0.00036795402,0.01956818,0.20440032,0
6,54,0.009681861,-0.00036795402,0.01956818,0.20440032,1,1.0,0.009674502,0.19446877,0.023656186,-0.08204614,0
6,55,0.009674502,0.19446877,0.023656186,-0.08204614,0,1.0,0.013563877,-0.00098416,0.022015264,0.2180055,0
6,56,0.013563877,-0.00098416,0.022015264,0.2180055,1,1.0,0.0135441935,0.19381627,0.026375374,-0.06765239,0
6,57,0.0135441935,0.19381627,0.026375374,-0.06765239,0,1.0,0.01742052,-0.0016736955,0.025022326,0.23323405,0
6,58,0.01742052,-0.0016736955,0.025022326,0.23323405,1,1.0,0.017387046,0.19308196,0.029687006,-0.05145219,0
6,59,0.017387046,0.19308196,0.029687006,-0.05145219,1,1.0,0.021248685,0.3877659,0.028657963,-0.33462277,0
6,60,0.021248685,0.3877659,0.028657963,-0.33462277,0,1.0,0.029004004,0.19224808,0.021965507,-0.03304214,0
6,61,0.029004004,0.19224808,0.021965507,-0.03304214,0,1.0,0.032848965,-0.0031818647,0.021304665,0.26648942,0
6,62,0.032848965,-0.0031818647,0.021304665,0.26648942,1,1.0,0.032785326,0.19162965,0.026634453,-0.019398453,0
6,63,0.032785326,0.19162965,0.026634453,-0.019398453,1,1.0,0.03661792,0.3863597,0.026246483,-0.30356035,0
6,64,0.03661792,0.3863597,0.026246483,-0.30356035,0,1.0,0.044345114,0.19087373,0.020175276,-0.0027167806,0
6,65,0.044345114,0.19087373,0.020175276,-0.0027167806,0,1.0,0.04816259,-0.004531672,0.020120941,0.2962628,0
6,66,0.04816259,-0.004531672,0.020120941,0.2962628,1,1.0,0.048071954,0.19029775,0.026046196,0.009992979,0
6,67,0.048071954,0.19029775,0.026046196,0.009992979,1,1.0,0.051877912,0.38503668,0.026246056,-0.2743596,0
6,68,0.051877912,0.38503668,0.026246056,-0.2743596,0,1.0,0.059578642,0.18955025,0.020758864,0.02648447,0
6,69,0.059578642,0.18955025,0.020758864,0.02648447,1,1.0,0.06336965,0.38436845,0.021288553,-0.25957718,0
6,70,0.06336965,0.38436845,0.021288553,-0.25957718,0,1.0,0.071057014,0.18894917,0.01609701,0.03974368,0
6,71,0.071057014,0.18894917,0.01609701,0.03974368,0,1.0,0.074836,-0.0063998746,0.016891884,0.3374616,0
6,72,0.074836,-0.0063998746,0.016891884,0.3374616,1,1.0,0.07470801,0.18847768,0.023641115,0.050152946,0
6,73,0.07470801,0.18847768,0.023641115,0.050152946,1,1.0,0.078477554,0.3832528,0.024644174,-0.23497826,0
6,74,0.078477554,0.3832528,0.024644174,-0.23497826,0,1.0,0.086142614,0.18778758,0.01994461,0.06537521,0
6,75,0.086142614,0.18778758,0.01994461,0.06537521,1,1.0,0.08989836,0.38261798,0.021252114,-0.22094895,0
6,76,0.08989836,0.38261798,0.021252114,-0.22094895,0,1.0,0.09755073,0.1871988,0.016833134,0.07836127,0
6,77,0.09755073,0.1871988,0.016833134,0.07836127,1,1.0,0.1012947,0.38207546,0.01840036,-0.20896357,0
6,78,0.1012947,0.38207546,0.01840036,-0.20896357,0,1.0,0.108936206,0.1866953,0.014221089,0.08946645,0
6,79,0.108936206,0.1866953,0.014221089,0.08946645,0,1.0,0.112670116,-0.008627585,0.016010419,0.38660198,0
6,80,0.112670116,-0.008627585,0.016010419,0.38660198,1,1.0,0.11249756,0.18626347,0.023742458,0.09900974,0
6,81,0.11249756,0.18626347,0.023742458,0.09900974,1,1.0,0.116222836,0.38103724,0.025722653,-0.18608895,0
6,82,0.116222836,0.38103724,0.025722653,-0.18608895,0,1.0,0.12384358,0.18555689,0.022000873,0.11459621,0
6,83,0.12384358,0.18555689,0.022000873,0.11459621,1,1.0,0.12755471,0.3803568,0.024292797,-0.17106521,0
6,84,0.12755471,0.3803568,0.024292797,-0.17106521,0,1.0,0.13516185,0.18489572,0.020871494,0.12918128,0
6,85,0.13516185,0.18489572,0.020871494,0.12918128,1,1.0,0.13885976,0.37971255,0.023455119,-0.15684456,0
6,86,0.13885976,0.37971255,0.023455119,-0.15684456,0,1.0,0.14645402,0.18426278,0.020318229,0.14314464,0
6,87,0.14645402,0.18426278,0.020318229,0.14314464,1,1.0,0.15013927,0.37908795,0.023181122,-0.14305963,0
6,88,0.15013927,0.37908795,0.023181122,-0.14305963,0,1.0,0.15772103,0.1836418,0.020319927,0.15684545,0
6,89,0.15772103,0.1836418,0.020319927,0.15684545,1,1.0,0.16139387,0.37846702,0.023456838,-0.1293584,0
6,90,0.16139387,0.37846702,0.023456838,-0.1293584,0,1.0,0.16896321,0.18301705,0.020869669,0.1706316,0
6,91,0.16896321,0.18301705,0.020869669,0.1706316,1,1.0,0.17262354,0.37783417,0.0242823,-0.1153952,0
6,92,0.17262354,0.37783417,0.0242823,-0.1153952,0,1.0,0.18018024,0.18237285,0.021974398,0.18484862,0
6,93,0.18018024,0.18237285,0.021974398,0.18484862,1,1.0,0.18382768,0.3771736,0.02567137,-0.10082202,0
6,94,0.18382768,0.3771736,0.02567137,-0.10082202,0,1.0,0.19137116,0.18169333,0.02365493,0.19984834,0
6,95,0.19137116,0.18169333,0.02365493,0.19984834,1,1.0,0.19500503,0.3764691,0.027651897,-0.085279696,0
6,96,0.19500503,0.3764691,0.027651897,-0.085279696,0,1.0,0.2025344,0.18096192,0.025946302,0.21599759,0
6,97,0.2025344,0.18096192,0.025946302,0.21599759,1,1.0,0.20615365,0.3757035,0.030266253,-0.068389125,0
6,98,0.20615365,0.3757035,0.030266253,-0.068389125,1,1.0,0.21366772,0.5703788,0.028898472,-0.35137135,0
6,99,0.21366772,0.5703788,0.028898472,-0.35137135,0,1.0,0.22507529,0.37485802,0.021871045,-0.049717713,0
6,100,0.22507529,0.37485802,0.021871045,-0.049717713,0,1.0,0.23257245,0.17942941,0.02087669,0.2497847,0
6,101,0.23257245,0.17942941,0.02087669,0.2497847,1,1.0,0.23616104,0.3742471,0.025872385,-0.036240876,0
6,102,0.23616104,0.3742471,0.025872385,-0.036240876,1,1.0,0.24364598,0.5689887,0.025147567,-0.32064983,0
6,103,0.24364598,0.5689887,0.025147567,-0.32064983,0,1.0,0.25502574,0.37351778,0.01873457,-0.0201436,0
6,104,0.25502574,0.37351778,0.01873457,-0.0201436,0,1.0,0.2624961,0.17813224,0.0183317,0.2783909,0
6,105,0.2624961,0.17813224,0.0183317,0.2783909,1,1.0,0.26605877,0.37298796,0.023899516,-0.008454299,0
6,106,0.26605877,0.37298796,0.023899516,-0.008454299,1,1.0,0.27351853,0.56775916,0.02373043,-0.29350185,0
6,107,0.27351853,0.56775916,0.02373043,-0.29350185,0,1.0,0.2848737,0.37230703,0.017860394,0.006569844,0
6,108,0.2848737,0.37230703,0.017860394,0.006569844,0,1.0,0.29231983,0.17693354,0.01799179,0.304834,0
6,109,0.29231983,0.17693354,0.01799179,0.304834,1,1.0,0.2958585,0.37179455,0.02408847,0.017879117,0
6,110,0.2958585,0.37179455,0.02408847,0.017879117,1,1.0,0.3032944,0.5665629,0.024446053,-0.26710734,0
6,111,0.3032944,0.5665629,0.024446053,-0.26710734,0,1.0,0.31462565,0.37110075,0.019103905,0.033184715,0
6,112,0.31462565,0.37110075,0.019103905,0.033184715,1,1.0,0.32204768,0.5659436,0.019767601,-0.25341004,0
6,113,0.32204768,0.5659436,0.019767601,-0.25341004,0,1.0,0.33336654,0.37054506,0.0146993995,0.04544182,0
6,114,0.33336654,0.37054506,0.0146993995,0.04544182,1,1.0,0.34077746,0.5654532,0.015608236,-0.2425673,0
6,115,0.34077746,0.5654532,0.015608236,-0.2425673,0,1.0,0.3520865,0.3701118,0.01075689,0.054997712,0
6,116,0.3520865,0.3701118,0.01075689,0.054997712,0,1.0,0.35948876,0.17483726,0.011856845,0.35105503,0
6,117,0.35948876,0.17483726,0.011856845,0.35105503,1,1.0,0.3629855,0.36978862,0.018877944,0.06213439,0
6,118,0.3629855,0.36978862,0.018877944,0.06213439,1,1.0,0.37038127,0.56463486,0.020120632,-0.22453316,0
6,119,0.37038127,0.56463486,0.020120632,-0.22453316,0,1.0,0.38167396,0.36923122,0.01562997,0.074428074,0
6,120,0.38167396,0.36923122,0.01562997,0.074428074,1,1.0,0.3890586,0.56412566,0.01711853,-0.21328284,0
6,121,0.3890586,0.56412566,0.01711853,-0.21328284,0,1.0,0.4003411,0.36876318,0.012852874,0.08475051,0
6,122,0.4003411,0.36876318,0.012852874,0.08475051,1,1.0,0.40771636,0.5636986,0.014547884,-0.20384976,0
6,123,0.40771636,0.5636986,0.014547884,-0.20384976,0,1.0,0.41899034,0.36837164,0.010470889,0.09338658,0
6,124,0.41899034,0.36837164,0.010470889,0.09338658,1,1.0,0.42635778,0.5633419,0.012338621,-0.19597448,0
6,125,0.42635778,0.5633419,0.012338621,-0.19597448,0,1.0,0.4376246,0.3680457,0.008419131,0.10057505,0
6,126,0.4376246,0.3680457,0.008419131,0.10057505,1,1.0,0.4449855,0.563046,0.010430632,-0.18943982,0
6,127,0.4449855,0.563046,0.010430632,-0.18943982,0,1.0,0.45624644,0.36777636,0.006641836,0.10651522,0
6,128,0.45624644,0.36777636,0.006641836,0.10651522,1,1.0,0.46360198,0.5628025,0.00877214,-0.18406485,0
6,129,0.46360198,0.5628025,0.00877214,-0.18406485,0,1.0,0.47485802,0.36755615,0.005090843,0.11137239,0
6,130,0.47485802,0.36755615,0.005090843,0.11137239,1,1.0,0.48220915,0.5626048,0.007318291,-0.17970006,0
6,131,0.48220915,0.5626048,0.007318291,-0.17970006,0,1.0,0.49346125,0.3673789,0.0037242896,0.11528251,0
6,132,0.49346125,0.3673789,0.0037242896,0.11528251,1,1.0,0.50080884,0.56244725,0.0060299397,-0.17622311,0
6,133,0.50080884,0.56244725,0.0060299397,-0.17622311,0,1.0,0.5120578,0.36723953,0.0025054778,0.11835595,0
6,134,0.5120578,0.36723953,0.0025054778,0.11835595,1,1.0,0.51940256,0.56232554,0.004872597,-0.17353547,0
6,135,0.51940256,0.56232554,0.004872597,-0.17353547,0,1.0,0.53064907,0.36713415,0.0014018873,0.120680615,0
6,136,0.53064907,0.36713415,0.0014018873,0.120680615,0,1.0,0.53799176,0.17199215,0.0038154996,0.41380548,0
6,137,0.53799176,0.17199215,0.0038154996,0.41380548,1,1.0,0.5414316,0.36705983,0.01209161,0.12232789,0
6,138,0.5414316,0.36705983,0.01209161,0.12232789,1,1.0,0.5487728,0.5620065,0.014538167,-0.16651586,0
6,139,0.5487728,0.5620065,0.014538167,-0.16651586,1,1.0,0.56001294,0.7569173,0.01120785,-0.45457718,0
6,140,0.56001294,0.7569173,0.01120785,-0.45457718,0,1.0,0.57515126,0.5616387,0.0021163065,-0.15838261,0
6,141,0.57515126,0.5616387,0.0021163065,-0.15838261,0,1.0,0.58638406,0.36648652,-0.001051346,0.13496721,0
6,142,0.58638406,0.36648652,-0.001051346,0.13496721,1,1.0,0.59371376,0.5616235,0.0016479981,-0.15804723,0
6,143,0.59371376,0.5616235,0.0016479981,-0.15804723,0,1.0,0.60494626,0.366478,-0.0015129463,0.13515516,0
6,144,0.60494626,0.366478,-0.0015129463,0.13515516,1,1.0,0.6122758,0.5616216,0.0011901568,-0.1580047,0
6,145,0.6122758,0.5616216,0.0011901568,-0.1580047,0,1.0,0.6235082,0.36648262,-0.0019699372,0.13505346,0
6,146,0.6235082,0.36648262,-0.0019699372,0.13505346,1,1.0,0.63083786,0.56163275,0.00073113176,-0.15825032,0
6,147,0.63083786,0.56163275,0.00073113176,-0.15825032,0,1.0,0.64207053,0.36650032,-0.0024338744,0.13466318,0
6,148,0.64207053,0.36650032,-0.0024338744,0.13466318,1,1.0,0.64940053,0.5616571,0.00025938917,-0.15878661,0
6,149,0.64940053,0.5616571,0.00025938917,-0.15878661,0,1.0,0.6606337,0.3665314,-0.0029163428,0.13397814,0
6,150,0.6606337,0.3665314,-0.0029163428,0.13397814,1,1.0,0.6679643,0.561695,-0.00023678002,-0.15962341,0
6,151,0.6679643,0.561695,-0.00023678002,-0.15962341,0,1.0,0.6791982,0.36657643,-0.0034292485,0.1329848,0
6,152,0.6791982,0.36657643,-0.0034292485,0.1329848,1,1.0,0.68652976,0.5617473,-0.0007695524,-0.16077803,0
6,153,0.68652976,0.5617473,-0.0007695524,-0.16077803,0,1.0,0.6977647,0.3666364,-0.003985113,0.13166203,0
6,154,0.6977647,0.3666364,-0.003985113,0.13166203,1,1.0,0.70509744,0.5618152,-0.0013518727,-0.1622755,0
6,155,0.70509744,0.5618152,-0.0013518727,-0.1622755,0,1.0,0.7163337,0.36671266,-0.0045973826,0.12998065,0
6,156,0.7163337,0.36671266,-0.0045973826,0.12998065,1,1.0,0.723668,0.56190014,-0.0019977693,-0.16414914,0
6,157,0.723668,0.56190014,-0.0019977693,-0.16414914,0,1.0,0.73490596,0.36680686,-0.005280752,0.12790288,0
6,158,0.73490596,0.36680686,-0.005280752,0.12790288,1,1.0,0.7422421,0.562004,-0.0027226945,-0.16644138,0
6,159,0.7422421,0.562004,-0.0027226945,-0.16644138,0,1.0,0.75348216,0.3669212,-0.006051522,0.12538138,0
6,160,0.75348216,0.3669212,-0.006051522,0.12538138,1,1.0,0.7608206,0.5621293,-0.0035438945,-0.16920458,0
6,161,0.7608206,0.5621293,-0.0035438945,-0.16920458,0,1.0,0.7720632,0.36705825,-0.006927986,0.12235825,0
6,162,0.7720632,0.36705825,-0.006927986,0.12235825,1,1.0,0.77940434,0.5622788,-0.004480821,-0.17250231,0
6,163,0.77940434,0.5622788,-0.004480821,-0.17250231,0,1.0,0.79064995,0.36722124,-0.007930867,0.11876369,0
6,164,0.79064995,0.36722124,-0.007930867,0.11876369,1,1.0,0.7979944,0.56245595,-0.0055555934,-0.17641076,0
6,165,0.7979944,0.56245595,-0.0055555934,-0.17641076,0,1.0,0.8092435,0.3674139,-0.009083808,0.114514396,0
6,166,0.8092435,0.3674139,-0.009083808,0.114514396,1,1.0,0.81659174,0.56266487,-0.006793521,-0.18102051,0
6,167,0.81659174,0.56266487,-0.006793521,-0.18102051,0,1.0,0.82784504,0.36764076,-0.010413931,0.109511584,0
6,168,0.82784504,0.36764076,-0.010413931,0.109511584,1,1.0,0.83519787,0.5629104,-0.008223699,-0.1864386,0
6,169,0.83519787,0.5629104,-0.008223699,-0.1864386,0,1.0,0.8464561,0.36790705,-0.011952472,0.10363876,0
6,170,0.8464561,0.36790705,-0.011952472,0.10363876,1,1.0,0.85381424,0.5631982,-0.009879696,-0.19279103,0
6,171,0.85381424,0.5631982,-0.009879696,-0.19279103,0,1.0,0.8650782,0.368219,-0.013735517,0.09675896,0
6,172,0.8650782,0.368219,-0.013735517,0.09675896,1,1.0,0.87244254,0.5635351,-0.011800338,-0.20022565,0
6,173,0.87244254,0.5635351,-0.011800338,-0.20022565,0,1.0,0.88371325,0.3685839,-0.015804851,0.08871158,0
6,174,0.88371325,0.3685839,-0.015804851,0.08871158,1,1.0,0.89108497,0.5639288,-0.0140306195,-0.20891559,0
6,175,0.89108497,0.5639288,-0.0140306195,-0.20891559,0,1.0,0.90236354,0.3690102,-0.01820893,0.07930859,0
6,176,0.90236354,0.3690102,-0.01820893,0.07930859,1,1.0,0.9097437,0.5643884,-0.01662276,-0.21906324,0
6,177,0.9097437,0.5643884,-0.01662276,-0.21906324,0,1.0,0.9210315,0.36950797,-0.021004023,0.068330176,0
6,178,0.9210315,0.36950797,-0.021004023,0.068330176,1,1.0,0.9284217,0.56492466,-0.01963742,-0.23090494,0
6,179,0.9284217,0.56492466,-0.01963742,-0.23090494,0,1.0,0.93972015,0.37008873,-0.02425552,0.055519566,0
6,180,0.93972015,0.37008873,-0.02425552,0.055519566,0,1.0,0.9471219,0.17532282,-0.023145128,0.34045208,0
6,181,0.9471219,0.17532282,-0.023145128,0.34045208,1,1.0,0.9506284,0.3707663,-0.016336085,0.040561307,0
6,182,0.9506284,0.3707663,-0.016336085,0.040561307,1,1.0,0.9580437,0.56611866,-0.01552486,-0.25723073,0
6,183,0.9580437,0.56611866,-0.01552486,-0.25723073,0,1.0,0.9693661,0.37122175,-0.020669473,0.030515283,0
6,184,0.9693661,0.37122175,-0.020669473,0.030515283,1,1.0,0.9767905,0.56663394,-0.020059168,-0.26861677,0
6,185,0.9767905,0.56663394,-0.020059168,-0.26861677,0,1.0,0.9881232,0.3718039,-0.025431504,0.017672494,0
6,186,0.9881232,0.3718039,-0.025431504,0.017672494,1,1.0,0.9955593,0.5672812,-0.025078055,-0.28292465,0
6,187,0.9955593,0.5672812,-0.025078055,-0.28292465,0,1.0,1.0069048,0.37252572,-0.030736547,0.0017444917,0
6,188,1.0069048,0.37252572,-0.030736547,0.0017444917,0,1.0,1.0143554,0.17785774,-0.030701656,0.2845734,0
6,189,1.0143554,0.17785774,-0.030701656,0.2845734,1,1.0,1.0179125,0.37340382,-0.025010189,-0.017632348,0
6,190,1.0179125,0.37340382,-0.025010189,-0.017632348,1,1.0,1.0253806,0.5688754,-0.025362836,-0.31810018,0
6,191,1.0253806,0.5688754,-0.025362836,-0.31810018,0,1.0,1.0367582,0.37412366,-0.03172484,-0.033522446,0
6,192,1.0367582,0.37412366,-0.03172484,-0.033522446,0,1.0,1.0442406,0.17947067,-0.03239529,0.24898456,0
6,193,1.0442406,0.17947067,-0.03239529,0.24898456,1,1.0,1.04783,0.3750399,-0.027415596,-0.053737942,0
6,194,1.04783,0.3750399,-0.027415596,-0.053737942,1,1.0,1.0553309,0.570544,-0.028490355,-0.35494307,0
6,195,1.0553309,0.570544,-0.028490355,-0.35494307,0,1.0,1.0667417,0.37583852,-0.03558922,-0.07137836,0
6,196,1.0667417,0.37583852,-0.03558922,-0.07137836,0,1.0,1.0742584,0.18124437,-0.037016783,0.20986699,0
6,197,1.0742584,0.18124437,-0.037016783,0.20986699,1,1.0,1.0778834,0.37687552,-0.032819446,-0.09425916,0
6,198,1.0778834,0.37687552,-0.032819446,-0.09425916,0,1.0,1.0854208,0.18223897,-0.03470463,0.18789127,0
6,199,1.0854208,0.18223897,-0.03470463,0.18789127,1,1.0,1.0890657,0.3778398,-0.030946802,-0.11553443,0
6,200,1.0890657,0.3778398,-0.030946802,-0.11553443,0,1.0,1.0966225,0.18317463,-0.033257492,0.16722661,0
6,201,1.0966225,0.18317463,-0.033257492,0.16722661,1,1.0,1.1002859,0.37875646,-0.029912958,-0.1357598,0
6,202,1.1002859,0.37875646,-0.029912958,-0.1357598,1,1.0,1.107861,0.5742938,-0.032628156,-0.43772772,0
6,203,1.107861,0.5742938,-0.032628156,-0.43772772,0,1.0,1.119347,0.3796485,-0.041382708,-0.15550616,0
6,204,1.119347,0.3796485,-0.041382708,-0.15550616,0,1.0,1.1269399,0.18514277,-0.044492833,0.12383965,0
6,205,1.1269399,0.18514277,-0.044492833,0.12383965,1,1.0,1.1306428,0.38087296,-0.04201604,-0.18254168,0
6,206,1.1306428,0.38087296,-0.04201604,-0.18254168,0,1.0,1.1382602,0.18637662,-0.045666873,0.09659628,0
6,207,1.1382602,0.18637662,-0.045666873,0.09659628,1,1.0,1.1419878,0.38212234,-0.04373495,-0.21013756,0
6,208,1.1419878,0.38212234,-0.04373495,-0.21013756,0,1.0,1.1496302,0.18765211,-0.0479377,0.06843484,0
6,209,1.1496302,0.18765211,-0.0479377,0.06843484,1,1.0,1.1533833,0.3834274,-0.046569,-0.23897901,0
6,210,1.1533833,0.3834274,-0.046569,-0.23897901,0,1.0,1.1610518,0.18900059,-0.051348582,0.03865869,0
6,211,1.1610518,0.18900059,-0.051348582,0.03865869,0,1.0,1.1648319,-0.005348857,-0.05057541,0.31470877,0
6,212,1.1648319,-0.005348857,-0.05057541,0.31470877,1,1.0,1.1647248,0.19045569,-0.044281233,0.0065146745,0
6,213,1.1647248,0.19045569,-0.044281233,0.0065146745,1,1.0,1.1685339,0.3861838,-0.04415094,-0.29980412,0
6,214,1.1685339,0.3861838,-0.04415094,-0.29980412,0,1.0,1.1762576,0.19171806,-0.050147023,-0.021365942,0
6,215,1.1762576,0.19171806,-0.050147023,-0.021365942,0,1.0,1.180092,-0.0026502023,-0.05057434,0.2550829,0
6,216,1.180092,-0.0026502023,-0.05057434,0.2550829,1,1.0,1.1800389,0.193156,-0.04547268,-0.053113386,0
6,217,1.1800389,0.193156,-0.04547268,-0.053113386,1,1.0,1.1839021,0.38889948,-0.04653495,-0.35978946,0
6,218,1.1839021,0.38889948,-0.04653495,-0.35978946,0,1.0,1.1916801,0.19446886,-0.05373074,-0.08213558,0
6,219,1.1916801,0.19446886,-0.05373074,-0.08213558,0,1.0,1.1955695,0.00015664999,-0.055373453,0.19312285,0
6,220,1.1955695,0.00015664999,-0.055373453,0.19312285,1,1.0,1.1955726,0.19602521,-0.051510993,-0.11650113,0
6,221,1.1955726,0.19602521,-0.051510993,-0.11650113,0,1.0,1.1994932,0.0016777049,-0.053841017,0.1594959,0
6,222,1.1994932,0.0016777049,-0.053841017,0.1594959,1,1.0,1.1995267,0.19752748,-0.0506511,-0.14967468,0
6,223,1.1995267,0.19752748,-0.0506511,-0.14967468,0,1.0,1.2034773,0.0031660523,-0.053644594,0.12660852,0
6,224,1.2034773,0.0031660523,-0.053644594,0.12660852,1,1.0,1.2035406,0.19901383,-0.05111242,-0.1825045,0
6,225,1.2035406,0.19901383,-0.05111242,-0.1825045,0,1.0,1.2075208,0.0046590916,-0.054762512,0.09362637,0
6,226,1.2075208,0.0046590916,-0.054762512,0.09362637,1,1.0,1.207614,0.20052144,-0.052889984,-0.21581887,0
6,227,1.207614,0.20052144,-0.052889984,-0.21581887,0,1.0,1.2116244,0.0061939354,-0.057206362,0.059722383,0
6,228,1.2116244,0.0061939354,-0.057206362,0.059722383,0,1.0,1.2117482,-0.18806311,-0.056011915,0.3338218,0
6,229,1.2117482,-0.18806311,-0.056011915,0.3338218,1,1.0,1.2079871,0.0078094457,-0.04933548,0.024014832,0
6,230,1.2079871,0.0078094457,-0.04933548,0.024014832,1,1.0,1.2081432,0.20360292,-0.04885518,-0.28381678,0
6,231,1.2081432,0.20360292,-0.04885518,-0.28381678,0,1.0,1.2122153,0.009210597,-0.05453152,-0.0069339206,0
6,232,1.2122153,0.009210597,-0.05453152,-0.0069339206,0,1.0,1.2123995,-0.1850886,-0.054670196,0.26805735,0
6,233,1.2123995,-0.1850886,-0.054670196,0.26805735,1,1.0,1.2086977,0.01076921,-0.04930905,-0.041355494,0
6,234,1.2086977,0.01076921,-0.04930905,-0.041355494,1,1.0,1.2089131,0.2065623,-0.05013616,-0.34917915,0
6,235,1.2089131,0.2065623,-0.05013616,-0.34917915,0,1.0,1.2130444,0.012187921,-0.057119742,-0.07271781,0
6,236,1.2130444,0.012187921,-0.057119742,-0.07271781,0,1.0,1.2132881,-0.1820706,-0.0585741,0.20141068,0
6,237,1.2132881,-0.1820706,-0.0585741,0.20141068,1,1.0,1.2096467,0.013838029,-0.054545883,-0.10915923,0
6,238,1.2096467,0.013838029,-0.054545883,-0.10915923,0,1.0,1.2099235,-0.18046159,-0.056729067,0.16582818,0
6,239,1.2099235,-0.18046159,-0.056729067,0.16582818,1,1.0,1.2063142,0.0154246045,-0.053412504,-0.14419782,0
6,240,1.2063142,0.0154246045,-0.053412504,-0.14419782,0,1.0,1.2066227,-0.17889334,-0.05629646,0.13116762,0
6,241,1.2066227,-0.17889334,-0.05629646,0.13116762,1,1.0,1.2030449,0.016987951,-0.05367311,-0.17873128,0
6,242,1.2030449,0.016987951,-0.05367311,-0.17873128,0,1.0,1.2033846,-0.17732647,-0.057247736,0.09654832,0
6,243,1.2033846,-0.17732647,-0.057247736,0.09654832,1,1.0,1.199838,0.018567253,-0.05531677,-0.21363255,0
6,244,1.199838,0.018567253,-0.05531677,-0.21363255,0,1.0,1.2002094,-0.175722,-0.05958942,0.061100718,0
6,245,1.2002094,-0.175722,-0.05958942,0.061100718,0,1.0,1.196695,-0.36994117,-0.058367405,0.33440349,0
6,246,1.196695,-0.36994117,-0.058367405,0.33440349,1,1.0,1.1892961,-0.1740392,-0.051679336,0.02390064,0
6,247,1.1892961,-0.1740392,-0.051679336,0.02390064,1,1.0,1.1858153,0.021784324,-0.05120132,-0.28462946,0
6,248,1.1858153,0.021784324,-0.05120132,-0.28462946,0,1.0,1.186251,-0.1725714,-0.05689391,-0.008524531,0
6,249,1.186251,-0.1725714,-0.05689391,-0.008524531,0,1.0,1.1827997,-0.3668332,-0.057064403,0.2656789,0
6,250,1.1827997,-0.3668332,-0.057064403,0.2656789,1,1.0,1.175463,-0.1709452,-0.051750824,-0.04444265,0
6,251,1.175463,-0.1709452,-0.051750824,-0.04444265,1,1.0,1.172044,0.024879165,-0.052639678,-0.3529939,0
6,252,1.172044,0.024879165,-0.052639678,-0.3529939,0,1.0,1.1725416,-0.16945627,-0.059699554,-0.07736343,0
6,253,1.1725416,-0.16945627,-0.059699554,-0.07736343,0,1.0,1.1691525,-0.36367384,-0.061246824,0.19590268,0
6,254,1.1691525,-0.36367384,-0.061246824,0.19590268,0,1.0,1.1618791,-0.55786866,-0.05732877,0.46865344,0
6,255,1.1618791,-0.55786866,-0.05732877,0.46865344,1,1.0,1.1507217,-0.36198568,-0.047955703,0.15846622,0
6,256,1.1507217,-0.36198568,-0.047955703,0.15846622,1,1.0,1.143482,-0.16621113,-0.04478638,-0.14895158,0
6,257,1.143482,-0.16621113,-0.04478638,-0.14895158,1,1.0,1.1401577,0.029522596,-0.047765408,-0.45542055,0
6,258,1.1401577,0.029522596,-0.047765408,-0.45542055,0,1.0,1.1407481,-0.1648926,-0.05687382,-0.17816804,0
6,259,1.1407481,-0.1648926,-0.05687382,-0.17816804,0,1.0,1.1374503,-0.3591565,-0.06043718,0.09604474,0
6,260,1.1374503,-0.3591565,-0.06043718,0.09604474,0,1.0,1.1302673,-0.5533625,-0.058516286,0.36906418,0
6,261,1.1302673,-0.5533625,-0.058516286,0.36906418,1,1.0,1.1192,-0.35746005,-0.051135004,0.058519483,0
6,262,1.1192,-0.35746005,-0.051135004,0.058519483,1,1.0,1.1120508,-0.16164362,-0.04996461,-0.24984835,0
6,263,1.1120508,-0.16164362,-0.04996461,-0.24984835,0,1.0,1.1088179,-0.35601777,-0.05496158,0.026665512,0
6,264,1.1088179,-0.35601777,-0.05496158,0.026665512,0,1.0,1.1016976,-0.5503102,-0.05442827,0.30151352,0
6,265,1.1016976,-0.5503102,-0.05442827,0.30151352,1,1.0,1.0906913,-0.35445645,-0.048398,-0.007826064,0
6,266,1.0906913,-0.35445645,-0.048398,-0.007826064,1,1.0,1.0836022,-0.15867503,-0.04855452,-0.3153778,0
6,267,1.0836022,-0.15867503,-0.04855452,-0.3153778,0,1.0,1.0804287,-0.35307294,-0.054862075,-0.03839402,0
6,268,1.0804287,-0.35307294,-0.054862075,-0.03839402,0,1.0,1.0733672,-0.547367,-0.055629957,0.23648722,0
6,269,1.0733672,-0.547367,-0.055629957,0.23648722,1,1.0,1.0624199,-0.35149622,-0.05090021,-0.073211215,0
6,270,1.0624199,-0.35149622,-0.05090021,-0.073211215,0,1.0,1.05539,-0.5458529,-0.052364435,0.20298803,0
6,271,1.05539,-0.5458529,-0.052364435,0.20298803,1,1.0,1.0444729,-0.35002267,-0.048304677,-0.10574275,0
6,272,1.0444729,-0.35002267,-0.048304677,-0.10574275,0,1.0,1.0374725,-0.5444203,-0.05041953,0.17131752,0
6,273,1.0374725,-0.5444203,-0.05041953,0.17131752,1,1.0,1.026584,-0.34861434,-0.04699318,-0.13683528,0
6,274,1.026584,-0.34861434,-0.04699318,-0.13683528,0,1.0,1.0196117,-0.54303277,-0.049729887,0.14065956,0
6,275,1.0196117,-0.54303277,-0.049729887,0.14065956,1,1.0,1.0087512,-0.34723517,-0.046916693,-0.16728835,0
6,276,1.0087512,-0.34723517,-0.046916693,-0.16728835,0,1.0,1.0018064,-0.54165524,-0.050262462,0.11023241,0
6,277,1.0018064,-0.54165524,-0.050262462,0.11023241,1,1.0,0.9909733,-0.34585044,-0.048057813,-0.19787483,0
6,278,0.9909733,-0.34585044,-0.048057813,-0.19787483,0,1.0,0.9840563,-0.5402532,-0.05201531,0.07926913,0
6,279,0.9840563,-0.5402532,-0.05201531,0.07926913,1,1.0,0.9732512,-0.3444257,-0.050429925,-0.22936048,0
6,280,0.9732512,-0.3444257,-0.050429925,-0.22936048,0,1.0,0.9663627,-0.5387921,-0.055017136,0.04699833,0
6,281,0.9663627,-0.5387921,-0.055017136,0.04699833,0,1.0,0.9555869,-0.7330837,-0.05407717,0.32182795,0
6,282,0.9555869,-0.7330837,-0.05407717,0.32182795,1,1.0,0.9409252,-0.5372351,-0.04764061,0.012593471,0
6,283,0.9409252,-0.5372351,-0.04764061,0.012593471,1,1.0,0.9301805,-0.34146342,-0.04738874,-0.2947319,0
6,284,0.9301805,-0.34146342,-0.04738874,-0.2947319,0,1.0,0.9233512,-0.53587884,-0.05328338,-0.017363183,0
6,285,0.9233512,-0.53587884,-0.05328338,-0.017363183,0,1.0,0.91263366,-0.7301978,-0.053630643,0.25804362,0
6,286,0.91263366,-0.7301978,-0.053630643,0.25804362,1,1.0,0.8980297,-0.53435284,-0.04846977,-0.051061295,0
6,287,0.8980297,-0.53435284,-0.04846977,-0.051061295,0,1.0,0.88734263,-0.7287475,-0.049490996,0.22594368,0
6,288,0.88734263,-0.7287475,-0.049490996,0.22594368,1,1.0,0.8727677,-0.5329544,-0.04497212,-0.08193069,0
6,289,0.8727677,-0.5329544,-0.04497212,-0.08193069,0,1.0,0.8621086,-0.7274038,-0.046610735,0.19623114,0
6,290,0.8621086,-0.7274038,-0.046610735,0.19623114,1,1.0,0.8475605,-0.5316472,-0.042686112,-0.110783435,0
6,291,0.8475605,-0.5316472,-0.042686112,-0.110783435,0,1.0,0.8369276,-0.72613233,-0.04490178,0.16813259,0
6,292,0.8369276,-0.72613233,-0.04490178,0.16813259,1,1.0,0.8224049,-0.53039736,-0.04153913,-0.1383706,0
6,293,0.8224049,-0.53039736,-0.04153913,-0.1383706,0,1.0,0.811797,-0.7249005,-0.044306543,0.14092344,0
6,294,0.811797,-0.7249005,-0.044306543,0.14092344,1,1.0,0.79729897,-0.5291729,-0.041488074,-0.16540168,0
6,295,0.79729897,-0.5291729,-0.041488074,-0.16540168,0,1.0,0.7867155,-0.72367716,-0.04479611,0.11390965,0
6,296,0.7867155,-0.72367716,-0.04479611,0.11390965,1,1.0,0.772242,-0.52794296,-0.042517915,-0.19256283,0
6,297,0.772242,-0.52794296,-0.042517915,-0.19256283,0,1.0,0.7616831,-0.72243166,-0.046369173,0.08641012,0
6,298,0.7616831,-0.72243166,-0.046369173,0.08641012,1,1.0,0.74723446,-0.5266768,-0.04464097,-0.22053425,0
6,299,0.74723446,-0.5266768,-0.04464097,-0.22053425,0,1.0,0.73670095,-0.7211332,-0.049051654,0.057739627,0
6,300,0.73670095,-0.7211332,-0.049051654,0.057739627,0,1.0,0.7222783,-0.9155187,-0.047896862,0.33455187,0
6,301,0.7222783,-0.9155187,-0.047896862,0.33455187,1,1.0,0.7039679,-0.719749,-0.041205823,0.027157733,0
6,302,0.7039679,-0.719749,-0.041205823,0.027157733,1,1.0,0.68957293,-0.5240611,-0.04066267,-0.27823606,0
6,303,0.68957293,-0.5240611,-0.04066267,-0.27823606,0,1.0,0.6790917,-0.71858007,-0.04622739,0.0013497034,0
6,304,0.6790917,-0.71858007,-0.04622739,0.0013497034,0,1.0,0.6647201,-0.9130096,-0.046200395,0.27909645,0
6,305,0.6647201,-0.9130096,-0.046200395,0.27909645,1,1.0,0.64645994,-0.71726006,-0.040618468,-0.02779262,0
6,306,0.64645994,-0.71726006,-0.040618468,-0.02779262,0,1.0,0.6321147,-0.9117767,-0.04117432,0.2518031,0
6,307,0.6321147,-0.9117767,-0.04117432,0.2518031,1,1.0,0.6138792,-0.71609175,-0.03613826,-0.05357741,0
6,308,0.6138792,-0.71609175,-0.03613826,-0.05357741,0,1.0,0.59955734,-0.9106774,-0.037209805,0.22748815,0
6,309,0.59955734,-0.9106774,-0.037209805,0.22748815,1,1.0,0.5813438,-0.71504396,-0.03266004,-0.076696,0
6,310,0.5813438,-0.71504396,-0.03266004,-0.076696,0,1.0,0.56704295,-0.90968287,-0.034193963,0.2055063,0
6,311,0.56704295,-0.90968287,-0.034193963,0.2055063,1,1.0,0.5488493,-0.71408904,-0.030083837,-0.09776401,0
6,312,0.5488493,-0.71408904,-0.030083837,-0.09776401,0,1.0,0.5345675,-0.90876716,-0.032039117,0.18527777,0
6,313,0.5345675,-0.90876716,-0.032039117,0.18527777,1,1.0,0.5163922,-0.7132018,-0.028333561,-0.11733761,0
6,314,0.5163922,-0.7132018,-0.028333561,-0.11733761,0,1.0,0.5021281,-0.9079066,-0.030680314,0.16627337,0
6,315,0.5021281,-0.9079066,-0.030680314,0.16627337,1,1.0,0.48397,-0.7123592,-0.027354846,-0.13592826,0
6,316,0.48397,-0.7123592,-0.027354846,-0.13592826,0,1.0,0.4697228,-0.90707886,-0.030073412,0.14800064,0
6,317,0.4697228,-0.90707886,-0.030073412,0.14800064,1,1.0,0.4515812,-0.71153945,-0.027113399,-0.15401609,0
6,318,0.4515812,-0.71153945,-0.027113399,-0.15401609,0,1.0,0.43735042,-0.90626293,-0.03019372,0.12999137,0
6,319,0.43735042,-0.90626293,-0.03019372,0.12999137,1,1.0,0.41922516,-0.71072173,-0.027593892,-0.17206231,0
6,320,0.41922516,-0.71072173,-0.027593892,-0.17206231,0,1.0,0.40501073,-0.9054381,-0.031035138,0.11178949,0
6,321,0.40501073,-0.9054381,-0.031035138,0.11178949,1,1.0,0.38690197,-0.7098855,-0.02879935,-0.19052103,0
6,322,0.38690197,-0.7098855,-0.02879935,-0.19052103,0,1.0,0.37270427,-0.9045839,-0.03260977,0.09293957,0
6,323,0.37270427,-0.9045839,-0.03260977,0.09293957,1,1.0,0.3546126,-0.70901006,-0.030750979,-0.20985074,0
6,324,0.3546126,-0.70901006,-0.030750979,-0.20985074,0,1.0,0.34043238,-0.90367913,-0.03494799,0.07297545,0
6,325,0.34043238,-0.90367913,-0.03494799,0.07297545,1,1.0,0.3223588,-0.70807403,-0.033488482,-0.23052564,0
6,326,0.3223588,-0.70807403,-0.033488482,-0.23052564,0,1.0,0.30819732,-0.90270185,-0.038099,0.0514086,0
6,327,0.30819732,-0.90270185,-0.038099,0.0514086,1,1.0,0.29014328,-0.7070549,-0.037070826,-0.25304726,0
6,328,0.29014328,-0.7070549,-0.037070826,-0.25304726,0,1.0,0.2760022,-0.90162843,-0.04213177,0.027716218,0
6,329,0.2760022,-0.90162843,-0.04213177,0.027716218,1,1.0,0.25796962,-0.7059284,-0.041577447,-0.2779564,0
6,330,0.25796962,-0.7059284,-0.041577447,-0.2779564,0,1.0,0.24385105,-0.9004333,-0.047136575,0.0013285555,0
6,331,0.24385105,-0.9004333,-0.047136575,0.0013285555,0,1.0,0.22584239,-1.0948486,-0.047110002,0.27877465,0
6,332,0.22584239,-1.0948486,-0.047110002,0.27877465,1,1.0,0.20394541,-0.8990874,-0.04153451,-0.02838663,0
6,333,0.20394541,-0.8990874,-0.04153451,-0.02838663,0,1.0,0.18596366,-1.0935899,-0.04210224,0.2509078,0
6,334,0.18596366,-1.0935899,-0.04210224,0.2509078,1,1.0,0.16409186,-0.89789283,-0.037084084,-0.054752097,0
6,335,0.16409186,-0.89789283,-0.037084084,-0.054752097,0,1.0,0.146134,-1.092464,-0.038179126,0.22600372,0
6,336,0.146134,-1.092464,-0.038179126,0.22600372,1,1.0,0.12428473,-0.89681774,-0.033659052,-0.07847366,0
6,337,0.12428473,-0.89681774,-0.033659052,-0.07847366,0,1.0,0.10634837,-1.0914414,-0.035228524,0.2034026,0
6,338,0.10634837,-1.0914414,-0.035228524,0.2034026,1,1.0,0.08451954,-0.89583385,-0.031160474,-0.10018177,0
6,339,0.08451954,-0.89583385,-0.031160474,-0.10018177,0,1.0,0.06660287,-1.0904957,-0.03316411,0.18250953,0
6,340,0.06660287,-1.0904957,-0.03316411,0.18250953,1,1.0,0.044792954,-0.8949152,-0.02951392,-0.12044823,0
6,341,0.044792954,-0.8949152,-0.02951392,-0.12044823,0,1.0,0.02689465,-1.0896022,-0.031922884,0.16277917,0
6,342,0.02689465,-1.0896022,-0.031922884,0.16277917,1,1.0,0.0051026065,-0.89403814,-0.028667301,-0.1398012,0
6,343,0.0051026065,-0.89403814,-0.028667301,-0.1398012,0,1.0,-0.012778156,-1.088738,-0.031463325,0.1437016,0
6,344,-0.012778156,-1.088738,-0.031463325,0.1437016,1,1.0,-0.034552917,-0.8931799,-0.028589293,-0.15873905,0
6,345,-0.034552917,-0.8931799,-0.028589293,-0.15873905,0,1.0,-0.052416515,-1.0878811,-0.031764075,0.12478934,0
6,346,-0.052416515,-1.0878811,-0.031764075,0.12478934,1,1.0,-0.074174136,-0.89231884,-0.029268287,-0.17774317,0
6,347,-0.074174136,-0.89231884,-0.029268287,-0.17774317,0,1.0,-0.09202051,-1.08701,-0.03282315,0.105564825,0
6,348,-0.09202051,-1.08701,-0.03282315,0.105564825,1,1.0,-0.11376072,-0.8914334,-0.030711854,-0.1972903,0
6,349,-0.11376072,-0.8914334,-0.030711854,-0.1972903,0,1.0,-0.13158938,-1.086103,-0.03465766,0.0855484,0
6,350,-0.13158938,-1.086103,-0.03465766,0.0855484,1,1.0,-0.15331145,-0.8905018,-0.03294669,-0.21786447,0
6,351,-0.15331145,-0.8905018,-0.03294669,-0.21786447,0,1.0,-0.17112148,-1.0851376,-0.03730398,0.06424631,0
6,352,-0.17112148,-1.0851376,-0.03730398,0.06424631,1,1.0,-0.19282423,-0.8895013,-0.036019053,-0.23996894,0
6,353,-0.19282423,-0.8895013,-0.036019053,-0.23996894,0,1.0,-0.21061425,-1.0840906,-0.040818434,0.04113852,0
6,354,-0.21061425,-1.0840906,-0.040818434,0.04113852,1,1.0,-0.23229606,-0.8884079,-0.039995663,-0.26413846,0
6,355,-0.23229606,-0.8884079,-0.039995663,-0.26413846,0,1.0,-0.25006422,-1.0829368,-0.04527843,0.015665999,0
6,356,-0.25006422,-1.0829368,-0.04527843,0.015665999,0,1.0,-0.27172297,-1.2773812,-0.04496511,0.29372627,0
6,357,-0.27172297,-1.2773812,-0.04496511,0.29372627,1,1.0,-0.2972706,-1.0816479,-0.039090585,-0.0127920965,0
6,358,-0.2972706,-1.0816479,-0.039090585,-0.0127920965,1,1.0,-0.31890354,-0.88598776,-0.039346427,-0.31754777,0
6,359,-0.31890354,-0.88598776,-0.039346427,-0.31754777,0,1.0,-0.3366233,-1.0805279,-0.045697384,-0.03752836,0
6,360,-0.3366233,-1.0805279,-0.045697384,-0.03752836,0,1.0,-0.35823387,-1.2749658,-0.04644795,0.24039361,0
6,361,-0.35823387,-1.2749658,-0.04644795,0.24039361,1,1.0,-0.38373318,-1.0792121,-0.041640077,-0.06657093,0
6,362,-0.38373318,-1.0792121,-0.041640077,-0.06657093,0,1.0,-0.40531743,-1.2737131,-0.042971496,0.212689,0
6,363,-0.40531743,-1.2737131,-0.042971496,0.212689,1,1.0,-0.43079168,-1.078004,-0.038717717,-0.09323345,0
6,364,-0.43079168,-1.078004,-0.038717717,-0.09323345,0,1.0,-0.45235175,-1.2725502,-0.040582385,0.18698704,0
6,365,-0.45235175,-1.2725502,-0.040582385,0.18698704,1,1.0,-0.47780275,-1.0768719,-0.036842644,-0.1182168,0
6,366,-0.47780275,-1.0768719,-0.036842644,-0.1182168,0,1.0,-0.4993402,-1.2714471,-0.03920698,0.16261871,0
6,367,-0.4993402,-1.2714471,-0.03920698,0.16261871,1,1.0,-0.5247691,-1.0757864,-0.035954606,-0.14217062,0
6,368,-0.5247691,-1.0757864,-0.035954606,-0.14217062,0,1.0,-0.54628485,-1.2703755,-0.03879802,0.13895595,0
6,369,-0.54628485,-1.2703755,-0.03879802,0.13895595,1,1.0,-0.57169235,-1.0747199,-0.0360189,-0.16571026,0
6,370,-0.57169235,-1.0747199,-0.0360189,-0.16571026,0,1.0,-0.5931868,-1.2693082,-0.039333105,0.11539566,0
6,371,-0.5931868,-1.2693082,-0.039333105,0.11539566,1,1.0,-0.61857295,-1.0736455,-0.037025195,-0.18943252,0
6,372,-0.61857295,-1.0736455,-0.037025195,-0.18943252,0,1.0,-0.6400458,-1.2682186,-0.040813845,0.09134438,0
6,373,-0.6400458,-1.2682186,-0.040813845,0.09134438,1,1.0,-0.6654102,-1.0725362,-0.038986955,-0.21393082,0
6,374,-0.6654102,-1.0725362,-0.038986955,-0.21393082,0,1.0,-0.6868609,-1.2670797,-0.043265574,0.06620343,0
6,375,-0.6868609,-1.2670797,-0.043265574,0.06620343,0,1.0,-0.71220255,-1.4615555,-0.041941505,0.34492803,0
6,376,-0.71220255,-1.4615555,-0.041941505,0.34492803,1,1.0,-0.7414336,-1.2658628,-0.03504294,0.039319918,0
6,377,-0.7414336,-1.2658628,-0.03504294,0.039319918,0,1.0,-0.76675093,-1.4604652,-0.034256544,0.32074374,0
6,378,-0.76675093,-1.4604652,-0.034256544,0.32074374,1,1.0,-0.7959602,-1.2648726,-0.02784167,0.017457476,0
6,379,-0.7959602,-1.2648726,-0.02784167,0.017457476,0,1.0,-0.82125765,-1.4595844,-0.02749252,0.30122763,0
6,380,-0.82125765,-1.4595844,-0.02749252,0.30122763,1,1.0,-0.8504493,-1.2640816,-0.021467967,2.490633e-06,0
6,381,-0.8504493,-1.2640816,-0.021467967,2.490633e-06,0,1.0,-0.875731,-1.4588891,-0.021467919,0.28583544,0
6,382,-0.875731,-1.4588891,-0.021467919,0.28583544,1,1.0,-0.9049088,-1.2634678,-0.01575121,-0.013540242,0
6,383,-0.9049088,-1.2634678,-0.01575121,-0.013540242,0,1.0,-0.9301781,-1.4583603,-0.016022014,0.27413166,0
6,384,-0.9301781,-1.4583603,-0.016022014,0.27413166,1,1.0,-0.95934534,-1.2630135,-0.01053938,-0.023561265,0
6,385,-0.95934534,-1.2630135,-0.01053938,-0.023561265,0,1.0,-0.9846056,-1.4579827,-0.011010605,0.26577783,0
6,386,-0.9846056,-1.4579827,-0.011010605,0.26577783,1,1.0,-1.0137652,-1.2627053,-0.0056950487,-0.030357508,0
6,387,-1.0137652,-1.2627053,-0.0056950487,-0.030357508,0,1.0,-1.0390193,-1.4577452,-0.006302199,0.26052314,0
6,388,-1.0390193,-1.4577452,-0.006302199,0.26052314,1,1.0,-1.0681742,-1.2625338,-0.0010917363,-0.034140896,0
6,389,-1.0681742,-1.2625338,-0.0010917363,-0.034140896,0,1.0,-1.0934249,-1.45764,-0.0017745541,0.25819737,0
6,390,-1.0934249,-1.45764,-0.0017745541,0.25819737,1,1.0,-1.1225778,-1.2624929,0.0033893932,-0.035044745,0
6,391,-1.1225778,-1.2624929,0.0033893932,-0.035044745,1,1.0,-1.1478276,-1.0674196,0.0026884985,-0.32665637,0
6,392,-1.1478276,-1.0674196,0.0026884985,-0.32665637,0,1.0,-1.169176,-1.2625798,-0.0038446288,-0.03312681,0
6,393,-1.169176,-1.2625798,-0.0038446288,-0.03312681,0,1.0,-1.1944276,-1.4576464,-0.004507165,0.25834063,0
6,394,-1.1944276,-1.4576464,-0.004507165,0.25834063,1,1.0,-1.2235805,-1.2624604,0.00065964746,-0.03576052,0
6,395,-1.2235805,-1.2624604,0.00065964746,-0.03576052,0,1.0,-1.2488297,-1.4575918,-5.556287e-05,0.25713047,0
6,396,-1.2488297,-1.4575918,-5.556287e-05,0.25713047,1,1.0,-1.2779815,-1.262469,0.0050870464,-0.03556999,0
6,397,-1.2779815,-1.262469,0.0050870464,-0.03556999,0,1.0,-1.3032309,-1.4576635,0.0043756464,0.2587136,0
6,398,-1.3032309,-1.4576635,0.0043756464,0.2587136,1,1.0,-1.3323842,-1.2626044,0.009549919,-0.03258598,0
6,399,-1.3323842,-1.2626044,0.009549919,-0.03258598,1,1.0,-1.3576363,-1.0676206,0.008898199,-0.32224056,0
6,400,-1.3576363,-1.0676206,0.008898199,-0.32224056,0,1.0,-1.3789887,-1.2628682,0.0024533877,-0.026764842,0
6,401,-1.3789887,-1.2628682,0.0024533877,-0.026764842,0,1.0,-1.4042461,-1.4580252,0.0019180909,0.26669115,0
6,402,-1.4042461,-1.4580252,0.0019180909,0.26669115,1,1.0,-1.4334066,-1.2629308,0.0072519137,-0.025386183,0
6,403,-1.4334066,-1.2629308,0.0072519137,-0.025386183,0,1.0,-1.4586651,-1.4581559,0.00674419,0.26957595,0
6,404,-1.4586651,-1.4581559,0.00674419,0.26957595,1,1.0,-1.4878283,-1.2631308,0.012135709,-0.020972209,0
6,405,-1.4878283,-1.2631308,0.012135709,-0.020972209,0,1.0,-1.513091,-1.4584247,0.011716265,0.27551484,0
6,406,-1.513091,-1.4584247,0.011716265,0.27551484,1,1.0,-1.5422595,-1.2634718,0.017226562,-0.013449865,0
6,407,-1.5422595,-1.2634718,0.017226562,-0.013449865,1,1.0,-1.5675288,-1.0686011,0.016957564,-0.3006482,0
6,408,-1.5675288,-1.0686011,0.016957564,-0.3006482,0,1.0,-1.5889009,-1.2639606,0.0109446,-0.0026658173,0
6,409,-1.5889009,-1.2639606,0.0109446,-0.0026658173,0,1.0,-1.6141801,-1.4592378,0.010891284,0.29345006,0
6,410,-1.6141801,-1.4592378,0.010891284,0.29345006,1,1.0,-1.6433648,-1.2642728,0.016760286,0.0042219055,0
6,411,-1.6433648,-1.2642728,0.016760286,0.0042219055,1,1.0,-1.6686503,-1.0693952,0.016844723,-0.28312618,0
6,412,-1.6686503,-1.0693952,0.016844723,-0.28312618,0,1.0,-1.6900382,-1.2647533,0.011182199,0.014821526,0
6,413,-1.6900382,-1.2647533,0.011182199,0.014821526,0,1.0,-1.7153332,-1.4600339,0.01147863,0.3110115,0
6,414,-1.7153332,-1.4600339,0.01147863,0.3110115,1,1.0,-1.7445339,-1.2650772,0.01769886,0.021970572,0
6,415,-1.7445339,-1.2650772,0.01769886,0.021970572,1,1.0,-1.7698355,-1.0702136,0.01813827,-0.26507604,0
6,416,-1.7698355,-1.0702136,0.01813827,-0.26507604,0,1.0,-1.7912397,-1.2655896,0.012836751,0.033272233,0
6,417,-1.7912397,-1.2655896,0.012836751,0.033272233,0,1.0,-1.8165516,-1.4608933,0.0135021955,0.32997748,0
6,418,-1.8165516,-1.4608933,0.0135021955,0.32997748,1,1.0,-1.8457694,-1.2659662,0.020101745,0.041582916,0
6,419,-1.8457694,-1.2659662,0.020101745,0.041582916,1,1.0,-1.8710887,-1.0711381,0.020933403,-0.24469055,0
6,420,-1.8710887,-1.0711381,0.020933403,-0.24469055,0,1.0,-1.8925115,-1.2665527,0.016039593,0.054521088,0
6,421,-1.8925115,-1.2665527,0.016039593,0.054521088,0,1.0,-1.9178425,-1.461901,0.017130014,0.35222116,0
6,422,-1.9178425,-1.461901,0.017130014,0.35222116,1,1.0,-1.9470806,-1.2670267,0.024174437,0.064988695,0
6,423,-1.9470806,-1.2670267,0.024174437,0.064988695,1,1.0,-1.9724212,-1.0722595,0.025474211,-0.21997009,0
6,424,-1.9724212,-1.0722595,0.025474211,-0.21997009,0,1.0,-1.9938663,-1.2677362,0.02107481,0.08063836,0
6,425,-1.9938663,-1.2677362,0.02107481,0.08063836,1,1.0,-2.019221,-1.0729226,0.022687577,-0.20532161,0
6,426,-2.019221,-1.0729226,0.022687577,-0.20532161,0,1.0,-2.0406795,-1.2683616,0.018581145,0.09443089,0
6,427,-2.0406795,-1.2683616,0.018581145,0.09443089,1,1.0,-2.0660467,-1.0735108,0.020469762,-0.19233227,0
6,428,-2.0660467,-1.0735108,0.020469762,-0.19233227,0,1.0,-2.087517,-1.2689195,0.016623117,0.10673708,0
6,429,-2.087517,-1.2689195,0.016623117,0.10673708,0,1.0,-2.1128953,-1.4642756,0.01875786,0.40461782,0
6,430,-2.1128953,-1.4642756,0.01875786,0.40461782,1,1.0,-2.142181,-1.2694247,0.026850214,0.117907256,0
6,431,-2.142181,-1.2694247,0.026850214,0.117907256,1,1.0,-2.1675694,-1.0746975,0.02920836,-0.16618519,0
6,432,-2.1675694,-1.0746975,0.02920836,-0.16618519,0,1.0,-2.1890633,-1.270225,0.025884656,0.13556717,0
6,433,-2.1890633,-1.270225,0.025884656,0.13556717,1,1.0,-2.2144678,-1.0754833,0.028595999,-0.14883845,0
6,434,-2.2144678,-1.0754833,0.028595999,-0.14883845,0,1.0,-2.2359774,-1.2710028,0.025619231,0.15272701,0
6,435,-2.2359774,-1.2710028,0.025619231,0.15272701,1,1.0,-2.2613976,-1.0762569,0.028673772,-0.13176478,0
6,436,-2.2613976,-1.0762569,0.028673772,-0.13176478,0,1.0,-2.2829227,-1.2717776,0.026038475,0.16982464,0
6,437,-2.2829227,-1.2717776,0.026038475,0.16982464,1,1.0,-2.3083582,-1.0770378,0.029434968,-0.11453154,0
6,438,-2.3083582,-1.0770378,0.029434968,-0.11453154,0,1.0,-2.3298988,-1.272569,0.027144337,0.18729067,0
6,439,-2.3298988,-1.272569,0.027144337,0.18729067,1,1.0,-2.3553503,-1.0778456,0.03089015,-0.09670721,0
6,440,-2.3553503,-1.0778456,0.03089015,-0.09670721,0,1.0,-2.376907,-1.2733964,0.028956005,0.20555924,0
6,441,-2.376907,-1.2733964,0.028956005,0.20555924,1,1.0,-2.4023752,-1.0787002,0.03306719,-0.07785071,1
7,0,-0.042877506,0.031598035,0.014292851,-0.030340476,0,1.0,-0.042245544,-0.16372594,0.013686041,0.2668175,0
7,1,-0.042245544,-0.16372594,0.013686041,0.2668175,1,1.0,-0.045520063,0.03119804,0.019022392,-0.021517502,0
7,2,-0.045520063,0.03119804,0.019022392,-0.021517502,1,1.0,-0.044896103,0.22604209,0.018592043,-0.30813846,0
7,3,-0.044896103,0.22604209,0.018592043,-0.30813846,0,1.0,-0.040375262,0.030660234,0.012429273,-0.009650576,0
7,4,-0.040375262,0.030660234,0.012429273,-0.009650576,0,1.0,-0.039762057,-0.16463774,0.012236261,0.28692788,0
7,5,-0.039762057,-0.16463774,0.012236261,0.28692788,1,1.0,-0.04305481,0.030307587,0.017974818,-0.0018708578,0
7,6,-0.04305481,0.030307587,0.017974818,-0.0018708578,1,1.0,-0.04244866,0.2251672,0.017937401,-0.28882876,0
7,7,-0.04244866,0.2251672,0.017937401,-0.28882876,0,1.0,-0.037945315,0.029794116,0.0121608265,0.009457045,0
7,8,-0.037945315,0.029794116,0.0121608265,0.009457045,0,1.0,-0.037349433,-0.1655001,0.012349967,0.30595192,0
7,9,-0.037349433,-0.1655001,0.012349967,0.30595192,1,1.0,-0.040659435,0.029443698,0.018469006,0.017189305,0
7,10,-0.040659435,0.029443698,0.018469006,0.017189305,1,1.0,-0.040070564,0.22429597,0.018812792,-0.2696097,0
7,11,-0.040070564,0.22429597,0.018812792,-0.2696097,0,1.0,-0.035584643,0.028910682,0.013420598,0.02894703,0
7,12,-0.035584643,0.028910682,0.013420598,0.02894703,0,1.0,-0.03500643,-0.16640113,0.0139995385,0.32583392,0
7,13,-0.03500643,-0.16640113,0.0139995385,0.32583392,1,1.0,-0.03833445,0.028518725,0.020516217,0.0375985,0
7,14,-0.03833445,0.028518725,0.020516217,0.0375985,1,1.0,-0.037764076,0.22334056,0.021268187,-0.2485414,0
7,15,-0.037764076,0.22334056,0.021268187,-0.2485414,0,1.0,-0.033297267,0.027921429,0.016297359,0.05077337,0
7,16,-0.033297267,0.027921429,0.016297359,0.05077337,1,1.0,-0.03273884,0.22280595,0.017312827,-0.23672338,0
7,17,-0.03273884,0.22280595,0.017312827,-0.23672338,0,1.0,-0.028282719,0.027440986,0.012578358,0.061369866,0
7,18,-0.028282719,0.027440986,0.012578358,0.061369866,0,1.0,-0.027733898,-0.16785903,0.013805755,0.35799465,0
7,19,-0.027733898,-0.16785903,0.013805755,0.35799465,1,1.0,-0.03109108,0.027063956,0.020965649,0.0696968,0
7,20,-0.03109108,0.027063956,0.020965649,0.0696968,1,1.0,-0.0305498,0.22187915,0.022359585,-0.21629833,0
7,21,-0.0305498,0.22187915,0.022359585,-0.21629833,0,1.0,-0.026112217,0.026444808,0.018033618,0.08335309,0
7,22,-0.026112217,0.026444808,0.018033618,0.08335309,1,1.0,-0.025583321,0.22130367,0.01970068,-0.20358609,0
7,23,-0.025583321,0.22130367,0.01970068,-0.20358609,0,1.0,-0.021157248,0.025905604,0.015628958,0.09524577,0
7,24,-0.021157248,0.025905604,0.015628958,0.09524577,1,1.0,-0.020639135,0.2208001,0.017533874,-0.19246556,0
7,25,-0.020639135,0.2208001,0.017533874,-0.19246556,0,1.0,-0.016223133,0.02543177,0.013684563,0.105696596,0
7,26,-0.016223133,0.02543177,0.013684563,0.105696596,1,1.0,-0.015714498,0.22035497,0.015798494,-0.18263769,0
7,27,-0.015714498,0.22035497,0.015798494,-0.18263769,0,1.0,-0.011307398,0.025010562,0.012145741,0.11498692,0
7,28,-0.011307398,0.025010562,0.012145741,0.11498692,1,1.0,-0.010807187,0.2199564,0.014445479,-0.17383951,0
7,29,-0.010807187,0.2199564,0.014445479,-0.17383951,0,1.0,-0.006408059,0.024630712,0.01096869,0.123365276,0
7,30,-0.006408059,0.024630712,0.01096869,0.123365276,1,1.0,-0.005915445,0.21959381,0.013435995,-0.16583705,0
7,31,-0.005915445,0.21959381,0.013435995,-0.16583705,0,1.0,-0.0015235685,0.024282135,0.010119254,0.13105409,0
7,32,-0.0015235685,0.024282135,0.010119254,0.13105409,1,1.0,-0.0010379258,0.21925768,0.012740335,-0.15841925,0
7,33,-0.0010379258,0.21925768,0.012740335,-0.15841925,0,1.0,0.0033472278,0.023955666,0.009571951,0.13825555,0
7,34,0.0033472278,0.023955666,0.009571951,0.13825555,1,1.0,0.0038263411,0.21893921,0.012337062,-0.15139227,0
7,35,0.0038263411,0.21893921,0.012337062,-0.15139227,0,1.0,0.008205125,0.023642806,0.009309216,0.14515707,0
7,36,0.008205125,0.023642806,0.009309216,0.14515707,1,1.0,0.008677982,0.21863021,0.0122123575,-0.14457451,0
7,37,0.008677982,0.21863021,0.0122123575,-0.14457451,0,1.0,0.013050586,0.023335516,0.009320867,0.15193604,0
7,38,0.013050586,0.023335516,0.009320867,0.15193604,1,1.0,0.013517296,0.21832277,0.012359588,-0.13779184,0
7,39,0.013517296,0.21832277,0.012359588,-0.13779184,0,1.0,0.017883752,0.023025995,0.009603751,0.15876457,0
7,40,0.017883752,0.023025995,0.009603751,0.15876457,1,1.0,0.018344272,0.21800914,0.012779043,-0.1308732,0
7,41,0.018344272,0.21800914,0.012779043,-0.1308732,0,1.0,0.022704454,0.022706488,0.010161579,0.1658138,0
7,42,0.022704454,0.022706488,0.010161579,0.1658138,1,1.0,0.023158584,0.21768151,0.013477854,-0.12364619,0
7,43,0.023158584,0.21768151,0.013477854,-0.12364619,0,1.0,0.027512215,0.022369094,0.011004931,0.1732582,0
7,44,0.027512215,0.022369094,0.011004931,0.1732582,1,1.0,0.027959596,0.21733183,0.014470095,-0.1159328,0
7,45,0.027959596,0.21733183,0.014470095,-0.1159328,0,1.0,0.03230623,0.022005564,0.012151439,0.18127997,0
7,46,0.03230623,0.022005564,0.012151439,0.18127997,1,1.0,0.032746345,0.21695155,0.015777038,-0.10754497,0
7,47,0.032746345,0.21695155,0.015777038,-0.10754497,0,1.0,0.037085377,0.021607103,0.013626139,0.19007349,0
7,48,0.037085377,0.021607103,0.013626139,0.19007349,1,1.0,0.037517518,0.21653149,0.017427608,-0.09828,0
7,49,0.037517518,0.21653149,0.017427608,-0.09828,0,1.0,0.041848145,0.021164158,0.015462009,0.19984996,0
7,50,0.041848145,0.021164158,0.015462009,0.19984996,1,1.0,0.04227143,0.21606159,0.019459007,-0.08791559,0
7,51,0.04227143,0.21606159,0.019459007,-0.08791559,0,1.0,0.04659266,0.020666199,0.017700696,0.2108426,0
7,52,0.04659266,0.020666199,0.017700696,0.2108426,1,1.0,0.047005985,0.21553065,0.021917548,-0.07620456,0
7,53,0.047005985,0.21553065,0.021917548,-0.07620456,0,1.0,0.0513166,0.020101462,0.020393457,0.22331205,0
7,54,0.0513166,0.020101462,0.020393457,0.22331205,1,1.0,0.05171863,0.21492608,0.024859698,-0.062868856,0
7,55,0.05171863,0.21492608,0.024859698,-0.062868856,0,1.0,0.05601715,0.01945669,0.02360232,0.23755264,0
7,56,0.05601715,0.01945669,0.02360232,0.23755264,1,1.0,0.056406282,0.21423364,0.028353374,-0.047592964,0
7,57,0.056406282,0.21423364,0.028353374,-0.047592964,1,1.0,0.060690958,0.40893778,0.027401514,-0.33119702,0
7,58,0.060690958,0.40893778,0.027401514,-0.33119702,0,1.0,0.06886971,0.21343672,0.020777574,-0.03000049,0
7,59,0.06886971,0.21343672,0.020777574,-0.03000049,0,1.0,0.073138446,0.018023072,0.020177564,0.2691649,0
7,60,0.073138446,0.018023072,0.020177564,0.2691649,1,1.0,0.073498905,0.21285135,0.025560861,-0.017086232,0
7,61,0.073498905,0.21285135,0.025560861,-0.017086232,1,1.0,0.077755935,0.40759757,0.025219137,-0.30159608,0
7,62,0.077755935,0.40759757,0.025219137,-0.30159608,0,1.0,0.085907884,0.21212544,0.019187216,-0.0010674554,0
7,63,0.085907884,0.21212544,0.019187216,-0.0010674554,0,1.0,0.09015039,0.01673364,0.019165866,0.29760697,0
7,64,0.09015039,0.01673364,0.019165866,0.29760697,1,1.0,0.090485066,0.2115772,0.025118006,0.011029721,0
7,65,0.090485066,0.2115772,0.025118006,0.011029721,1,1.0,0.094716616,0.4063301,0.025338601,-0.27362356,0
7,66,0.094716616,0.4063301,0.025338601,-0.27362356,0,1.0,0.10284322,0.21085595,0.01986613,0.02694232,0
7,67,0.10284322,0.21085595,0.01986613,0.02694232,1,1.0,0.107060336,0.40568745,0.020404976,-0.259407,0
7,68,0.107060336,0.40568745,0.020404976,-0.259407,0,1.0,0.115174085,0.21028024,0.015216836,0.03964144,0
7,69,0.115174085,0.21028024,0.015216836,0.03964144,0,1.0,0.119379684,0.014943416,0.016009664,0.33708632,0
7,70,0.119379684,0.014943416,0.016009664,0.33708632,1,1.0,0.11967856,0.20983392,0.022751391,0.04949466,0
7,71,0.11967856,0.20983392,0.022751391,0.04949466,1,1.0,0.12387523,0.40462238,0.023741284,-0.23592407,0
7,72,0.12387523,0.40462238,0.023741284,-0.23592407,0,1.0,0.13196768,0.20916942,0.019022802,0.06415203,0
7,73,0.13196768,0.20916942,0.019022802,0.06415203,1,1.0,0.13615108,0.40401354,0.020305844,-0.22246891,0
7,74,0.13615108,0.40401354,0.020305844,-0.22246891,0,1.0,0.14423133,0.20860733,0.015856465,0.07654949,0
7,75,0.14423133,0.20860733,0.015856465,0.07654949,1,1.0,0.14840348,0.4034984,0.017387455,-0.21108879,0
7,76,0.14840348,0.4034984,0.017387455,-0.21108879,0,1.0,0.15647346,0.20813224,0.01316568,0.08702785,0
7,77,0.15647346,0.20813224,0.01316568,0.08702785,0,1.0,0.1606361,0.012824061,0.014906236,0.38383532,0
7,78,0.1606361,0.012824061,0.014906236,0.38383532,1,1.0,0.16089258,0.20773125,0.022582943,0.09588929,0
7,79,0.16089258,0.20773125,0.022582943,0.09588929,1,1.0,0.16504721,0.40252236,0.024500728,-0.18958406,0
7,80,0.16504721,0.40252236,0.024500728,-0.18958406,0,1.0,0.17309766,0.20705862,0.020709047,0.11072604,0
7,81,0.17309766,0.20705862,0.020709047,0.11072604,1,1.0,0.17723882,0.4018778,0.022923568,-0.17535202,0
7,82,0.17723882,0.4018778,0.022923568,-0.17535202,0,1.0,0.18527637,0.2064354,0.019416528,0.124473475,0
7,83,0.18527637,0.2064354,0.019416528,0.124473475,1,1.0,0.18940508,0.40127388,0.021905998,-0.16202106,0
7,84,0.18940508,0.40127388,0.021905998,-0.16202106,0,1.0,0.19743057,0.20584528,0.018665576,0.13749135,0
7,85,0.19743057,0.20584528,0.018665576,0.13749135,1,1.0,0.20154747,0.400695,0.021415403,-0.14924492,0
7,86,0.20154747,0.400695,0.021415403,-0.14924492,0,1.0,0.20956138,0.20527302,0.018430505,0.15011646,0
7,87,0.20956138,0.20527302,0.018430505,0.15011646,1,1.0,0.21366683,0.40012628,0.021432834,-0.13669552,0
7,88,0.21366683,0.40012628,0.021432834,-0.13669552,0,1.0,0.22166936,0.204704,0.018698923,0.16267134,0
7,89,0.22166936,0.204704,0.018698923,0.16267134,1,1.0,0.22576344,0.39955333,0.02195235,-0.12405442,0
7,90,0.22576344,0.39955333,0.02195235,-0.12405442,0,1.0,0.2337545,0.20412388,0.019471262,0.17547262,0
7,91,0.2337545,0.20412388,0.019471262,0.17547262,1,1.0,0.23783699,0.39896184,0.022980714,-0.11100473,0
7,92,0.23783699,0.39896184,0.022980714,-0.11100473,0,1.0,0.24581622,0.20351826,0.02076062,0.18883897,0
7,93,0.24581622,0.20351826,0.02076062,0.18883897,1,1.0,0.24988659,0.39833713,0.0245374,-0.09722319,0
7,94,0.24988659,0.39833713,0.0245374,-0.09722319,0,1.0,0.25785333,0.20287226,0.022592934,0.20309913,0
7,95,0.25785333,0.20287226,0.022592934,0.20309913,1,1.0,0.26191077,0.39766395,0.026654918,-0.08237206,0
7,96,0.26191077,0.39766395,0.026654918,-0.08237206,1,1.0,0.26986405,0.5923939,0.025007477,-0.36652756,0
7,97,0.26986405,0.5923939,0.025007477,-0.36652756,0,1.0,0.28171194,0.39692563,0.017676925,-0.06606546,0
7,98,0.28171194,0.39692563,0.017676925,-0.06606546,0,1.0,0.28965044,0.20155476,0.016355615,0.23214181,0
7,99,0.28965044,0.20155476,0.016355615,0.23214181,1,1.0,0.29368153,0.39643922,0.020998452,-0.055337477,0
7,100,0.29368153,0.39643922,0.020998452,-0.055337477,0,1.0,0.30161032,0.2010226,0.019891702,0.24389596,0
7,101,0.30161032,0.2010226,0.019891702,0.24389596,1,1.0,0.30563077,0.39585486,0.024769621,-0.042446844,0
7,102,0.30563077,0.39585486,0.024769621,-0.042446844,1,1.0,0.31354788,0.590613,0.023920685,-0.32721296,0
7,103,0.31354788,0.590613,0.023920685,-0.32721296,0,1.0,0.32536012,0.39515883,0.017376425,-0.027083525,0
7,104,0.32536012,0.39515883,0.017376425,-0.027083525,0,1.0,0.3332633,0.19979204,0.016834754,0.2710308,0
7,105,0.3332633,0.19979204,0.016834754,0.2710308,1,1.0,0.33725914,0.39466977,0.02225537,-0.016295174,0
7,106,0.33725914,0.39466977,0.02225537,-0.016295174,1,1.0,0.34515256,0.5894656,0.021929467,-0.301874,0
7,107,0.34515256,0.5894656,0.021929467,-0.301874,0,1.0,0.35694185,0.39403808,0.015891988,-0.002356468,0
7,108,0.35694185,0.39403808,0.015891988,-0.002356468,1,1.0,0.36482263,0.5889285,0.015844857,-0.2899832,0
7,109,0.36482263,0.5889285,0.015844857,-0.2899832,0,1.0,0.3766012,0.39358428,0.010045193,0.00765459,0
7,110,0.3766012,0.39358428,0.010045193,0.00765459,0,1.0,0.38447288,0.19831972,0.010198286,0.3034899,0
7,111,0.38447288,0.19831972,0.010198286,0.3034899,1,1.0,0.38843927,0.39329487,0.016268084,0.014040642,0
7,112,0.38843927,0.39329487,0.016268084,0.014040642,1,1.0,0.39630517,0.58817977,0.016548896,-0.27346545,0
7,113,0.39630517,0.58817977,0.016548896,-0.27346545,0,1.0,0.40806875,0.39282566,0.011079587,0.02439077,0
7,114,0.40806875,0.39282566,0.011079587,0.02439077,0,1.0,0.41592526,0.19754657,0.011567403,0.32054874,0
7,115,0.41592526,0.19754657,0.011567403,0.32054874,1,1.0,0.41987622,0.3925019,0.017978378,0.031536054,0
7,116,0.41987622,0.3925019,0.017978378,0.031536054,1,1.0,0.42772624,0.58736145,0.0186091,-0.2554207,0
7,117,0.42772624,0.58736145,0.0186091,-0.2554207,0,1.0,0.43947348,0.39197883,0.013500684,0.043073248,0
7,118,0.43947348,0.39197883,0.013500684,0.043073248,1,1.0,0.44731304,0.58690464,0.014362149,-0.2453197,0
7,119,0.44731304,0.58690464,0.014362149,-0.2453197,0,1.0,0.45905113,0.39158052,0.009455755,0.051858574,0
7,120,0.45905113,0.39158052,0.009455755,0.051858574,1,1.0,0.46688277,0.5865656,0.010492926,-0.23782605,0
7,121,0.46688277,0.5865656,0.010492926,-0.23782605,0,1.0,0.47861406,0.39129534,0.0057364055,0.0581481,0
7,122,0.47861406,0.39129534,0.0057364055,0.0581481,0,1.0,0.48643997,0.19609162,0.0068993676,0.35263538,0
7,123,0.48643997,0.19609162,0.0068993676,0.35263538,1,1.0,0.4903618,0.39111477,0.0139520755,0.062135983,0
7,124,0.4903618,0.39111477,0.0139520755,0.062135983,1,1.0,0.49818408,0.58603394,0.015194795,-0.22611253,0
7,125,0.49818408,0.58603394,0.015194795,-0.22611253,0,1.0,0.5099048,0.39069816,0.010672544,0.071324416,0
7,126,0.5099048,0.39069816,0.010672544,0.071324416,1,1.0,0.51771873,0.5856655,0.012099032,-0.21797226,0
7,127,0.51771873,0.5856655,0.012099032,-0.21797226,0,1.0,0.52943206,0.3903727,0.007739587,0.07850253,0
7,128,0.52943206,0.3903727,0.007739587,0.07850253,1,1.0,0.5372395,0.5853828,0.009309638,-0.21172853,0
7,129,0.5372395,0.5853828,0.009309638,-0.21172853,0,1.0,0.54894716,0.39012903,0.0050750673,0.0838765,0
7,130,0.54894716,0.39012903,0.0050750673,0.0838765,1,1.0,0.55674976,0.5851779,0.0067525976,-0.20720093,0
7,131,0.55674976,0.5851779,0.0067525976,-0.20720093,0,1.0,0.5684533,0.38996002,0.002608579,0.08760443,0
7,132,0.5684533,0.38996002,0.002608579,0.08760443,1,1.0,0.5762525,0.5850445,0.0043606674,-0.20425434,0
7,133,0.5762525,0.5850445,0.0043606674,-0.20425434,0,1.0,0.5879534,0.38986045,0.0002755807,0.08980096,0
7,134,0.5879534,0.38986045,0.0002755807,0.08980096,1,1.0,0.5957506,0.58497846,0.0020716,-0.202795,0
7,135,0.5957506,0.58497846,0.0020716,-0.202795,0,1.0,0.6074502,0.38982692,-0.0019843,0.09054069,0
7,136,0.6074502,0.38982692,-0.0019843,0.09054069,0,1.0,0.6152467,0.19473347,-0.00017348625,0.3825969,0
7,137,0.6152467,0.19473347,-0.00017348625,0.3825969,1,1.0,0.6191414,0.3898579,0.007478452,0.08985929,0
7,138,0.6191414,0.3898579,0.007478452,0.08985929,1,1.0,0.6269385,0.5848718,0.009275638,-0.20045483,0
7,139,0.6269385,0.5848718,0.009275638,-0.20045483,1,1.0,0.638636,0.7798599,0.005266541,-0.49019736,0
7,140,0.638636,0.7798599,0.005266541,-0.49019736,0,1.0,0.65423316,0.58466405,-0.004537406,-0.19585928,0
7,141,0.65423316,0.58466405,-0.004537406,-0.19585928,0,1.0,0.66592646,0.3896073,-0.008454592,0.095388845,0
7,142,0.66592646,0.3896073,-0.008454592,0.095388845,0,1.0,0.6737186,0.19460756,-0.006546815,0.3853924,0
7,143,0.6737186,0.19460756,-0.006546815,0.3853924,1,1.0,0.67761075,0.38982183,0.0011610334,0.09065252,0
7,144,0.67761075,0.38982183,0.0011610334,0.09065252,1,1.0,0.68540716,0.58492714,0.0029740839,-0.20166388,0
7,145,0.68540716,0.58492714,0.0029740839,-0.20166388,0,1.0,0.6971057,0.38976276,-0.0010591937,0.091955744,0
7,146,0.6971057,0.38976276,-0.0010591937,0.091955744,1,1.0,0.704901,0.5848999,0.0007799212,-0.20106117,0
7,147,0.704901,0.5848999,0.0007799212,-0.20106117,0,1.0,0.716599,0.38976678,-0.0032413022,0.091867685,0
7,148,0.716599,0.38976678,-0.0032413022,0.091867685,1,1.0,0.7243943,0.58493507,-0.0014039485,-0.20183611,0
7,149,0.7243943,0.58493507,-0.0014039485,-0.20183611,0,1.0,0.73609304,0.38983318,-0.0054406705,0.09040361,0
7,150,0.73609304,0.38983318,-0.0054406705,0.09040361,1,1.0,0.7438897,0.5850327,-0.0036325983,-0.20399088,0
7,151,0.7438897,0.5850327,-0.0036325983,-0.20399088,0,1.0,0.7555903,0.38996288,-0.007712416,0.087543935,0
7,152,0.7555903,0.38996288,-0.007712416,0.087543935,1,1.0,0.7633896,0.5851945,-0.005961537,-0.20756225,0
7,153,0.7633896,0.5851945,-0.005961537,-0.20756225,0,1.0,0.7750935,0.39015833,-0.010112782,0.08323417,0
7,154,0.7750935,0.39015833,-0.010112782,0.08323417,1,1.0,0.78289664,0.58542377,-0.008448099,-0.21262212,0
7,155,0.78289664,0.58542377,-0.008448099,-0.21262212,0,1.0,0.79460514,0.39042363,-0.012700541,0.07738395,0
7,156,0.79460514,0.39042363,-0.012700541,0.07738395,0,1.0,0.8024136,0.19548602,-0.011152863,0.3660329,0
7,157,0.8024136,0.19548602,-0.011152863,0.3660329,1,1.0,0.8063233,0.39076468,-0.003832204,0.06985428,0
7,158,0.8063233,0.39076468,-0.003832204,0.06985428,1,1.0,0.8141386,0.5859414,-0.0024351184,-0.22403526,0
7,159,0.8141386,0.5859414,-0.0024351184,-0.22403526,0,1.0,0.82585746,0.3908543,-0.0069158236,0.067878544,0
7,160,0.82585746,0.3908543,-0.0069158236,0.067878544,1,1.0,0.83367455,0.5860747,-0.005558253,-0.22697832,0
7,161,0.83367455,0.5860747,-0.005558253,-0.22697832,0,1.0,0.84539604,0.39103264,-0.010097819,0.063946165,0
7,162,0.84539604,0.39103264,-0.010097819,0.063946165,1,1.0,0.85321665,0.5862979,-0.008818896,-0.2319055,0
7,163,0.85321665,0.5862979,-0.008818896,-0.2319055,0,1.0,0.8649426,0.39130306,-0.013457006,0.057982653,0
7,164,0.8649426,0.39130306,-0.013457006,0.057982653,1,1.0,0.8727687,0.5866154,-0.012297353,-0.2389155,0
7,165,0.8727687,0.5866154,-0.012297353,-0.2389155,0,1.0,0.884501,0.3916712,-0.017075663,0.049863268,0
7,166,0.884501,0.3916712,-0.017075663,0.049863268,0,1.0,0.8923344,0.19679824,-0.016078398,0.33711013,0
7,167,0.8923344,0.19679824,-0.016078398,0.33711013,1,1.0,0.8962704,0.39214525,-0.009336195,0.039400637,0
7,168,0.8962704,0.39214525,-0.009336195,0.039400637,1,1.0,0.9041133,0.58739984,-0.0085481815,-0.25621328,0
7,169,0.9041133,0.58739984,-0.0085481815,-0.25621328,0,1.0,0.9158613,0.39240095,-0.013672448,0.033761214,0
7,170,0.9158613,0.39240095,-0.013672448,0.033761214,1,1.0,0.92370933,0.5877163,-0.012997223,-0.26320395,0
7,171,0.92370933,0.5877163,-0.012997223,-0.26320395,0,1.0,0.9354636,0.39278224,-0.018261302,0.025351327,0
7,172,0.9354636,0.39278224,-0.018261302,0.025351327,1,1.0,0.94331926,0.58816123,-0.017754275,-0.27303684,0
7,173,0.94331926,0.58816123,-0.017754275,-0.27303684,0,1.0,0.9550825,0.39329708,-0.023215013,0.013993874,0
7,174,0.9550825,0.39329708,-0.023215013,0.013993874,0,1.0,0.96294844,0.19851561,-0.022935135,0.29926273,0
7,175,0.96294844,0.19851561,-0.022935135,0.29926273,1,1.0,0.96691877,0.39395684,-0.01694988,-0.0005643562,0
7,176,0.96691877,0.39395684,-0.01694988,-0.0005643562,1,1.0,0.9747979,0.58931774,-0.016961168,-0.2985466,0
7,177,0.9747979,0.58931774,-0.016961168,-0.2985466,0,1.0,0.98658425,0.3944416,-0.0229321,-0.011260821,0
7,178,0.98658425,0.3944416,-0.0229321,-0.011260821,0,1.0,0.9944731,0.1996559,-0.023157317,0.27409947,0
7,179,0.9944731,0.1996559,-0.023157317,0.27409947,1,1.0,0.9984662,0.39510047,-0.017675327,-0.02579645,0
7,180,0.9984662,0.39510047,-0.017675327,-0.02579645,1,1.0,1.0063682,0.5904714,-0.018191256,-0.3240033,0
7,181,1.0063682,0.5904714,-0.018191256,-0.3240033,0,1.0,1.0181776,0.39561313,-0.024671322,-0.037112214,0
7,182,1.0181776,0.39561313,-0.024671322,-0.037112214,0,1.0,1.0260899,0.2008535,-0.025413567,0.2476857,0
7,183,1.0260899,0.2008535,-0.025413567,0.2476857,1,1.0,1.030107,0.39632902,-0.020459853,-0.052903663,0
7,184,1.030107,0.39632902,-0.020459853,-0.052903663,1,1.0,1.0380336,0.5917383,-0.021517927,-0.35197097,0
7,185,1.0380336,0.5917383,-0.021517927,-0.35197097,0,1.0,1.0498683,0.39692882,-0.028557345,-0.06615023,0
7,186,1.0498683,0.39692882,-0.028557345,-0.06615023,0,1.0,1.0578068,0.20222768,-0.02988035,0.21738766,0
7,187,1.0578068,0.20222768,-0.02988035,0.21738766,1,1.0,1.0618515,0.39776376,-0.025532598,-0.084569044,0
7,188,1.0618515,0.39776376,-0.025532598,-0.084569044,1,1.0,1.0698067,0.5932422,-0.027223978,-0.38519692,0
7,189,1.0698067,0.5932422,-0.027223978,-0.38519692,0,1.0,1.0816716,0.39851713,-0.034927916,-0.10122039,0
7,190,1.0816716,0.39851713,-0.034927916,-0.10122039,0,1.0,1.0896419,0.2039127,-0.036952324,0.1802415,0
7,191,1.0896419,0.2039127,-0.036952324,0.1802415,1,1.0,1.0937202,0.3995434,-0.033347495,-0.12386576,0
7,192,1.0937202,0.3995434,-0.033347495,-0.12386576,0,1.0,1.101711,0.20491469,-0.03582481,0.15811266,0
7,193,1.101711,0.20491469,-0.03582481,0.15811266,1,1.0,1.1058093,0.40053076,-0.032662556,-0.1456534,0
7,194,1.1058093,0.40053076,-0.032662556,-0.1456534,0,1.0,1.11382,0.20589142,-0.035575625,0.13654882,0
7,195,1.11382,0.20589142,-0.035575625,0.13654882,1,1.0,1.1179378,0.4015044,-0.032844648,-0.16714202,0
7,196,1.1179378,0.4015044,-0.032844648,-0.16714202,0,1.0,1.1259679,0.20686759,-0.03618749,0.11500111,0
7,197,1.1259679,0.20686759,-0.03618749,0.11500111,1,1.0,1.1301053,0.4024889,-0.03388747,-0.1888755,0
7,198,1.1301053,0.4024889,-0.03388747,-0.1888755,0,1.0,1.138155,0.20786771,-0.037664976,0.092927635,0
7,199,1.138155,0.20786771,-0.037664976,0.092927635,1,1.0,1.1423123,0.40350872,-0.035806425,-0.2113966,0
7,200,1.1423123,0.40350872,-0.035806425,-0.2113966,0,1.0,1.1503825,0.20891652,-0.040034357,0.06977973,0
7,201,1.1503825,0.20891652,-0.040034357,0.06977973,1,1.0,1.1545608,0.40458888,-0.038638763,-0.23526059,0
7,202,1.1545608,0.40458888,-0.038638763,-0.23526059,0,1.0,1.1626526,0.21003968,-0.043343972,0.044988442,0
7,203,1.1626526,0.21003968,-0.043343972,0.044988442,1,1.0,1.1668534,0.4057555,-0.042444203,-0.2610487,0
7,204,1.1668534,0.4057555,-0.042444203,-0.2610487,0,1.0,1.1749685,0.21126433,-0.04766518,0.017950466,0
7,205,1.1749685,0.21126433,-0.04766518,0.017950466,1,1.0,1.1791939,0.4070363,-0.04730617,-0.28938222,0
7,206,1.1791939,0.4070363,-0.04730617,-0.28938222,0,1.0,1.1873345,0.21261972,-0.053093813,-0.011986428,0
7,207,1.1873345,0.21261972,-0.053093813,-0.011986428,0,1.0,1.191587,0.018297814,-0.053333543,0.26348343,0
7,208,1.191587,0.018297814,-0.053333543,0.26348343,1,1.0,1.191953,0.21413887,-0.048063874,-0.045533072,0
7,209,1.191953,0.21413887,-0.048063874,-0.045533072,1,1.0,1.1962357,0.4099159,-0.048974533,-0.35298482,0
7,210,1.1962357,0.4099159,-0.048974533,-0.35298482,0,1.0,1.204434,0.21552333,-0.05603423,-0.07613834,0
7,211,1.204434,0.21552333,-0.05603423,-0.07613834,0,1.0,1.2087444,0.021247577,-0.057556998,0.19835246,0
7,212,1.2087444,0.021247577,-0.057556998,0.19835246,1,1.0,1.2091694,0.21714352,-0.053589948,-0.11191727,0
7,213,1.2091694,0.21714352,-0.053589948,-0.11191727,0,1.0,1.2135123,0.022828793,-0.055828296,0.16338848,0
7,214,1.2135123,0.022828793,-0.055828296,0.16338848,1,1.0,1.2139689,0.21870366,-0.052560523,-0.14637107,0
7,215,1.2139689,0.21870366,-0.052560523,-0.14637107,0,1.0,1.2183429,0.024372268,-0.055487946,0.1292778,0
7,216,1.2183429,0.024372268,-0.055487946,0.1292778,1,1.0,1.2188303,0.22024338,-0.05290239,-0.18038177,0
7,217,1.2188303,0.22024338,-0.05290239,-0.18038177,0,1.0,1.2232352,0.025916789,-0.056510024,0.09515426,0
7,218,1.2232352,0.025916789,-0.056510024,0.09515426,1,1.0,1.2237536,0.22180124,-0.05460694,-0.21480848,0
7,219,1.2237536,0.22180124,-0.05460694,-0.21480848,0,1.0,1.2281896,0.027500764,-0.05890311,0.060161326,0
7,220,1.2281896,0.027500764,-0.05890311,0.060161326,0,1.0,1.2287396,-0.16672935,-0.05769988,0.3336937,0
7,221,1.2287396,-0.16672935,-0.05769988,0.3336937,1,1.0,1.225405,0.029164344,-0.05102601,0.023387825,0
7,222,1.225405,0.029164344,-0.05102601,0.023387825,1,1.0,1.2259883,0.22497952,-0.050558254,-0.28494778,0
7,223,1.2259883,0.22497952,-0.050558254,-0.28494778,0,1.0,1.230488,0.030613726,-0.056257207,-0.008629426,0
7,224,1.230488,0.030613726,-0.056257207,-0.008629426,0,1.0,1.2311002,-0.16365817,-0.056429796,0.26578653,0
7,225,1.2311002,-0.16365817,-0.056429796,0.26578653,1,1.0,1.227827,0.032221865,-0.051114067,-0.044147413,0
7,226,1.227827,0.032221865,-0.051114067,-0.044147413,1,1.0,1.2284714,0.22803809,-0.051997013,-0.35250914,0
7,227,1.2284714,0.22803809,-0.051997013,-0.35250914,0,1.0,1.2330322,0.03369262,-0.059047196,-0.07666516,0
7,228,1.2330322,0.03369262,-0.059047196,-0.07666516,0,1.0,1.2337061,-0.16053532,-0.0605805,0.19681922,0
7,229,1.2337061,-0.16053532,-0.0605805,0.19681922,0,1.0,1.2304953,-0.35474077,-0.056644116,0.46979326,0
7,230,1.2304953,-0.35474077,-0.056644116,0.46979326,1,1.0,1.2234006,-0.15886633,-0.04724825,0.15980834,0
7,231,1.2234006,-0.15886633,-0.04724825,0.15980834,1,1.0,1.2202232,0.036899086,-0.044052083,-0.1473979,0
7,232,1.2202232,0.036899086,-0.044052083,-0.1473979,1,1.0,1.2209612,0.23262328,-0.047000043,-0.4536465,0
7,233,1.2209612,0.23262328,-0.047000043,-0.4536465,0,1.0,1.2256137,0.03819636,-0.056072973,-0.1761411,0
7,234,1.2256137,0.03819636,-0.056072973,-0.1761411,0,1.0,1.2263776,-0.15608016,-0.059595793,0.09833884,0
7,235,1.2263776,-0.15608016,-0.059595793,0.09833884,0,1.0,1.223256,-0.3502996,-0.05762902,0.37164,0
7,236,1.223256,-0.3502996,-0.05762902,0.37164,1,1.0,1.21625,-0.15440829,-0.050196216,0.0613573,0
7,237,1.21625,-0.15440829,-0.050196216,0.0613573,1,1.0,1.2131618,0.041396085,-0.04896907,-0.24673082,0
7,238,1.2131618,0.041396085,-0.04896907,-0.24673082,1,1.0,1.2139897,0.23718198,-0.053903688,-0.5544487,0
7,239,1.2139897,0.23718198,-0.053903688,-0.5544487,0,1.0,1.2187334,0.042856697,-0.06499266,-0.27922422,0
7,240,1.2187334,0.042856697,-0.06499266,-0.27922422,0,1.0,1.2195905,-0.1512808,-0.070577145,-0.0077271736,0
7,241,1.2195905,-0.1512808,-0.070577145,-0.0077271736,0,1.0,1.2165649,-0.34532332,-0.07073169,0.26187953,0
7,242,1.2165649,-0.34532332,-0.07073169,0.26187953,0,1.0,1.2096584,-0.5393681,-0.0654941,0.5314411,0
7,243,1.2096584,-0.5393681,-0.0654941,0.5314411,1,1.0,1.1988711,-0.343389,-0.05486528,0.2188612,0
7,244,1.1988711,-0.343389,-0.05486528,0.2188612,1,1.0,1.1920033,-0.14752743,-0.050488055,-0.09061136,0
7,245,1.1920033,-0.14752743,-0.050488055,-0.09061136,1,1.0,1.1890527,0.04828047,-0.05230028,-0.39878613,0
7,246,1.1890527,0.04828047,-0.05230028,-0.39878613,0,1.0,1.1900184,-0.14606203,-0.060276,-0.123040244,0
7,247,1.1900184,-0.14606203,-0.060276,-0.123040244,0,1.0,1.1870971,-0.34027097,-0.06273681,0.15003368,0
7,248,1.1870971,-0.34027097,-0.06273681,0.15003368,0,1.0,1.1802917,-0.53444105,-0.059736133,0.42228332,0
7,249,1.1802917,-0.53444105,-0.059736133,0.42228332,1,1.0,1.1696029,-0.33852592,-0.051290467,0.111382805,0
7,250,1.1696029,-0.33852592,-0.051290467,0.111382805,1,1.0,1.1628324,-0.14270796,-0.04906281,-0.19703065,0
7,251,1.1628324,-0.14270796,-0.04906281,-0.19703065,1,1.0,1.1599782,0.053080183,-0.053003427,-0.50477815,0
7,252,1.1599782,0.053080183,-0.053003427,-0.50477815,0,1.0,1.1610398,-0.1412563,-0.06309899,-0.22925851,0
7,253,1.1610398,-0.1412563,-0.06309899,-0.22925851,0,1.0,1.1582147,-0.33542246,-0.06768416,0.042872336,0
7,254,1.1582147,-0.33542246,-0.06768416,0.042872336,0,1.0,1.1515062,-0.52951187,-0.06682671,0.31345585,0
7,255,1.1515062,-0.52951187,-0.06682671,0.31345585,0,1.0,1.140916,-0.7236213,-0.060557593,0.5843377,0
7,256,1.140916,-0.7236213,-0.060557593,0.5843377,1,1.0,1.1264435,-0.52770567,-0.04887084,0.2732099,0
7,257,1.1264435,-0.52770567,-0.04887084,0.2732099,1,1.0,1.1158894,-0.3319217,-0.043406643,-0.034477737,0
7,258,1.1158894,-0.3319217,-0.043406643,-0.034477737,1,1.0,1.109251,-0.13620505,-0.044096198,-0.34053376,0
7,259,1.109251,-0.13620505,-0.044096198,-0.34053376,0,1.0,1.106527,-0.33067274,-0.05090687,-0.062075846,0
7,260,1.106527,-0.33067274,-0.05090687,-0.062075846,1,1.0,1.0999135,-0.13485926,-0.052148387,-0.37037572,0
7,261,1.0999135,-0.13485926,-0.052148387,-0.37037572,0,1.0,1.0972162,-0.32920304,-0.059555903,-0.09458104,0
7,262,1.0972162,-0.32920304,-0.059555903,-0.09458104,0,1.0,1.0906322,-0.5234231,-0.061447524,0.17873341,0
7,263,1.0906322,-0.5234231,-0.061447524,0.17873341,0,1.0,1.0801637,-0.7176143,-0.057872854,0.4514163,0
7,264,1.0801637,-0.7176143,-0.057872854,0.4514163,1,1.0,1.0658115,-0.5217237,-0.048844527,0.14106719,0
7,265,1.0658115,-0.5217237,-0.048844527,0.14106719,1,1.0,1.055377,-0.32593742,-0.046023186,-0.1666165,0
7,266,1.055377,-0.32593742,-0.046023186,-0.1666165,1,1.0,1.0488583,-0.13018793,-0.049355514,-0.47345588,0
7,267,1.0488583,-0.13018793,-0.049355514,-0.47345588,0,1.0,1.0462545,-0.3245794,-0.058824632,-0.19672842,0
7,268,1.0462545,-0.3245794,-0.058824632,-0.19672842,0,1.0,1.0397629,-0.5188127,-0.0627592,0.07683322,0
7,269,1.0397629,-0.5188127,-0.0627592,0.07683322,0,1.0,1.0293866,-0.71298146,-0.061222535,0.34907383,0
7,270,1.0293866,-0.71298146,-0.061222535,0.34907383,1,1.0,1.0151271,-0.5170446,-0.05424106,0.03773102,0
7,271,1.0151271,-0.5170446,-0.05424106,0.03773102,0,1.0,1.0047861,-0.7113485,-0.05348644,0.31281912,0
7,272,1.0047861,-0.7113485,-0.05348644,0.31281912,1,1.0,0.99055916,-0.515507,-0.047230057,0.0037594563,0
7,273,0.99055916,-0.515507,-0.047230057,0.0037594563,1,1.0,0.980249,-0.31974062,-0.047154866,-0.3034431,0
7,274,0.980249,-0.31974062,-0.047154866,-0.3034431,0,1.0,0.9738542,-0.5141599,-0.05322373,-0.025996706,0
7,275,0.9738542,-0.5141599,-0.05322373,-0.025996706,0,1.0,0.963571,-0.7084798,-0.053743664,0.24942997,0
7,276,0.963571,-0.7084798,-0.053743664,0.24942997,1,1.0,0.9494014,-0.5126332,-0.048755065,-0.059708826,0
7,277,0.9494014,-0.5126332,-0.048755065,-0.059708826,0,1.0,0.9391487,-0.70702344,-0.04994924,0.21720171,0
7,278,0.9391487,-0.70702344,-0.04994924,0.21720171,1,1.0,0.9250083,-0.5112243,-0.045605205,-0.0908096,0
7,279,0.9250083,-0.5112243,-0.045605205,-0.0908096,0,1.0,0.9147838,-0.7056639,-0.0474214,0.18714328,0
7,280,0.9147838,-0.7056639,-0.0474214,0.18714328,1,1.0,0.9006705,-0.50989676,-0.043678533,-0.12011409,0
7,281,0.9006705,-0.50989676,-0.043678533,-0.12011409,0,1.0,0.8904726,-0.70436656,-0.046080813,0.15847503,0
7,282,0.8904726,-0.70436656,-0.046080813,0.15847503,1,1.0,0.8763853,-0.5086162,-0.042911313,-0.1483818,0
7,283,0.8763853,-0.5086162,-0.042911313,-0.1483818,0,1.0,0.8662129,-0.70309824,-0.04587895,0.13046065,0
7,284,0.8662129,-0.70309824,-0.04587895,0.13046065,1,1.0,0.852151,-0.5073501,-0.04326974,-0.17633623,0
7,285,0.852151,-0.5073501,-0.04326974,-0.17633623,0,1.0,0.84200394,-0.701827,-0.04679646,0.10238869,0
7,286,0.84200394,-0.701827,-0.04679646,0.10238869,1,1.0,0.8279674,-0.5060667,-0.044748686,-0.20468341,0
7,287,0.8279674,-0.5060667,-0.044748686,-0.20468341,0,1.0,0.81784606,-0.7005211,-0.048842356,0.07355448,0
7,288,0.81784606,-0.7005211,-0.048842356,0.07355448,1,1.0,0.80383563,-0.50473416,-0.047371265,-0.2341296,0
7,289,0.80383563,-0.50473416,-0.047371265,-0.2341296,0,1.0,0.793741,-0.6991484,-0.052053858,0.043242667,0
7,290,0.793741,-0.6991484,-0.052053858,0.043242667,0,1.0,0.779758,-0.8934868,-0.051189005,0.31905845,0
7,291,0.779758,-0.8934868,-0.051189005,0.31905845,1,1.0,0.76188827,-0.6976746,-0.044807836,0.010681885,0
7,292,0.76188827,-0.6976746,-0.044807836,0.010681885,1,1.0,0.74793476,-0.5019396,-0.0445942,-0.29579496,0
7,293,0.74793476,-0.5019396,-0.0445942,-0.29579496,0,1.0,0.73789597,-0.6963984,-0.050510097,-0.017503124,0
7,294,0.73789597,-0.6963984,-0.050510097,-0.017503124,0,1.0,0.723968,-0.89076096,-0.05086016,0.25882524,0
7,295,0.723968,-0.89076096,-0.05086016,0.25882524,1,1.0,0.7061528,-0.69495124,-0.045683656,-0.049456034,0
7,296,0.7061528,-0.69495124,-0.045683656,-0.049456034,0,1.0,0.69225377,-0.88938934,-0.046672776,0.22847055,0
7,297,0.69225377,-0.88938934,-0.046672776,0.22847055,1,1.0,0.674466,-0.69363254,-0.042103365,-0.07856168,0
7,298,0.674466,-0.69363254,-0.042103365,-0.07856168,0,1.0,0.66059333,-0.88812643,-0.0436746,0.20054586,0
7,299,0.66059333,-0.88812643,-0.0436746,0.20054586,1,1.0,0.6428308,-0.69240797,-0.03966368,-0.10558818,0
7,300,0.6428308,-0.69240797,-0.03966368,-0.10558818,0,1.0,0.62898266,-0.8869397,-0.041775443,0.1743219,0
7,301,0.62898266,-0.8869397,-0.041775443,0.1743219,1,1.0,0.61124384,-0.69124556,-0.038289007,-0.13124165,0
7,302,0.61124384,-0.69124556,-0.038289007,-0.13124165,0,1.0,0.59741896,-0.8857987,-0.04091384,0.14911997,0
7,303,0.59741896,-0.8857987,-0.04091384,0.14911997,1,1.0,0.579703,-0.69011545,-0.03793144,-0.15618454,0
7,304,0.579703,-0.69011545,-0.03793144,-0.15618454,0,1.0,0.5659007,-0.8846744,-0.04105513,0.124294735,0
7,305,0.5659007,-0.8846744,-0.04105513,0.124294735,1,1.0,0.54820716,-0.68898904,-0.038569234,-0.18105276,0
7,306,0.54820716,-0.68898904,-0.038569234,-0.18105276,0,1.0,0.5344274,-0.8835385,-0.04219029,0.09921782,0
7,307,0.5344274,-0.8835385,-0.04219029,0.09921782,1,1.0,0.5167566,-0.687838,-0.040205933,-0.20647186,0
7,308,0.5167566,-0.687838,-0.040205933,-0.20647186,0,1.0,0.50299984,-0.88236266,-0.044335373,0.073261924,0
7,309,0.50299984,-0.88236266,-0.044335373,0.073261924,1,1.0,0.4853526,-0.68663406,-0.042870134,-0.23307279,0
7,310,0.4853526,-0.68663406,-0.042870134,-0.23307279,0,1.0,0.47161993,-0.8811181,-0.04753159,0.045785245,0
7,311,0.47161993,-0.8811181,-0.04753159,0.045785245,1,1.0,0.45399755,-0.685348,-0.046615884,-0.26150736,0
7,312,0.45399755,-0.685348,-0.046615884,-0.26150736,0,1.0,0.4402906,-0.8797746,-0.05184603,0.016115604,0
7,313,0.4402906,-0.8797746,-0.05184603,0.016115604,0,1.0,0.4226951,-1.0741161,-0.05152372,0.29200032,0
7,314,0.4226951,-1.0741161,-0.05152372,0.29200032,1,1.0,0.40121278,-0.8782988,-0.04568371,-0.016477076,0
7,315,0.40121278,-0.8782988,-0.04568371,-0.016477076,0,1.0,0.38364682,-1.0727369,-0.046013255,0.26144934,0
7,316,0.38364682,-1.0727369,-0.046013255,0.26144934,1,1.0,0.3621921,-0.8769893,-0.04078427,-0.04538433,0
7,317,0.3621921,-0.8769893,-0.04078427,-0.04538433,0,1.0,0.3446523,-1.0715034,-0.041691955,0.23415697,0
7,318,0.3446523,-1.0715034,-0.041691955,0.23415697,1,1.0,0.32322222,-0.87581134,-0.037008815,-0.07137995,0
7,319,0.32322222,-0.87581134,-0.037008815,-0.07137995,0,1.0,0.305706,-1.0703837,-0.038436413,0.20940064,0
7,320,0.305706,-1.0703837,-0.038436413,0.20940064,1,1.0,0.28429833,-0.87473387,-0.0342484,-0.09515492,0
7,321,0.28429833,-0.87473387,-0.0342484,-0.09515492,0,1.0,0.26680365,-1.0693486,-0.0361515,0.18652898,0
7,322,0.26680365,-1.0693486,-0.0361515,0.18652898,1,1.0,0.24541667,-0.8737286,-0.03242092,-0.11733557,0
7,323,0.24541667,-0.8737286,-0.03242092,-0.11733557,0,1.0,0.22794211,-1.0683714,-0.03476763,0.1649451,0
7,324,0.22794211,-1.0683714,-0.03476763,0.1649451,1,1.0,0.20657468,-0.8727694,-0.03146873,-0.13850015,0
7,325,0.20657468,-0.8727694,-0.03146873,-0.13850015,0,1.0,0.1891193,-1.0674268,-0.034238733,0.14409116,0
7,326,0.1891193,-1.0674268,-0.034238733,0.14409116,1,1.0,0.16777076,-0.8718317,-0.03135691,-0.15919381,0
7,327,0.16777076,-0.8718317,-0.03135691,-0.15919381,0,1.0,0.15033412,-1.066491,-0.034540787,0.1234342,0
7,328,0.15033412,-1.066491,-0.034540787,0.1234342,1,1.0,0.1290043,-0.8708917,-0.0320721,-0.17994277,0
7,329,0.1290043,-0.8708917,-0.0320721,-0.17994277,0,1.0,0.11158647,-1.0655403,-0.03567096,0.1024525,0
7,330,0.11158647,-1.0655403,-0.03567096,0.1024525,1,1.0,0.09027565,-0.86992586,-0.033621907,-0.20126766,0
7,331,0.09027565,-0.86992586,-0.033621907,-0.20126766,0,1.0,0.07287714,-1.0645512,-0.037647262,0.08062241,0
7,332,0.07287714,-1.0645512,-0.037647262,0.08062241,1,1.0,0.051586114,-0.8689104,-0.03603481,-0.22369659,0
7,333,0.051586114,-0.8689104,-0.03603481,-0.22369659,0,1.0,0.03420791,-1.0634992,-0.040508743,0.05740531,0
7,334,0.03420791,-1.0634992,-0.040508743,0.05740531,1,1.0,0.012937924,-0.86782056,-0.03936064,-0.24777819,0
7,335,0.012937924,-0.86782056,-0.03936064,-0.24777819,0,1.0,-0.004418488,-1.062359,-0.044316202,0.03223429,0
7,336,-0.004418488,-1.062359,-0.044316202,0.03223429,1,1.0,-0.025665667,-0.86663043,-0.043671515,-0.27409494,0
7,337,-0.025665667,-0.86663043,-0.043671515,-0.27409494,0,1.0,-0.042998277,-1.061103,-0.049153414,0.004500345,0
7,338,-0.042998277,-1.061103,-0.049153414,0.004500345,0,1.0,-0.06422033,-1.2554867,-0.049063407,0.28127864,0
7,339,-0.06422033,-1.2554867,-0.049063407,0.28127864,1,1.0,-0.08933007,-1.0597005,-0.043437835,-0.026466155,0
7,340,-0.08933007,-1.0597005,-0.043437835,-0.026466155,1,1.0,-0.11052408,-0.86398345,-0.043967158,-0.33253157,0
7,341,-0.11052408,-0.86398345,-0.043967158,-0.33253157,0,1.0,-0.12780374,-1.0584528,-0.05061779,-0.054031476,0
7,342,-0.12780374,-1.0584528,-0.05061779,-0.054031476,0,1.0,-0.14897281,-1.2528139,-0.05169842,0.22226132,0
7,343,-0.14897281,-1.2528139,-0.05169842,0.22226132,1,1.0,-0.17402908,-1.0569925,-0.047253195,-0.08627075,0
7,344,-0.17402908,-1.0569925,-0.047253195,-0.08627075,0,1.0,-0.19516894,-1.2514064,-0.048978608,0.19113728,0
7,345,-0.19516894,-1.2514064,-0.048978608,0.19113728,1,1.0,-0.22019707,-1.0556192,-0.045155864,-0.11658523,0
7,346,-0.22019707,-1.0556192,-0.045155864,-0.11658523,0,1.0,-0.24130945,-1.2500662,-0.047487568,0.1615164,0
7,347,-0.24130945,-1.2500662,-0.047487568,0.1615164,1,1.0,-0.26631078,-1.0542977,-0.04425724,-0.14576139,0
7,348,-0.26631078,-1.0542977,-0.04425724,-0.14576139,0,1.0,-0.28739673,-1.2487588,-0.04717247,0.1326373,0
7,349,-0.28739673,-1.2487588,-0.04717247,0.1326373,1,1.0,-0.3123719,-1.052994,-0.044519722,-0.17454681,0
7,350,-0.3123719,-1.052994,-0.044519722,-0.17454681,0,1.0,-0.33343178,-1.2474514,-0.04801066,0.10376588,0
7,351,-0.33343178,-1.2474514,-0.04801066,0.10376588,1,1.0,-0.3583808,-1.0516754,-0.04593534,-0.20366935,0
7,352,-0.3583808,-1.0516754,-0.04593534,-0.20366935,0,1.0,-0.37941432,-1.2461114,-0.050008725,0.0741767,0
7,353,-0.37941432,-1.2461114,-0.050008725,0.0741767,1,1.0,-0.40433654,-1.0503095,-0.04852519,-0.2338554,0
7,354,-0.40433654,-1.0503095,-0.04852519,-0.2338554,0,1.0,-0.42534274,-1.2447058,-0.0532023,0.043134924,0
7,355,-0.42534274,-1.2447058,-0.0532023,0.043134924,0,1.0,-0.45023686,-1.4390261,-0.052339602,0.31856883,0
7,356,-0.45023686,-1.4390261,-0.052339602,0.31856883,1,1.0,-0.47901738,-1.2431992,-0.045968227,0.009850041,0
7,357,-0.47901738,-1.2431992,-0.045968227,0.009850041,1,1.0,-0.50388134,-1.0474492,-0.045771226,-0.29697472,0
7,358,-0.50388134,-1.0474492,-0.045771226,-0.29697472,0,1.0,-0.52483034,-1.2418898,-0.05171072,-0.01907134,0
7,359,-0.52483034,-1.2418898,-0.05171072,-0.01907134,0,1.0,-0.54966813,-1.4362335,-0.052092146,0.25685835,0
7,360,-0.54966813,-1.4362335,-0.052092146,0.25685835,1,1.0,-0.5783928,-1.2404081,-0.04695498,-0.05178958,0
7,361,-0.5783928,-1.2404081,-0.04695498,-0.05178958,0,1.0,-0.603201,-1.4348264,-0.04799077,0.22571678,0
7,362,-0.603201,-1.4348264,-0.04799077,0.22571678,1,1.0,-0.6318975,-1.2390525,-0.043476436,-0.08170969,0
7,363,-0.6318975,-1.2390525,-0.043476436,-0.08170969,0,1.0,-0.65667856,-1.4335252,-0.045110628,0.19694555,0
7,364,-0.65667856,-1.4335252,-0.045110628,0.19694555,1,1.0,-0.68534905,-1.237788,-0.04117172,-0.10961958,0
7,365,-0.68534905,-1.237788,-0.04117172,-0.10961958,0,1.0,-0.7101048,-1.4322965,-0.04336411,0.16979489,0
7,366,-0.7101048,-1.4322965,-0.04336411,0.16979489,1,1.0,-0.73875076,-1.2365816,-0.03996821,-0.1362466,0
7,367,-0.73875076,-1.2365816,-0.03996821,-0.1362466,0,1.0,-0.7634824,-1.431109,-0.042693146,0.14356388,0
7,368,-0.7634824,-1.431109,-0.042693146,0.14356388,1,1.0,-0.79210454,-1.2354023,-0.039821867,-0.16227642,0
7,369,-0.79210454,-1.2354023,-0.039821867,-0.16227642,0,1.0,-0.81681263,-1.4299324,-0.043067396,0.11758259,0
7,370,-0.81681263,-1.4299324,-0.043067396,0.11758259,0,1.0,-0.84541124,-1.6244116,-0.040715743,0.3963731,0
7,371,-0.84541124,-1.6244116,-0.040715743,0.3963731,1,1.0,-0.87789947,-1.4287363,-0.03278828,0.09113632,0
7,372,-0.87789947,-1.4287363,-0.03278828,0.09113632,0,1.0,-0.90647423,-1.6233733,-0.030965555,0.3732969,0
7,373,-0.90647423,-1.6233733,-0.030965555,0.3732969,1,1.0,-0.93894166,-1.4278255,-0.023499617,0.07101335,0
7,374,-0.93894166,-1.4278255,-0.023499617,0.07101335,0,1.0,-0.9674982,-1.6226028,-0.02207935,0.35619038,0
7,375,-0.9674982,-1.6226028,-0.02207935,0.35619038,1,1.0,-0.99995023,-1.427174,-0.014955542,0.056627836,0
7,376,-0.99995023,-1.427174,-0.014955542,0.056627836,0,1.0,-1.0284938,-1.6220783,-0.013822986,0.3445549,0
7,377,-1.0284938,-1.6220783,-0.013822986,0.3445549,1,1.0,-1.0609353,-1.4267625,-0.0069318875,0.047545318,0
7,378,-1.0609353,-1.4267625,-0.0069318875,0.047545318,1,1.0,-1.0894705,-1.2315419,-0.005980981,-0.2473166,0
7,379,-1.0894705,-1.2315419,-0.005980981,-0.2473166,0,1.0,-1.1141014,-1.4265779,-0.010927313,0.04347381,0
7,380,-1.1141014,-1.4265779,-0.010927313,0.04347381,0,1.0,-1.142633,-1.6215415,-0.010057837,0.33268914,0
7,381,-1.142633,-1.6215415,-0.010057837,0.33268914,1,1.0,-1.1750637,-1.4262778,-0.003404054,0.03685151,0
7,382,-1.1750637,-1.4262778,-0.003404054,0.03685151,0,1.0,-1.2035893,-1.6213508,-0.0026670238,0.3284585,0
7,383,-1.2035893,-1.6213508,-0.0026670238,0.3284585,1,1.0,-1.2360163,-1.426191,0.003902146,0.034935694,0
7,384,-1.2360163,-1.426191,0.003902146,0.034935694,1,1.0,-1.2645402,-1.2311251,0.0046008597,-0.2565135,0
7,385,-1.2645402,-1.2311251,0.0046008597,-0.2565135,0,1.0,-1.2891626,-1.4263124,-0.00052941055,0.03761704,0
7,386,-1.2891626,-1.4263124,-0.00052941055,0.03761704,0,1.0,-1.317689,-1.6214268,0.00022293019,0.33013287,0
7,387,-1.317689,-1.6214268,0.00022293019,0.33013287,1,1.0,-1.3501174,-1.426308,0.0068255877,0.037520267,0
7,388,-1.3501174,-1.426308,0.0068255877,0.037520267,1,1.0,-1.3786436,-1.2312846,0.0075759934,-0.25300133,0
7,389,-1.3786436,-1.2312846,0.0075759934,-0.25300133,0,1.0,-1.4032693,-1.426514,0.0025159668,0.04206155,0
7,390,-1.4032693,-1.426514,0.0025159668,0.04206155,0,1.0,-1.4317995,-1.6216719,0.0033571976,0.33553723,0
7,391,-1.4317995,-1.6216719,0.0033571976,0.33553723,1,1.0,-1.464233,-1.426598,0.010067942,0.04391487,0
7,392,-1.464233,-1.426598,0.010067942,0.04391487,1,1.0,-1.492765,-1.2316217,0.010946239,-0.24557461,0
7,393,-1.492765,-1.2316217,0.010946239,-0.24557461,0,1.0,-1.5173974,-1.4268984,0.006034747,0.05054083,0
7,394,-1.5173974,-1.4268984,0.006034747,0.05054083,0,1.0,-1.5459354,-1.6221063,0.0070455642,0.34512165,0
7,395,-1.5459354,-1.6221063,0.0070455642,0.34512165,1,1.0,-1.5783775,-1.4270853,0.013947997,0.054668754,0
7,396,-1.5783775,-1.4270853,0.013947997,0.054668754,1,1.0,-1.6069192,-1.232166,0.015041372,-0.23358104,0
7,397,-1.6069192,-1.232166,0.015041372,-0.23358104,0,1.0,-1.6315625,-1.4274997,0.010369752,0.06380821,0
7,398,-1.6315625,-1.4274997,0.010369752,0.06380821,1,1.0,-1.6601125,-1.2325279,0.011645915,-0.22558504,0
7,399,-1.6601125,-1.2325279,0.011645915,-0.22558504,0,1.0,-1.6847631,-1.4278144,0.0071342145,0.070748575,0
7,400,-1.6847631,-1.4278144,0.0071342145,0.070748575,0,1.0,-1.7133194,-1.6230378,0.008549186,0.3656738,0
7,401,-1.7133194,-1.6230378,0.008549186,0.3656738,1,1.0,-1.7457801,-1.4280385,0.015862662,0.0756988,0
7,402,-1.7457801,-1.4280385,0.015862662,0.0756988,1,1.0,-1.7743409,-1.2331474,0.017376639,-0.21193749,0
7,403,-1.7743409,-1.2331474,0.017376639,-0.21193749,0,1.0,-1.7990038,-1.4285134,0.013137889,0.08617579,0
7,404,-1.7990038,-1.4285134,0.013137889,0.08617579,1,1.0,-1.8275741,-1.2335823,0.014861405,-0.20233333,0
7,405,-1.8275741,-1.2335823,0.014861405,-0.20233333,0,1.0,-1.8522458,-1.4289136,0.010814738,0.095000364,0
7,406,-1.8522458,-1.4289136,0.010814738,0.095000364,0,1.0,-1.880824,-1.6241889,0.0127147455,0.3910756,0
7,407,-1.880824,-1.6241889,0.0127147455,0.3910756,1,1.0,-1.9133078,-1.4292496,0.020536257,0.102428466,0
7,408,-1.9133078,-1.4292496,0.020536257,0.102428466,1,1.0,-1.9418927,-1.2344279,0.022584828,-0.18370526,0
7,409,-1.9418927,-1.2344279,0.022584828,-0.18370526,0,1.0,-1.9665813,-1.4298656,0.018910723,0.11601592,0
7,410,-1.9665813,-1.4298656,0.018910723,0.11601592,1,1.0,-1.9951787,-1.2350197,0.02123104,-0.17064135,0
7,411,-1.9951787,-1.2350197,0.02123104,-0.17064135,0,1.0,-2.019879,-1.430439,0.017818214,0.128663,0
7,412,-2.019879,-1.430439,0.017818214,0.128663,1,1.0,-2.048488,-1.2355767,0.020391474,-0.15834567,0
7,413,-2.048488,-1.2355767,0.020391474,-0.15834567,0,1.0,-2.0731993,-1.4309846,0.01722456,0.14069988,0
7,414,-2.0731993,-1.4309846,0.01722456,0.14069988,1,1.0,-2.101819,-1.2361135,0.020038558,-0.1464996,0
7,415,-2.101819,-1.2361135,0.020038558,-0.1464996,0,1.0,-2.1265414,-1.4315166,0.017108565,0.15243714,0
7,416,-2.1265414,-1.4315166,0.017108565,0.15243714,1,1.0,-2.1551716,-1.2366438,0.020157307,-0.13479969,0
7,417,-2.1551716,-1.2366438,0.020157307,-0.13479969,0,1.0,-2.1799045,-1.4320486,0.017461315,0.1641738,0
7,418,-2.1799045,-1.4320486,0.017461315,0.1641738,1,1.0,-2.2085454,-1.2371808,0.020744791,-0.12294982,0
7,419,-2.2085454,-1.2371808,0.020744791,-0.12294982,0,1.0,-2.2332892,-1.4325938,0.018285794,0.17620502,0
7,420,-2.2332892,-1.4325938,0.018285794,0.17620502,1,1.0,-2.261941,-1.2377383,0.021809895,-0.11065371,0
7,421,-2.261941,-1.2377383,0.021809895,-0.11065371,0,1.0,-2.2866957,-1.4331658,0.01959682,0.18882953,0
7,422,-2.2866957,-1.4331658,0.01959682,0.18882953,1,1.0,-2.315359,-1.2383296,0.02337341,-0.09760753,0
7,423,-2.315359,-1.2383296,0.02337341,-0.09760753,0,1.0,-2.3401256,-1.4337786,0.021421261,0.20235707,0
7,424,-2.3401256,-1.4337786,0.021421261,0.20235707,1,1.0,-2.3688014,-1.2389694,0.025468402,-0.08349225,0
7,425,-2.3688014,-1.2389694,0.025468402,-0.08349225,0,1.0,-2.3935807,-1.434447,0.023798557,0.21711595,0
7,426,-2.3935807,-1.434447,0.023798557,0.21711595,1,1.0,-2.4222696,-1.2396733,0.028140876,-0.067965895,1
8,0,-0.033274725,0.031305075,-0.028256716,0.048376944,0,1.0,-0.032648623,-0.16340055,-0.027289178,0.33201241,0
8,1,-0.032648623,-0.16340055,-0.027289178,0.33201241,0,1.0,-0.035916634,-0.35812366,-0.02064893,0.6159663,0
8,2,-0.035916634,-0.35812366,-0.02064893,0.6159663,1,1.0,-0.043079108,-0.16271938,-0.008329604,0.31685203,0
8,3,-0.043079108,-0.16271938,-0.008329604,0.31685203,0,1.0,-0.046333496,-0.35772172,-0.0019925633,0.6068965,0
8,4,-0.046333496,-0.35772172,-0.0019925633,0.6068965,1,1.0,-0.05348793,-0.16257195,0.010145366,0.31358662,0
8,5,-0.05348793,-0.16257195,0.010145366,0.31358662,1,1.0,-0.056739368,0.032404017,0.0164171,0.024120418,0
8,6,-0.056739368,0.032404017,0.0164171,0.024120418,1,1.0,-0.056091286,0.22728673,0.016899507,-0.26333785,0
8,7,-0.056091286,0.22728673,0.016899507,-0.26333785,0,1.0,-0.051545553,0.031927686,0.011632751,0.03462709,0
8,8,-0.051545553,0.031927686,0.011632751,0.03462709,0,1.0,-0.050907,-0.16335914,0.012325292,0.33095744,0
8,9,-0.050907,-0.16335914,0.012325292,0.33095744,1,1.0,-0.05417418,0.031585224,0.01894444,0.04218667,0
8,10,-0.05417418,0.031585224,0.01894444,0.04218667,1,1.0,-0.053542476,0.22643046,0.019788174,-0.24445942,0
8,11,-0.053542476,0.22643046,0.019788174,-0.24445942,0,1.0,-0.049013868,0.031031549,0.014898987,0.05439892,0
8,12,-0.049013868,0.031031549,0.014898987,0.05439892,1,1.0,-0.04839324,0.22593674,0.015986964,-0.23354627,0
8,13,-0.04839324,0.22593674,0.015986964,-0.23354627,0,1.0,-0.043874502,0.03059005,0.01131604,0.06413628,0
8,14,-0.043874502,0.03059005,0.01131604,0.06413628,0,1.0,-0.0432627,-0.1646923,0.012598765,0.3603679,0
8,15,-0.0432627,-0.1646923,0.012598765,0.3603679,1,1.0,-0.046556547,0.030248318,0.019806122,0.071684115,0
8,16,-0.046556547,0.030248318,0.019806122,0.071684115,1,1.0,-0.045951582,0.2250808,0.021239806,-0.21468467,0
8,17,-0.045951582,0.2250808,0.021239806,-0.21468467,0,1.0,-0.041449964,0.029661737,0.01694611,0.08462184,0
8,18,-0.041449964,0.029661737,0.01694611,0.08462184,1,1.0,-0.04085673,0.22453673,0.01863855,-0.20266676,0
8,19,-0.04085673,0.22453673,0.01863855,-0.20266676,0,1.0,-0.036365997,0.029153246,0.014585214,0.095836975,0
8,20,-0.036365997,0.029153246,0.014585214,0.095836975,1,1.0,-0.03578293,0.22406314,0.016501954,-0.19220889,0
8,21,-0.03578293,0.22406314,0.016501954,-0.19220889,0,1.0,-0.03130167,0.028709067,0.012657776,0.1056337,0
8,22,-0.03130167,0.028709067,0.012657776,0.1056337,1,1.0,-0.030727487,0.22364736,0.014770449,-0.18302903,0
8,23,-0.030727487,0.22364736,0.014770449,-0.18302903,0,1.0,-0.02625454,0.02831721,0.011109869,0.11427659,0
8,24,-0.02625454,0.02831721,0.011109869,0.11427659,0,1.0,-0.025688196,-0.16696216,0.013395401,0.41044378,0
8,25,-0.025688196,-0.16696216,0.013395401,0.41044378,1,1.0,-0.029027438,0.027967352,0.021604277,0.1220139,0
8,26,-0.029027438,0.027967352,0.021604277,0.1220139,1,1.0,-0.028468091,0.22277322,0.024044555,-0.16377556,0
8,27,-0.028468091,0.22277322,0.024044555,-0.16377556,0,1.0,-0.024012627,0.027315468,0.020769043,0.13639475,0
8,28,-0.024012627,0.027315468,0.020769043,0.13639475,1,1.0,-0.023466317,0.22213387,0.023496939,-0.14966418,0
8,29,-0.023466317,0.22213387,0.023496939,-0.14966418,0,1.0,-0.01902364,0.026683474,0.020503655,0.15033796,0
8,30,-0.01902364,0.026683474,0.020503655,0.15033796,1,1.0,-0.01848997,0.22150591,0.023510413,-0.13580662,0
8,31,-0.01848997,0.22150591,0.023510413,-0.13580662,0,1.0,-0.014059853,0.026055241,0.020794282,0.16419978,0
8,32,-0.014059853,0.026055241,0.020794282,0.16419978,1,1.0,-0.013538748,0.22087345,0.024078278,-0.12185126,0
8,33,-0.013538748,0.22087345,0.024078278,-0.12185126,0,1.0,-0.009121279,0.025414946,0.021641253,0.17832983,0
8,34,-0.009121279,0.025414946,0.021641253,0.17832983,1,1.0,-0.00861298,0.22022063,0.02520785,-0.10744823,0
8,35,-0.00861298,0.22022063,0.02520785,-0.10744823,0,1.0,-0.0042085676,0.024746679,0.023058884,0.19307986,0
8,36,-0.0042085676,0.024746679,0.023058884,0.19307986,1,1.0,-0.0037136339,0.21953131,0.02692048,-0.092240706,0
8,37,-0.0037136339,0.21953131,0.02692048,-0.092240706,0,1.0,0.00067699235,0.024034055,0.025075667,0.2088126,0
8,38,0.00067699235,0.024034055,0.025075667,0.2088126,1,1.0,0.0011576734,0.21878864,0.02925192,-0.07585598,0
8,39,0.0011576734,0.21878864,0.02925192,-0.07585598,0,1.0,0.005533446,0.023259819,0.0277348,0.22591062,0
8,40,0.005533446,0.023259819,0.0277348,0.22591062,1,1.0,0.0059986426,0.21797463,0.032253012,-0.057896294,0
8,41,0.0059986426,0.21797463,0.032253012,-0.057896294,1,1.0,0.010358135,0.41261965,0.031095086,-0.3402312,0
8,42,0.010358135,0.41261965,0.031095086,-0.3402312,0,1.0,0.018610528,0.21706939,0.024290461,-0.03790713,0
8,43,0.018610528,0.21706939,0.024290461,-0.03790713,0,1.0,0.022951916,0.021607677,0.02353232,0.26233962,0
8,44,0.022951916,0.021607677,0.02353232,0.26233962,1,1.0,0.02338407,0.21638595,0.028779112,-0.022829033,0
8,45,0.02338407,0.21638595,0.028779112,-0.022829033,1,1.0,0.027711788,0.4110836,0.02832253,-0.3062947,0
8,46,0.027711788,0.4110836,0.02832253,-0.3062947,0,1.0,0.03593346,0.21556976,0.022196637,-0.004815826,0
8,47,0.03593346,0.21556976,0.022196637,-0.004815826,0,1.0,0.040244855,0.020136626,0.02210032,0.29478693,0
8,48,0.040244855,0.020136626,0.02210032,0.29478693,1,1.0,0.04064759,0.21493664,0.02799606,0.009155234,0
8,49,0.04064759,0.21493664,0.02799606,0.009155234,1,1.0,0.04494632,0.40964612,0.028179163,-0.2745648,0
8,50,0.04494632,0.40964612,0.028179163,-0.2745648,0,1.0,0.053139243,0.2141337,0.022687867,0.026871014,0
8,51,0.053139243,0.2141337,0.022687867,0.026871014,1,1.0,0.05742192,0.40892306,0.023225289,-0.25856817,0
8,52,0.05742192,0.40892306,0.023225289,-0.25856817,0,1.0,0.06560038,0.21347737,0.018053925,0.041348908,0
8,53,0.06560038,0.21347737,0.018053925,0.041348908,0,1.0,0.06986993,0.01810125,0.018880904,0.3396729,0
8,54,0.06986993,0.01810125,0.018880904,0.3396729,1,1.0,0.07023195,0.21294953,0.025674362,0.053003233,0
8,55,0.07023195,0.21294953,0.025674362,0.053003233,1,1.0,0.07449094,0.4076941,0.026734425,-0.23146994,0
8,56,0.07449094,0.4076941,0.026734425,-0.23146994,0,1.0,0.08264483,0.21220055,0.022105027,0.0695246,0
8,57,0.08264483,0.21220055,0.022105027,0.0695246,1,1.0,0.086888835,0.40699872,0.02349552,-0.21610293,0
8,58,0.086888835,0.40699872,0.02349552,-0.21610293,0,1.0,0.09502881,0.21154891,0.01917346,0.08389793,0
8,59,0.09502881,0.21154891,0.01917346,0.08389793,1,1.0,0.09925979,0.40639085,0.020851418,-0.2026746,0
8,60,0.09925979,0.40639085,0.020851418,-0.2026746,0,1.0,0.1073876,0.21097699,0.016797926,0.09651234,0
8,61,0.1073876,0.21097699,0.016797926,0.09651234,1,1.0,0.11160714,0.4058542,0.018728174,-0.1908239,0
8,62,0.11160714,0.4058542,0.018728174,-0.1908239,0,1.0,0.11972423,0.21046941,0.014911696,0.10770767,0
8,63,0.11972423,0.21046941,0.014911696,0.10770767,0,1.0,0.12393362,0.01513698,0.01706585,0.4050576,0
8,64,0.12393362,0.01513698,0.01706585,0.4050576,1,1.0,0.12423636,0.21001281,0.025167001,0.11780355,0
8,65,0.12423636,0.21001281,0.025167001,0.11780355,1,1.0,0.12843661,0.4047653,0.027523072,-0.16683435,0
8,66,0.12843661,0.4047653,0.027523072,-0.16683435,0,1.0,0.13653192,0.2092604,0.024186386,0.13440268,0
8,67,0.13653192,0.2092604,0.024186386,0.13440268,1,1.0,0.14071713,0.4040277,0.02687444,-0.15055273,0
8,68,0.14071713,0.4040277,0.02687444,-0.15055273,0,1.0,0.14879768,0.20853145,0.023863385,0.1504859,0
8,69,0.14879768,0.20853145,0.023863385,0.1504859,1,1.0,0.15296832,0.4033037,0.026873102,-0.13457413,0
8,70,0.15296832,0.4033037,0.026873102,-0.13457413,0,1.0,0.16103439,0.20780735,0.02418162,0.16646427,0
8,71,0.16103439,0.20780735,0.02418162,0.16646427,1,1.0,0.16519053,0.40257496,0.027510906,-0.11849302,0
8,72,0.16519053,0.40257496,0.027510906,-0.11849302,0,1.0,0.17324203,0.20706986,0.025141045,0.18274084,0
8,73,0.17324203,0.20706986,0.025141045,0.18274084,1,1.0,0.17738342,0.40182322,0.028795863,-0.10190619,0
8,74,0.17738342,0.40182322,0.028795863,-0.10190619,0,1.0,0.18541989,0.20630068,0.026757738,0.19972086,0
8,75,0.18541989,0.20630068,0.026757738,0.19972086,1,1.0,0.1895459,0.4010299,0.030752156,-0.08440259,0
8,76,0.1895459,0.4010299,0.030752156,-0.08440259,0,1.0,0.19756651,0.20548093,0.029064104,0.21782188,0
8,77,0.19756651,0.20548093,0.029064104,0.21782188,1,1.0,0.20167613,0.40017563,0.03342054,-0.06555316,0
8,78,0.20167613,0.40017563,0.03342054,-0.06555316,1,1.0,0.20967963,0.59480286,0.032109477,-0.3475072,0
8,79,0.20967963,0.59480286,0.032109477,-0.3475072,0,1.0,0.22157569,0.39923927,0.025159335,-0.04487444,0
8,80,0.22157569,0.39923927,0.025159335,-0.04487444,0,1.0,0.22956048,0.20376575,0.024261845,0.2556391,0
8,81,0.22956048,0.20376575,0.024261845,0.2556391,1,1.0,0.2336358,0.39853305,0.029374627,-0.029293574,0
8,82,0.2336358,0.39853305,0.029374627,-0.029293574,1,1.0,0.24160646,0.5932217,0.028788757,-0.31256568,0
8,83,0.24160646,0.5932217,0.028788757,-0.31256568,0,1.0,0.2534709,0.3977017,0.022537442,-0.010944475,0
8,84,0.2534709,0.3977017,0.022537442,-0.010944475,0,1.0,0.26142493,0.2022639,0.022318553,0.28876323,0
8,85,0.26142493,0.2022639,0.022318553,0.28876323,1,1.0,0.2654702,0.3970606,0.028093817,0.003202058,0
8,86,0.2654702,0.3970606,0.028093817,0.003202058,1,1.0,0.27341142,0.5917686,0.028157858,-0.28048623,0
8,87,0.27341142,0.5917686,0.028157858,-0.28048623,0,1.0,0.2852468,0.39625654,0.022548134,0.020942936,0
8,88,0.2852468,0.39625654,0.022548134,0.020942936,1,1.0,0.2931719,0.591048,0.022966992,-0.2645414,0
8,89,0.2931719,0.591048,0.022966992,-0.2645414,0,1.0,0.30499288,0.3956059,0.017676165,0.03529617,0
8,90,0.30499288,0.3956059,0.017676165,0.03529617,1,1.0,0.31290498,0.59046996,0.01838209,-0.25175774,0
8,91,0.31290498,0.59046996,0.01838209,-0.25175774,0,1.0,0.3247144,0.3950904,0.013346934,0.046666093,0
8,92,0.3247144,0.3950904,0.013346934,0.046666093,0,1.0,0.3326162,0.19977964,0.014280256,0.34353003,0
8,93,0.3326162,0.19977964,0.014280256,0.34353003,1,1.0,0.3366118,0.39469555,0.021150855,0.055384222,0
8,94,0.3366118,0.39469555,0.021150855,0.055384222,1,1.0,0.3445057,0.58950794,0.02225854,-0.23055112,0
8,95,0.3445057,0.58950794,0.02225854,-0.23055112,0,1.0,0.35629585,0.39407513,0.017647518,0.069068976,0
8,96,0.35629585,0.39407513,0.017647518,0.069068976,1,1.0,0.36417738,0.58893967,0.019028898,-0.21799424,0
8,97,0.36417738,0.58893967,0.019028898,-0.21799424,0,1.0,0.37595615,0.39355096,0.014669013,0.08062995,0
8,98,0.37595615,0.39355096,0.014669013,0.08062995,1,1.0,0.38382718,0.5884596,0.016281612,-0.20738901,0
8,99,0.38382718,0.5884596,0.016281612,-0.20738901,0,1.0,0.39559639,0.39310864,0.012133832,0.09038515,0
8,100,0.39559639,0.39310864,0.012133832,0.09038515,1,1.0,0.40345854,0.5880546,0.013941535,-0.19844499,0
8,101,0.40345854,0.5880546,0.013941535,-0.19844499,0,1.0,0.41521963,0.39273605,0.009972635,0.09860305,0
8,102,0.41521963,0.39273605,0.009972635,0.09860305,1,1.0,0.42307436,0.58771366,0.011944696,-0.19091693,0
8,103,0.42307436,0.58771366,0.011944696,-0.19091693,0,1.0,0.43482864,0.39242288,0.008126358,0.105510004,0
8,104,0.43482864,0.39242288,0.008126358,0.105510004,1,1.0,0.44267708,0.58742744,0.010236558,-0.18459806,0
8,105,0.44267708,0.58742744,0.010236558,-0.18459806,0,1.0,0.45442563,0.39216053,0.0065445965,0.11129646,0
8,106,0.45442563,0.39216053,0.0065445965,0.11129646,1,1.0,0.46226886,0.58718807,0.008770525,-0.17931452,0
8,107,0.46226886,0.58718807,0.008770525,-0.17931452,0,1.0,0.4740126,0.39194173,0.0051842355,0.116122246,0
8,108,0.4740126,0.39194173,0.0051842355,0.116122246,0,1.0,0.48185143,0.19674589,0.00750668,0.41043624,0
8,109,0.48185143,0.19674589,0.00750668,0.41043624,1,1.0,0.48578635,0.39176062,0.015715405,0.12012933,0
8,110,0.48578635,0.39176062,0.015715405,0.12012933,1,1.0,0.49362156,0.5866539,0.018117992,-0.1675544,0
8,111,0.49362156,0.5866539,0.018117992,-0.1675544,1,1.0,0.50535464,0.7815119,0.0147669045,-0.454467,0
8,112,0.50535464,0.7815119,0.0147669045,-0.454467,0,1.0,0.5209849,0.5861843,0.005677564,-0.15716621,0
8,113,0.5209849,0.5861843,0.005677564,-0.15716621,0,1.0,0.5327086,0.39098153,0.0025342398,0.13730243,0
8,114,0.5327086,0.39098153,0.0025342398,0.13730243,1,1.0,0.5405282,0.5860671,0.0052802884,-0.15457991,0
8,115,0.5405282,0.5860671,0.0052802884,-0.15457991,0,1.0,0.55224955,0.39086992,0.00218869,0.13976413,0
8,116,0.55224955,0.39086992,0.00218869,0.13976413,1,1.0,0.56006694,0.58596045,0.0049839728,-0.15222749,0
8,117,0.56006694,0.58596045,0.0049839728,-0.15222749,0,1.0,0.57178617,0.3907675,0.0019394229,0.1420236,0
8,118,0.57178617,0.3907675,0.0019394229,0.1420236,1,1.0,0.5796015,0.5858616,0.004779895,-0.15004686,0
8,119,0.5796015,0.5858616,0.004779895,-0.15004686,0,1.0,0.5913187,0.39067155,0.0017789579,0.1441402,0
8,120,0.5913187,0.39067155,0.0017789579,0.1441402,1,1.0,0.5991322,0.585768,0.0046617617,-0.14798097,0
8,121,0.5991322,0.585768,0.0046617617,-0.14798097,0,1.0,0.61084753,0.39057958,0.0017021423,0.14616899,0
8,122,0.61084753,0.39057958,0.0017021423,0.14616899,1,1.0,0.61865914,0.58567715,0.004625522,-0.14597645,0
8,123,0.61865914,0.58567715,0.004625522,-0.14597645,0,1.0,0.63037264,0.39048922,0.0017059932,0.14816214,0
8,124,0.63037264,0.39048922,0.0017059932,0.14816214,1,1.0,0.63818246,0.5855867,0.004669236,-0.1439821,0
8,125,0.63818246,0.5855867,0.004669236,-0.1439821,0,1.0,0.6498942,0.3903982,0.0017895942,0.15017024,0
8,126,0.6498942,0.3903982,0.0017895942,0.15017024,1,1.0,0.65770215,0.58549446,0.0047929985,-0.14194758,0
8,127,0.65770215,0.58549446,0.0047929985,-0.14194758,0,1.0,0.669412,0.3903042,0.0019540472,0.1522436,0
8,128,0.669412,0.3903042,0.0019540472,0.1522436,1,1.0,0.67721814,0.58539814,0.004998919,-0.13982223,0
8,129,0.67721814,0.58539814,0.004998919,-0.13982223,0,1.0,0.6889261,0.39020494,0.0022024743,0.15443356,0
8,130,0.6889261,0.39020494,0.0022024743,0.15443356,1,1.0,0.6967302,0.5852953,0.0052911458,-0.13755372,0
8,131,0.6967302,0.5852953,0.0052911458,-0.13755372,1,1.0,0.7084361,0.7803411,0.0025400713,-0.42856267,0
8,132,0.7084361,0.7803411,0.0025400713,-0.42856267,0,1.0,0.7240429,0.5851832,-0.006031182,-0.1350801,0
8,133,0.7240429,0.5851832,-0.006031182,-0.1350801,0,1.0,0.73574656,0.3901482,-0.008732785,0.155694,0
8,134,0.73574656,0.3901482,-0.008732785,0.155694,1,1.0,0.7435495,0.5853941,-0.0056189043,-0.13973108,0
8,135,0.7435495,0.5853941,-0.0056189043,-0.13973108,0,1.0,0.7552574,0.39035305,-0.008413526,0.15117389,0
8,136,0.7552574,0.39035305,-0.008413526,0.15117389,1,1.0,0.7630645,0.5855945,-0.0053900485,-0.1441514,0
8,137,0.7630645,0.5855945,-0.0053900485,-0.1441514,0,1.0,0.77477634,0.3905501,-0.008273076,0.1468262,0
8,138,0.77477634,0.3905501,-0.008273076,0.1468262,1,1.0,0.78258735,0.58578956,-0.0053365524,-0.1484552,0
8,139,0.78258735,0.58578956,-0.0053365524,-0.1484552,0,1.0,0.7943032,0.39074442,-0.008305657,0.14253938,0
8,140,0.7943032,0.39074442,-0.008305657,0.14253938,1,1.0,0.80211806,0.58598435,-0.0054548685,-0.15275222,0
8,141,0.80211806,0.58598435,-0.0054548685,-0.15275222,0,1.0,0.8138377,0.3909409,-0.008509913,0.13820484,0
8,142,0.8138377,0.3909409,-0.008509913,0.13820484,1,1.0,0.8216565,0.5861837,-0.005745816,-0.15715064,0
8,143,0.8216565,0.5861837,-0.005745816,-0.15715064,0,1.0,0.8333802,0.39114448,-0.008888829,0.1337141,0
8,144,0.8333802,0.39114448,-0.008888829,0.1337141,1,1.0,0.8412031,0.58639264,-0.006214547,-0.16175982,0
8,145,0.8412031,0.58639264,-0.006214547,-0.16175982,0,1.0,0.85293096,0.3913602,-0.009449744,0.12895612,0
8,146,0.85293096,0.3913602,-0.009449744,0.12895612,1,1.0,0.8607582,0.5866162,-0.006870621,-0.16669305,0
8,147,0.8607582,0.5866162,-0.006870621,-0.16669305,0,1.0,0.8724905,0.3915933,-0.010204482,0.1238145,0
8,148,0.8724905,0.3915933,-0.010204482,0.1238145,1,1.0,0.88032234,0.58685994,-0.0077281916,-0.17207028,0
8,149,0.88032234,0.58685994,-0.0077281916,-0.17207028,0,1.0,0.89205956,0.39184946,-0.0111695975,0.11816466,0
8,150,0.89205956,0.39184946,-0.0111695975,0.11816466,1,1.0,0.89989656,0.58712965,-0.008806304,-0.17802115,0
8,151,0.89989656,0.58712965,-0.008806304,-0.17802115,0,1.0,0.91163915,0.39213482,-0.012366727,0.11187073,0
8,152,0.91163915,0.39213482,-0.012366727,0.11187073,1,1.0,0.9194818,0.5874318,-0.010129313,-0.18468803,0
8,153,0.9194818,0.5874318,-0.010129313,-0.18468803,0,1.0,0.9312305,0.3924562,-0.013823073,0.10478235,0
8,154,0.9312305,0.3924562,-0.013823073,0.10478235,1,1.0,0.9390796,0.5877735,-0.011727426,-0.19222945,0
8,155,0.9390796,0.5877735,-0.011727426,-0.19222945,0,1.0,0.95083505,0.39282125,-0.015572015,0.096731015,0
8,156,0.95083505,0.39282125,-0.015572015,0.096731015,1,1.0,0.9586915,0.5881629,-0.013637395,-0.20082389,0
8,157,0.9586915,0.5881629,-0.013637395,-0.20082389,0,1.0,0.97045475,0.3932386,-0.017653873,0.08752607,0
8,158,0.97045475,0.3932386,-0.017653873,0.08752607,1,1.0,0.9783195,0.5886091,-0.015903352,-0.21067397,0
8,159,0.9783195,0.5886091,-0.015903352,-0.21067397,0,1.0,0.9900917,0.39371812,-0.02011683,0.076950155,0
8,160,0.9900917,0.39371812,-0.02011683,0.076950155,1,1.0,0.99796605,0.5891226,-0.018577827,-0.2220112,0
8,161,0.99796605,0.5891226,-0.018577827,-0.2220112,0,1.0,1.0097486,0.39427105,-0.023018053,0.06475412,0
8,162,1.0097486,0.39427105,-0.023018053,0.06475412,1,1.0,1.0176339,0.5897153,-0.021722969,-0.23510134,0
8,163,1.0176339,0.5897153,-0.021722969,-0.23510134,0,1.0,1.0294282,0.39491037,-0.026424997,0.0506511,0
8,164,1.0294282,0.39491037,-0.026424997,0.0506511,1,1.0,1.0373265,0.59040105,-0.025411975,-0.2502506,0
8,165,1.0373265,0.59040105,-0.025411975,-0.2502506,0,1.0,1.0491345,0.39565104,-0.030416986,0.03430978,0
8,166,1.0491345,0.39565104,-0.030416986,0.03430978,1,1.0,1.0570475,0.5911957,-0.029730791,-0.26781273,0
8,167,1.0570475,0.5911957,-0.029730791,-0.26781273,0,1.0,1.0688714,0.39651036,-0.035087045,0.01534663,0
8,168,1.0688714,0.39651036,-0.035087045,0.01534663,0,1.0,1.0768017,0.20190872,-0.03478011,0.29675597,0
8,169,1.0768017,0.20190872,-0.03478011,0.29675597,1,1.0,1.0808398,0.39750877,-0.028844994,-0.006689966,0
8,170,1.0808398,0.39750877,-0.028844994,-0.006689966,1,1.0,1.0887899,0.59303224,-0.028978793,-0.30833247,0
8,171,1.0887899,0.59303224,-0.028978793,-0.30833247,0,1.0,1.1006507,0.39833495,-0.035145443,-0.024927685,0
8,172,1.1006507,0.39833495,-0.035145443,-0.024927685,0,1.0,1.1086173,0.20373419,-0.035643995,0.25646257,0
8,173,1.1086173,0.20373419,-0.035643995,0.25646257,1,1.0,1.112692,0.39934644,-0.030514745,-0.047246527,0
8,174,1.112692,0.39934644,-0.030514745,-0.047246527,1,1.0,1.1206789,0.5948923,-0.031459674,-0.3493988,0
8,175,1.1206789,0.5948923,-0.031459674,-0.3493988,0,1.0,1.1325768,0.40023163,-0.038447652,-0.06679981,0
8,176,1.1325768,0.40023163,-0.038447652,-0.06679981,0,1.0,1.1405814,0.20568138,-0.039783645,0.21350905,0
8,177,1.1405814,0.20568138,-0.039783645,0.21350905,1,1.0,1.144695,0.4013489,-0.035513464,-0.091453254,0
8,178,1.144695,0.4013489,-0.035513464,-0.091453254,1,1.0,1.152722,0.5969614,-0.03734253,-0.39512578,0
8,179,1.152722,0.5969614,-0.03734253,-0.39512578,0,1.0,1.1646613,0.40238863,-0.045245048,-0.11444627,0
8,180,1.1646613,0.40238863,-0.045245048,-0.11444627,0,1.0,1.172709,0.20794322,-0.04753397,0.16362588,0
8,181,1.172709,0.20794322,-0.04753397,0.16362588,1,1.0,1.1768678,0.40371227,-0.044261456,-0.14366573,0
8,182,1.1768678,0.40371227,-0.044261456,-0.14366573,0,1.0,1.1849421,0.20925122,-0.04713477,0.13473153,0
8,183,1.1849421,0.20925122,-0.04713477,0.13473153,1,1.0,1.1891271,0.40501553,-0.04444014,-0.17244127,0
8,184,1.1891271,0.40501553,-0.04444014,-0.17244127,0,1.0,1.1972275,0.21055685,-0.047888964,0.10589764,0
8,185,1.1972275,0.21055685,-0.047888964,0.10589764,1,1.0,1.2014385,0.4063312,-0.04577101,-0.20150119,0
8,186,1.2014385,0.4063312,-0.04577101,-0.20150119,0,1.0,1.2095652,0.21189274,-0.049801033,0.07639909,0
8,187,1.2095652,0.21189274,-0.049801033,0.07639909,1,1.0,1.213803,0.40769193,-0.048273053,-0.23157105,0
8,188,1.213803,0.40769193,-0.048273053,-0.23157105,0,1.0,1.221957,0.21329181,-0.05290447,0.04550269,0
8,189,1.221957,0.21329181,-0.05290447,0.04550269,1,1.0,1.2262228,0.4091309,-0.05199442,-0.2633916,0
8,190,1.2262228,0.4091309,-0.05199442,-0.2633916,0,1.0,1.2344054,0.21478817,-0.057262253,0.012449062,0
8,191,1.2344054,0.21478817,-0.057262253,0.012449062,0,1.0,1.2387011,0.020532198,-0.05701327,0.28652954,0
8,192,1.2387011,0.020532198,-0.05701327,0.28652954,1,1.0,1.2391118,0.21641894,-0.05128268,-0.023575967,0
8,193,1.2391118,0.21641894,-0.05128268,-0.023575967,1,1.0,1.2434402,0.41223738,-0.0517542,-0.331988,0
8,194,1.2434402,0.41223738,-0.0517542,-0.331988,0,1.0,1.2516849,0.21788883,-0.05839396,-0.05606444,0
8,195,1.2516849,0.21788883,-0.05839396,-0.05606444,0,1.0,1.2560427,0.023650663,-0.05951525,0.21763813,0
8,196,1.2560427,0.023650663,-0.05951525,0.21763813,1,1.0,1.2565157,0.21957067,-0.055162486,-0.09320871,0
8,197,1.2565157,0.21957067,-0.055162486,-0.09320871,0,1.0,1.260907,0.025280973,-0.05702666,0.181573,0
8,198,1.260907,0.025280973,-0.05702666,0.181573,1,1.0,1.2614127,0.2211706,-0.0533952,-0.12854055,0
8,199,1.2614127,0.2211706,-0.0533952,-0.12854055,0,1.0,1.2658361,0.0268526,-0.05596601,0.14683032,0
8,200,1.2658361,0.0268526,-0.05596601,0.14683032,1,1.0,1.2663732,0.22272949,-0.053029403,-0.16297041,0
8,201,1.2663732,0.22272949,-0.053029403,-0.16297041,0,1.0,1.2708278,0.028405206,-0.056288812,0.11252292,0
8,202,1.2708278,0.028405206,-0.056288812,0.11252292,1,1.0,1.2713959,0.22428666,-0.054038353,-0.19737408,0
8,203,1.2713959,0.22428666,-0.054038353,-0.19737408,0,1.0,1.2758816,0.029977612,-0.057985835,0.0777845,0
8,204,1.2758816,0.029977612,-0.057985835,0.0777845,1,1.0,1.2764812,0.22588082,-0.056430146,-0.23261471,0
8,205,1.2764812,0.22588082,-0.056430146,-0.23261471,0,1.0,1.2809988,0.03160868,-0.061082438,0.041747987,0
8,206,1.2809988,0.03160868,-0.061082438,0.041747987,0,1.0,1.281631,-0.16258658,-0.06024748,0.31455058,0
8,207,1.281631,-0.16258658,-0.06024748,0.31455058,1,1.0,1.2783792,0.033339523,-0.053956468,0.00349257,0
8,208,1.2783792,0.033339523,-0.053956468,0.00349257,1,1.0,1.279046,0.22919211,-0.053886615,-0.30571428,0
8,209,1.279046,0.22919211,-0.053886615,-0.30571428,0,1.0,1.2836299,0.034877807,-0.0600009,-0.030500907,0
8,210,1.2836299,0.034877807,-0.0600009,-0.030500907,0,1.0,1.2843274,-0.15933466,-0.06061092,0.24266389,0
8,211,1.2843274,-0.15933466,-0.06061092,0.24266389,1,1.0,1.2811407,0.03659833,-0.05575764,-0.068504624,0
8,212,1.2811407,0.03659833,-0.05575764,-0.068504624,0,1.0,1.2818726,-0.15768173,-0.057127737,0.20607834,0
8,213,1.2818726,-0.15768173,-0.057127737,0.20607834,1,1.0,1.2787191,0.038208634,-0.05300617,-0.104064286,0
8,214,1.2787191,0.038208634,-0.05300617,-0.104064286,1,1.0,1.2794832,0.23404856,-0.055087455,-0.41298813,0
8,215,1.2794832,0.23404856,-0.055087455,-0.41298813,0,1.0,1.2841642,0.039748985,-0.06334721,-0.13816838,0
8,216,1.2841642,0.039748985,-0.06334721,-0.13816838,0,1.0,1.2849592,-0.15441115,-0.06611058,0.13387603,0
8,217,1.2849592,-0.15441115,-0.06611058,0.13387603,0,1.0,1.281871,-0.3485269,-0.063433066,0.40499124,0
8,218,1.281871,-0.3485269,-0.063433066,0.40499124,1,1.0,1.2749004,-0.15256543,-0.055333238,0.093003385,0
8,219,1.2749004,-0.15256543,-0.055333238,0.093003385,1,1.0,1.2718492,0.04330416,-0.05347317,-0.216611,0
8,220,1.2718492,0.04330416,-0.05347317,-0.216611,0,1.0,1.2727152,-0.1510142,-0.05780539,0.05873629,0
8,221,1.2727152,-0.1510142,-0.05780539,0.05873629,1,1.0,1.2696949,0.044886883,-0.056630664,-0.25160983,0
8,222,1.2696949,0.044886883,-0.056630664,-0.25160983,0,1.0,1.2705927,-0.14938259,-0.06166286,0.022686707,0
8,223,1.2705927,-0.14938259,-0.06166286,0.022686707,0,1.0,1.267605,-0.34356853,-0.061209127,0.2952946,0
8,224,1.267605,-0.34356853,-0.061209127,0.2952946,1,1.0,1.2607336,-0.14762978,-0.055303235,-0.01604734,0
8,225,1.2607336,-0.14762978,-0.055303235,-0.01604734,1,1.0,1.257781,0.04823988,-0.055624183,-0.32565352,0
8,226,1.257781,0.04823988,-0.055624183,-0.32565352,0,1.0,1.2587458,-0.1460478,-0.062137254,-0.051017817,0
8,227,1.2587458,-0.1460478,-0.062137254,-0.051017817,0,1.0,1.2558249,-0.34022626,-0.06315761,0.22143118,0
8,228,1.2558249,-0.34022626,-0.06315761,0.22143118,0,1.0,1.2490203,-0.5343913,-0.058728985,0.49354202,0
8,229,1.2490203,-0.5343913,-0.058728985,0.49354202,1,1.0,1.2383325,-0.33849233,-0.048858143,0.1829438,0
8,230,1.2383325,-0.33849233,-0.048858143,0.1829438,1,1.0,1.2315626,-0.14270657,-0.045199268,-0.12474297,0
8,231,1.2315626,-0.14270657,-0.045199268,-0.12474297,1,1.0,1.2287085,0.053032797,-0.047694128,-0.43133622,0
8,232,1.2287085,0.053032797,-0.047694128,-0.43133622,0,1.0,1.2297692,-0.1413825,-0.056320854,-0.15406165,0
8,233,1.2297692,-0.1413825,-0.056320854,-0.15406165,0,1.0,1.2269416,-0.3356547,-0.059402086,0.12033502,0
8,234,1.2269416,-0.3356547,-0.059402086,0.12033502,1,1.0,1.2202284,-0.13973421,-0.056995384,-0.19048133,0
8,235,1.2202284,-0.13973421,-0.056995384,-0.19048133,0,1.0,1.2174338,-0.33399642,-0.06080501,0.083691254,0
8,236,1.2174338,-0.33399642,-0.06080501,0.083691254,0,1.0,1.2107538,-0.52819645,-0.059131186,0.35658726,0
8,237,1.2107538,-0.52819645,-0.059131186,0.35658726,1,1.0,1.20019,-0.33228582,-0.051999442,0.04586052,0
8,238,1.20019,-0.33228582,-0.051999442,0.04586052,1,1.0,1.1935441,-0.13645828,-0.05108223,-0.2627647,0
8,239,1.1935441,-0.13645828,-0.05108223,-0.2627647,0,1.0,1.190815,-0.3308153,-0.056337524,0.013378868,0
8,240,1.190815,-0.3308153,-0.056337524,0.013378868,1,1.0,1.1841987,-0.13493252,-0.056069948,-0.29653355,0
8,241,1.1841987,-0.13493252,-0.056069948,-0.29653355,0,1.0,1.1815001,-0.3292122,-0.062000617,-0.022047956,0
8,242,1.1815001,-0.3292122,-0.062000617,-0.022047956,0,1.0,1.1749158,-0.52339274,-0.062441576,0.25044668,0
8,243,1.1749158,-0.52339274,-0.062441576,0.25044668,1,1.0,1.164448,-0.32743725,-0.057432644,-0.061259605,0
8,244,1.164448,-0.32743725,-0.057432644,-0.061259605,0,1.0,1.1578993,-0.5216907,-0.058657836,0.21276426,0
8,245,1.1578993,-0.5216907,-0.058657836,0.21276426,1,1.0,1.1474655,-0.32578132,-0.054402553,-0.09782996,0
8,246,1.1474655,-0.32578132,-0.054402553,-0.09782996,0,1.0,1.1409497,-0.52008307,-0.05635915,0.17720501,0
8,247,1.1409497,-0.52008307,-0.05635915,0.17720501,1,1.0,1.1305481,-0.32420173,-0.05281505,-0.13271126,0
8,248,1.1305481,-0.32420173,-0.05281505,-0.13271126,0,1.0,1.1240641,-0.51852894,-0.055469275,0.14285268,0
8,249,1.1240641,-0.51852894,-0.055469275,0.14285268,1,1.0,1.1136935,-0.32265827,-0.052612223,-0.16680107,0
8,250,1.1136935,-0.32265827,-0.052612223,-0.16680107,0,1.0,1.1072403,-0.5169892,-0.055948243,0.1088311,0
8,251,1.1072403,-0.5169892,-0.055948243,0.1088311,1,1.0,1.0969006,-0.32111198,-0.053771622,-0.20096517,0
8,252,1.0969006,-0.32111198,-0.053771622,-0.20096517,0,1.0,1.0904783,-0.5154253,-0.057790924,0.07428231,0
8,253,1.0904783,-0.5154253,-0.057790924,0.07428231,0,1.0,1.0801698,-0.70967317,-0.056305278,0.34818664,0
8,254,1.0801698,-0.70967317,-0.056305278,0.34818664,1,1.0,1.0659764,-0.51379746,-0.049341545,0.03829369,0
8,255,1.0659764,-0.51379746,-0.049341545,0.03829369,1,1.0,1.0557004,-0.31800398,-0.04857567,-0.26953968,0
8,256,1.0557004,-0.31800398,-0.04857567,-0.26953968,0,1.0,1.0493404,-0.51240027,-0.053966466,0.0074351975,0
8,257,1.0493404,-0.51240027,-0.053966466,0.0074351975,1,1.0,1.0390923,-0.31654757,-0.05381776,-0.30177462,0
8,258,1.0390923,-0.31654757,-0.05381776,-0.30177462,0,1.0,1.0327613,-0.5108628,-0.059853252,-0.02653852,0
8,259,1.0327613,-0.5108628,-0.059853252,-0.02653852,0,1.0,1.0225441,-0.70507765,-0.060384024,0.24667569,0
8,260,1.0225441,-0.70507765,-0.060384024,0.24667569,1,1.0,1.0084425,-0.5091476,-0.05545051,-0.06442587,0
8,261,1.0084425,-0.5091476,-0.05545051,-0.06442587,0,1.0,0.9982596,-0.7034325,-0.05673903,0.21025947,0
8,262,0.9982596,-0.7034325,-0.05673903,0.21025947,1,1.0,0.98419094,-0.5075471,-0.05253384,-0.09976811,0
8,263,0.98419094,-0.5075471,-0.05253384,-0.09976811,0,1.0,0.97404003,-0.7018783,-0.0545292,0.17588875,0
8,264,0.97404003,-0.7018783,-0.0545292,0.17588875,1,1.0,0.9600024,-0.5060201,-0.051011425,-0.13348556,0
8,265,0.9600024,-0.5060201,-0.051011425,-0.13348556,0,1.0,0.94988203,-0.7003757,-0.053681135,0.1426777,0
8,266,0.94988203,-0.7003757,-0.053681135,0.1426777,1,1.0,0.9358745,-0.5045276,-0.05082758,-0.16644584,0
8,267,0.9358745,-0.5045276,-0.05082758,-0.16644584,0,1.0,0.925784,-0.6988866,-0.054156497,0.10977918,0
8,268,0.925784,-0.6988866,-0.054156497,0.10977918,1,1.0,0.9118062,-0.5030321,-0.051960915,-0.19948606,0
8,269,0.9118062,-0.5030321,-0.051960915,-0.19948606,0,1.0,0.9017456,-0.6973738,-0.055950638,0.07636348,0
8,270,0.9017456,-0.6973738,-0.055950638,0.07636348,0,1.0,0.88779813,-0.8916509,-0.054423366,0.35088217,0
8,271,0.88779813,-0.8916509,-0.054423366,0.35088217,1,1.0,0.86996514,-0.69579893,-0.047405723,0.04154659,0
8,272,0.86996514,-0.69579893,-0.047405723,0.04154659,1,1.0,0.8560491,-0.5000304,-0.04657479,-0.26570842,0
8,273,0.8560491,-0.5000304,-0.04657479,-0.26570842,0,1.0,0.84604853,-0.6944577,-0.05188896,0.011928303,0
8,274,0.84604853,-0.6944577,-0.05188896,0.011928303,0,1.0,0.8321594,-0.8887986,-0.051650394,0.28779876,0
8,275,0.8321594,-0.8887986,-0.051650394,0.28779876,1,1.0,0.8143834,-0.6929796,-0.045894418,-0.020716518,0
8,276,0.8143834,-0.6929796,-0.045894418,-0.020716518,1,1.0,0.8005238,-0.49723053,-0.04630875,-0.32751915,0
8,277,0.8005238,-0.49723053,-0.04630875,-0.32751915,0,1.0,0.7905792,-0.6916636,-0.05285913,-0.049792036,0
8,278,0.7905792,-0.6916636,-0.05285913,-0.049792036,0,1.0,0.7767459,-0.88598937,-0.053854972,0.22575606,0
8,279,0.7767459,-0.88598937,-0.053854972,0.22575606,1,1.0,0.7590261,-0.6901407,-0.04933985,-0.08341665,0
8,280,0.7590261,-0.6901407,-0.04933985,-0.08341665,0,1.0,0.74522334,-0.88452196,-0.051008184,0.19330034,0
8,281,0.74522334,-0.88452196,-0.051008184,0.19330034,1,1.0,0.72753286,-0.68870884,-0.047142178,-0.11502721,0
8,282,0.72753286,-0.68870884,-0.047142178,-0.11502721,0,1.0,0.7137587,-0.88312477,-0.049442723,0.16241795,0
8,283,0.7137587,-0.88312477,-0.049442723,0.16241795,1,1.0,0.6960962,-0.68733114,-0.046194363,-0.1454438,0
8,284,0.6960962,-0.68733114,-0.046194363,-0.1454438,0,1.0,0.68234956,-0.88176215,-0.049103238,0.1323153,0
8,285,0.68234956,-0.88176215,-0.049103238,0.1323153,1,1.0,0.66471434,-0.68597245,-0.046456933,-0.1754458,0
8,286,0.66471434,-0.68597245,-0.046456933,-0.1754458,0,1.0,0.6509949,-0.8803998,-0.049965847,0.10222716,0
8,287,0.6509949,-0.8803998,-0.049965847,0.10222716,1,1.0,0.6333869,-0.68459874,-0.047921304,-0.20579179,0
8,288,0.6333869,-0.68459874,-0.047921304,-0.20579179,0,1.0,0.61969495,-0.8790038,-0.052037142,0.0713976,0
8,289,0.61969495,-0.8790038,-0.052037142,0.0713976,0,1.0,0.60211486,-1.0733426,-0.05060919,0.3472192,0
8,290,0.60211486,-1.0733426,-0.05060919,0.3472192,1,1.0,0.580648,-0.8775387,-0.043664806,0.039016627,0
8,291,0.580648,-0.8775387,-0.043664806,0.039016627,1,1.0,0.56309724,-0.68181866,-0.042884473,-0.26711696,0
8,292,0.56309724,-0.68181866,-0.042884473,-0.26711696,0,1.0,0.5494608,-0.8763032,-0.04822681,0.011737427,0
8,293,0.5494608,-0.8763032,-0.04822681,0.011737427,0,1.0,0.5319348,-1.0707015,-0.04799206,0.2888227,0
8,294,0.5319348,-1.0707015,-0.04799206,0.2888227,1,1.0,0.51052076,-0.87492925,-0.042215608,-0.018601885,0
8,295,0.51052076,-0.87492925,-0.042215608,-0.018601885,1,1.0,0.49302217,-0.67922807,-0.042587645,-0.32429978,0
8,296,0.49302217,-0.67922807,-0.042587645,-0.32429978,0,1.0,0.47943762,-0.87371856,-0.049073644,-0.045345534,0
8,297,0.47943762,-0.87371856,-0.049073644,-0.045345534,0,1.0,0.46196324,-1.0681038,-0.049980555,0.23145933,0
8,298,0.46196324,-1.0681038,-0.049980555,0.23145933,1,1.0,0.44060117,-0.87230456,-0.045351367,-0.07656085,0
8,299,0.44060117,-0.87230456,-0.045351367,-0.07656085,0,1.0,0.42315507,-1.066748,-0.046882585,0.20147571,0
8,300,0.42315507,-1.066748,-0.046882585,0.20147571,1,1.0,0.40182012,-0.870988,-0.04285307,-0.105620086,0
8,301,0.40182012,-0.870988,-0.04285307,-0.105620086,0,1.0,0.38440034,-1.0654705,-0.044965472,0.17324086,0
8,302,0.38440034,-1.0654705,-0.044965472,0.17324086,1,1.0,0.36309093,-0.86973476,-0.041500654,-0.1332813,0
8,303,0.36309093,-0.86973476,-0.041500654,-0.1332813,0,1.0,0.34569624,-1.0642384,-0.044166278,0.1460253,0
8,304,0.34569624,-1.0642384,-0.044166278,0.1460253,1,1.0,0.32441148,-0.86851275,-0.041245773,-0.16025761,0
8,305,0.32441148,-0.86851275,-0.041245773,-0.16025761,0,1.0,0.30704123,-1.0630207,-0.044450928,0.11913332,0
8,306,0.30704123,-1.0630207,-0.044450928,0.11913332,1,1.0,0.28578082,-0.867291,-0.042068258,-0.1872355,0
8,307,0.28578082,-0.867291,-0.042068258,-0.1872355,0,1.0,0.268435,-1.0617865,-0.04581297,0.09188537,0
8,308,0.268435,-1.0617865,-0.04581297,0.09188537,1,1.0,0.24719925,-0.8660389,-0.043975264,-0.21489231,0
8,309,0.24719925,-0.8660389,-0.043975264,-0.21489231,0,1.0,0.22987849,-1.0605055,-0.04827311,0.063600995,0
8,310,0.22987849,-1.0605055,-0.04827311,0.063600995,1,1.0,0.20866837,-0.8647259,-0.04700109,-0.24391314,0
8,311,0.20866837,-0.8647259,-0.04700109,-0.24391314,0,1.0,0.19137385,-1.059146,-0.05187935,0.033581868,0
8,312,0.19137385,-1.059146,-0.05187935,0.033581868,0,1.0,0.17019093,-1.2534871,-0.051207714,0.30945557,0
8,313,0.17019093,-1.2534871,-0.051207714,0.30945557,1,1.0,0.14512119,-1.0576744,-0.045018602,0.0010730006,0
8,314,0.14512119,-1.0576744,-0.045018602,0.0010730006,1,1.0,0.1239677,-0.8619367,-0.04499714,-0.30546707,0
8,315,0.1239677,-0.8619367,-0.04499714,-0.30546707,0,1.0,0.10672896,-1.0563896,-0.051106483,-0.027307812,0
8,316,0.10672896,-1.0563896,-0.051106483,-0.027307812,0,1.0,0.08560117,-1.2507427,-0.05165264,0.2488226,0
8,317,0.08560117,-1.2507427,-0.05165264,0.2488226,1,1.0,0.060586322,-1.0549226,-0.04667619,-0.05969492,0
8,318,0.060586322,-1.0549226,-0.04667619,-0.05969492,0,1.0,0.03948787,-1.2493453,-0.047870085,0.2179037,0
8,319,0.03948787,-1.2493453,-0.047870085,0.2179037,1,1.0,0.014500962,-1.0535729,-0.043512013,-0.08948695,0
8,320,0.014500962,-1.0535729,-0.043512013,-0.08948695,0,1.0,-0.006570497,-1.2480451,-0.04530175,0.18915665,0
8,321,-0.006570497,-1.2480451,-0.04530175,0.18915665,1,1.0,-0.031531397,-1.0523052,-0.041518617,-0.11746599,0
8,322,-0.031531397,-1.0523052,-0.041518617,-0.11746599,0,1.0,-0.052577503,-1.2468085,-0.04386794,0.16183448,0
8,323,-0.052577503,-1.2468085,-0.04386794,0.16183448,1,1.0,-0.07751367,-1.0510869,-0.04063125,-0.14435855,0
8,324,-0.07751367,-1.0510869,-0.04063125,-0.14435855,0,1.0,-0.09853541,-1.2456042,-0.04351842,0.13523418,0
8,325,-0.09853541,-1.2456042,-0.04351842,0.13523418,1,1.0,-0.12344749,-1.0498867,-0.040813737,-0.17085434,0
8,326,-0.12344749,-1.0498867,-0.040813737,-0.17085434,0,1.0,-0.14444523,-1.2444015,-0.044230822,0.10867887,0
8,327,-0.14444523,-1.2444015,-0.044230822,0.10867887,1,1.0,-0.16933325,-1.0486745,-0.042057246,-0.19762404,0
8,328,-0.16933325,-1.0486745,-0.042057246,-0.19762404,0,1.0,-0.19030674,-1.2431704,-0.046009727,0.08150071,0
8,329,-0.19030674,-1.2431704,-0.046009727,0.08150071,1,1.0,-0.21517016,-1.0474201,-0.04437971,-0.22533605,0
8,330,-0.21517016,-1.0474201,-0.04437971,-0.22533605,0,1.0,-0.23611856,-1.2418807,-0.048886433,0.053024158,0
8,331,-0.23611856,-1.2418807,-0.048886433,0.053024158,1,1.0,-0.26095617,-1.0460931,-0.04782595,-0.25467327,0
8,332,-0.26095617,-1.0460931,-0.04782595,-0.25467327,0,1.0,-0.28187802,-1.2405007,-0.052919414,0.022549255,0
8,333,-0.28187802,-1.2405007,-0.052919414,0.022549255,1,1.0,-0.30668804,-1.0446613,-0.05246843,-0.2863496,0
8,334,-0.30668804,-1.0446613,-0.05246843,-0.2863496,0,1.0,-0.3275813,-1.2389972,-0.058195423,-0.010665476,0
8,335,-0.3275813,-1.2389972,-0.058195423,-0.010665476,0,1.0,-0.35236123,-1.4332384,-0.058408733,0.26310322,0
8,336,-0.35236123,-1.4332384,-0.058408733,0.26310322,1,1.0,-0.381026,-1.2373335,-0.053146668,-0.047415458,0
8,337,-0.381026,-1.2373335,-0.053146668,-0.047415458,0,1.0,-0.40577266,-1.4316547,-0.054094978,0.22803698,0
8,338,-0.40577266,-1.4316547,-0.054094978,0.22803698,1,1.0,-0.43440574,-1.2358031,-0.049534235,-0.08120686,0
8,339,-0.43440574,-1.2358031,-0.049534235,-0.08120686,0,1.0,-0.45912182,-1.4301813,-0.051158372,0.19544566,0
8,340,-0.45912182,-1.4301813,-0.051158372,0.19544566,1,1.0,-0.48772544,-1.2343663,-0.047249462,-0.11292654,0
8,341,-0.48772544,-1.2343663,-0.047249462,-0.11292654,0,1.0,-0.5124128,-1.4287804,-0.04950799,0.1644831,0
8,342,-0.5124128,-1.4287804,-0.04950799,0.1644831,1,1.0,-0.5409884,-1.232986,-0.04621833,-0.14339808,0
8,343,-0.5409884,-1.232986,-0.04621833,-0.14339808,0,1.0,-0.5656481,-1.4274167,-0.04908629,0.13435304,0
8,344,-0.5656481,-1.4274167,-0.04908629,0.13435304,1,1.0,-0.59419644,-1.2316272,-0.046399232,-0.17340294,0
8,345,-0.59419644,-1.2316272,-0.046399232,-0.17340294,0,1.0,-0.61882895,-1.4260554,-0.04986729,0.10428904,0
8,346,-0.61882895,-1.4260554,-0.04986729,0.10428904,1,1.0,-0.6473501,-1.2302556,-0.04778151,-0.20370048,0
8,347,-0.6473501,-1.2302556,-0.04778151,-0.20370048,0,1.0,-0.67195517,-1.4246628,-0.05185552,0.07353511,0
8,348,-0.67195517,-1.4246628,-0.05185552,0.07353511,1,1.0,-0.70044845,-1.2288374,-0.050384816,-0.23504704,0
8,349,-0.70044845,-1.2288374,-0.050384816,-0.23504704,0,1.0,-0.7250252,-1.4232045,-0.055085756,0.041326933,0
8,350,-0.7250252,-1.4232045,-0.055085756,0.041326933,0,1.0,-0.75348926,-1.6174951,-0.05425922,0.31613365,0
8,351,-0.75348926,-1.6174951,-0.05425922,0.31613365,1,1.0,-0.7858392,-1.421644,-0.047936544,0.0068448926,0
8,352,-0.7858392,-1.421644,-0.047936544,0.0068448926,0,1.0,-0.81427205,-1.6160468,-0.047799647,0.28402627,0
8,353,-0.81427205,-1.6160468,-0.047799647,0.28402627,1,1.0,-0.846593,-1.4202769,-0.042119123,-0.023341011,0
8,354,-0.846593,-1.4202769,-0.042119123,-0.023341011,0,1.0,-0.8749985,-1.6147703,-0.042585943,0.255761,0
8,355,-0.8749985,-1.6147703,-0.042585943,0.255761,1,1.0,-0.9072939,-1.4190669,-0.03747072,-0.050044265,0
8,356,-0.9072939,-1.4190669,-0.03747072,-0.050044265,0,1.0,-0.93567526,-1.6136321,-0.038471606,0.23058483,0
8,357,-0.93567526,-1.6136321,-0.038471606,0.23058483,1,1.0,-0.9679479,-1.4179821,-0.033859912,-0.07398084,0
8,358,-0.9679479,-1.4179821,-0.033859912,-0.07398084,0,1.0,-0.99630755,-1.6126027,-0.035339527,0.20782979,0
8,359,-0.99630755,-1.6126027,-0.035339527,0.20782979,0,1.0,-1.0285596,-1.807202,-0.031182932,0.48915878,0
8,360,-1.0285596,-1.807202,-0.031182932,0.48915878,1,1.0,-1.0647037,-1.6116543,-0.021399755,0.18681355,0
8,361,-1.0647037,-1.6116543,-0.021399755,0.18681355,0,1.0,-1.0969367,-1.8064637,-0.017663484,0.4726696,0
8,362,-1.0969367,-1.8064637,-0.017663484,0.4726696,1,1.0,-1.133066,-1.6110967,-0.008210093,0.17447217,0
8,363,-1.133066,-1.6110967,-0.008210093,0.17447217,1,1.0,-1.165288,-1.4158583,-0.004720649,-0.12078942,0
8,364,-1.165288,-1.4158583,-0.004720649,-0.12078942,0,1.0,-1.1936051,-1.6109123,-0.0071364376,0.17040046,0
8,365,-1.1936051,-1.6109123,-0.0071364376,0.17040046,1,1.0,-1.2258234,-1.4156889,-0.0037284289,-0.124525234,0
8,366,-1.2258234,-1.4156889,-0.0037284289,-0.124525234,0,1.0,-1.2541372,-1.6107572,-0.0062189335,0.16697907,0
8,367,-1.2541372,-1.6107572,-0.0062189335,0.16697907,1,1.0,-1.2863523,-1.4155468,-0.0028793518,-0.12765923,0
8,368,-1.2863523,-1.4155468,-0.0028793518,-0.12765923,0,1.0,-1.3146632,-1.6106274,-0.0054325364,0.1641139,0
8,369,-1.3146632,-1.6106274,-0.0054325364,0.1641139,0,1.0,-1.3468758,-1.8056712,-0.0021502585,0.45507807,0
8,370,-1.3468758,-1.8056712,-0.0021502585,0.45507807,1,1.0,-1.3829892,-1.6105189,0.0069513028,0.16171815,0
8,371,-1.3829892,-1.6105189,0.0069513028,0.16171815,1,1.0,-1.4151995,-1.4154972,0.010185665,-0.12876375,0
8,372,-1.4151995,-1.4154972,0.010185665,-0.12876375,0,1.0,-1.4435096,-1.6107635,0.007610391,0.16711515,0
8,373,-1.4435096,-1.6107635,0.007610391,0.16711515,1,1.0,-1.4757248,-1.4157513,0.010952693,-0.12315724,0
8,374,-1.4757248,-1.4157513,0.010952693,-0.12315724,0,1.0,-1.5040398,-1.6110284,0.008489549,0.17296094,0
8,375,-1.5040398,-1.6110284,0.008489549,0.17296094,1,1.0,-1.5362604,-1.416029,0.011948767,-0.11703177,0
8,376,-1.5362604,-1.416029,0.011948767,-0.11703177,0,1.0,-1.5645809,-1.6113201,0.009608132,0.17939682,0
8,377,-1.5645809,-1.6113201,0.009608132,0.17939682,1,1.0,-1.5968074,-1.416337,0.013196069,-0.110239655,0
8,378,-1.5968074,-1.416337,0.013196069,-0.110239655,0,1.0,-1.6251341,-1.6116455,0.010991275,0.18657717,0
8,379,-1.6251341,-1.6116455,0.010991275,0.18657717,1,1.0,-1.657367,-1.4166825,0.0147228185,-0.10261827,0
8,380,-1.657367,-1.4166825,0.0147228185,-0.10261827,0,1.0,-1.6857007,-1.6120124,0.012670454,0.19467306,0
8,381,-1.6857007,-1.6120124,0.012670454,0.19467306,1,1.0,-1.7179409,-1.417074,0.016563915,-0.09398611,0
8,382,-1.7179409,-1.417074,0.016563915,-0.09398611,0,1.0,-1.7462823,-1.6124293,0.014684193,0.20387635,0
8,383,-1.7462823,-1.6124293,0.014684193,0.20387635,1,1.0,-1.778531,-1.4175204,0.01876172,-0.0841385,0
8,384,-1.778531,-1.4175204,0.01876172,-0.0841385,1,1.0,-1.8068814,-1.2226723,0.01707895,-0.37084353,0
8,385,-1.8068814,-1.2226723,0.01707895,-0.37084353,0,1.0,-1.8313348,-1.4180328,0.00966208,-0.07282472,0
8,386,-1.8313348,-1.4180328,0.00966208,-0.07282472,0,1.0,-1.8596954,-1.6132919,0.008205585,0.22289091,0
8,387,-1.8596954,-1.6132919,0.008205585,0.22289091,1,1.0,-1.8919613,-1.4182881,0.0126634035,-0.0671924,0
8,388,-1.8919613,-1.4182881,0.0126634035,-0.0671924,0,1.0,-1.9203271,-1.6135893,0.011319555,0.22945885,0
8,389,-1.9203271,-1.6135893,0.011319555,0.22945885,1,1.0,-1.9525989,-1.418631,0.015908731,-0.05963211,0
8,390,-1.9525989,-1.418631,0.015908731,-0.05963211,0,1.0,-1.9809715,-1.6139773,0.01471609,0.23802738,0
8,391,-1.9809715,-1.6139773,0.01471609,0.23802738,1,1.0,-2.013251,-1.4190687,0.019476637,-0.04997758,0
8,392,-2.013251,-1.4190687,0.019476637,-0.04997758,0,1.0,-2.0416324,-1.6144644,0.018477086,0.2487862,0
8,393,-2.0416324,-1.6144644,0.018477086,0.2487862,1,1.0,-2.0739217,-1.4196112,0.02345281,-0.03801186,0
8,394,-2.0739217,-1.4196112,0.02345281,-0.03801186,1,1.0,-2.102314,-1.2248333,0.022692572,-0.3232039,0
8,395,-2.102314,-1.2248333,0.022692572,-0.3232039,0,1.0,-2.1268106,-1.4202708,0.016228495,-0.023451924,0
8,396,-2.1268106,-1.4202708,0.016228495,-0.023451924,0,1.0,-2.155216,-1.6156217,0.015759455,0.27430677,0
8,397,-2.155216,-1.6156217,0.015759455,0.27430677,1,1.0,-2.1875284,-1.4207281,0.021245591,-0.01336422,0
8,398,-2.1875284,-1.4207281,0.021245591,-0.01336422,1,1.0,-2.215943,-1.2259172,0.020978307,-0.29926893,0
8,399,-2.215943,-1.2259172,0.020978307,-0.29926893,0,1.0,-2.2404613,-1.4213318,0.014992929,-4.4350527e-05,0
8,400,-2.2404613,-1.4213318,0.014992929,-4.4350527e-05,0,1.0,-2.268888,-1.6166655,0.0149920415,0.29733106,0
8,401,-2.268888,-1.6166655,0.0149920415,0.29733106,1,1.0,-2.3012214,-1.4217604,0.020938663,0.00941382,0
8,402,-2.3012214,-1.4217604,0.020938663,0.00941382,1,1.0,-2.3296566,-1.2269449,0.021126939,-0.27658987,0
8,403,-2.3296566,-1.2269449,0.021126939,-0.27658987,0,1.0,-2.3541954,-1.4223619,0.015595142,0.022680927,0
8,404,-2.3541954,-1.4223619,0.015595142,0.022680927,0,1.0,-2.3826427,-1.6177039,0.016048761,0.3202432,0
8,405,-2.3826427,-1.6177039,0.016048761,0.3202432,1,1.0,-2.4149966,-1.4228142,0.022453625,0.03266435,1
9,0,-0.044349954,-0.017308442,-0.045014855,-0.021867359,0,1.0,-0.044696122,-0.2117569,-0.0454522,0.25627998,0
9,1,-0.044696122,-0.2117569,-0.0454522,0.25627998,0,1.0,-0.04893126,-0.40620142,-0.040326603,0.5342872,0
9,2,-0.04893126,-0.40620142,-0.040326603,0.5342872,0,1.0,-0.05705529,-0.60073376,-0.029640857,0.81399566,0
9,3,-0.05705529,-0.60073376,-0.029640857,0.81399566,1,1.0,-0.06906997,-0.4052187,-0.013360945,0.5121387,0
9,4,-0.06906997,-0.4052187,-0.013360945,0.5121387,1,1.0,-0.077174336,-0.20991111,-0.0031181707,0.21527551,0
9,5,-0.077174336,-0.20991111,-0.0031181707,0.21527551,0,1.0,-0.08137256,-0.40498835,0.0011873395,0.5069732,0
9,6,-0.08137256,-0.40498835,0.0011873395,0.5069732,1,1.0,-0.08947232,-0.20988315,0.011326804,0.21466468,0
9,7,-0.08947232,-0.20988315,0.011326804,0.21466468,1,1.0,-0.09366999,-0.014924945,0.0156200975,-0.07442386,0
9,8,-0.09366999,-0.014924945,0.0156200975,-0.07442386,0,1.0,-0.09396849,-0.2102673,0.01413162,0.22314607,0
9,9,-0.09396849,-0.2102673,0.01413162,0.22314607,1,1.0,-0.098173834,-0.0153501555,0.01859454,-0.06504591,0
9,10,-0.098173834,-0.0153501555,0.01859454,-0.06504591,0,1.0,-0.098480836,-0.2107337,0.017293623,0.23344521,0
9,11,-0.098480836,-0.2107337,0.017293623,0.23344521,1,1.0,-0.10269551,-0.01586306,0.021962527,-0.05373296,0
9,12,-0.10269551,-0.01586306,0.021962527,-0.05373296,1,1.0,-0.10301277,0.17893721,0.020887868,-0.33940643,0
9,13,-0.10301277,0.17893721,0.020887868,-0.33940643,0,1.0,-0.09943403,-0.016475635,0.0140997395,-0.04021052,0
9,14,-0.09943403,-0.016475635,0.0140997395,-0.04021052,0,1.0,-0.09976354,-0.21179691,0.013295529,0.25688747,0
9,15,-0.09976354,-0.21179691,0.013295529,0.25688747,1,1.0,-0.10399948,-0.016867276,0.018433278,-0.03157238,0
9,16,-0.10399948,-0.016867276,0.018433278,-0.03157238,1,1.0,-0.10433683,0.17798555,0.01780183,-0.3183829,0
9,17,-0.10433683,0.17798555,0.01780183,-0.3183829,0,1.0,-0.10077711,-0.017385362,0.011434173,-0.020139491,0
9,18,-0.10077711,-0.017385362,0.011434173,-0.020139491,0,1.0,-0.10112482,-0.2126694,0.011031383,0.276129,0
9,19,-0.10112482,-0.2126694,0.011031383,0.276129,1,1.0,-0.10537821,-0.017706567,0.016553963,-0.013054305,0
9,20,-0.10537821,-0.017706567,0.016553963,-0.013054305,0,1.0,-0.105732344,-0.21306196,0.016292877,0.2848053,0
9,21,-0.105732344,-0.21306196,0.016292877,0.2848053,1,1.0,-0.109993584,-0.018176131,0.021988982,-0.002694773,0
9,22,-0.109993584,-0.018176131,0.021988982,-0.002694773,1,1.0,-0.110357106,0.17662367,0.021935087,-0.2883596,0
9,23,-0.110357106,0.17662367,0.021935087,-0.2883596,0,1.0,-0.10682463,-0.018804096,0.016167896,0.011159932,0
9,24,-0.10682463,-0.018804096,0.016167896,0.011159932,1,1.0,-0.10720071,0.1760823,0.016391093,-0.2763783,0
9,25,-0.10720071,0.1760823,0.016391093,-0.2763783,0,1.0,-0.10367907,-0.019269621,0.010863528,0.021428984,0
9,26,-0.10367907,-0.019269621,0.010863528,0.021428984,0,1.0,-0.10406446,-0.21454567,0.011292107,0.31751958,0
9,27,-0.10406446,-0.21454567,0.011292107,0.31751958,1,1.0,-0.10835537,-0.019586356,0.0176425,0.02841907,0
9,28,-0.10835537,-0.019586356,0.0176425,0.02841907,1,1.0,-0.108747095,0.1752782,0.01821088,-0.25864565,0
9,29,-0.108747095,0.1752782,0.01821088,-0.25864565,0,1.0,-0.10524154,-0.02009893,0.0130379675,0.039725155,0
9,30,-0.10524154,-0.02009893,0.0130379675,0.039725155,0,1.0,-0.10564351,-0.21540539,0.01383247,0.33649302,0
9,31,-0.10564351,-0.21540539,0.01383247,0.33649302,1,1.0,-0.10995162,-0.020482996,0.02056233,0.048203997,0
9,32,-0.10995162,-0.020482996,0.02056233,0.048203997,1,1.0,-0.11036128,0.17433816,0.021526411,-0.23792107,0
9,33,-0.11036128,0.17433816,0.021526411,-0.23792107,0,1.0,-0.10687452,-0.021084597,0.01676799,0.061473437,0
9,34,-0.10687452,-0.021084597,0.01676799,0.061473437,1,1.0,-0.107296206,0.17379297,0.017997459,-0.22587226,0
9,35,-0.107296206,0.17379297,0.017997459,-0.22587226,0,1.0,-0.103820354,-0.021581506,0.013480012,0.07243296,0
9,36,-0.103820354,-0.021581506,0.013480012,0.07243296,1,1.0,-0.10425198,0.17334463,0.0149286715,-0.21596667,0
9,37,-0.10425198,0.17334463,0.0149286715,-0.21596667,0,1.0,-0.100785084,-0.021987531,0.010609338,0.08138778,0
9,38,-0.100785084,-0.021987531,0.010609338,0.08138778,0,1.0,-0.10122484,-0.21725994,0.012237094,0.377399,0
9,39,-0.10122484,-0.21725994,0.012237094,0.377399,1,1.0,-0.10557004,-0.022313911,0.019785075,0.088599466,0
9,40,-0.10557004,-0.022313911,0.019785075,0.088599466,1,1.0,-0.106016316,0.17251894,0.021557063,-0.19777618,0
9,41,-0.106016316,0.17251894,0.021557063,-0.19777618,0,1.0,-0.10256594,-0.02290461,0.01760154,0.10162832,0
9,42,-0.10256594,-0.02290461,0.01760154,0.10162832,1,1.0,-0.10302403,0.17196073,0.019634105,-0.18544981,0
9,43,-0.10302403,0.17196073,0.019634105,-0.18544981,0,1.0,-0.09958482,-0.02343657,0.01592511,0.11336169,0
9,44,-0.09958482,-0.02343657,0.01592511,0.11336169,1,1.0,-0.10005355,0.17145361,0.018192343,-0.17425473,0
9,45,-0.10005355,0.17145361,0.018192343,-0.17425473,0,1.0,-0.09662447,-0.023923915,0.014707249,0.12411132,0
9,46,-0.09662447,-0.023923915,0.014707249,0.12411132,1,1.0,-0.097102955,0.17098428,0.017189475,-0.16389558,0
9,47,-0.097102955,0.17098428,0.017189475,-0.16389558,0,1.0,-0.093683265,-0.024379471,0.013911564,0.1341602,0
9,48,-0.093683265,-0.024379471,0.013911564,0.1341602,1,1.0,-0.09417085,0.17054048,0.016594768,-0.15410155,0
9,49,-0.09417085,0.17054048,0.016594768,-0.15410155,0,1.0,-0.090760045,-0.024815103,0.013512736,0.1437701,0
9,50,-0.090760045,-0.024815103,0.013512736,0.1437701,1,1.0,-0.09125635,0.17011075,0.016388139,-0.14461936,0
9,51,-0.09125635,0.17011075,0.016388139,-0.14461936,0,1.0,-0.08785413,-0.025242018,0.013495752,0.15318835,0
9,52,-0.08785413,-0.025242018,0.013495752,0.15318835,1,1.0,-0.088358976,0.16968411,0.016559519,-0.13520661,0
9,53,-0.088358976,0.16968411,0.016559519,-0.13520661,0,1.0,-0.08496529,-0.025671061,0.0138553865,0.16265427,0
9,54,-0.08496529,-0.025671061,0.0138553865,0.16265427,1,1.0,-0.085478716,0.16924983,0.017108472,-0.12562566,0
9,55,-0.085478716,0.16924983,0.017108472,-0.12562566,0,1.0,-0.082093716,-0.026112989,0.014595958,0.17240533,0
9,56,-0.082093716,-0.026112989,0.014595958,0.17240533,1,1.0,-0.08261598,0.16879705,0.018044066,-0.115637526,0
9,57,-0.08261598,0.16879705,0.018044066,-0.115637526,0,1.0,-0.07924003,-0.026578734,0.015731314,0.18268311,0
9,58,-0.07924003,-0.026578734,0.015731314,0.18268311,1,1.0,-0.07977161,0.16831462,0.019384976,-0.10499594,0
9,59,-0.07977161,0.16831462,0.019384976,-0.10499594,0,1.0,-0.07640532,-0.027079683,0.017285058,0.19373928,0
9,60,-0.07640532,-0.027079683,0.017285058,0.19373928,1,1.0,-0.076946914,0.1677908,0.021159844,-0.09344122,0
9,61,-0.076946914,0.1677908,0.021159844,-0.09344122,0,1.0,-0.0735911,-0.027627943,0.019291019,0.20584181,0
9,62,-0.0735911,-0.027627943,0.019291019,0.20584181,1,1.0,-0.074143656,0.1672129,0.023407856,-0.080693886,0
9,63,-0.074143656,0.1672129,0.023407856,-0.080693886,0,1.0,-0.070799395,-0.02823664,0.021793978,0.2192814,0
9,64,-0.070799395,-0.02823664,0.021793978,0.2192814,1,1.0,-0.07136413,0.1665671,0.026179606,-0.0664479,0
9,65,-0.07136413,0.1665671,0.026179606,-0.0664479,0,1.0,-0.068032786,-0.028920215,0.024850648,0.23437852,0
9,66,-0.068032786,-0.028920215,0.024850648,0.23437852,1,1.0,-0.06861119,0.16583802,0.029538218,-0.05036329,0
9,67,-0.06861119,0.16583802,0.029538218,-0.05036329,0,1.0,-0.06529443,-0.029694753,0.028530952,0.2514909,0
9,68,-0.06529443,-0.029694753,0.028530952,0.2514909,1,1.0,-0.06588832,0.16500841,0.03356077,-0.032058027,0
9,69,-0.06588832,0.16500841,0.03356077,-0.032058027,1,1.0,-0.062588155,0.35963342,0.032919608,-0.31396613,0
9,70,-0.062588155,0.35963342,0.032919608,-0.31396613,0,1.0,-0.055395488,0.16405836,0.026640287,-0.011085861,0
9,71,-0.055395488,0.16405836,0.026640287,-0.011085861,1,1.0,-0.052114323,0.3587883,0.02641857,-0.29524586,0
9,72,-0.052114323,0.3587883,0.02641857,-0.29524586,0,1.0,-0.044938553,0.16329989,0.020513654,0.0056506293,0
9,73,-0.044938553,0.16329989,0.020513654,0.0056506293,0,1.0,-0.041672558,-0.032110155,0.020626666,0.30473462,0
9,74,-0.041672558,-0.032110155,0.020626666,0.30473462,1,1.0,-0.04231476,0.16271187,0.026721358,0.018627562,0
9,75,-0.04231476,0.16271187,0.026721358,0.018627562,1,1.0,-0.039060522,0.35744062,0.02709391,-0.26550615,0
9,76,-0.039060522,0.35744062,0.02709391,-0.26550615,0,1.0,-0.031911712,0.16194265,0.021783786,0.035597816,0
9,77,-0.031911712,0.16194265,0.021783786,0.035597816,0,1.0,-0.028672857,-0.0334848,0.022495743,0.33507338,0
9,78,-0.028672857,-0.0334848,0.022495743,0.33507338,1,1.0,-0.029342553,0.16130988,0.02919721,0.049568456,0
9,79,-0.029342553,0.16130988,0.02919721,0.049568456,1,1.0,-0.026116356,0.3560013,0.03018858,-0.2337614,0
9,80,-0.026116356,0.3560013,0.03018858,-0.2337614,0,1.0,-0.01899633,0.16046128,0.025513351,0.06828904,0
9,81,-0.01899633,0.16046128,0.025513351,0.06828904,1,1.0,-0.015787104,0.35520834,0.026879132,-0.21623635,0
9,82,-0.015787104,0.35520834,0.026879132,-0.21623635,0,1.0,-0.008682938,0.15971264,0.022554405,0.08480277,0
9,83,-0.008682938,0.15971264,0.022554405,0.08480277,1,1.0,-0.005488685,0.35450414,0.02425046,-0.20067973,0
9,84,-0.005488685,0.35450414,0.02425046,-0.20067973,0,1.0,0.001601398,0.15904391,0.020236867,0.09955335,0
9,85,0.001601398,0.15904391,0.020236867,0.09955335,1,1.0,0.004782276,0.35387006,0.022227934,-0.18667683,0
9,86,0.004782276,0.35387006,0.022227934,-0.18667683,0,1.0,0.011859678,0.15843727,0.018494397,0.11293445,0
9,87,0.011859678,0.15843727,0.018494397,0.11293445,1,1.0,0.015028423,0.3532894,0.020753086,-0.17385672,0
9,88,0.015028423,0.3532894,0.020753086,-0.17385672,0,1.0,0.02209421,0.15787667,0.017275952,0.12530021,0
9,89,0.02209421,0.15787667,0.017275952,0.12530021,1,1.0,0.025251744,0.3527469,0.019781955,-0.16188265,0
9,90,0.025251744,0.3527469,0.019781955,-0.16188265,0,1.0,0.032306682,0.15734744,0.016544303,0.13697474,0
9,91,0.032306682,0.15734744,0.016544303,0.13697474,1,1.0,0.035453632,0.35222855,0.019283798,-0.15044315,0
9,92,0.035453632,0.35222855,0.019283798,-0.15044315,0,1.0,0.0424982,0.15683587,0.016274935,0.14826049,0
9,93,0.0424982,0.15683587,0.016274935,0.14826049,1,1.0,0.045634918,0.35172102,0.019240145,-0.13924392,0
9,94,0.045634918,0.35172102,0.019240145,-0.13924392,0,1.0,0.05266934,0.15632886,0.016455265,0.15944633,0
9,95,0.05266934,0.15632886,0.016455265,0.15944633,1,1.0,0.05579592,0.3512114,0.019644191,-0.12800029,0
9,96,0.05579592,0.3512114,0.019644191,-0.12800029,0,1.0,0.062820144,0.15581363,0.017084187,0.17081484,0
9,97,0.062820144,0.15581363,0.017084187,0.17081484,1,1.0,0.06593642,0.35068694,0.020500483,-0.116429955,0
9,98,0.06593642,0.35068694,0.020500483,-0.116429955,0,1.0,0.072950155,0.15527736,0.018171884,0.18264957,0
9,99,0.072950155,0.15527736,0.018171884,0.18264957,1,1.0,0.076055706,0.35013464,0.021824876,-0.10424586,0
9,100,0.076055706,0.35013464,0.021824876,-0.10424586,0,1.0,0.083058394,0.15470682,0.01973996,0.19524205,0
9,101,0.083058394,0.15470682,0.01973996,0.19524205,1,1.0,0.08615253,0.34954092,0.0236448,-0.091148995,0
9,102,0.08615253,0.34954092,0.0236448,-0.091148995,0,1.0,0.09314335,0.15408818,0.02182182,0.20889908,0
9,103,0.09314335,0.15408818,0.02182182,0.20889908,1,1.0,0.09622511,0.3488914,0.025999801,-0.07682109,0
9,104,0.09622511,0.3488914,0.025999801,-0.07682109,0,1.0,0.10320295,0.15340658,0.02446338,0.22395015,0
9,105,0.10320295,0.15340658,0.02446338,0.22395015,1,1.0,0.10627107,0.3481705,0.028942382,-0.0609168,0
9,106,0.10627107,0.3481705,0.028942382,-0.0609168,0,1.0,0.11323448,0.1526458,0.027724046,0.2407553,0
9,107,0.11323448,0.1526458,0.027724046,0.2407553,1,1.0,0.1162874,0.34736097,0.03253915,-0.043055385,0
9,108,0.1162874,0.34736097,0.03253915,-0.043055385,1,1.0,0.12323462,0.54200155,0.031678043,-0.3252969,0
9,109,0.12323462,0.54200155,0.031678043,-0.3252969,0,1.0,0.13407466,0.34644324,0.025172107,-0.022794804,0
9,110,0.13407466,0.34644324,0.025172107,-0.022794804,0,1.0,0.14100352,0.1509695,0.024716211,0.27772272,0
9,111,0.14100352,0.1509695,0.024716211,0.27772272,1,1.0,0.14402291,0.34573027,0.030270666,-0.007063403,0
9,112,0.14402291,0.34573027,0.030270666,-0.007063403,1,1.0,0.15093751,0.54040533,0.030129397,-0.29004398,0
9,113,0.15093751,0.54040533,0.030129397,-0.29004398,0,1.0,0.16174562,0.344867,0.024328517,0.011987108,0
9,114,0.16174562,0.344867,0.024328517,0.011987108,0,1.0,0.16864295,0.14940475,0.02456826,0.3122456,0
9,115,0.16864295,0.14940475,0.02456826,0.3122456,1,1.0,0.17163105,0.34416825,0.030813172,0.027410882,0
9,116,0.17163105,0.34416825,0.030813172,0.027410882,1,1.0,0.17851442,0.53883505,0.03136139,-0.25539312,0
9,117,0.17851442,0.53883505,0.03136139,-0.25539312,0,1.0,0.18929112,0.3432797,0.026253527,0.047014426,0
9,118,0.18929112,0.3432797,0.026253527,0.047014426,1,1.0,0.19615671,0.53801554,0.027193816,-0.23727104,0
9,119,0.19615671,0.53801554,0.027193816,-0.23727104,0,1.0,0.20691702,0.34251586,0.022448394,0.063864075,0
9,120,0.20691702,0.34251586,0.022448394,0.063864075,1,1.0,0.21376733,0.5373089,0.023725675,-0.22165257,0
9,121,0.21376733,0.5373089,0.023725675,-0.22165257,0,1.0,0.22451352,0.34185597,0.019292625,0.078418955,0
9,122,0.22451352,0.34185597,0.019292625,0.078418955,1,1.0,0.23135065,0.53669614,0.020861004,-0.20811519,0
9,123,0.23135065,0.53669614,0.020861004,-0.20811519,0,1.0,0.24208456,0.3412822,0.0166987,0.09107463,0
9,124,0.24208456,0.3412822,0.0166987,0.09107463,0,1.0,0.2489102,0.14592493,0.018520193,0.38897887,0
9,125,0.2489102,0.14592493,0.018520193,0.38897887,1,1.0,0.2518287,0.3407792,0.02629977,0.102192245,0
9,126,0.2518287,0.3407792,0.02629977,0.102192245,1,1.0,0.25864428,0.53551453,0.028343614,-0.18207854,0
9,127,0.25864428,0.53551453,0.028343614,-0.18207854,0,1.0,0.26935458,0.33999872,0.024702044,0.11940929,0
9,128,0.26935458,0.33999872,0.024702044,0.11940929,1,1.0,0.27615455,0.5347582,0.02709023,-0.16537914,0
9,129,0.27615455,0.5347582,0.02709023,-0.16537914,0,1.0,0.2868497,0.33925915,0.023782646,0.1357254,0
9,130,0.2868497,0.33925915,0.023782646,0.1357254,1,1.0,0.2936349,0.5340325,0.026497155,-0.1493606,0
9,131,0.2936349,0.5340325,0.026497155,-0.1493606,0,1.0,0.30431554,0.33854136,0.023509944,0.15156247,0
9,132,0.30431554,0.33854136,0.023509944,0.15156247,1,1.0,0.3110864,0.53331894,0.026541192,-0.13361184,0
9,133,0.3110864,0.53331894,0.026541192,-0.13361184,0,1.0,0.32175276,0.33782703,0.023868956,0.16732489,0
9,134,0.32175276,0.33782703,0.023868956,0.16732489,1,1.0,0.3285093,0.53259933,0.027215453,-0.11773354,0
9,135,0.3285093,0.53259933,0.027215453,-0.11773354,0,1.0,0.33916128,0.3370982,0.024860783,0.18340988,0
9,136,0.33916128,0.3370982,0.024860783,0.18340988,1,1.0,0.34590325,0.53185576,0.02852898,-0.10132788,0
9,137,0.34590325,0.53185576,0.02852898,-0.10132788,1,1.0,0.35654035,0.7265575,0.026502423,-0.38487524,0
9,138,0.35654035,0.7265575,0.026502423,-0.38487524,0,1.0,0.37107152,0.5310695,0.018804917,-0.08395543,0
9,139,0.37107152,0.5310695,0.018804917,-0.08395543,0,1.0,0.38169292,0.33568314,0.01712581,0.21460067,0
9,140,0.38169292,0.33568314,0.01712581,0.21460067,1,1.0,0.38840657,0.53055614,0.021417823,-0.0726312,0
9,141,0.38840657,0.53055614,0.021417823,-0.0726312,0,1.0,0.3990177,0.33513376,0.019965198,0.22673145,0
9,142,0.3990177,0.33513376,0.019965198,0.22673145,1,1.0,0.40572035,0.5299648,0.024499828,-0.059587445,0
9,143,0.40572035,0.5299648,0.024499828,-0.059587445,1,1.0,0.41631967,0.72472703,0.023308078,-0.34444094,0
9,144,0.41631967,0.72472703,0.023308078,-0.34444094,0,1.0,0.4308142,0.5292814,0.01641926,-0.044500157,0
9,145,0.4308142,0.5292814,0.01641926,-0.044500157,0,1.0,0.44139984,0.3339279,0.015529257,0.25331765,0
9,146,0.44139984,0.3339279,0.015529257,0.25331765,1,1.0,0.4480784,0.5288247,0.02059561,-0.034426905,0
9,147,0.4480784,0.5288247,0.02059561,-0.034426905,1,1.0,0.45865488,0.7236453,0.019907072,-0.3205412,0
9,148,0.45865488,0.7236453,0.019907072,-0.3205412,0,1.0,0.47312778,0.5282456,0.013496247,-0.021647422,0
9,149,0.47312778,0.5282456,0.013496247,-0.021647422,0,1.0,0.4836927,0.33293277,0.0130632995,0.27526298,0
9,150,0.4836927,0.33293277,0.0130632995,0.27526298,1,1.0,0.49035135,0.52786595,0.018568559,-0.013271302,0
9,151,0.49035135,0.52786595,0.018568559,-0.013271302,1,1.0,0.5009087,0.72271675,0.018303134,-0.30003828,0
9,152,0.5009087,0.72271675,0.018303134,-0.30003828,0,1.0,0.51536304,0.52733874,0.012302367,-0.0016395564,0
9,153,0.51536304,0.52733874,0.012302367,-0.0016395564,1,1.0,0.5259098,0.7222821,0.012269576,-0.29041567,0
9,154,0.5259098,0.7222821,0.012269576,-0.29041567,0,1.0,0.54035544,0.5269874,0.0064612622,0.0061115315,0
9,155,0.54035544,0.5269874,0.0064612622,0.0061115315,0,1.0,0.55089515,0.33177337,0.0065834927,0.30082604,0
9,156,0.55089515,0.33177337,0.0065834927,0.30082604,1,1.0,0.55753064,0.5268009,0.012600014,0.010226664,0
9,157,0.55753064,0.5268009,0.012600014,0.010226664,1,1.0,0.56806666,0.7217399,0.012804547,-0.27845433,0
9,158,0.56806666,0.7217399,0.012804547,-0.27845433,0,1.0,0.5825015,0.5264376,0.0072354604,0.018239476,0
9,159,0.5825015,0.5264376,0.0072354604,0.018239476,1,1.0,0.5930302,0.72145504,0.00760025,-0.27215183,0
9,160,0.5930302,0.72145504,0.00760025,-0.27215183,0,1.0,0.6074593,0.52622545,0.0021572136,0.022918528,0
9,161,0.6074593,0.52622545,0.0021572136,0.022918528,0,1.0,0.6179838,0.33107266,0.002615584,0.3162813,0
9,162,0.6179838,0.33107266,0.002615584,0.3162813,1,1.0,0.6246053,0.52615726,0.00894121,0.024424383,0
9,163,0.6246053,0.52615726,0.00894121,0.024424383,1,1.0,0.63512844,0.72114986,0.009429698,-0.26542413,0
9,164,0.63512844,0.72114986,0.009429698,-0.26542413,0,1.0,0.6495514,0.5258946,0.004121215,0.030218026,0
9,165,0.6495514,0.5258946,0.004121215,0.030218026,1,1.0,0.6600693,0.7209572,0.0047255754,-0.26116177,0
9,166,0.6600693,0.7209572,0.0047255754,-0.26116177,0,1.0,0.6744884,0.5257681,-0.0004976598,0.03300791,0
9,167,0.6744884,0.5257681,-0.0004976598,0.03300791,0,1.0,0.6850038,0.33065328,0.00016249836,0.32553378,0
9,168,0.6850038,0.33065328,0.00016249836,0.32553378,1,1.0,0.6916169,0.5257729,0.006673174,0.0329021,0
9,169,0.6916169,0.5257729,0.006673174,0.0329021,1,1.0,0.70213234,0.72079855,0.007331216,-0.25766793,0
9,170,0.70213234,0.72079855,0.007331216,-0.25766793,0,1.0,0.7165483,0.5255727,0.0021778576,0.037318334,0
9,171,0.7165483,0.5255727,0.0021778576,0.037318334,1,1.0,0.7270598,0.72066337,0.0029242241,-0.25467667,0
9,172,0.7270598,0.72066337,0.0029242241,-0.25467667,0,1.0,0.741473,0.52549976,-0.0021693092,0.03892718,0
9,173,0.741473,0.52549976,-0.0021693092,0.03892718,1,1.0,0.75198305,0.72065276,-0.0013907655,-0.25443938,0
9,174,0.75198305,0.72065276,-0.0013907655,-0.25443938,0,1.0,0.7663961,0.5255507,-0.0064795534,0.037804537,0
9,175,0.7663961,0.5255507,-0.0064795534,0.037804537,0,1.0,0.7769071,0.33052227,-0.005723463,0.32843608,0
9,176,0.7769071,0.33052227,-0.005723463,0.32843608,1,1.0,0.78351754,0.52572525,0.0008452588,0.033953737,0
9,177,0.78351754,0.52572525,0.0008452588,0.033953737,1,1.0,0.79403204,0.72083503,0.0015243336,-0.25846237,0
9,178,0.79403204,0.72083503,0.0015243336,-0.25846237,0,1.0,0.80844873,0.5256914,-0.003644914,0.034700952,0
9,179,0.80844873,0.5256914,-0.003644914,0.034700952,1,1.0,0.8189626,0.7208654,-0.0029508949,-0.25912976,0
9,180,0.8189626,0.7208654,-0.0029508949,-0.25912976,0,1.0,0.83337986,0.5257857,-0.00813349,0.032620966,0
9,181,0.83337986,0.5257857,-0.00813349,0.032620966,1,1.0,0.8438956,0.7210233,-0.0074810707,-0.26261702,0
9,182,0.8438956,0.7210233,-0.0074810707,-0.26261702,0,1.0,0.85831606,0.52600896,-0.012733411,0.02769693,0
9,183,0.85831606,0.52600896,-0.012733411,0.02769693,0,1.0,0.8688362,0.3310719,-0.0121794725,0.3163353,0
9,184,0.8688362,0.3310719,-0.0121794725,0.3163353,1,1.0,0.8754577,0.5263652,-0.005852767,0.019836387,0
9,185,0.8754577,0.5263652,-0.005852767,0.019836387,1,1.0,0.88598496,0.7215706,-0.005456039,-0.27468738,0
9,186,0.88598496,0.7215706,-0.005456039,-0.27468738,0,1.0,0.9004164,0.5265269,-0.010949787,0.016269706,0
9,187,0.9004164,0.5265269,-0.010949787,0.016269706,1,1.0,0.9109469,0.7218042,-0.010624393,-0.2798478,0
9,188,0.9109469,0.7218042,-0.010624393,-0.2798478,0,1.0,0.92538303,0.5268354,-0.016221348,0.00946538,0
9,189,0.92538303,0.5268354,-0.016221348,0.00946538,0,1.0,0.9359197,0.3319498,-0.016032042,0.29698646,0
9,190,0.9359197,0.3319498,-0.016032042,0.29698646,1,1.0,0.9425587,0.52729654,-0.0100923125,-0.00070927665,0
9,191,0.9425587,0.52729654,-0.0100923125,-0.00070927665,1,1.0,0.9531047,0.7225618,-0.010106497,-0.29655927,0
9,192,0.9531047,0.7225618,-0.010106497,-0.29655927,0,1.0,0.9675559,0.5275854,-0.016037684,-0.007080839,0
9,193,0.9675559,0.5275854,-0.016037684,-0.007080839,0,1.0,0.9781076,0.33269703,-0.0161793,0.28049916,0
9,194,0.9781076,0.33269703,-0.0161793,0.28049916,1,1.0,0.98476154,0.528046,-0.010569316,-0.017242428,0
9,195,0.98476154,0.528046,-0.010569316,-0.017242428,1,1.0,0.99532247,0.7233179,-0.0109141655,-0.31324127,0
9,196,0.99532247,0.7233179,-0.0109141655,-0.31324127,0,1.0,1.0097889,0.52835315,-0.01717899,-0.024020212,0
9,197,1.0097889,0.52835315,-0.01717899,-0.024020212,1,1.0,1.0203558,0.7237172,-0.017659394,-0.32207343,0
9,198,1.0203558,0.7237172,-0.017659394,-0.32207343,0,1.0,1.0348302,0.5288511,-0.024100862,-0.03501146,0
9,199,1.0348302,0.5288511,-0.024100862,-0.03501146,0,1.0,1.0454073,0.3340829,-0.024801092,0.24997102,0
9,200,1.0454073,0.3340829,-0.024801092,0.24997102,1,1.0,1.0520889,0.5295501,-0.019801673,-0.050430357,0
9,201,1.0520889,0.5295501,-0.019801673,-0.050430357,1,1.0,1.0626799,0.7249503,-0.02081028,-0.3492945,0
9,202,1.0626799,0.7249503,-0.02081028,-0.3492945,0,1.0,1.077179,0.5301304,-0.02779617,-0.063245736,0
9,203,1.077179,0.5301304,-0.02779617,-0.063245736,0,1.0,1.0877815,0.33541778,-0.029061085,0.22053935,0
9,204,1.0877815,0.33541778,-0.029061085,0.22053935,1,1.0,1.0944898,0.5309428,-0.024650296,-0.08116712,0
9,205,1.0944898,0.5309428,-0.024650296,-0.08116712,0,1.0,1.1051087,0.33618274,-0.02627364,0.20363778,0
9,206,1.1051087,0.33618274,-0.02627364,0.20363778,1,1.0,1.1118324,0.5316704,-0.022200884,-0.09721604,0
9,207,1.1118324,0.5316704,-0.022200884,-0.09721604,1,1.0,1.1224658,0.7271034,-0.024145205,-0.3968198,0
9,208,1.1224658,0.7271034,-0.024145205,-0.3968198,0,1.0,1.1370078,0.5323322,-0.0320816,-0.11184615,0
9,209,1.1370078,0.5323322,-0.0320816,-0.11184615,0,1.0,1.1476545,0.33768427,-0.034318525,0.1705451,0
9,210,1.1476545,0.33768427,-0.034318525,0.1705451,1,1.0,1.1544082,0.5332802,-0.030907622,-0.13276368,0
9,211,1.1544082,0.5332802,-0.030907622,-0.13276368,0,1.0,1.1650738,0.33861428,-0.033562895,0.1500103,0
9,212,1.1650738,0.33861428,-0.033562895,0.1500103,1,1.0,1.171846,0.5342004,-0.03056269,-0.15306923,0
9,213,1.171846,0.5342004,-0.03056269,-0.15306923,0,1.0,1.18253,0.33952907,-0.033624075,0.12981734,0
9,214,1.18253,0.33952907,-0.033624075,0.12981734,1,1.0,1.1893207,0.53511614,-0.031027727,-0.17328106,0
9,215,1.1893207,0.53511614,-0.031027727,-0.17328106,0,1.0,1.2000229,0.3404517,-0.03449335,0.109454386,0
9,216,1.2000229,0.3404517,-0.03449335,0.109454386,1,1.0,1.206832,0.5360505,-0.03230426,-0.19390835,0
9,217,1.206832,0.5360505,-0.03230426,-0.19390835,0,1.0,1.217553,0.34140518,-0.03618243,0.08841148,0
9,218,1.217553,0.34140518,-0.03618243,0.08841148,1,1.0,1.2243811,0.5370266,-0.0344142,-0.21546388,0
9,219,1.2243811,0.5370266,-0.0344142,-0.21546388,0,1.0,1.2351216,0.3424131,-0.038723476,0.06616773,0
9,220,1.2351216,0.3424131,-0.038723476,0.06616773,1,1.0,1.24197,0.53806823,-0.037400123,-0.2384768,0
9,221,1.24197,0.53806823,-0.037400123,-0.2384768,0,1.0,1.2527313,0.3435,-0.042169657,0.042178404,0
9,222,1.2527313,0.3435,-0.042169657,0.042178404,1,1.0,1.2596012,0.5392005,-0.04132609,-0.26350555,0
9,223,1.2596012,0.5392005,-0.04132609,-0.26350555,0,1.0,1.2703853,0.344692,-0.0465962,0.0158616,0
9,224,1.2703853,0.344692,-0.0465962,0.0158616,1,1.0,1.2772791,0.54045016,-0.04627897,-0.29115123,0
9,225,1.2772791,0.54045016,-0.04627897,-0.29115123,0,1.0,1.2880882,0.3460176,-0.052101992,-0.013415811,0
9,226,1.2880882,0.3460176,-0.052101992,-0.013415811,1,1.0,1.2950085,0.5418465,-0.05237031,-0.32207167,0
9,227,1.2950085,0.5418465,-0.05237031,-0.32207167,0,1.0,1.3058454,0.34750795,-0.058811743,-0.046353288,0
9,228,1.3058454,0.34750795,-0.058811743,-0.046353288,0,1.0,1.3127956,0.15327647,-0.059738807,0.22720952,0
9,229,1.3127956,0.15327647,-0.059738807,0.22720952,1,1.0,1.3158611,0.34919903,-0.05519462,-0.08370283,0
9,230,1.3158611,0.34919903,-0.05519462,-0.08370283,0,1.0,1.3228451,0.15490992,-0.056868676,0.19106802,0
9,231,1.3228451,0.15490992,-0.056868676,0.19106802,1,1.0,1.3259434,0.35079738,-0.053047314,-0.11899851,0
9,232,1.3259434,0.35079738,-0.053047314,-0.11899851,0,1.0,1.3329593,0.15647401,-0.055427283,0.1564879,0
9,233,1.3329593,0.15647401,-0.055427283,0.1564879,1,1.0,1.3360888,0.35234395,-0.052297525,-0.15315306,0
9,234,1.3360888,0.35234395,-0.052297525,-0.15315306,1,1.0,1.3431356,0.5481742,-0.05536059,-0.4618653,0
9,235,1.3431356,0.5481742,-0.05536059,-0.4618653,0,1.0,1.354099,0.3538766,-0.0645979,-0.18713309,0
9,236,1.354099,0.3538766,-0.0645979,-0.18713309,0,1.0,1.3611766,0.15973547,-0.068340555,0.08449261,0
9,237,1.3611766,0.15973547,-0.068340555,0.08449261,0,1.0,1.3643713,-0.03434367,-0.0666507,0.3548553,0
9,238,1.3643713,-0.03434367,-0.0666507,0.3548553,0,1.0,1.3636844,-0.22845776,-0.059553597,0.6257991,0
9,239,1.3636844,-0.22845776,-0.059553597,0.6257991,1,1.0,1.3591152,-0.03255726,-0.047037616,0.3149709,0
9,240,1.3591152,-0.03255726,-0.047037616,0.3149709,1,1.0,1.3584641,0.16320206,-0.0407382,0.007832736,0
9,241,1.3584641,0.16320206,-0.0407382,0.007832736,1,1.0,1.3617282,0.35888386,-0.040581543,-0.29742014,0
9,242,1.3617282,0.35888386,-0.040581543,-0.29742014,1,1.0,1.3689059,0.5545601,-0.046529945,-0.60262054,0
9,243,1.3689059,0.5545601,-0.046529945,-0.60262054,0,1.0,1.379997,0.3601188,-0.058582358,-0.32494915,0
9,244,1.379997,0.3601188,-0.058582358,-0.32494915,0,1.0,1.3871994,0.16587777,-0.06508134,-0.051300783,0
9,245,1.3871994,0.16587777,-0.06508134,-0.051300783,0,1.0,1.390517,-0.028253535,-0.066107355,0.22015929,0
9,246,1.390517,-0.028253535,-0.066107355,0.22015929,0,1.0,1.389952,-0.22237131,-0.06170417,0.49127853,0
9,247,1.389952,-0.22237131,-0.06170417,0.49127853,1,1.0,1.3855045,-0.026435714,-0.051878598,0.17980495,0
9,248,1.3855045,-0.026435714,-0.051878598,0.17980495,1,1.0,1.3849758,0.16938876,-0.0482825,-0.12878203,0
9,249,1.3849758,0.16938876,-0.0482825,-0.12878203,1,1.0,1.3883636,0.36516792,-0.05085814,-0.43629807,0
9,250,1.3883636,0.36516792,-0.05085814,-0.43629807,1,1.0,1.395667,0.56097156,-0.0595841,-0.7445696,0
9,251,1.395667,0.56097156,-0.0595841,-0.7445696,0,1.0,1.4068863,0.36672026,-0.0744755,-0.47121716,0
9,252,1.4068863,0.36672026,-0.0744755,-0.47121716,0,1.0,1.4142208,0.17272493,-0.08389983,-0.20290633,0
9,253,1.4142208,0.17272493,-0.08389983,-0.20290633,0,1.0,1.4176753,-0.021103177,-0.08795796,0.062175516,0
9,254,1.4176753,-0.021103177,-0.08795796,0.062175516,0,1.0,1.4172533,-0.21486111,-0.086714454,0.32586256,0
9,255,1.4172533,-0.21486111,-0.086714454,0.32586256,0,1.0,1.412956,-0.40864828,-0.0801972,0.589989,0
9,256,1.412956,-0.40864828,-0.0801972,0.589989,0,1.0,1.404783,-0.6025612,-0.06839742,0.85637075,0
9,257,1.404783,-0.6025612,-0.06839742,0.85637075,1,1.0,1.3927318,-0.40657723,-0.051270004,0.5429891,0
9,258,1.3927318,-0.40657723,-0.051270004,0.5429891,1,1.0,1.3846003,-0.21077365,-0.040410224,0.23460285,0
9,259,1.3846003,-0.21077365,-0.040410224,0.23460285,1,1.0,1.3803848,-0.015098325,-0.03571817,-0.07054789,0
9,260,1.3803848,-0.015098325,-0.03571817,-0.07054789,1,1.0,1.3800828,0.18051702,-0.037129126,-0.37428266,0
9,261,1.3800828,0.18051702,-0.037129126,-0.37428266,1,1.0,1.3836931,0.37614617,-0.044614777,-0.6784376,0
9,262,1.3836931,0.37614617,-0.044614777,-0.6784376,1,1.0,1.391216,0.5718586,-0.05818353,-0.9848265,0
9,263,1.391216,0.5718586,-0.05818353,-0.9848265,0,1.0,1.4026532,0.37756225,-0.07788006,-0.7109715,0
9,264,1.4026532,0.37756225,-0.07788006,-0.7109715,0,1.0,1.4102045,0.18360025,-0.09209949,-0.44378394,0
9,265,1.4102045,0.18360025,-0.09209949,-0.44378394,0,1.0,1.4138765,-0.01010611,-0.10097517,-0.18149485,0
9,266,1.4138765,-0.01010611,-0.10097517,-0.18149485,0,1.0,1.4136744,-0.20364909,-0.104605064,0.07770458,0
9,267,1.4136744,-0.20364909,-0.104605064,0.07770458,0,1.0,1.4096013,-0.39712805,-0.10305098,0.3356388,0
9,268,1.4096013,-0.39712805,-0.10305098,0.3356388,0,1.0,1.4016588,-0.590644,-0.0963382,0.59412944,0
9,269,1.4016588,-0.590644,-0.0963382,0.59412944,0,1.0,1.389846,-0.7842949,-0.08445561,0.8549792,0
9,270,1.389846,-0.7842949,-0.08445561,0.8549792,0,1.0,1.37416,-0.9781706,-0.06735603,1.1199558,0
9,271,1.37416,-0.9781706,-0.06735603,1.1199558,1,1.0,1.3545966,-0.7822329,-0.04495691,0.8069279,0
9,272,1.3545966,-0.7822329,-0.04495691,0.8069279,1,1.0,1.338952,-0.5865245,-0.028818352,0.5004491,0
9,273,1.338952,-0.5865245,-0.028818352,0.5004491,1,1.0,1.3272215,-0.3910084,-0.018809369,0.19882534,0
9,274,1.3272215,-0.3910084,-0.018809369,0.19882534,1,1.0,1.3194013,-0.19562255,-0.014832862,-0.09973123,0
9,275,1.3194013,-0.19562255,-0.014832862,-0.09973123,1,1.0,1.3154888,-0.00029119305,-0.016827486,-0.39705673,0
9,276,1.3154888,-0.00029119305,-0.016827486,-0.39705673,1,1.0,1.3154831,0.19506541,-0.02476862,-0.6949972,0
9,277,1.3154831,0.19506541,-0.02476862,-0.6949972,1,1.0,1.3193843,0.390522,-0.038668565,-0.99537337,0
9,278,1.3193843,0.390522,-0.038668565,-0.99537337,0,1.0,1.3271948,0.19593796,-0.058576033,-0.7150812,0
9,279,1.3271948,0.19593796,-0.058576033,-0.7150812,0,1.0,1.3311136,0.0016736658,-0.07287766,-0.4413961,0
9,280,1.3311136,0.0016736658,-0.07287766,-0.4413961,0,1.0,1.3311471,-0.19234538,-0.08170558,-0.17254707,0
9,281,1.3311471,-0.19234538,-0.08170558,-0.17254707,0,1.0,1.3273001,-0.38620865,-0.08515652,0.09328299,0
9,282,1.3273001,-0.38620865,-0.08515652,0.09328299,0,1.0,1.3195759,-0.58001333,-0.08329086,0.35793087,0
9,283,1.3195759,-0.58001333,-0.08329086,0.35793087,0,1.0,1.3079756,-0.77385855,-0.076132245,0.6232315,0
9,284,1.3079756,-0.77385855,-0.076132245,0.6232315,0,1.0,1.2924985,-0.9678396,-0.06366762,0.8909989,0
9,285,1.2924985,-0.9678396,-0.06366762,0.8909989,1,1.0,1.2731417,-0.7719143,-0.045847636,0.57900083,0
9,286,1.2731417,-0.7719143,-0.045847636,0.57900083,1,1.0,1.2577034,-0.5761808,-0.03426762,0.27223462,0
9,287,1.2577034,-0.5761808,-0.03426762,0.27223462,1,1.0,1.2461798,-0.3805871,-0.028822929,-0.031056453,0
9,288,1.2461798,-0.3805871,-0.028822929,-0.031056453,1,1.0,1.2385681,-0.18506393,-0.029444057,-0.33269218,0
9,289,1.2385681,-0.18506393,-0.029444057,-0.33269218,1,1.0,1.2348667,0.010464476,-0.0360979,-0.63451296,0
9,290,1.2348667,0.010464476,-0.0360979,-0.63451296,1,1.0,1.2350761,0.20607086,-0.04878816,-0.93834186,0
9,291,1.2350761,0.20607086,-0.04878816,-0.93834186,0,1.0,1.2391975,0.011639434,-0.067554995,-0.66137975,0
9,292,1.2391975,0.011639434,-0.067554995,-0.66137975,0,1.0,1.2394303,-0.18248071,-0.08078259,-0.3907098,0
9,293,1.2394303,-0.18248071,-0.08078259,-0.3907098,0,1.0,1.2357807,-0.3763688,-0.08859679,-0.12455038,0
9,294,1.2357807,-0.3763688,-0.08859679,-0.12455038,0,1.0,1.2282532,-0.5701171,-0.091087796,0.13891888,0
9,295,1.2282532,-0.5701171,-0.091087796,0.13891888,0,1.0,1.216851,-0.7638244,-0.088309415,0.4015324,0
9,296,1.216851,-0.7638244,-0.088309415,0.4015324,0,1.0,1.2015744,-0.95759004,-0.08027877,0.66511905,0
9,297,1.2015744,-0.95759004,-0.08027877,0.66511905,0,1.0,1.1824226,-1.1515089,-0.06697639,0.93148404,0
9,298,1.1824226,-1.1515089,-0.06697639,0.93148404,1,1.0,1.1593925,-0.9555502,-0.048346706,0.6185286,0
9,299,1.1593925,-0.9555502,-0.048346706,0.6185286,1,1.0,1.1402814,-0.7597875,-0.035976134,0.31101924,0
9,300,1.1402814,-0.7597875,-0.035976134,0.31101924,1,1.0,1.1250857,-0.5641719,-0.02975575,0.007211074,0
9,301,1.1250857,-0.5641719,-0.02975575,0.007211074,1,1.0,1.1138023,-0.36863616,-0.02961153,-0.29470965,0
9,302,1.1138023,-0.36863616,-0.02961153,-0.29470965,1,1.0,1.1064296,-0.17310484,-0.035505723,-0.5965826,0
9,303,1.1064296,-0.17310484,-0.035505723,-0.5965826,1,1.0,1.1029675,0.022495529,-0.047437374,-0.9002347,0
9,304,1.1029675,0.022495529,-0.047437374,-0.9002347,0,1.0,1.1034174,-0.17195262,-0.06544207,-0.62283194,0
9,305,1.1034174,-0.17195262,-0.06544207,-0.62283194,0,1.0,1.0999783,-0.3661027,-0.0778987,-0.35145643,0
9,306,1.0999783,-0.3661027,-0.0778987,-0.35145643,0,1.0,1.0926563,-0.5600354,-0.084927835,-0.08431858,0
9,307,1.0926563,-0.5600354,-0.084927835,-0.08431858,0,1.0,1.0814556,-0.7538438,-0.08661421,0.18040739,0
9,308,1.0814556,-0.7538438,-0.08661421,0.18040739,0,1.0,1.0663787,-0.9476264,-0.08300606,0.44455892,0
9,309,1.0663787,-0.9476264,-0.08300606,0.44455892,0,1.0,1.0474262,-1.1414819,-0.07411488,0.70996517,0
9,310,1.0474262,-1.1414819,-0.07411488,0.70996517,1,1.0,1.0245966,-0.945416,-0.059915576,0.39490387,0
9,311,1.0245966,-0.945416,-0.059915576,0.39490387,1,1.0,1.0056882,-0.7494973,-0.0520175,0.08394857,0
9,312,1.0056882,-0.7494973,-0.0520175,0.08394857,1,1.0,0.9906983,-0.5536698,-0.05033853,-0.22468165,0
9,313,0.9906983,-0.5536698,-0.05033853,-0.22468165,0,1.0,0.97962487,-0.7480375,-0.05483216,0.051707335,0
9,314,0.97962487,-0.7480375,-0.05483216,0.051707335,1,1.0,0.9646641,-0.552174,-0.053798012,-0.25775903,0
9,315,0.9646641,-0.552174,-0.053798012,-0.25775903,0,1.0,0.9536206,-0.7464882,-0.058953196,0.017481692,0
9,316,0.9536206,-0.7464882,-0.058953196,0.017481692,0,1.0,0.9386909,-0.94071734,-0.058603562,0.29099703,0
9,317,0.9386909,-0.94071734,-0.058603562,0.29099703,1,1.0,0.9198765,-0.7448109,-0.05278362,-0.019577801,0
9,318,0.9198765,-0.7448109,-0.05278362,-0.019577801,1,1.0,0.9049803,-0.5489732,-0.053175177,-0.32843632,0
9,319,0.9049803,-0.5489732,-0.053175177,-0.32843632,0,1.0,0.8940008,-0.7432994,-0.059743904,-0.052985147,0
9,320,0.8940008,-0.7432994,-0.059743904,-0.052985147,0,1.0,0.87913483,-0.9375161,-0.060803607,0.22026584,0
9,321,0.87913483,-0.9375161,-0.060803607,0.22026584,1,1.0,0.8603845,-0.74158007,-0.056398287,-0.09096029,0
9,322,0.8603845,-0.74158007,-0.056398287,-0.09096029,0,1.0,0.8455529,-0.9358502,-0.058217496,0.18340926,0
9,323,0.8455529,-0.9358502,-0.058217496,0.18340926,1,1.0,0.82683593,-0.73994565,-0.05454931,-0.127056,0
9,324,0.82683593,-0.73994565,-0.05454931,-0.127056,0,1.0,0.812037,-0.93424547,-0.057090428,0.1479306,0
9,325,0.812037,-0.93424547,-0.057090428,0.1479306,1,1.0,0.7933521,-0.7383544,-0.054131817,-0.1622027,0
9,326,0.7933521,-0.7383544,-0.054131817,-0.1622027,0,1.0,0.778585,-0.9326613,-0.05737587,0.11292375,0
9,327,0.778585,-0.9326613,-0.05737587,0.11292375,1,1.0,0.7599318,-0.73676616,-0.055117395,-0.1972947,0
9,328,0.7599318,-0.73676616,-0.055117395,-0.1972947,0,1.0,0.74519646,-0.93105817,-0.05906329,0.07750446,0
9,329,0.74519646,-0.93105817,-0.05906329,0.07750446,0,1.0,0.7265753,-1.1252859,-0.0575132,0.35098347,0
9,330,0.7265753,-1.1252859,-0.0575132,0.35098347,1,1.0,0.7040696,-0.9293952,-0.05049353,0.040733714,0
9,331,0.7040696,-0.9293952,-0.05049353,0.040733714,1,1.0,0.68548167,-0.7335869,-0.04967886,-0.26744318,0
9,332,0.68548167,-0.7335869,-0.04967886,-0.26744318,0,1.0,0.6708099,-0.92796594,-0.05502772,0.009166104,0
9,333,0.6708099,-0.92796594,-0.05502772,0.009166104,0,1.0,0.65225065,-1.1222574,-0.054844398,0.28399202,0
9,334,0.65225065,-1.1222574,-0.054844398,0.28399202,1,1.0,0.6298055,-0.92639774,-0.049164556,-0.025471723,0
9,335,0.6298055,-0.92639774,-0.049164556,-0.025471723,1,1.0,0.6112775,-0.7306065,-0.049673993,-0.3332523,0
9,336,0.6112775,-0.7306065,-0.049673993,-0.3332523,0,1.0,0.5966654,-0.9249875,-0.056339037,-0.056638565,0
9,337,0.5966654,-0.9249875,-0.056339037,-0.056638565,0,1.0,0.57816565,-1.1192583,-0.057471808,0.21775034,0
9,338,0.57816565,-1.1192583,-0.057471808,0.21775034,1,1.0,0.5557805,-0.92336386,-0.053116802,-0.09249356,0
9,339,0.5557805,-0.92336386,-0.053116802,-0.09249356,0,1.0,0.5373132,-1.1176859,-0.054966673,0.18296932,0
9,340,0.5373132,-1.1176859,-0.054966673,0.18296932,1,1.0,0.51495945,-0.92182225,-0.051307287,-0.12653446,0
9,341,0.51495945,-0.92182225,-0.051307287,-0.12653446,0,1.0,0.49652305,-1.116173,-0.053837977,0.14953041,0
9,342,0.49652305,-1.116173,-0.053837977,0.14953041,1,1.0,0.47419956,-0.92032313,-0.05084737,-0.15963951,0
9,343,0.47419956,-0.92032313,-0.05084737,-0.15963951,0,1.0,0.4557931,-1.1146817,-0.05404016,0.11657877,0
9,344,0.4557931,-1.1146817,-0.05404016,0.11657877,1,1.0,0.4334995,-0.9188287,-0.051708583,-0.19265184,0
9,345,0.4334995,-0.9188287,-0.051708583,-0.19265184,0,1.0,0.4151229,-1.1131743,-0.05556162,0.08328134,0
9,346,0.4151229,-1.1131743,-0.05556162,0.08328134,1,1.0,0.39285943,-0.9173017,-0.053895995,-0.22640084,0
9,347,0.39285943,-0.9173017,-0.053895995,-0.22640084,0,1.0,0.3745134,-1.1116136,-0.05842401,0.048806082,0
9,348,0.3745134,-1.1116136,-0.05842401,0.048806082,0,1.0,0.35228112,-1.3058513,-0.057447888,0.32249856,0
9,349,0.35228112,-1.3058513,-0.057447888,0.32249856,1,1.0,0.3261641,-1.1099603,-0.050997917,0.012266478,0
9,350,0.3261641,-1.1099603,-0.050997917,0.012266478,1,1.0,0.30396488,-0.9141455,-0.050752588,-0.29606077,0
9,351,0.30396488,-0.9141455,-0.050752588,-0.29606077,0,1.0,0.28568196,-1.1085086,-0.056673802,-0.019806437,0
9,352,0.28568196,-1.1085086,-0.056673802,-0.019806437,0,1.0,0.2635118,-1.302774,-0.05706993,0.25447053,0
9,353,0.2635118,-1.302774,-0.05706993,0.25447053,1,1.0,0.23745632,-1.1068856,-0.05198052,-0.055653173,0
9,354,0.23745632,-1.1068856,-0.05198052,-0.055653173,0,1.0,0.2153186,-1.3012251,-0.053093586,0.22018708,0
9,355,0.2153186,-1.3012251,-0.053093586,0.22018708,1,1.0,0.1892941,-1.105386,-0.048689846,-0.0887598,0
9,356,0.1892941,-1.105386,-0.048689846,-0.0887598,0,1.0,0.16718638,-1.2997775,-0.05046504,0.18817265,0
9,357,0.16718638,-1.2997775,-0.05046504,0.18817265,1,1.0,0.14119083,-1.1039712,-0.046701588,-0.119993255,0
9,358,0.14119083,-1.1039712,-0.046701588,-0.119993255,0,1.0,0.11911141,-1.298394,-0.049101453,0.1575977,0
9,359,0.11911141,-1.298394,-0.049101453,0.1575977,1,1.0,0.09314353,-1.1026047,-0.0459495,-0.15016232,0
9,360,0.09314353,-1.1026047,-0.0459495,-0.15016232,0,1.0,0.071091436,-1.2970396,-0.048952743,0.12767777,0
9,361,0.071091436,-1.2970396,-0.048952743,0.12767777,1,1.0,0.04515064,-1.1012518,-0.04639919,-0.18003848,0
9,362,0.04515064,-1.1012518,-0.04639919,-0.18003848,0,1.0,0.023125606,-1.2956802,-0.04999996,0.09765368,0
9,363,0.023125606,-1.2956802,-0.04999996,0.09765368,1,1.0,-0.0027879968,-1.0998785,-0.048046887,-0.2103755,0
9,364,-0.0027879968,-1.0998785,-0.048046887,-0.2103755,0,1.0,-0.024785567,-1.2942817,-0.052254394,0.066772446,0
9,365,-0.024785567,-1.2942817,-0.052254394,0.066772446,1,1.0,-0.0506712,-1.0984511,-0.050918948,-0.24192841,0
9,366,-0.0506712,-1.0984511,-0.050918948,-0.24192841,0,1.0,-0.072640225,-1.2928101,-0.055757515,0.034268558,0
9,367,-0.072640225,-1.2928101,-0.055757515,0.034268558,1,1.0,-0.09849643,-1.0969348,-0.055072144,-0.2754721,0
9,368,-0.09849643,-1.0969348,-0.055072144,-0.2754721,0,1.0,-0.12043512,-1.2912295,-0.060581587,-0.00065488636,0
9,369,-0.12043512,-1.2912295,-0.060581587,-0.00065488636,0,1.0,-0.14625971,-1.4854326,-0.06059468,0.27231535,0
9,370,-0.14625971,-1.4854326,-0.06059468,0.27231535,1,1.0,-0.17596836,-1.2895007,-0.055148378,-0.038847018,0
9,371,-0.17596836,-1.2895007,-0.055148378,-0.038847018,0,1.0,-0.20175838,-1.4837903,-0.055925317,0.23593882,0
9,372,-0.20175838,-1.4837903,-0.055925317,0.23593882,1,1.0,-0.23143418,-1.2879158,-0.05120654,-0.073847085,0
9,373,-0.23143418,-1.2879158,-0.05120654,-0.073847085,0,1.0,-0.2571925,-1.4822676,-0.052683484,0.20225045,0
9,374,-0.2571925,-1.4822676,-0.052683484,0.20225045,1,1.0,-0.28683785,-1.2864333,-0.048638474,-0.10657517,0
9,375,-0.28683785,-1.2864333,-0.048638474,-0.10657517,0,1.0,-0.31256652,-1.4808258,-0.050769977,0.17037454,0
9,376,-0.31256652,-1.4808258,-0.050769977,0.17037454,1,1.0,-0.34218302,-1.2850153,-0.047362484,-0.13788268,0
9,377,-0.34218302,-1.2850153,-0.047362484,-0.13788268,0,1.0,-0.36788335,-1.479428,-0.050120138,0.13949001,0
9,378,-0.36788335,-1.479428,-0.050120138,0.13949001,1,1.0,-0.3974719,-1.2836254,-0.04733034,-0.16857427,0
9,379,-0.3974719,-1.2836254,-0.04733034,-0.16857427,0,1.0,-0.4231444,-1.478039,-0.050701823,0.10880969,0
9,380,-0.4231444,-1.478039,-0.050701823,0.10880969,1,1.0,-0.4527052,-1.2822286,-0.04852563,-0.1994285,0
9,381,-0.4527052,-1.2822286,-0.04852563,-0.1994285,0,1.0,-0.47834978,-1.4766241,-0.0525142,0.0775606,0
9,382,-0.47834978,-1.4766241,-0.0525142,0.0775606,1,1.0,-0.50788224,-1.2807902,-0.05096299,-0.23121738,0
9,383,-0.50788224,-1.2807902,-0.05096299,-0.23121738,0,1.0,-0.53349805,-1.4751483,-0.055587336,0.044964593,0
9,384,-0.53349805,-1.4751483,-0.055587336,0.044964593,1,1.0,-0.56300104,-1.2792751,-0.054688044,-0.2647256,0
9,385,-0.56300104,-1.2792751,-0.054688044,-0.2647256,0,1.0,-0.5885865,-1.4735756,-0.059982557,0.010219103,0
9,386,-0.5885865,-1.4735756,-0.059982557,0.010219103,0,1.0,-0.618058,-1.6677883,-0.059778176,0.28338996,0
9,387,-0.618058,-1.6677883,-0.059778176,0.28338996,1,1.0,-0.6514138,-1.471867,-0.054110374,-0.027531482,0
9,388,-0.6514138,-1.471867,-0.054110374,-0.027531482,0,1.0,-0.68085116,-1.6661729,-0.054661006,0.2476001,0
9,389,-0.68085116,-1.6661729,-0.054661006,0.2476001,1,1.0,-0.71417457,-1.4703145,-0.049709003,-0.06181086,0
9,390,-0.71417457,-1.4703145,-0.049709003,-0.06181086,0,1.0,-0.7435809,-1.6646899,-0.05094522,0.2147835,0
9,391,-0.7435809,-1.6646899,-0.05094522,0.2147835,1,1.0,-0.77687466,-1.468878,-0.04664955,-0.093524635,0
9,392,-0.77687466,-1.468878,-0.04664955,-0.093524635,0,1.0,-0.80625224,-1.6633013,-0.048520043,0.18408313,0
9,393,-0.80625224,-1.6633013,-0.048520043,0.18408313,1,1.0,-0.83951825,-1.46752,-0.04483838,-0.12350265,0
9,394,-0.83951825,-1.46752,-0.04483838,-0.12350265,0,1.0,-0.86886865,-1.6619718,-0.047308434,0.1547039,0
9,395,-0.86886865,-1.6619718,-0.047308434,0.1547039,1,1.0,-0.9021081,-1.4662055,-0.044214357,-0.15252046,0
9,396,-0.9021081,-1.4662055,-0.044214357,-0.15252046,0,1.0,-0.9314322,-1.6606674,-0.047264766,0.1258925,0
9,397,-0.9314322,-1.6606674,-0.047264766,0.1258925,0,1.0,-0.96464556,-1.8550814,-0.044746913,0.4032973,0
9,398,-0.96464556,-1.8550814,-0.044746913,0.4032973,1,1.0,-1.0017471,-1.6593544,-0.036680967,0.09684936,0
9,399,-1.0017471,-1.6593544,-0.036680967,0.09684936,0,1.0,-1.0349343,-1.8539319,-0.03474398,0.37773758,0
9,400,-1.0349343,-1.8539319,-0.03474398,0.37773758,1,1.0,-1.0720129,-1.6583343,-0.027189229,0.07430538,0
9,401,-1.0720129,-1.6583343,-0.027189229,0.07430538,0,1.0,-1.1051795,-1.8530561,-0.025703121,0.3582875,0
9,402,-1.1051795,-1.8530561,-0.025703121,0.3582875,1,1.0,-1.1422408,-1.6575783,-0.018537372,0.057611864,0
9,403,-1.1422408,-1.6575783,-0.018537372,0.057611864,0,1.0,-1.1753923,-1.8524296,-0.017385134,0.34438896,0
9,404,-1.1753923,-1.8524296,-0.017385134,0.34438896,1,1.0,-1.2124408,-1.6570648,-0.010497355,0.04627492,0
9,405,-1.2124408,-1.6570648,-0.010497355,0.04627492,0,1.0,-1.2455822,-1.8520346,-0.009571857,0.33562744,0
9,406,-1.2455822,-1.8520346,-0.009571857,0.33562744,1,1.0,-1.2826228,-1.6567777,-0.0028593082,0.039941486,0
9,407,-1.2826228,-1.6567777,-0.0028593082,0.039941486,1,1.0,-1.3157585,-1.461615,-0.0020604783,-0.2536422,0
9,408,-1.3157585,-1.461615,-0.0020604783,-0.2536422,0,1.0,-1.3449907,-1.6567074,-0.0071333223,0.038390096,0
9,409,-1.3449907,-1.6567074,-0.0071333223,0.038390096,0,1.0,-1.3781248,-1.8517263,-0.0063655204,0.32881388,0
9,410,-1.3781248,-1.8517263,-0.0063655204,0.32881388,1,1.0,-1.4151593,-1.6565143,0.00021075716,0.03413038,0
9,411,-1.4151593,-1.6565143,0.00021075716,0.03413038,0,1.0,-1.4482896,-1.8516393,0.0008933647,0.3268798,0
9,412,-1.4482896,-1.8516393,0.0008933647,0.3268798,1,1.0,-1.4853225,-1.6565301,0.0074309604,0.034478728,0
9,413,-1.4853225,-1.6565301,0.0074309604,0.034478728,1,1.0,-1.5184531,-1.4615154,0.008120535,-0.25585043,0
9,414,-1.5184531,-1.4615154,0.008120535,-0.25585043,0,1.0,-1.5476834,-1.6567525,0.0030035267,0.039382756,0
9,415,-1.5476834,-1.6567525,0.0030035267,0.039382756,0,1.0,-1.5808184,-1.8519173,0.0037911818,0.3330118,0
9,416,-1.5808184,-1.8519173,0.0037911818,0.3330118,1,1.0,-1.6178567,-1.6568495,0.010451418,0.04152684,0
9,417,-1.6178567,-1.6568495,0.010451418,0.04152684,1,1.0,-1.6509938,-1.461879,0.011281955,-0.24784033,0
9,418,-1.6509938,-1.461879,0.011281955,-0.24784033,0,1.0,-1.6802313,-1.6571603,0.006325148,0.04837972,0
9,419,-1.6802313,-1.6571603,0.006325148,0.04837972,0,1.0,-1.7133745,-1.8523723,0.007292743,0.34305155,0
9,420,-1.7133745,-1.8523723,0.007292743,0.34305155,1,1.0,-1.750422,-1.6573548,0.014153774,0.052677214,0
9,421,-1.750422,-1.6573548,0.014153774,0.052677214,1,1.0,-1.7835691,-1.4624387,0.015207318,-0.2355067,0
9,422,-1.7835691,-1.4624387,0.015207318,-0.2355067,0,1.0,-1.8128178,-1.6577746,0.0104971845,0.061934035,0
9,423,-1.8128178,-1.6577746,0.0104971845,0.061934035,1,1.0,-1.8459734,-1.4628047,0.011735865,-0.22741856,0
9,424,-1.8459734,-1.4628047,0.011735865,-0.22741856,0,1.0,-1.8752295,-1.6580924,0.0071874936,0.06894305,0
9,425,-1.8752295,-1.6580924,0.0071874936,0.06894305,0,1.0,-1.9083914,-1.8533167,0.008566354,0.363885,0
9,426,-1.9083914,-1.8533167,0.008566354,0.363885,1,1.0,-1.9454576,-1.6583174,0.015844055,0.073915444,0
9,427,-1.9454576,-1.6583174,0.015844055,0.073915444,1,1.0,-1.978624,-1.4634262,0.017322363,-0.2137268,0
9,428,-1.978624,-1.4634262,0.017322363,-0.2137268,0,1.0,-2.0078926,-1.6587914,0.013047827,0.08436965,0
9,429,-2.0078926,-1.6587914,0.013047827,0.08436965,1,1.0,-2.0410683,-1.463859,0.01473522,-0.20416827,0
9,430,-2.0410683,-1.463859,0.01473522,-0.20416827,0,1.0,-2.0703454,-1.6591885,0.010651855,0.09312623,0
9,431,-2.0703454,-1.6591885,0.010651855,0.09312623,1,1.0,-2.1035292,-1.4642209,0.012514379,-0.1961771,0
9,432,-2.1035292,-1.4642209,0.012514379,-0.1961771,0,1.0,-2.1328137,-1.6595196,0.008590837,0.10042714,0
9,433,-2.1328137,-1.6595196,0.008590837,0.10042714,0,1.0,-2.1660042,-1.8547635,0.01059938,0.39580804,0
9,434,-2.1660042,-1.8547635,0.01059938,0.39580804,1,1.0,-2.2030993,-1.6597936,0.01851554,0.106485665,0
9,435,-2.2030993,-1.6597936,0.01851554,0.106485665,1,1.0,-2.2362952,-1.4649417,0.020645253,-0.18029867,0
9,436,-2.2362952,-1.4649417,0.020645253,-0.18029867,0,1.0,-2.265594,-1.660353,0.01703928,0.11882495,0
9,437,-2.265594,-1.660353,0.01703928,0.11882495,1,1.0,-2.2988012,-1.4654793,0.019415779,-0.1684339,0
9,438,-2.2988012,-1.4654793,0.019415779,-0.1684339,0,1.0,-2.3281107,-1.6608737,0.016047101,0.13031034,0
9,439,-2.3281107,-1.6608737,0.016047101,0.13031034,1,1.0,-2.3613281,-1.4659852,0.018653309,-0.15726703,0
9,440,-2.3613281,-1.4659852,0.018653309,-0.15726703,0,1.0,-2.390648,-1.6613692,0.015507968,0.1412417,0
9,441,-2.390648,-1.6613692,0.015507968,0.1412417,1,1.0,-2.4238753,-1.4664727,0.018332802,-0.14650866,1
10,0,-0.04050077,0.003580573,0.04176767,0.048146583,1,1.0,-0.04042916,0.1980795,0.042730603,-0.23107122,0
10,1,-0.04042916,0.1980795,0.042730603,-0.23107122,1,1.0,-0.03646757,0.39256564,0.03810918,-0.50997514,0
10,2,-0.03646757,0.39256564,0.03810918,-0.50997514,0,1.0,-0.028616257,0.19692811,0.027909677,-0.20553055,0
10,3,-0.028616257,0.19692811,0.027909677,-0.20553055,0,1.0,-0.024677696,0.0014183918,0.023799066,0.09582418,0
10,4,-0.024677696,0.0014183918,0.023799066,0.09582418,1,1.0,-0.024649328,0.1961913,0.02571555,-0.18925618,0
10,5,-0.024649328,0.1961913,0.02571555,-0.18925618,0,1.0,-0.020725502,0.0007110689,0.021930426,0.11142676,0
10,6,-0.020725502,0.0007110689,0.021930426,0.11142676,1,1.0,-0.02071128,0.19551201,0.024158962,-0.17425737,0
10,7,-0.02071128,0.19551201,0.024158962,-0.17425737,0,1.0,-0.01680104,5.2788175e-05,0.020673813,0.12594797,0
10,8,-0.01680104,5.2788175e-05,0.020673813,0.12594797,1,1.0,-0.016799984,0.19487256,0.023192773,-0.16014157,0
10,9,-0.016799984,0.19487256,0.023192773,-0.16014157,0,1.0,-0.012902533,-0.0005736197,0.019989941,0.1397669,0
10,10,-0.012902533,-0.0005736197,0.019989941,0.1397669,1,1.0,-0.012914006,0.19425641,0.02278528,-0.14654309,0
10,11,-0.012914006,0.19425641,0.02278528,-0.14654309,0,1.0,-0.009028877,-0.001184304,0.019854419,0.15324017,0
10,12,-0.009028877,-0.001184304,0.019854419,0.15324017,1,1.0,-0.009052563,0.19364782,0.02291922,-0.1331136,0
10,13,-0.009052563,0.19364782,0.02291922,-0.1331136,0,1.0,-0.0051796073,-0.0017948078,0.02025695,0.166711,0
10,14,-0.0051796073,-0.0017948078,0.02025695,0.166711,1,1.0,-0.0052155033,0.19303142,0.02359117,-0.11951322,0
10,15,-0.0052155033,0.19303142,0.02359117,-0.11951322,0,1.0,-0.001354875,-0.0024204622,0.021200905,0.18051817,0
10,16,-0.001354875,-0.0024204622,0.021200905,0.18051817,1,1.0,-0.0014032843,0.1923918,0.024811268,-0.105401956,0
10,17,-0.0014032843,0.1923918,0.024811268,-0.105401956,0,1.0,0.0024445516,-0.0030767675,0.02270323,0.19500442,0
10,18,0.0024445516,-0.0030767675,0.02270323,0.19500442,1,1.0,0.0023830163,0.1917132,0.026603319,-0.09043106,0
10,19,0.0023830163,0.1917132,0.026603319,-0.09043106,0,1.0,0.00621728,-0.0037797731,0.024794698,0.21052508,0
10,20,0.00621728,-0.0037797731,0.024794698,0.21052508,1,1.0,0.0061416845,0.19097905,0.029005198,-0.07423445,0
10,21,0.0061416845,0.19097905,0.029005198,-0.07423445,1,1.0,0.009961265,0.38567343,0.02752051,-0.35762686,0
10,22,0.009961265,0.38567343,0.02752051,-0.35762686,0,1.0,0.017674735,0.19017126,0.020367973,-0.05639463,0
10,23,0.017674735,0.19017126,0.020367973,-0.05639463,0,1.0,0.02147816,-0.005236728,0.01924008,0.24264432,0
10,24,0.02147816,-0.005236728,0.01924008,0.24264432,1,1.0,0.021373425,0.18960519,0.024092967,-0.04390823,0
10,25,0.021373425,0.18960519,0.024092967,-0.04390823,0,1.0,0.025165528,-0.0058538117,0.023214802,0.25627783,0
10,26,0.025165528,-0.0058538117,0.023214802,0.25627783,1,1.0,0.025048451,0.18892913,0.028340358,-0.028993322,0
10,27,0.025048451,0.18892913,0.028340358,-0.028993322,1,1.0,0.028827034,0.38363343,0.027760493,-0.31260157,0
10,28,0.028827034,0.38363343,0.027760493,-0.31260157,0,1.0,0.036499705,0.18812723,0.02150846,-0.011294708,0
10,29,0.036499705,0.18812723,0.02150846,-0.011294708,0,1.0,0.04026225,-0.0072964644,0.021282567,0.28809604,0
10,30,0.04026225,-0.0072964644,0.021282567,0.28809604,1,1.0,0.040116318,0.18751562,0.027044488,0.0022006917,0
10,31,0.040116318,0.18751562,0.027044488,0.0022006917,1,1.0,0.04386663,0.3822395,0.0270885,-0.2818282,0
10,32,0.04386663,0.3822395,0.0270885,-0.2818282,0,1.0,0.05151142,0.18674183,0.021451937,0.019273762,0
10,33,0.05151142,0.18674183,0.021451937,0.019273762,1,1.0,0.055246256,0.3815497,0.021837413,-0.26656437,0
10,34,0.055246256,0.3815497,0.021837413,-0.26656437,0,1.0,0.06287725,0.18612297,0.016506124,0.032925464,0
10,35,0.06287725,0.18612297,0.016506124,0.032925464,0,1.0,0.06659971,-0.009231746,0.017164635,0.3307702,0
10,36,0.06659971,-0.009231746,0.017164635,0.3307702,1,1.0,0.06641508,0.18564172,0.023780039,0.043549225,0
10,37,0.06641508,0.18564172,0.023780039,0.043549225,1,1.0,0.07012791,0.38041475,0.024651023,-0.24153703,0
10,38,0.07012791,0.38041475,0.024651023,-0.24153703,0,1.0,0.07773621,0.1849495,0.019820282,0.05881842,0
10,39,0.07773621,0.1849495,0.019820282,0.05881842,1,1.0,0.081435196,0.37978175,0.02099665,-0.22754575,0
10,40,0.081435196,0.37978175,0.02099665,-0.22754575,0,1.0,0.08903083,0.18436612,0.016445735,0.07168563,0
10,41,0.08903083,0.18436612,0.016445735,0.07168563,0,1.0,0.092718154,-0.0109877,0.017879449,0.36951154,0
10,42,0.092718154,-0.0109877,0.017879449,0.36951154,1,1.0,0.0924984,0.18387571,0.02526968,0.08251943,0
10,43,0.0924984,0.18387571,0.02526968,0.08251943,1,1.0,0.09617591,0.3786265,0.026920067,-0.20208497,0
10,44,0.09617591,0.3786265,0.026920067,-0.20208497,0,1.0,0.10374844,0.18313009,0.022878367,0.09896693,0
10,45,0.10374844,0.18313009,0.022878367,0.09896693,1,1.0,0.10741104,0.3779168,0.024857707,-0.18641102,0
10,46,0.10741104,0.3779168,0.024857707,-0.18641102,0,1.0,0.11496938,0.18244818,0.021129485,0.11400873,0
10,47,0.11496938,0.18244818,0.021129485,0.11400873,1,1.0,0.11861835,0.3772611,0.02340966,-0.1719338,0
10,48,0.11861835,0.3772611,0.02340966,-0.1719338,0,1.0,0.12616357,0.18181205,0.019970985,0.12804125,0
10,49,0.12616357,0.18181205,0.019970985,0.12804125,1,1.0,0.12979981,0.3766423,0.02253181,-0.15827477,0
10,50,0.12979981,0.3766423,0.02253181,-0.15827477,0,1.0,0.13733265,0.18120512,0.019366315,0.14143036,0
10,51,0.13733265,0.18120512,0.019366315,0.14143036,1,1.0,0.14095676,0.37604442,0.022194922,-0.14508045,0
10,52,0.14095676,0.37604442,0.022194922,-0.14508045,0,1.0,0.14847764,0.18061177,0.019293312,0.1545211,0
10,53,0.14847764,0.18061177,0.019293312,0.1545211,1,1.0,0.15208988,0.37545225,0.022383735,-0.13201334,0
10,54,0.15208988,0.37545225,0.022383735,-0.13201334,0,1.0,0.15959892,0.18001693,0.019743469,0.16764648,0
10,55,0.15959892,0.18001693,0.019743469,0.16764648,1,1.0,0.16319926,0.37485078,0.023096398,-0.11874315,0
10,56,0.16319926,0.37485078,0.023096398,-0.11874315,0,1.0,0.17069627,0.17940567,0.020721534,0.18113609,0
10,57,0.17069627,0.17940567,0.020721534,0.18113609,1,1.0,0.1742844,0.37422508,0.024344256,-0.10493859,0
10,58,0.1742844,0.37422508,0.024344256,-0.10493859,0,1.0,0.1817689,0.17876287,0.022245483,0.19532435,0
10,59,0.1817689,0.17876287,0.022245483,0.19532435,1,1.0,0.18534414,0.37355965,0.026151972,-0.09025892,0
10,60,0.18534414,0.37355965,0.026151972,-0.09025892,0,1.0,0.19281535,0.17807281,0.024346793,0.21055889,0
10,61,0.19281535,0.17807281,0.024346793,0.21055889,1,1.0,0.1963768,0.37283835,0.028557971,-0.07434557,0
10,62,0.1963768,0.37283835,0.028557971,-0.07434557,0,1.0,0.20383357,0.17731887,0.027071059,0.22720896,0
10,63,0.20383357,0.17731887,0.027071059,0.22720896,1,1.0,0.20737994,0.3720437,0.03161524,-0.05681334,0
10,64,0.20737994,0.3720437,0.03161524,-0.05681334,1,1.0,0.21482082,0.56669843,0.030478971,-0.33935615,0
10,65,0.21482082,0.56669843,0.030478971,-0.33935615,0,1.0,0.22615479,0.37115633,0.023691848,-0.037219845,0
10,66,0.22615479,0.37115633,0.023691848,-0.037219845,0,1.0,0.2335779,0.17570278,0.022947451,0.26284295,0
10,67,0.2335779,0.17570278,0.022947451,0.26284295,1,1.0,0.23709197,0.37048978,0.02820431,-0.022514686,0
10,68,0.23709197,0.37048978,0.02820431,-0.022514686,1,1.0,0.24450177,0.56519616,0.027754016,-0.3061671,0
10,69,0.24450177,0.56519616,0.027754016,-0.3061671,0,1.0,0.2558057,0.3696899,0.021630675,-0.004862067,0
10,70,0.2558057,0.3696899,0.021630675,-0.004862067,1,1.0,0.26319948,0.5644951,0.021533433,-0.29064253,0
10,71,0.26319948,0.5644951,0.021533433,-0.29064253,0,1.0,0.27448937,0.36907282,0.015720582,0.008753256,0
10,72,0.27448937,0.36907282,0.015720582,0.008753256,0,1.0,0.28187084,0.17372897,0.015895648,0.30635446,0
10,73,0.28187084,0.17372897,0.015895648,0.30635446,1,1.0,0.28534544,0.36862084,0.022022737,0.018726708,0
10,74,0.28534544,0.36862084,0.022022737,0.018726708,1,1.0,0.29271784,0.5634202,0.02239727,-0.26692724,0
10,75,0.29271784,0.5634202,0.02239727,-0.26692724,0,1.0,0.30398625,0.36798584,0.017058726,0.032734968,0
10,76,0.30398625,0.36798584,0.017058726,0.032734968,1,1.0,0.31134596,0.56285906,0.017713426,-0.25451732,0
10,77,0.31134596,0.56285906,0.017713426,-0.25451732,0,1.0,0.32260314,0.36748874,0.012623079,0.043699685,0
10,78,0.32260314,0.36748874,0.012623079,0.043699685,0,1.0,0.32995293,0.17218806,0.013497073,0.34033844,0
10,79,0.32995293,0.17218806,0.013497073,0.34033844,1,1.0,0.33339667,0.3671154,0.020303842,0.05194208,0
10,80,0.33339667,0.3671154,0.020303842,0.05194208,1,1.0,0.34073898,0.56194043,0.021342684,-0.2342663,0
10,81,0.34073898,0.56194043,0.021342684,-0.2342663,0,1.0,0.3519778,0.36652014,0.016657358,0.06507165,0
10,82,0.3519778,0.36652014,0.016657358,0.06507165,1,1.0,0.35930818,0.56139934,0.01795879,-0.22230959,0
10,83,0.35930818,0.56139934,0.01795879,-0.22230959,0,1.0,0.37053618,0.3660254,0.013512598,0.07598372,0
10,84,0.37053618,0.3660254,0.013512598,0.07598372,1,1.0,0.3778567,0.56095105,0.015032273,-0.21240549,0
10,85,0.3778567,0.56095105,0.015032273,-0.21240549,0,1.0,0.38907573,0.36561742,0.010784163,0.08498114,0
10,86,0.38907573,0.36561742,0.010784163,0.08498114,1,1.0,0.39638805,0.5605831,0.012483786,-0.20427994,0
10,87,0.39638805,0.5605831,0.012483786,-0.20427994,0,1.0,0.40759972,0.3652849,0.008398187,0.09231471,0
10,88,0.40759972,0.3652849,0.008398187,0.09231471,0,1.0,0.41490543,0.17004359,0.010244481,0.38763538,0
10,89,0.41490543,0.17004359,0.010244481,0.38763538,1,1.0,0.4183063,0.36501864,0.01799719,0.09819999,0
10,90,0.4183063,0.36501864,0.01799719,0.09819999,1,1.0,0.42560667,0.5598781,0.01996119,-0.18875095,0
10,91,0.42560667,0.5598781,0.01996119,-0.18875095,0,1.0,0.43680423,0.36447632,0.01618617,0.11016148,0
10,92,0.43680423,0.36447632,0.01618617,0.11016148,1,1.0,0.44409376,0.55936265,0.0183894,-0.17737116,0
10,93,0.44409376,0.55936265,0.0183894,-0.17737116,0,1.0,0.45528102,0.36398244,0.014841977,0.1210558,0
10,94,0.45528102,0.36398244,0.014841977,0.1210558,1,1.0,0.46256065,0.5588886,0.017263092,-0.16690792,0
10,95,0.46256065,0.5588886,0.017263092,-0.16690792,0,1.0,0.47373843,0.36352387,0.013924934,0.13117065,0
10,96,0.47373843,0.36352387,0.013924934,0.13117065,1,1.0,0.48100892,0.5584436,0.016548347,-0.15708683,0
10,97,0.48100892,0.5584436,0.016548347,-0.15708683,0,1.0,0.49217778,0.3630887,0.01340661,0.14077042,0
10,98,0.49217778,0.3630887,0.01340661,0.14077042,1,1.0,0.49943954,0.55801606,0.016222019,-0.14765297,0
10,99,0.49943954,0.55801606,0.016222019,-0.14765297,1,1.0,0.51059985,0.75290203,0.01326896,-0.43517435,0
10,100,0.51059985,0.75290203,0.01326896,-0.43517435,0,1.0,0.5256579,0.5575948,0.0045654727,-0.1383383,0
10,101,0.5256579,0.5575948,0.0045654727,-0.1383383,0,1.0,0.5368098,0.3624077,0.0017987067,0.15578146,0
10,102,0.5368098,0.3624077,0.0017987067,0.15578146,1,1.0,0.54405797,0.5575039,0.004914336,-0.13633347,0
10,103,0.54405797,0.5575039,0.004914336,-0.13633347,0,1.0,0.555208,0.36231187,0.0021876665,0.15789579,0
10,104,0.555208,0.36231187,0.0021876665,0.15789579,1,1.0,0.5624543,0.55740243,0.0053455825,-0.13409618,0
10,105,0.5624543,0.55740243,0.0053455825,-0.13409618,0,1.0,0.5736023,0.36220434,0.002663659,0.16026841,0
10,106,0.5736023,0.36220434,0.002663659,0.16026841,1,1.0,0.5808464,0.55728805,0.005869027,-0.13157302,0
10,107,0.5808464,0.55728805,0.005869027,-0.13157302,0,1.0,0.5919922,0.3620825,0.0032375667,0.16295572,0
10,108,0.5919922,0.3620825,0.0032375667,0.16295572,1,1.0,0.5992338,0.557158,0.006496681,-0.12870409,0
10,109,0.5992338,0.557158,0.006496681,-0.12870409,0,1.0,0.610377,0.36194357,0.0039225994,0.16602136,0
10,110,0.610377,0.36194357,0.0039225994,0.16602136,1,1.0,0.6176159,0.55700916,0.0072430265,-0.12542152,0
10,111,0.6176159,0.55700916,0.0072430265,-0.12542152,0,1.0,0.62875605,0.3617842,0.0047345962,0.16953768,0
10,112,0.62875605,0.3617842,0.0047345962,0.16953768,1,1.0,0.63599175,0.55683804,0.00812535,-0.12164787,0
10,113,0.63599175,0.55683804,0.00812535,-0.12164787,1,1.0,0.64712846,0.7518426,0.005692392,-0.4117563,0
10,114,0.64712846,0.7518426,0.005692392,-0.4117563,0,1.0,0.66216534,0.55664045,-0.0025427337,-0.11728421,0
10,115,0.66216534,0.55664045,-0.0025427337,-0.11728421,0,1.0,0.6732981,0.36155504,-0.004888418,0.17459542,0
10,116,0.6732981,0.36155504,-0.004888418,0.17459542,1,1.0,0.68052924,0.5567466,-0.0013965096,-0.11962563,0
10,117,0.68052924,0.5567466,-0.0013965096,-0.11962563,0,1.0,0.69166416,0.3616447,-0.003789022,0.17261639,0
10,118,0.69166416,0.3616447,-0.003789022,0.17261639,1,1.0,0.69889706,0.5568207,-0.0003366944,-0.12125944,0
10,119,0.69889706,0.5568207,-0.0003366944,-0.12125944,0,1.0,0.7100335,0.36170354,-0.0027618832,0.17131723,0
10,120,0.7100335,0.36170354,-0.0027618832,0.17131723,1,1.0,0.7172676,0.5568649,0.00066446146,-0.1222357,0
10,121,0.7172676,0.5568649,0.00066446146,-0.1222357,0,1.0,0.7284049,0.36173347,-0.0017802524,0.17065679,0
10,122,0.7284049,0.36173347,-0.0017802524,0.17065679,1,1.0,0.7356395,0.55688083,0.0016328832,-0.12258723,0
10,123,0.7356395,0.55688083,0.0016328832,-0.12258723,1,1.0,0.7467771,0.75197935,-0.00081886124,-0.41475454,0
10,124,0.7467771,0.75197935,-0.00081886124,-0.41475454,0,1.0,0.76181674,0.55686903,-0.0091139525,-0.12232988,0
10,125,0.76181674,0.55686903,-0.0091139525,-0.12232988,0,1.0,0.7729541,0.3618788,-0.01156055,0.1674638,0
10,126,0.7729541,0.3618788,-0.01156055,0.1674638,1,1.0,0.78019166,0.5571643,-0.008211274,-0.1288436,0
10,127,0.78019166,0.5571643,-0.008211274,-0.1288436,0,1.0,0.791335,0.36216095,-0.010788146,0.1612375,0
10,128,0.791335,0.36216095,-0.010788146,0.1612375,1,1.0,0.7985782,0.5574357,-0.0075633964,-0.1348292,0
10,129,0.7985782,0.5574357,-0.0075633964,-0.1348292,0,1.0,0.8097269,0.36242288,-0.01025998,0.15545802,0
10,130,0.8097269,0.36242288,-0.01025998,0.15545802,1,1.0,0.81697536,0.5576902,-0.0071508195,-0.14044395,0
10,131,0.81697536,0.5576902,-0.0071508195,-0.14044395,0,1.0,0.8281292,0.3626714,-0.009959699,0.14997447,0
10,132,0.8281292,0.3626714,-0.009959699,0.14997447,1,1.0,0.8353826,0.5579345,-0.0069602095,-0.14583382,0
10,133,0.8353826,0.5579345,-0.0069602095,-0.14583382,0,1.0,0.8465413,0.36291295,-0.009876885,0.14464518,0
10,134,0.8465413,0.36291295,-0.009876885,0.14464518,1,1.0,0.8537995,0.55817497,-0.0069839824,-0.15113728,0
10,135,0.8537995,0.55817497,-0.0069839824,-0.15113728,0,1.0,0.86496305,0.3631537,-0.010006728,0.13933419,0
10,136,0.86496305,0.3631537,-0.010006728,0.13933419,1,1.0,0.8722261,0.55841756,-0.007220044,-0.15648882,0
10,137,0.8722261,0.55841756,-0.007220044,-0.15648882,0,1.0,0.8833945,0.3633997,-0.01034982,0.13390763,0
10,138,0.8833945,0.3633997,-0.01034982,0.13390763,1,1.0,0.8906625,0.5586684,-0.0076716677,-0.16202246,0
10,139,0.8906625,0.5586684,-0.0076716677,-0.16202246,0,1.0,0.90183586,0.3636571,-0.010912117,0.12823042,0
10,140,0.90183586,0.3636571,-0.010912117,0.12823042,1,1.0,0.909109,0.5589336,-0.0083475085,-0.16787508,0
10,141,0.909109,0.5589336,-0.0083475085,-0.16787508,0,1.0,0.92028767,0.36393216,-0.01170501,0.122162804,0
10,142,0.92028767,0.36393216,-0.01170501,0.122162804,1,1.0,0.9275663,0.55921984,-0.009261754,-0.17418984,0
10,143,0.9275663,0.55921984,-0.009261754,-0.17418984,0,1.0,0.9387507,0.36423165,-0.012745551,0.11555698,0
10,144,0.9387507,0.36423165,-0.012745551,0.11555698,1,1.0,0.9460353,0.5595339,-0.0104344115,-0.18111967,0
10,145,0.9460353,0.5595339,-0.0104344115,-0.18111967,0,1.0,0.957226,0.36456278,-0.014056805,0.1082534,0
10,146,0.957226,0.36456278,-0.014056805,0.1082534,1,1.0,0.96451724,0.5598833,-0.011891737,-0.18883103,0
10,147,0.96451724,0.5598833,-0.011891737,-0.18883103,0,1.0,0.9757149,0.3649335,-0.015668357,0.100076936,0
10,148,0.9757149,0.3649335,-0.015668357,0.100076936,1,1.0,0.9830136,0.56027645,-0.013666819,-0.19750784,0
10,149,0.9830136,0.56027645,-0.013666819,-0.19750784,0,1.0,0.9942191,0.36535263,-0.017616976,0.09083267,0
10,150,0.9942191,0.36535263,-0.017616976,0.09083267,1,1.0,1.0015261,0.5607226,-0.015800321,-0.20735593,0
10,151,1.0015261,0.5607226,-0.015800321,-0.20735593,0,1.0,1.0127406,0.36583012,-0.019947441,0.08030121,0
10,152,1.0127406,0.36583012,-0.019947441,0.08030121,1,1.0,1.0200572,0.56123227,-0.018341416,-0.21860784,0
10,153,1.0200572,0.56123227,-0.018341416,-0.21860784,0,1.0,1.0312818,0.36637723,-0.022713574,0.06823346,0
10,154,1.0312818,0.36637723,-0.022713574,0.06823346,1,1.0,1.0386094,0.56181735,-0.021348905,-0.2315283,0
10,155,1.0386094,0.56181735,-0.021348905,-0.2315283,0,1.0,1.0498458,0.36700684,-0.02597947,0.05434475,0
10,156,1.0498458,0.36700684,-0.02597947,0.05434475,1,1.0,1.0571859,0.5624915,-0.024892574,-0.24642037,0
10,157,1.0571859,0.5624915,-0.024892574,-0.24642037,0,1.0,1.0684357,0.36773372,-0.029820982,0.03830809,0
10,158,1.0684357,0.36773372,-0.029820982,0.03830809,1,1.0,1.0757904,0.56327033,-0.02905482,-0.26363248,0
10,159,1.0757904,0.56327033,-0.02905482,-0.26363248,0,1.0,1.0870558,0.3685749,-0.03432747,0.019746501,0
10,160,1.0870558,0.3685749,-0.03432747,0.019746501,1,1.0,1.0944273,0.5641719,-0.03393254,-0.28356645,0
10,161,1.0944273,0.5641719,-0.03393254,-0.28356645,0,1.0,1.1057107,0.36954993,-0.03960387,-0.0017758202,0
10,162,1.1057107,0.36954993,-0.03960387,-0.0017758202,0,1.0,1.1131017,0.17501768,-0.039639387,0.27815327,0
10,163,1.1131017,0.17501768,-0.039639387,0.27815327,1,1.0,1.1166021,0.37068206,-0.034076322,-0.026763668,0
10,164,1.1166021,0.37068206,-0.034076322,-0.026763668,1,1.0,1.1240157,0.5662757,-0.034611594,-0.3300003,0
10,165,1.1240157,0.5662757,-0.034611594,-0.3300003,0,1.0,1.1353413,0.3716631,-0.0412116,-0.04843003,0
10,166,1.1353413,0.3716631,-0.0412116,-0.04843003,0,1.0,1.1427745,0.17715558,-0.0421802,0.23097074,0
10,167,1.1427745,0.17715558,-0.0421802,0.23097074,1,1.0,1.1463176,0.37285408,-0.037560787,-0.074713215,0
10,168,1.1463176,0.37285408,-0.037560787,-0.074713215,1,1.0,1.1537747,0.56849384,-0.03905505,-0.37900612,0
10,169,1.1537747,0.56849384,-0.03905505,-0.37900612,0,1.0,1.1651446,0.37394762,-0.046635173,-0.09888862,0
10,170,1.1651446,0.37394762,-0.046635173,-0.09888862,0,1.0,1.1726235,0.179524,-0.048612945,0.17872398,0
10,171,1.1726235,0.179524,-0.048612945,0.17872398,1,1.0,1.176214,0.3753067,-0.045038465,-0.1288897,0
10,172,1.176214,0.3753067,-0.045038465,-0.1288897,0,1.0,1.1837201,0.1808579,-0.04761626,0.1492509,0
10,173,1.1837201,0.1808579,-0.04761626,0.1492509,1,1.0,1.1873373,0.37662822,-0.044631243,-0.15806563,0
10,174,1.1873373,0.37662822,-0.044631243,-0.15806563,0,1.0,1.1948699,0.18217273,-0.047792554,0.12020991,0
10,175,1.1948699,0.18217273,-0.047792554,0.12020991,1,1.0,1.1985133,0.3779457,-0.045388356,-0.18715987,0
10,176,1.1985133,0.3779457,-0.045388356,-0.18715987,0,1.0,1.2060722,0.18350151,-0.049131554,0.09086641,0
10,177,1.2060722,0.18350151,-0.049131554,0.09086641,1,1.0,1.2097423,0.379292,-0.047314227,-0.21690379,0
10,178,1.2097423,0.379292,-0.047314227,-0.21690379,0,1.0,1.2173281,0.18487725,-0.0516523,0.06048679,0
10,179,1.2173281,0.18487725,-0.0516523,0.06048679,1,1.0,1.2210257,0.38070026,-0.050442565,-0.24803503,0
10,180,1.2210257,0.38070026,-0.050442565,-0.24803503,0,1.0,1.2286396,0.18633364,-0.055403266,0.028320253,0
10,181,1.2286396,0.18633364,-0.055403266,0.028320253,0,1.0,1.2323663,-0.007951821,-0.05483686,0.30302107,0
10,182,1.2323663,-0.007951821,-0.05483686,0.30302107,1,1.0,1.2322073,0.18790704,-0.04877644,-0.0064395657,0
10,183,1.2322073,0.18790704,-0.04877644,-0.0064395657,1,1.0,1.2359655,0.38369334,-0.04890523,-0.31410435,0
10,184,1.2359655,0.38369334,-0.04890523,-0.31410435,0,1.0,1.2436393,0.18930094,-0.05518732,-0.037236758,0
10,185,1.2436393,0.18930094,-0.05518732,-0.037236758,0,1.0,1.2474253,-0.004987978,-0.055932052,0.23753609,0
10,186,1.2474253,-0.004987978,-0.055932052,0.23753609,1,1.0,1.2473255,0.19088659,-0.05118133,-0.072251745,0
10,187,1.2473255,0.19088659,-0.05118133,-0.072251745,1,1.0,1.2511433,0.3867035,-0.052626364,-0.38063323,0
10,188,1.2511433,0.3867035,-0.052626364,-0.38063323,0,1.0,1.2588774,0.19236681,-0.060239032,-0.10499679,0
10,189,1.2588774,0.19236681,-0.060239032,-0.10499679,0,1.0,1.2627248,-0.0018424559,-0.062338967,0.16808915,0
10,190,1.2627248,-0.0018424559,-0.062338967,0.16808915,0,1.0,1.2626878,-0.19601926,-0.058977183,0.4404728,0
10,191,1.2626878,-0.19601926,-0.058977183,0.4404728,1,1.0,1.2587675,-0.00011441238,-0.05016773,0.1297972,0
10,192,1.2587675,-0.00011441238,-0.05016773,0.1297972,1,1.0,1.2587652,0.19568896,-0.047571782,-0.17828146,0
10,193,1.2587652,0.19568896,-0.047571782,-0.17828146,1,1.0,1.262679,0.39145827,-0.05113741,-0.48558402,0
10,194,1.262679,0.39145827,-0.05113741,-0.48558402,0,1.0,1.2705082,0.19709381,-0.060849093,-0.20944633,0
10,195,1.2705082,0.19709381,-0.060849093,-0.20944633,0,1.0,1.27445,0.0028923252,-0.06503802,0.0634382,0
10,196,1.27445,0.0028923252,-0.06503802,0.0634382,0,1.0,1.2745079,-0.19123977,-0.06376925,0.334913,0
10,197,1.2745079,-0.19123977,-0.06376925,0.334913,0,1.0,1.270683,-0.38539892,-0.057070997,0.6068243,0
10,198,1.270683,-0.38539892,-0.057070997,0.6068243,1,1.0,1.2629751,-0.18952739,-0.044934507,0.2967256,0
10,199,1.2629751,-0.18952739,-0.044934507,0.2967256,1,1.0,1.2591845,0.0062053567,-0.038999997,-0.009783488,0
10,200,1.2591845,0.0062053567,-0.038999997,-0.009783488,1,1.0,1.2593086,0.20186429,-0.039195668,-0.3145118,0
10,201,1.2593086,0.20186429,-0.039195668,-0.3145118,1,1.0,1.263346,0.39752203,-0.045485903,-0.6192936,0
10,202,1.263346,0.39752203,-0.045485903,-0.6192936,0,1.0,1.2712964,0.20306392,-0.057871774,-0.34127635,0
10,203,1.2712964,0.20306392,-0.057871774,-0.34127635,0,1.0,1.2753576,0.008811054,-0.0646973,-0.06738966,0
10,204,1.2753576,0.008811054,-0.0646973,-0.06738966,0,1.0,1.2755339,-0.18532655,-0.0660451,0.20419975,0
10,205,1.2755339,-0.18532655,-0.0660451,0.20419975,0,1.0,1.2718273,-0.37944487,-0.0619611,0.4753393,0
10,206,1.2718273,-0.37944487,-0.0619611,0.4753393,1,1.0,1.2642385,-0.1835052,-0.052454315,0.16378888,0
10,207,1.2642385,-0.1835052,-0.052454315,0.16378888,1,1.0,1.2605684,0.012326872,-0.049178537,-0.14496972,0
10,208,1.2605684,0.012326872,-0.049178537,-0.14496972,1,1.0,1.2608149,0.20811735,-0.05207793,-0.45275304,0
10,209,1.2608149,0.20811735,-0.05207793,-0.45275304,0,1.0,1.2649772,0.013769046,-0.06113299,-0.17692979,0
10,210,1.2649772,0.013769046,-0.06113299,-0.17692979,0,1.0,1.2652526,-0.18042718,-0.06467158,0.09585849,0
10,211,1.2652526,-0.18042718,-0.06467158,0.09585849,0,1.0,1.261644,-0.37456548,-0.062754415,0.36745697,0
10,212,1.261644,-0.37456548,-0.062754415,0.36745697,1,1.0,1.2541528,-0.17861055,-0.055405278,0.055665478,0
10,213,1.2541528,-0.17861055,-0.055405278,0.055665478,1,1.0,1.2505805,0.01726025,-0.054291967,-0.2539707,0
10,214,1.2505805,0.01726025,-0.054291967,-0.2539707,0,1.0,1.2509258,-0.17704615,-0.059371382,0.021105452,0
10,215,1.2509258,-0.17704615,-0.059371382,0.021105452,0,1.0,1.2473848,-0.37126863,-0.058949273,0.2944809,0
10,216,1.2473848,-0.37126863,-0.058949273,0.2944809,1,1.0,1.2399595,-0.17535795,-0.053059656,-0.016195709,0
10,217,1.2399595,-0.17535795,-0.053059656,-0.016195709,1,1.0,1.2364522,0.020483209,-0.05338357,-0.32513624,0
10,218,1.2364522,0.020483209,-0.05338357,-0.32513624,0,1.0,1.236862,-0.17383961,-0.059886295,-0.04975456,0
10,219,1.236862,-0.17383961,-0.059886295,-0.04975456,0,1.0,1.2333852,-0.368054,-0.060881384,0.22344874,0
10,220,1.2333852,-0.368054,-0.060881384,0.22344874,1,1.0,1.226024,-0.17211711,-0.05641241,-0.087800145,0
10,221,1.226024,-0.17211711,-0.05641241,-0.087800145,0,1.0,1.2225817,-0.36638698,-0.058168415,0.18656464,0
10,222,1.2225817,-0.36638698,-0.058168415,0.18656464,1,1.0,1.215254,-0.17048311,-0.05443712,-0.123886034,0
10,223,1.215254,-0.17048311,-0.05443712,-0.123886034,0,1.0,1.2118443,-0.36478463,-0.05691484,0.15113789,0
10,224,1.2118443,-0.36478463,-0.05691484,0.15113789,1,1.0,1.2045486,-0.16889584,-0.053892083,-0.15894344,0
10,225,1.2045486,-0.16889584,-0.053892083,-0.15894344,0,1.0,1.2011707,-0.36320648,-0.057070952,0.116262734,0
10,226,1.2011707,-0.36320648,-0.057070952,0.116262734,1,1.0,1.1939065,-0.1673152,-0.054745696,-0.19386552,0
10,227,1.1939065,-0.1673152,-0.054745696,-0.19386552,0,1.0,1.1905602,-0.36161304,-0.05862301,0.08105738,0
10,228,1.1905602,-0.36161304,-0.05862301,0.08105738,1,1.0,1.183328,-0.16570184,-0.057001863,-0.22952987,0
10,229,1.183328,-0.16570184,-0.057001863,-0.22952987,0,1.0,1.180014,-0.35996488,-0.06159246,0.044641916,0
10,230,1.180014,-0.35996488,-0.06159246,0.044641916,0,1.0,1.1728147,-0.554152,-0.06069962,0.31727356,0
10,231,1.1728147,-0.554152,-0.06069962,0.31727356,1,1.0,1.1617316,-0.3582204,-0.05435415,0.0060826577,0
10,232,1.1617316,-0.3582204,-0.05435415,0.0060826577,1,1.0,1.1545672,-0.16236275,-0.054232497,-0.30324218,0
10,233,1.1545672,-0.16236275,-0.054232497,-0.30324218,0,1.0,1.15132,-0.35667154,-0.06029734,-0.028144047,0
10,234,1.15132,-0.35667154,-0.06029734,-0.028144047,0,1.0,1.1441865,-0.5508793,-0.06086022,0.24492148,0
10,235,1.1441865,-0.5508793,-0.06086022,0.24492148,1,1.0,1.1331689,-0.35494325,-0.05596179,-0.06632029,0
10,236,1.1331689,-0.35494325,-0.05596179,-0.06632029,0,1.0,1.1260701,-0.5492201,-0.057288196,0.20819457,0
10,237,1.1260701,-0.5492201,-0.057288196,0.20819457,1,1.0,1.1150857,-0.35332772,-0.053124305,-0.101995416,0
10,238,1.1150857,-0.35332772,-0.053124305,-0.101995416,0,1.0,1.1080191,-0.5476497,-0.055164214,0.1734651,0
10,239,1.1080191,-0.5476497,-0.055164214,0.1734651,1,1.0,1.0970662,-0.3517834,-0.05169491,-0.13609749,0
10,240,1.0970662,-0.3517834,-0.05169491,-0.13609749,0,1.0,1.0900304,-0.5461283,-0.05441686,0.13983883,0
10,241,1.0900304,-0.5461283,-0.05441686,0.13983883,1,1.0,1.0791079,-0.35027084,-0.051620085,-0.16950305,0
10,242,1.0791079,-0.35027084,-0.051620085,-0.16950305,0,1.0,1.0721025,-0.5446174,-0.055010147,0.10645889,0
10,243,1.0721025,-0.5446174,-0.055010147,0.10645889,1,1.0,1.0612102,-0.34875205,-0.05288097,-0.20305955,0
10,244,1.0612102,-0.34875205,-0.05288097,-0.20305955,0,1.0,1.0542351,-0.54307944,-0.056942157,0.072484285,0
10,245,1.0542351,-0.54307944,-0.056942157,0.072484285,0,1.0,1.0433735,-0.73734075,-0.055492472,0.34667206,0
10,246,1.0433735,-0.73734075,-0.055492472,0.34667206,1,1.0,1.0286267,-0.5414752,-0.048559032,0.037019536,0
10,247,1.0286267,-0.5414752,-0.048559032,0.037019536,1,1.0,1.0177972,-0.34569174,-0.047818642,-0.2705802,0
10,248,1.0177972,-0.34569174,-0.047818642,-0.2705802,0,1.0,1.0108833,-0.54009986,-0.053230245,0.0066453074,0
10,249,1.0108833,-0.54009986,-0.053230245,0.0066453074,0,1.0,1.0000814,-0.7344196,-0.05309734,0.28206977,0
10,250,1.0000814,-0.7344196,-0.05309734,0.28206977,1,1.0,0.985393,-0.5385821,-0.047455944,-0.026875809,0
10,251,0.985393,-0.5385821,-0.047455944,-0.026875809,1,1.0,0.97462136,-0.3428128,-0.04799346,-0.3341459,0
10,252,0.97462136,-0.3428128,-0.04799346,-0.3341459,0,1.0,0.9677651,-0.53722,-0.054676376,-0.056975536,0
10,253,0.9677651,-0.53722,-0.054676376,-0.056975536,0,1.0,0.9570207,-0.7315171,-0.05581589,0.21796772,0
10,254,0.9570207,-0.7315171,-0.05581589,0.21796772,1,1.0,0.9423903,-0.5356435,-0.051456533,-0.09178645,0
10,255,0.9423903,-0.5356435,-0.051456533,-0.09178645,0,1.0,0.93167746,-0.7299916,-0.053292263,0.18422829,0
10,256,0.93167746,-0.7299916,-0.053292263,0.18422829,1,1.0,0.91707766,-0.5341492,-0.049607698,-0.124778725,0
10,257,0.91707766,-0.5341492,-0.049607698,-0.124778725,0,1.0,0.90639466,-0.7285267,-0.052103274,0.15185007,0
10,258,0.90639466,-0.7285267,-0.052103274,0.15185007,1,1.0,0.8918241,-0.53269887,-0.04906627,-0.15680443,0
10,259,0.8918241,-0.53269887,-0.04906627,-0.15680443,0,1.0,0.88117015,-0.72708523,-0.05220236,0.1200045,0
10,260,0.88117015,-0.72708523,-0.05220236,0.1200045,1,1.0,0.8666284,-0.5312557,-0.04980227,-0.18868013,0
10,261,0.8666284,-0.5312557,-0.04980227,-0.18868013,0,1.0,0.85600334,-0.7256311,-0.053575873,0.08788561,0
10,262,0.85600334,-0.7256311,-0.053575873,0.08788561,1,1.0,0.8414907,-0.5297838,-0.05181816,-0.22120765,0
10,263,0.8414907,-0.5297838,-0.05181816,-0.22120765,0,1.0,0.830895,-0.72412825,-0.056242313,0.054690015,0
10,264,0.830895,-0.72412825,-0.056242313,0.054690015,0,1.0,0.81641245,-0.9184005,-0.055148512,0.32911116,0
10,265,0.81641245,-0.9184005,-0.055148512,0.32911116,1,1.0,0.79804444,-0.72253865,-0.04856629,0.019559542,0
10,266,0.79804444,-0.72253865,-0.04856629,0.019559542,1,1.0,0.78359365,-0.52675503,-0.048175097,-0.28804243,0
10,267,0.78359365,-0.52675503,-0.048175097,-0.28804243,0,1.0,0.7730586,-0.7211581,-0.05393595,-0.010934216,0
10,268,0.7730586,-0.7211581,-0.05393595,-0.010934216,0,1.0,0.7586354,-0.9154667,-0.05415463,0.26425537,0
10,269,0.7586354,-0.9154667,-0.05415463,0.26425537,1,1.0,0.7403261,-0.7196153,-0.048869524,-0.045004744,0
10,270,0.7403261,-0.7196153,-0.048869524,-0.045004744,0,1.0,0.7259338,-0.9140037,-0.049769618,0.23186776,0
10,271,0.7259338,-0.9140037,-0.049769618,0.23186776,1,1.0,0.7076537,-0.7182072,-0.045132264,-0.07608951,0
10,272,0.7076537,-0.7182072,-0.045132264,-0.07608951,0,1.0,0.6932896,-0.91265404,-0.046654053,0.2020194,0
10,273,0.6932896,-0.91265404,-0.046654053,0.2020194,1,1.0,0.6750365,-0.716897,-0.042613667,-0.105008,0
10,274,0.6750365,-0.716897,-0.042613667,-0.105008,0,1.0,0.66069853,-0.91138315,-0.044713825,0.1739318,0
10,275,0.66069853,-0.91138315,-0.044713825,0.1739318,1,1.0,0.6424709,-0.71565074,-0.04123519,-0.13251486,0
10,276,0.6424709,-0.71565074,-0.04123519,-0.13251486,0,1.0,0.62815785,-0.9101585,-0.043885488,0.14687906,0
10,277,0.62815785,-0.9101585,-0.043885488,0.14687906,1,1.0,0.6099547,-0.7144365,-0.040947907,-0.15931952,0
10,278,0.6099547,-0.7144365,-0.040947907,-0.15931952,0,1.0,0.59566593,-0.90894896,-0.044134296,0.120169364,0
10,279,0.59566593,-0.90894896,-0.044134296,0.120169364,1,1.0,0.577487,-0.7132234,-0.041730907,-0.1861044,0
10,280,0.577487,-0.7132234,-0.041730907,-0.1861044,0,1.0,0.5632225,-0.9077242,-0.045452997,0.09312748,0
10,281,0.5632225,-0.9077242,-0.045452997,0.09312748,1,1.0,0.545068,-0.71198124,-0.043590445,-0.2135423,0
10,282,0.545068,-0.71198124,-0.043590445,-0.2135423,0,1.0,0.5308284,-0.9064537,-0.047861293,0.06507784,0
10,283,0.5308284,-0.9064537,-0.047861293,0.06507784,1,1.0,0.5126993,-0.7106794,-0.046559736,-0.2423132,0
10,284,0.5126993,-0.7106794,-0.046559736,-0.2423132,0,1.0,0.49848574,-0.9051065,-0.051406,0.035327673,0
10,285,0.49848574,-0.9051065,-0.051406,0.035327673,0,1.0,0.4803836,-1.099455,-0.050699446,0.31135866,0
10,286,0.4803836,-1.099455,-0.050699446,0.31135866,1,1.0,0.4583945,-0.9036488,-0.044472273,0.00312747,0
10,287,0.4583945,-0.9036488,-0.044472273,0.00312747,1,1.0,0.44032153,-0.70791817,-0.044409726,-0.30324867,0
10,288,0.44032153,-0.70791817,-0.044409726,-0.30324867,0,1.0,0.42616317,-0.90238,-0.050474696,-0.024895705,0
10,289,0.42616317,-0.90238,-0.050474696,-0.024895705,0,1.0,0.40811557,-1.0967431,-0.05097261,0.25144443,0
10,290,0.40811557,-1.0967431,-0.05097261,0.25144443,1,1.0,0.3861807,-0.9009318,-0.045943722,-0.05687061,0
10,291,0.3861807,-0.9009318,-0.045943722,-0.05687061,0,1.0,0.36816207,-1.0953659,-0.047081135,0.2209701,0
10,292,0.36816207,-1.0953659,-0.047081135,0.2209701,1,1.0,0.34625477,-0.89960366,-0.042661734,-0.08618455,0
10,293,0.34625477,-0.89960366,-0.042661734,-0.08618455,0,1.0,0.3282627,-1.0940889,-0.044385426,0.1927392,0
10,294,0.3282627,-1.0940889,-0.044385426,0.1927392,1,1.0,0.3063809,-0.8983611,-0.04053064,-0.11360847,0
10,295,0.3063809,-0.8983611,-0.04053064,-0.11360847,0,1.0,0.28841367,-1.0928795,-0.04280281,0.16601685,0
10,296,0.28841367,-1.0928795,-0.04280281,0.16601685,1,1.0,0.26655608,-0.89717185,-0.039482474,-0.139856,0
10,297,0.26655608,-0.89717185,-0.039482474,-0.139856,0,1.0,0.24861266,-1.0917068,-0.042279594,0.14011408,0
10,298,0.24861266,-1.0917068,-0.042279594,0.14011408,1,1.0,0.22677852,-0.8960056,-0.03947731,-0.16560186,0
10,299,0.22677852,-0.8960056,-0.03947731,-0.16560186,0,1.0,0.2088584,-1.0905408,-0.042789347,0.11437036,0
10,300,0.2088584,-1.0905408,-0.042789347,0.11437036,1,1.0,0.18704759,-0.89483273,-0.04050194,-0.19149934,0
10,301,0.18704759,-0.89483273,-0.04050194,-0.19149934,0,1.0,0.16915093,-1.0893526,-0.044331927,0.08813682,0
10,302,0.16915093,-1.0893526,-0.044331927,0.08813682,1,1.0,0.14736389,-0.8936241,-0.04256919,-0.2181967,0
10,303,0.14736389,-0.8936241,-0.04256919,-0.2181967,0,1.0,0.1294914,-1.0881125,-0.046933126,0.060760032,0
10,304,0.1294914,-1.0881125,-0.046933126,0.060760032,1,1.0,0.10772915,-0.89235014,-0.045717925,-0.24635343,0
10,305,0.10772915,-0.89235014,-0.045717925,-0.24635343,0,1.0,0.08988215,-1.0867903,-0.050644994,0.031565722,0
10,306,0.08988215,-1.0867903,-0.050644994,0.031565722,1,1.0,0.06814634,-0.89098006,-0.05001368,-0.27665636,0
10,307,0.06814634,-0.89098006,-0.05001368,-0.27665636,0,1.0,0.05032674,-1.0853541,-0.055546805,-0.00015771552,0
10,308,0.05032674,-1.0853541,-0.055546805,-0.00015771552,0,1.0,0.028619656,-1.2796373,-0.05554996,0.27449518,0
10,309,0.028619656,-1.2796373,-0.05554996,0.27449518,1,1.0,0.0030269113,-1.0837686,-0.050060056,-0.035178006,0
10,310,0.0030269113,-1.0837686,-0.050060056,-0.035178006,0,1.0,-0.01864846,-1.2781383,-0.05076362,0.24129973,0
10,311,-0.01864846,-1.2781383,-0.05076362,0.24129973,1,1.0,-0.044211224,-1.0823293,-0.045937624,-0.06695343,0
10,312,-0.044211224,-1.0823293,-0.045937624,-0.06695343,0,1.0,-0.06585781,-1.2767636,-0.04727669,0.21088938,0
10,313,-0.06585781,-1.2767636,-0.04727669,0.21088938,1,1.0,-0.09139308,-1.0809987,-0.043058902,-0.09632406,0
10,314,-0.09139308,-1.0809987,-0.043058902,-0.09632406,0,1.0,-0.11301305,-1.2754779,-0.044985384,0.18246895,0
10,315,-0.11301305,-1.2754779,-0.044985384,0.18246895,1,1.0,-0.13852261,-1.0797421,-0.041336004,-0.12405898,0
10,316,-0.13852261,-1.0797421,-0.041336004,-0.12405898,0,1.0,-0.16011745,-1.2742481,-0.043817185,0.15530166,0
10,317,-0.16011745,-1.2742481,-0.043817185,0.15530166,1,1.0,-0.18560241,-1.0785271,-0.04071115,-0.15087624,0
10,318,-0.18560241,-1.0785271,-0.04071115,-0.15087624,0,1.0,-0.20717296,-1.2730432,-0.043728676,0.12869032,0
10,319,-0.20717296,-1.2730432,-0.043728676,0.12869032,1,1.0,-0.23263381,-1.077323,-0.04115487,-0.17746149,0
10,320,-0.23263381,-1.077323,-0.04115487,-0.17746149,0,1.0,-0.25418028,-1.2718325,-0.0447041,0.101959705,0
10,321,-0.25418028,-1.2718325,-0.0447041,0.101959705,1,1.0,-0.27961692,-1.0760994,-0.042664904,-0.20448534,0
10,322,-0.27961692,-1.0760994,-0.042664904,-0.20448534,0,1.0,-0.3011389,-1.270586,-0.046754614,0.0744395,0
10,323,-0.3011389,-1.270586,-0.046754614,0.0744395,1,1.0,-0.32655063,-1.0748261,-0.045265824,-0.2326204,0
10,324,-0.32655063,-1.0748261,-0.045265824,-0.2326204,0,1.0,-0.34804717,-1.2692729,-0.04991823,0.045447603,0
10,325,-0.34804717,-1.2692729,-0.04991823,0.045447603,1,1.0,-0.3734326,-1.0734721,-0.04900928,-0.26255774,0
10,326,-0.3734326,-1.0734721,-0.04900928,-0.26255774,0,1.0,-0.39490205,-1.2678615,-0.054260433,0.014273234,0
10,327,-0.39490205,-1.2678615,-0.054260433,0.014273234,0,1.0,-0.4202593,-1.462165,-0.053974967,0.2893548,0
10,328,-0.4202593,-1.462165,-0.053974967,0.2893548,1,1.0,-0.4495026,-1.2663165,-0.048187874,-0.019850945,0
10,329,-0.4495026,-1.2663165,-0.048187874,-0.019850945,0,1.0,-0.47482893,-1.4607155,-0.048584893,0.25724724,0
10,330,-0.47482893,-1.4607155,-0.048584893,0.25724724,1,1.0,-0.5040432,-1.2649348,-0.043439947,-0.05035563,0
10,331,-0.5040432,-1.2649348,-0.043439947,-0.05035563,0,1.0,-0.52934194,-1.4594078,-0.04444706,0.22831137,0
10,332,-0.52934194,-1.4594078,-0.04444706,0.22831137,1,1.0,-0.5585301,-1.2636797,-0.03988083,-0.078053825,0
10,333,-0.5585301,-1.2636797,-0.03988083,-0.078053825,0,1.0,-0.58380365,-1.458208,-0.04144191,0.20178463,0
10,334,-0.58380365,-1.458208,-0.04144191,0.20178463,1,1.0,-0.61296785,-1.2625186,-0.037406217,-0.103677854,0
10,335,-0.61296785,-1.2625186,-0.037406217,-0.103677854,0,1.0,-0.6382182,-1.4570851,-0.039479773,0.17697284,0
10,336,-0.6382182,-1.4570851,-0.039479773,0.17697284,1,1.0,-0.6673599,-1.2614211,-0.035940316,-0.12789859,0
10,337,-0.6673599,-1.2614211,-0.035940316,-0.12789859,0,1.0,-0.6925883,-1.4560102,-0.038498286,0.15323247,0
10,338,-0.6925883,-1.4560102,-0.038498286,0.15323247,1,1.0,-0.72170854,-1.2603587,-0.03543364,-0.15134293,0
10,339,-0.72170854,-1.2603587,-0.03543364,-0.15134293,0,1.0,-0.7469157,-1.4549558,-0.038460497,0.12995422,0
10,340,-0.7469157,-1.4549558,-0.038460497,0.12995422,1,1.0,-0.7760148,-1.2593046,-0.035861414,-0.17461012,0
10,341,-0.7760148,-1.2593046,-0.035861414,-0.17461012,0,1.0,-0.8012009,-1.4538956,-0.039353617,0.10654748,0
10,342,-0.8012009,-1.4538956,-0.039353617,0.10654748,1,1.0,-0.8302788,-1.2582324,-0.037222665,-0.198287,0
10,343,-0.8302788,-1.2582324,-0.037222665,-0.198287,0,1.0,-0.8554435,-1.4528027,-0.041188404,0.0824254,0
10,344,-0.8554435,-1.4528027,-0.041188404,0.0824254,0,1.0,-0.88449955,-1.6473107,-0.039539896,0.36183408,0
10,345,-0.88449955,-1.6473107,-0.039539896,0.36183408,1,1.0,-0.9174457,-1.4516498,-0.032303218,0.05695026,0
10,346,-0.9174457,-1.4516498,-0.032303218,0.05695026,0,1.0,-0.9464787,-1.646294,-0.03116421,0.3392688,0
10,347,-0.9464787,-1.646294,-0.03116421,0.3392688,1,1.0,-0.9794046,-1.4507428,-0.024378834,0.03692363,0
10,348,-0.9794046,-1.4507428,-0.024378834,0.03692363,0,1.0,-1.0084195,-1.6455069,-0.023640363,0.32181618,0
10,349,-1.0084195,-1.6455069,-0.023640363,0.32181618,1,1.0,-1.0413296,-1.4500563,-0.017204039,0.021772765,0
10,350,-1.0413296,-1.4500563,-0.017204039,0.021772765,0,1.0,-1.0703307,-1.6449274,-0.016768584,0.30897835,0
10,351,-1.0703307,-1.6449274,-0.016768584,0.30897835,1,1.0,-1.1032293,-1.4495705,-0.010589017,0.011054602,0
10,352,-1.1032293,-1.4495705,-0.010589017,0.011054602,0,1.0,-1.1322207,-1.6445391,-0.010367924,0.30037785,0
10,353,-1.1322207,-1.6445391,-0.010367924,0.30037785,1,1.0,-1.1651115,-1.4492708,-0.004360367,0.0044432,0
10,354,-1.1651115,-1.4492708,-0.004360367,0.0044432,0,1.0,-1.1940969,-1.64433,-0.004271503,0.2957472,0
10,355,-1.1940969,-1.64433,-0.004271503,0.2957472,1,1.0,-1.2269835,-1.4491475,0.0016434407,0.00172017,0
10,356,-1.2269835,-1.4491475,0.0016434407,0.00172017,1,1.0,-1.2559664,-1.2540491,0.0016778441,-0.29044378,0
10,357,-1.2559664,-1.2540491,0.0016778441,-0.29044378,0,1.0,-1.2810475,-1.4491949,-0.004131031,0.002767849,0
10,358,-1.2810475,-1.4491949,-0.004131031,0.002767849,0,1.0,-1.3100313,-1.6442574,-0.0040756743,0.29414454,0
10,359,-1.3100313,-1.6442574,-0.0040756743,0.29414454,1,1.0,-1.3429165,-1.4490776,0.0018072161,0.00017898348,0
10,360,-1.3429165,-1.4490776,0.0018072161,0.00017898348,0,1.0,-1.371898,-1.6442255,0.0018107957,0.29343155,0
10,361,-1.371898,-1.6442255,0.0018107957,0.29343155,1,1.0,-1.4047825,-1.4491293,0.007679427,0.0013202835,0
10,362,-1.4047825,-1.4491293,0.007679427,0.0013202835,1,1.0,-1.4337652,-1.2541183,0.007705833,-0.28892982,0
10,363,-1.4337652,-1.2541183,0.007705833,-0.28892982,0,1.0,-1.4588475,-1.4493493,0.001927236,0.006173442,0
10,364,-1.4588475,-1.4493493,0.001927236,0.006173442,0,1.0,-1.4878345,-1.6444988,0.0020507048,0.2994638,0
10,365,-1.4878345,-1.6444988,0.0020507048,0.2994638,1,1.0,-1.5207244,-1.4494063,0.008039981,0.007428343,0
10,366,-1.5207244,-1.4494063,0.008039981,0.007428343,0,1.0,-1.5497125,-1.6446426,0.008188548,0.3026371,0
10,367,-1.5497125,-1.6446426,0.008188548,0.3026371,1,1.0,-1.5826055,-1.4496382,0.01424129,0.012547867,0
10,368,-1.5826055,-1.4496382,0.01424129,0.012547867,1,1.0,-1.6115983,-1.2547234,0.014492247,-0.27560797,0
10,369,-1.6115983,-1.2547234,0.014492247,-0.27560797,0,1.0,-1.6366926,-1.450049,0.008980088,0.021610375,0
10,370,-1.6366926,-1.450049,0.008980088,0.021610375,0,1.0,-1.6656936,-1.6452987,0.009412295,0.31711304,0
10,371,-1.6656936,-1.6452987,0.009412295,0.31711304,1,1.0,-1.6985996,-1.450312,0.015754556,0.027413221,0
10,372,-1.6985996,-1.450312,0.015754556,0.027413221,1,1.0,-1.7276058,-1.2554195,0.01630282,-0.26025763,0
10,373,-1.7276058,-1.2554195,0.01630282,-0.26025763,0,1.0,-1.7527143,-1.4507704,0.011097669,0.03752251,0
10,374,-1.7527143,-1.4507704,0.011097669,0.03752251,0,1.0,-1.7817297,-1.6460496,0.011848118,0.3336861,0
10,375,-1.7817297,-1.6460496,0.011848118,0.3336861,1,1.0,-1.8146507,-1.4510983,0.01852184,0.04476289,0
10,376,-1.8146507,-1.4510983,0.01852184,0.04476289,1,1.0,-1.8436726,-1.2562468,0.019417098,-0.24201916,0
10,377,-1.8436726,-1.2562468,0.019417098,-0.24201916,0,1.0,-1.8687975,-1.4516406,0.014576715,0.05672464,0
10,378,-1.8687975,-1.4516406,0.014576715,0.05672464,1,1.0,-1.8978304,-1.2567307,0.015711209,-0.23132381,0
10,379,-1.8978304,-1.2567307,0.015711209,-0.23132381,0,1.0,-1.9229649,-1.4520736,0.011084732,0.06627326,0
10,380,-1.9229649,-1.4520736,0.011084732,0.06627326,0,1.0,-1.9520065,-1.6473527,0.0124101965,0.36243278,0
10,381,-1.9520065,-1.6473527,0.0124101965,0.36243278,1,1.0,-1.9849535,-1.4524094,0.019658852,0.073688716,0
10,382,-1.9849535,-1.4524094,0.019658852,0.073688716,1,1.0,-2.0140016,-1.2575747,0.021132626,-0.2127275,0
10,383,-2.0140016,-1.2575747,0.021132626,-0.2127275,0,1.0,-2.039153,-1.4529923,0.016878076,0.086546,0
10,384,-2.039153,-1.4529923,0.016878076,0.086546,1,1.0,-2.068213,-1.2581162,0.018608997,-0.20076445,0
10,385,-2.068213,-1.2581162,0.018608997,-0.20076445,0,1.0,-2.0933754,-1.4534993,0.014593707,0.09773016,0
10,386,-2.0933754,-1.4534993,0.014593707,0.09773016,1,1.0,-2.1224453,-1.2585896,0.016548311,-0.19031298,0
10,387,-2.1224453,-1.2585896,0.016548311,-0.19031298,0,1.0,-2.147617,-1.4539443,0.012742051,0.10754398,0
10,388,-2.147617,-1.4539443,0.012742051,0.10754398,0,1.0,-2.176696,-1.6492465,0.01489293,0.40421957,0
10,389,-2.176696,-1.6492465,0.01489293,0.40421957,1,1.0,-2.209681,-1.4543389,0.022977322,0.11626894,0
10,390,-2.209681,-1.4543389,0.022977322,0.11626894,1,1.0,-2.2387676,-1.2595536,0.0253027,-0.16907717,0
10,391,-2.2387676,-1.2595536,0.0253027,-0.16907717,0,1.0,-2.2639587,-1.4550284,0.021921158,0.1314794,0
10,392,-2.2639587,-1.4550284,0.021921158,0.1314794,1,1.0,-2.2930593,-1.2602272,0.024550745,-0.15420789,0
10,393,-2.2930593,-1.2602272,0.024550745,-0.15420789,0,1.0,-2.318264,-1.4556919,0.021466587,0.14611803,0
10,394,-2.318264,-1.4556919,0.021466587,0.14611803,1,1.0,-2.3473778,-1.2608838,0.024388948,-0.13971606,0
10,395,-2.3473778,-1.2608838,0.024388948,-0.13971606,0,1.0,-2.3725955,-1.4563465,0.021594627,0.16056031,0
10,396,-2.3725955,-1.4563465,0.021594627,0.16056031,1,1.0,-2.4017224,-1.2615402,0.024805833,-0.12523259,1
11,0,-0.021587515,0.0063323537,-0.028739987,-0.041796103,0,1.0,-0.021460868,-0.18836594,-0.029575909,0.24168234,0
11,1,-0.021460868,-0.18836594,-0.029575909,0.24168234,0,1.0,-0.025228187,-0.3830532,-0.024742262,0.5248915,0
11,2,-0.025228187,-0.3830532,-0.024742262,0.5248915,0,1.0,-0.03288925,-0.5778184,-0.014244433,0.80967635,0
11,3,-0.03288925,-0.5778184,-0.014244433,0.80967635,1,1.0,-0.04444562,-0.3825042,0.0019490942,0.512547,0
11,4,-0.04444562,-0.3825042,0.0019490942,0.512547,1,1.0,-0.052095704,-0.18740974,0.012200035,0.22047897,0
11,5,-0.052095704,-0.18740974,0.012200035,0.22047897,1,1.0,-0.055843897,0.0075357175,0.016609615,-0.06833074,0
11,6,-0.055843897,0.0075357175,0.016609615,-0.06833074,0,1.0,-0.055693183,-0.18782037,0.015242999,0.22954598,0
11,7,-0.055693183,-0.18782037,0.015242999,0.22954598,1,1.0,-0.05944959,0.007080471,0.019833919,-0.058290057,0
11,8,-0.05944959,0.007080471,0.019833919,-0.058290057,1,1.0,-0.05930798,0.2019125,0.018668119,-0.34464985,0
11,9,-0.05930798,0.2019125,0.018668119,-0.34464985,0,1.0,-0.055269733,0.0065300358,0.011775121,-0.04613909,0
11,10,-0.055269733,0.0065300358,0.011775121,-0.04613909,0,1.0,-0.05513913,-0.18875876,0.01085234,0.25023562,0
11,11,-0.05513913,-0.18875876,0.01085234,0.25023562,1,1.0,-0.058914308,0.0062065413,0.015857052,-0.039004605,0
11,12,-0.058914308,0.0062065413,0.015857052,-0.039004605,0,1.0,-0.058790173,-0.18913917,0.0150769595,0.2586389,0
11,13,-0.058790173,-0.18913917,0.0150769595,0.2586389,1,1.0,-0.062572956,0.0057643326,0.020249737,-0.029250668,0
11,14,-0.062572956,0.0057643326,0.020249737,-0.029250668,1,1.0,-0.062457673,0.20059012,0.019664723,-0.31547642,0
11,15,-0.062457673,0.20059012,0.019664723,-0.31547642,0,1.0,-0.05844587,0.0051936624,0.0133551955,-0.016657345,0
11,16,-0.05844587,0.0051936624,0.0133551955,-0.016657345,0,1.0,-0.058341995,-0.19011724,0.013022048,0.2802092,0
11,17,-0.058341995,-0.19011724,0.013022048,0.2802092,1,1.0,-0.062144343,0.0048165494,0.018626234,-0.008338325,0
11,18,-0.062144343,0.0048165494,0.018626234,-0.008338325,1,1.0,-0.06204801,0.19966649,0.018459465,-0.29508674,0
11,19,-0.06204801,0.19966649,0.018459465,-0.29508674,0,1.0,-0.058054682,0.0042863027,0.012557731,0.0033603844,0
11,20,-0.058054682,0.0042863027,0.012557731,0.0033603844,0,1.0,-0.057968955,-0.19101347,0.012624939,0.29997882,0
11,21,-0.057968955,-0.19101347,0.012624939,0.29997882,1,1.0,-0.061789222,0.003926273,0.018624516,0.011304143,0
11,22,-0.061789222,0.003926273,0.018624516,0.011304143,1,1.0,-0.061710697,0.19877625,0.018850598,-0.27544484,0
11,23,-0.061710697,0.19877625,0.018850598,-0.27544484,0,1.0,-0.057735175,0.003390483,0.013341702,0.023123486,0
11,24,-0.057735175,0.003390483,0.013341702,0.023123486,0,1.0,-0.057667363,-0.19192024,0.013804171,0.31998584,0
11,25,-0.057667363,-0.19192024,0.013804171,0.31998584,1,1.0,-0.06150577,0.0030024312,0.020203888,0.03168799,0
11,26,-0.06150577,0.0030024312,0.020203888,0.03168799,1,1.0,-0.06144572,0.1978289,0.020837648,-0.25455254,0
11,27,-0.06144572,0.1978289,0.020837648,-0.25455254,0,1.0,-0.05748914,0.0024157271,0.015746597,0.044629417,0
11,28,-0.05748914,0.0024157271,0.015746597,0.044629417,1,1.0,-0.05744083,0.19730838,0.016639186,-0.24304402,0
11,29,-0.05744083,0.19730838,0.016639186,-0.24304402,0,1.0,-0.05349466,0.00195276,0.011778305,0.05484055,0
11,30,-0.05349466,0.00195276,0.011778305,0.05484055,0,1.0,-0.053455606,-0.19333607,0.012875116,0.35121623,0
11,31,-0.053455606,-0.19333607,0.012875116,0.35121623,1,1.0,-0.057322327,0.0016004319,0.01989944,0.06262088,0
11,32,-0.057322327,0.0016004319,0.01989944,0.06262088,1,1.0,-0.057290316,0.1964315,0.02115186,-0.22371781,0
11,33,-0.057290316,0.1964315,0.02115186,-0.22371781,0,1.0,-0.053361688,0.0010137227,0.016677503,0.075561464,0
11,34,-0.053361688,0.0010137227,0.016677503,0.075561464,1,1.0,-0.05334141,0.19589266,0.018188732,-0.21181333,0
11,35,-0.05334141,0.19589266,0.018188732,-0.21181333,0,1.0,-0.04942356,0.00051544403,0.013952465,0.08655121,0
11,36,-0.04942356,0.00051544403,0.013952465,0.08655121,1,1.0,-0.04941325,0.19543464,0.015683489,-0.20169725,0
11,37,-0.04941325,0.19543464,0.015683489,-0.20169725,0,1.0,-0.04550456,9.194751e-05,0.011649544,0.09589153,0
11,38,-0.04550456,9.194751e-05,0.011649544,0.09589153,1,1.0,-0.04550272,0.19504501,0.013567374,-0.19309334,0
11,39,-0.04550272,0.19504501,0.013567374,-0.19309334,0,1.0,-0.041601818,-0.00026836834,0.009705508,0.10383845,0
11,40,-0.041601818,-0.00026836834,0.009705508,0.10383845,0,1.0,-0.041607186,-0.19552806,0.011782276,0.39956757,0
11,41,-0.041607186,-0.19552806,0.011782276,0.39956757,1,1.0,-0.045517746,-0.0005752074,0.019773629,0.1106225,0
11,42,-0.045517746,-0.0005752074,0.019773629,0.1106225,1,1.0,-0.04552925,0.1942579,0.021986078,-0.17575696,0
11,43,-0.04552925,0.1942579,0.021986078,-0.17575696,0,1.0,-0.041644093,-0.0011716908,0.01847094,0.12377996,0
11,44,-0.041644093,-0.0011716908,0.01847094,0.12377996,1,1.0,-0.04166753,0.19368084,0.020946538,-0.16301882,0
11,45,-0.04166753,0.19368084,0.020946538,-0.16301882,0,1.0,-0.037793912,-0.0017346188,0.017686162,0.1361979,0
11,46,-0.037793912,-0.0017346188,0.017686162,0.1361979,1,1.0,-0.037828602,0.1931296,0.02041012,-0.15085326,0
11,47,-0.037828602,0.1931296,0.02041012,-0.15085326,0,1.0,-0.033966012,-0.002278572,0.017393054,0.1481981,0
11,48,-0.033966012,-0.002278572,0.017393054,0.1481981,1,1.0,-0.034011584,0.19259004,0.020357016,-0.13894731,0
11,49,-0.034011584,0.19259004,0.020357016,-0.13894731,0,1.0,-0.03015978,-0.002817465,0.017578071,0.16008778,0
11,50,-0.03015978,-0.002817465,0.017578071,0.16008778,1,1.0,-0.03021613,0.19204848,0.020779826,-0.12699829,0
11,51,-0.03021613,0.19204848,0.020779826,-0.12699829,0,1.0,-0.026375161,-0.003364901,0.01823986,0.17216732,0
11,52,-0.026375161,-0.003364901,0.01823986,0.17216732,1,1.0,-0.026442459,0.1914913,0.021683207,-0.11470615,0
11,53,-0.026442459,0.1914913,0.021683207,-0.11470615,0,1.0,-0.022612633,-0.003934516,0.019389084,0.18473804,0
11,54,-0.022612633,-0.003934516,0.019389084,0.18473804,1,1.0,-0.022691322,0.19090472,0.023083843,-0.101765856,0
11,55,-0.022691322,0.19090472,0.023083843,-0.101765856,0,1.0,-0.018873228,-0.004540314,0.021048527,0.19810964,0
11,56,-0.018873228,-0.004540314,0.021048527,0.19810964,1,1.0,-0.018964035,0.19027436,0.02501072,-0.08785982,0
11,57,-0.018964035,0.19027436,0.02501072,-0.08785982,0,1.0,-0.015158548,-0.005197007,0.023253523,0.2126079,0
11,58,-0.015158548,-0.005197007,0.023253523,0.2126079,1,1.0,-0.015262488,0.1895849,0.02750568,-0.07265004,0
11,59,-0.015262488,0.1895849,0.02750568,-0.07265004,0,1.0,-0.01147079,-0.0059203673,0.02605268,0.22858258,0
11,60,-0.01147079,-0.0059203673,0.02605268,0.22858258,1,1.0,-0.011589197,0.18881978,0.030624332,-0.05576989,0
11,61,-0.011589197,0.18881978,0.030624332,-0.05576989,1,1.0,-0.007812802,0.38348955,0.029508933,-0.33863547,0
11,62,-0.007812802,0.38348955,0.029508933,-0.33863547,0,1.0,-0.00014301091,0.18796039,0.022736223,-0.03679507,0
11,63,-0.00014301091,0.18796039,0.022736223,-0.03679507,0,1.0,0.003616197,-0.0074800956,0.022000322,0.26297376,0
11,64,0.003616197,-0.0074800956,0.022000322,0.26297376,1,1.0,0.003466595,0.18732102,0.027259799,-0.022689631,0
11,65,0.003466595,0.18732102,0.027259799,-0.022689631,1,1.0,0.0072130156,0.38204166,0.026806006,-0.30664867,0
11,66,0.0072130156,0.38204166,0.026806006,-0.30664867,0,1.0,0.014853849,0.18654819,0.020673033,-0.005633794,0
11,67,0.014853849,0.18654819,0.020673033,-0.005633794,0,1.0,0.018584812,-0.008864053,0.020560356,0.29349938,0
11,68,0.018584812,-0.008864053,0.020560356,0.29349938,1,1.0,0.018407531,0.18595882,0.026430344,0.0073711453,0
11,69,0.018407531,0.18595882,0.026430344,0.0073711453,1,1.0,0.022126708,0.38069195,0.026577767,-0.2768569,0
11,70,0.022126708,0.38069195,0.026577767,-0.2768569,0,1.0,0.029740546,0.1852011,0.021040628,0.02408874,0
11,71,0.029740546,0.1852011,0.021040628,0.02408874,0,1.0,0.03344457,-0.010216174,0.021522403,0.32333526,0
11,72,0.03344457,-0.010216174,0.021522403,0.32333526,1,1.0,0.033240244,0.1845928,0.027989108,0.037516568,0
11,73,0.033240244,0.1845928,0.027989108,0.037516568,1,1.0,0.0369321,0.37930244,0.02873944,-0.24620578,0
11,74,0.0369321,0.37930244,0.02873944,-0.24620578,0,1.0,0.04451815,0.18378206,0.023815325,0.055401918,0
11,75,0.04451815,0.18378206,0.023815325,0.055401918,1,1.0,0.04819379,0.37855458,0.024923362,-0.22967298,0
11,76,0.04819379,0.37855458,0.024923362,-0.22967298,0,1.0,0.055764884,0.18308552,0.020329904,0.070766285,0
11,77,0.055764884,0.18308552,0.020329904,0.070766285,1,1.0,0.059426595,0.3779102,0.02174523,-0.21543376,0
11,78,0.059426595,0.3779102,0.02174523,-0.21543376,0,1.0,0.066984795,0.18248422,0.017436553,0.084028475,0
11,79,0.066984795,0.18248422,0.017436553,0.084028475,1,1.0,0.070634484,0.37735194,0.019117123,-0.20310259,0
11,80,0.070634484,0.37735194,0.019117123,-0.20310259,0,1.0,0.07818152,0.18196188,0.015055072,0.09554904,0
11,81,0.07818152,0.18196188,0.015055072,0.09554904,0,1.0,0.081820756,-0.013372571,0.016966052,0.39294353,0
11,82,0.081820756,-0.013372571,0.016966052,0.39294353,1,1.0,0.08155331,0.18150456,0.024824923,0.1056577,0
11,83,0.08155331,0.18150456,0.024824923,0.1056577,1,1.0,0.0851834,0.37626213,0.026938077,-0.17909086,0
11,84,0.0851834,0.37626213,0.026938077,-0.17909086,0,1.0,0.09270864,0.18076524,0.023356259,0.121966906,0
11,85,0.09270864,0.18076524,0.023356259,0.121966906,1,1.0,0.096323945,0.37554494,0.025795598,-0.16325681,0
11,86,0.096323945,0.37554494,0.025795598,-0.16325681,0,1.0,0.103834845,0.18006338,0.02253046,0.13745102,0
11,87,0.103834845,0.18006338,0.02253046,0.13745102,1,1.0,0.10743611,0.3748555,0.025279483,-0.14803961,0
11,88,0.10743611,0.3748555,0.025279483,-0.14803961,0,1.0,0.11493322,0.17938083,0.02231869,0.15251008,0
11,89,0.11493322,0.17938083,0.02231869,0.15251008,1,1.0,0.11852084,0.3741762,0.025368892,-0.13304907,0
11,90,0.11852084,0.3741762,0.025368892,-0.13304907,0,1.0,0.12600437,0.17870024,0.022707911,0.16752821,0
11,91,0.12600437,0.17870024,0.022707911,0.16752821,1,1.0,0.12957837,0.37348992,0.026058475,-0.117905416,0
11,92,0.12957837,0.37348992,0.026058475,-0.117905416,0,1.0,0.13704817,0.17800447,0.023700366,0.1828835,0
11,93,0.13704817,0.17800447,0.023700366,0.1828835,1,1.0,0.14060825,0.37277943,0.027358036,-0.10222961,0
11,94,0.14060825,0.37277943,0.027358036,-0.10222961,0,1.0,0.14806384,0.1772763,0.025313444,0.19895759,0
11,95,0.14806384,0.1772763,0.025313444,0.19895759,1,1.0,0.15160938,0.37202722,0.029292597,-0.08563384,0
11,96,0.15160938,0.37202722,0.029292597,-0.08563384,0,1.0,0.15904991,0.17649789,0.027579919,0.21614511,0
11,97,0.15904991,0.17649789,0.027579919,0.21614511,1,1.0,0.16257986,0.37121493,0.03190282,-0.06771189,0
11,98,0.16257986,0.37121493,0.03190282,-0.06771189,1,1.0,0.17000417,0.56586534,0.030548584,-0.35016105,0
11,99,0.17000417,0.56586534,0.030548584,-0.35016105,0,1.0,0.18132147,0.37032253,0.023545362,-0.048003834,0
11,100,0.18132147,0.37032253,0.023545362,-0.048003834,0,1.0,0.18872793,0.174871,0.022585286,0.2520139,0
11,101,0.18872793,0.174871,0.022585286,0.2520139,1,1.0,0.19222535,0.3696633,0.027625564,-0.033460516,0
11,102,0.19222535,0.3696633,0.027625564,-0.033460516,1,1.0,0.19961861,0.5643784,0.026956353,-0.3173009,0
11,103,0.19961861,0.5643784,0.026956353,-0.3173009,0,1.0,0.21090618,0.3688831,0.020610336,-0.016240222,0
11,104,0.21090618,0.3688831,0.020610336,-0.016240222,0,1.0,0.21828385,0.17347172,0.020285532,0.2828736,0
11,105,0.21828385,0.17347172,0.020285532,0.2828736,1,1.0,0.22175327,0.36829853,0.025943004,-0.0033429817,0
11,106,0.22175327,0.36829853,0.025943004,-0.0033429817,1,1.0,0.22911924,0.563039,0.025876144,-0.287729,0
11,107,0.22911924,0.563039,0.025876144,-0.287729,0,1.0,0.24038003,0.3675578,0.020121563,0.013001407,0
11,108,0.24038003,0.3675578,0.020121563,0.013001407,0,1.0,0.24773118,0.17215313,0.020381592,0.3119644,0
11,109,0.24773118,0.17215313,0.020381592,0.3119644,1,1.0,0.25117424,0.36697888,0.02662088,0.025778249,0
11,110,0.25117424,0.36697888,0.02662088,0.025778249,1,1.0,0.25851384,0.56170917,0.027136445,-0.25838804,0
11,111,0.25851384,0.56170917,0.027136445,-0.25838804,0,1.0,0.269748,0.36621052,0.021968683,0.042729076,0
11,112,0.269748,0.36621052,0.021968683,0.042729076,1,1.0,0.27707222,0.56101066,0.022823265,-0.24294236,0
11,113,0.27707222,0.56101066,0.022823265,-0.24294236,0,1.0,0.28829244,0.36557028,0.017964417,0.05685133,0
11,114,0.28829244,0.36557028,0.017964417,0.05685133,1,1.0,0.29560384,0.5604301,0.019101445,-0.23010999,0
11,115,0.29560384,0.5604301,0.019101445,-0.23010999,0,1.0,0.30681244,0.36504048,0.014499244,0.06853646,0
11,116,0.30681244,0.36504048,0.014499244,0.06853646,0,1.0,0.31411326,0.16971368,0.015869973,0.36575848,0
11,117,0.31411326,0.16971368,0.015869973,0.36575848,1,1.0,0.3175075,0.36460656,0.023185143,0.078121565,0
11,118,0.3175075,0.36460656,0.023185143,0.078121565,1,1.0,0.32479966,0.5593886,0.024747575,-0.20715715,0
11,119,0.32479966,0.5593886,0.024747575,-0.20715715,0,1.0,0.33598742,0.36392167,0.020604432,0.09322851,0
11,120,0.33598742,0.36392167,0.020604432,0.09322851,1,1.0,0.34326586,0.55874234,0.022469003,-0.19288318,0
11,121,0.34326586,0.55874234,0.022469003,-0.19288318,0,1.0,0.3544407,0.36330628,0.018611338,0.10680223,0
11,122,0.3544407,0.36330628,0.018611338,0.10680223,1,1.0,0.36170682,0.55815667,0.020747384,-0.17995128,0
11,123,0.36170682,0.55815667,0.020747384,-0.17995128,0,1.0,0.37286997,0.36274403,0.017148357,0.11920383,0
11,124,0.37286997,0.36274403,0.017148357,0.11920383,1,1.0,0.38012484,0.5576162,0.019532435,-0.16802,0
11,125,0.38012484,0.5576162,0.019532435,-0.16802,0,1.0,0.39127716,0.36222014,0.016172035,0.13076028,0
11,126,0.39127716,0.36222014,0.016172035,0.13076028,1,1.0,0.39852157,0.55710673,0.01878724,-0.15677702,0
11,127,0.39852157,0.55710673,0.01878724,-0.15677702,0,1.0,0.4096637,0.36172092,0.0156517,0.14177313,0
11,128,0.4096637,0.36172092,0.0156517,0.14177313,1,1.0,0.41689813,0.55661523,0.018487163,-0.14593115,0
11,129,0.41689813,0.55661523,0.018487163,-0.14593115,0,1.0,0.42803043,0.3612335,0.0155685395,0.15252632,0
11,130,0.42803043,0.3612335,0.0155685395,0.15252632,1,1.0,0.43525508,0.5561291,0.018619066,-0.1352047,0
11,131,0.43525508,0.5561291,0.018619066,-0.1352047,0,1.0,0.44637766,0.36074546,0.015914971,0.16329363,0
11,132,0.44637766,0.36074546,0.015914971,0.16329363,1,1.0,0.4535926,0.55563605,0.019180844,-0.12432637,0
11,133,0.4535926,0.55563605,0.019180844,-0.12432637,1,1.0,0.46470532,0.750478,0.016694317,-0.41089675,0
11,134,0.46470532,0.750478,0.016694317,-0.41089675,0,1.0,0.47971487,0.5551234,0.008476381,-0.1129978,0
11,135,0.47971487,0.5551234,0.008476381,-0.1129978,0,1.0,0.49081734,0.35988104,0.006216425,0.18234727,0
11,136,0.49081734,0.35988104,0.006216425,0.18234727,1,1.0,0.49801496,0.55491346,0.00986337,-0.108368136,0
11,137,0.49801496,0.55491346,0.00986337,-0.108368136,0,1.0,0.50911325,0.3596516,0.0076960074,0.18741024,0
11,138,0.50911325,0.3596516,0.0076960074,0.18741024,1,1.0,0.5163063,0.5546626,0.011444212,-0.102835,0
11,139,0.5163063,0.5546626,0.011444212,-0.102835,0,1.0,0.5273995,0.35937852,0.009387513,0.19343646,0
11,140,0.5273995,0.35937852,0.009387513,0.19343646,1,1.0,0.5345871,0.5543649,0.013256242,-0.09627039,0
11,141,0.5345871,0.5543649,0.013256242,-0.09627039,1,1.0,0.5456744,0.7492944,0.011330834,-0.3847417,0
11,142,0.5456744,0.7492944,0.011330834,-0.3847417,0,1.0,0.56066024,0.55401343,0.003636,-0.088507846,0
11,143,0.56066024,0.55401343,0.003636,-0.088507846,0,1.0,0.5717405,0.35883954,0.0018658432,0.20532002,0
11,144,0.5717405,0.35883954,0.0018658432,0.20532002,1,1.0,0.5789173,0.55393475,0.0059722434,-0.08677374,0
11,145,0.5789173,0.55393475,0.0059722434,-0.08677374,0,1.0,0.58999604,0.35872772,0.004236769,0.20778744,0
11,146,0.58999604,0.35872772,0.004236769,0.20778744,1,1.0,0.5971706,0.55378884,0.008392517,-0.083556004,0
11,147,0.5971706,0.55378884,0.008392517,-0.083556004,1,1.0,0.6082463,0.7487895,0.0067213974,-0.3735793,0
11,148,0.6082463,0.7487895,0.0067213974,-0.3735793,0,1.0,0.6232221,0.5535727,-0.00075018854,-0.07878467,0
11,149,0.6232221,0.5535727,-0.00075018854,-0.07878467,0,1.0,0.6342936,0.35846153,-0.002325882,0.21366148,0
11,150,0.6342936,0.35846153,-0.002325882,0.21366148,1,1.0,0.6414628,0.55361664,0.0019473477,-0.079754226,0
11,151,0.6414628,0.55361664,0.0019473477,-0.079754226,0,1.0,0.65253514,0.35846683,0.00035226316,0.21354246,0
11,152,0.65253514,0.35846683,0.00035226316,0.21354246,1,1.0,0.6597045,0.55358374,0.0046231123,-0.07902933,0
11,153,0.6597045,0.55358374,0.0046231123,-0.07902933,1,1.0,0.6707762,0.7486391,0.0030425256,-0.37025008,0
11,154,0.6707762,0.7486391,0.0030425256,-0.37025008,0,1.0,0.68574893,0.55347407,-0.0043624756,-0.07660936,0
11,155,0.68574893,0.55347407,-0.0043624756,-0.07660936,0,1.0,0.6968184,0.35841492,-0.005894663,0.21469401,0
11,156,0.6968184,0.35841492,-0.005894663,0.21469401,1,1.0,0.7039867,0.55362064,-0.0016007827,-0.079842515,0
11,157,0.7039867,0.55362064,-0.0016007827,-0.079842515,0,1.0,0.71505916,0.3585217,-0.003197633,0.21233493,0
11,158,0.71505916,0.3585217,-0.003197633,0.21233493,1,1.0,0.7222296,0.55368924,0.0010490655,-0.08135496,0
11,159,0.7222296,0.55368924,0.0010490655,-0.08135496,1,1.0,0.73330337,0.7487961,-0.0005780337,-0.37370673,0
11,160,0.73330337,0.7487961,-0.0005780337,-0.37370673,0,1.0,0.7482793,0.5536824,-0.008052168,-0.081206106,0
11,161,0.7482793,0.5536824,-0.008052168,-0.081206106,0,1.0,0.7593529,0.35867676,-0.009676291,0.2089255,0
11,162,0.7593529,0.35867676,-0.009676291,0.2089255,1,1.0,0.76652646,0.5539357,-0.00549778,-0.08679402,0
11,163,0.76652646,0.5539357,-0.00549778,-0.08679402,0,1.0,0.7776052,0.358893,-0.0072336607,0.20414929,0
11,164,0.7776052,0.358893,-0.0072336607,0.20414929,1,1.0,0.78478307,0.5541177,-0.0031506747,-0.09080669,0
11,165,0.78478307,0.5541177,-0.0031506747,-0.09080669,0,1.0,0.7958654,0.359041,-0.0049668085,0.20088053,0
11,166,0.7958654,0.359041,-0.0049668085,0.20088053,1,1.0,0.8030462,0.5542337,-0.00094919786,-0.09336504,0
11,167,0.8030462,0.5542337,-0.00094919786,-0.09336504,1,1.0,0.8141309,0.7493692,-0.0028164987,-0.3863473,0
11,168,0.8141309,0.7493692,-0.0028164987,-0.3863473,0,1.0,0.82911825,0.5542873,-0.010543444,-0.09455372,0
11,169,0.82911825,0.5542873,-0.010543444,-0.09455372,0,1.0,0.840204,0.35931808,-0.012434519,0.19478421,0
11,170,0.840204,0.35931808,-0.012434519,0.19478421,1,1.0,0.8473904,0.5546157,-0.008538835,-0.10179519,0
11,171,0.8473904,0.5546157,-0.008538835,-0.10179519,0,1.0,0.8584827,0.3596171,-0.0105747385,0.18818158,0
11,172,0.8584827,0.3596171,-0.0105747385,0.18818158,1,1.0,0.86567503,0.5548888,-0.006811107,-0.10781842,0
11,173,0.86567503,0.5548888,-0.006811107,-0.10781842,0,1.0,0.8767728,0.35986507,-0.008967475,0.18270788,0
11,174,0.8767728,0.35986507,-0.008967475,0.18270788,1,1.0,0.88397014,0.5551142,-0.0053133178,-0.11279041,0
11,175,0.88397014,0.5551142,-0.0053133178,-0.11279041,1,1.0,0.8950724,0.75031185,-0.007569126,-0.4071449,0
11,176,0.8950724,0.75031185,-0.007569126,-0.4071449,0,1.0,0.91007864,0.55529803,-0.015712025,-0.11685787,0
11,177,0.91007864,0.55529803,-0.015712025,-0.11685787,0,1.0,0.9211846,0.3604047,-0.018049182,0.17082691,0
11,178,0.9211846,0.3604047,-0.018049182,0.17082691,1,1.0,0.9283927,0.5557803,-0.014632643,-0.12749489,0
11,179,0.9283927,0.5557803,-0.014632643,-0.12749489,0,1.0,0.9395083,0.360871,-0.017182542,0.16053593,0
11,180,0.9395083,0.360871,-0.017182542,0.16053593,1,1.0,0.9467257,0.55623466,-0.013971822,-0.13751774,0
11,181,0.9467257,0.55623466,-0.013971822,-0.13751774,0,1.0,0.9578504,0.36131558,-0.016722178,0.15072475,0
11,182,0.9578504,0.36131558,-0.016722178,0.15072475,1,1.0,0.96507674,0.55667293,-0.0137076825,-0.14718641,0
11,183,0.96507674,0.55667293,-0.0137076825,-0.14718641,0,1.0,0.9762102,0.36174995,-0.01665141,0.14114068,0
11,184,0.9762102,0.36174995,-0.01665141,0.14114068,1,1.0,0.98344517,0.5571064,-0.013828597,-0.15674862,0
11,185,0.98344517,0.5571064,-0.013828597,-0.15674862,0,1.0,0.9945873,0.36218512,-0.01696357,0.13153984,0
11,186,0.9945873,0.36218512,-0.01696357,0.13153984,1,1.0,1.001831,0.5575459,-0.014332772,-0.16644624,0
11,187,1.001831,0.5575459,-0.014332772,-0.16644624,0,1.0,1.0129819,0.362632,-0.017661696,0.12168087,0
11,188,1.0129819,0.362632,-0.017661696,0.12168087,1,1.0,1.0202346,0.5580025,-0.01522808,-0.1765214,0
11,189,1.0202346,0.5580025,-0.01522808,-0.1765214,0,1.0,1.0313946,0.36310175,-0.018758507,0.11131893,0
11,190,1.0313946,0.36310175,-0.018758507,0.11131893,1,1.0,1.0386567,0.5584874,-0.016532129,-0.18722266,0
11,191,1.0386567,0.5584874,-0.016532129,-0.18722266,0,1.0,1.0498264,0.36360583,-0.020276582,0.10019951,0
11,192,1.0498264,0.36360583,-0.020276582,0.10019951,1,1.0,1.0570985,0.5590124,-0.018272592,-0.19881102,0
11,193,1.0570985,0.5590124,-0.018272592,-0.19881102,0,1.0,1.0682788,0.3641565,-0.022248812,0.08805218,0
11,194,1.0682788,0.3641565,-0.022248812,0.08805218,1,1.0,1.0755619,0.5595902,-0.020487769,-0.21156639,0
11,195,1.0755619,0.5595902,-0.020487769,-0.21156639,0,1.0,1.0867537,0.36476707,-0.024719097,0.07458397,0
11,196,1.0867537,0.36476707,-0.024719097,0.07458397,1,1.0,1.0940491,0.56023455,-0.023227418,-0.22579429,0
11,197,1.0940491,0.56023455,-0.023227418,-0.22579429,0,1.0,1.1052537,0.3654521,-0.027743304,0.05947228,0
11,198,1.1052537,0.3654521,-0.027743304,0.05947228,1,1.0,1.1125628,0.56096065,-0.026553858,-0.24183314,0
11,199,1.1125628,0.56096065,-0.026553858,-0.24183314,0,1.0,1.123782,0.36622784,-0.03139052,0.042357147,0
11,200,1.123782,0.36622784,-0.03139052,0.042357147,1,1.0,1.1311065,0.5617855,-0.030543378,-0.2600622,0
11,201,1.1311065,0.5617855,-0.030543378,-0.2600622,0,1.0,1.1423422,0.36711264,-0.035744622,0.022832643,0
11,202,1.1423422,0.36711264,-0.035744622,0.022832643,1,1.0,1.1496845,0.56272846,-0.03528797,-0.28091037,0
11,203,1.1496845,0.56272846,-0.03528797,-0.28091037,0,1.0,1.1609391,0.3681272,-0.040906176,0.00043731162,0
11,204,1.1609391,0.3681272,-0.040906176,0.00043731162,1,1.0,1.1683016,0.5638112,-0.04089743,-0.30486622,0
11,205,1.1683016,0.5638112,-0.04089743,-0.30486622,0,1.0,1.1795778,0.3692952,-0.046994753,-0.025356695,0
11,206,1.1795778,0.3692952,-0.046994753,-0.025356695,0,1.0,1.1869638,0.1748776,-0.047501888,0.25213638,0
11,207,1.1869638,0.1748776,-0.047501888,0.25213638,1,1.0,1.1904613,0.37064454,-0.04245916,-0.05514309,0
11,208,1.1904613,0.37064454,-0.04245916,-0.05514309,1,1.0,1.1978742,0.56634873,-0.04356202,-0.3609141,0
11,209,1.1978742,0.56634873,-0.04356202,-0.3609141,0,1.0,1.2092012,0.3718722,-0.050780304,-0.082279205,0
11,210,1.2092012,0.3718722,-0.050780304,-0.082279205,0,1.0,1.2166386,0.17751357,-0.052425887,0.19395995,0
11,211,1.2166386,0.17751357,-0.052425887,0.19395995,1,1.0,1.2201889,0.37334475,-0.04854669,-0.114789374,0
11,212,1.2201889,0.37334475,-0.04854669,-0.114789374,0,1.0,1.2276558,0.1789508,-0.050842475,0.16219088,0
11,213,1.2276558,0.1789508,-0.050842475,0.16219088,1,1.0,1.2312348,0.37476233,-0.04759866,-0.14608814,0
11,214,1.2312348,0.37476233,-0.04759866,-0.14608814,0,1.0,1.2387301,0.18035321,-0.05052042,0.13120656,0
11,215,1.2387301,0.18035321,-0.05052042,0.13120656,1,1.0,1.2423371,0.37616107,-0.047896292,-0.1769772,0
11,216,1.2423371,0.37616107,-0.047896292,-0.1769772,0,1.0,1.2498603,0.18175612,-0.051435836,0.10021969,0
11,217,1.2498603,0.18175612,-0.051435836,0.10021969,1,1.0,1.2534955,0.37757605,-0.04943144,-0.20823722,0
11,218,1.2534955,0.37757605,-0.04943144,-0.20823722,0,1.0,1.261047,0.1831945,-0.053596184,0.06845203,0
11,219,1.261047,0.1831945,-0.053596184,0.06845203,1,1.0,1.2647109,0.37904227,-0.052227143,-0.24064751,0
11,220,1.2647109,0.37904227,-0.052227143,-0.24064751,0,1.0,1.2722917,0.18470377,-0.057040095,0.035114963,0
11,221,1.2722917,0.18470377,-0.057040095,0.035114963,0,1.0,1.2759858,-0.009555791,-0.056337796,0.3092697,0
11,222,1.2759858,-0.009555791,-0.056337796,0.3092697,1,1.0,1.2757946,0.18632172,-0.050152402,-0.0006349605,0
11,223,1.2757946,0.18632172,-0.050152402,-0.0006349605,1,1.0,1.2795211,0.3821257,-0.050165102,-0.30871028,0
11,224,1.2795211,0.3821257,-0.050165102,-0.30871028,0,1.0,1.2871636,0.1877531,-0.056339305,-0.032260496,0
11,225,1.2871636,0.1877531,-0.056339305,-0.032260496,0,1.0,1.2909187,-0.0065175546,-0.056984518,0.24212813,0
11,226,1.2909187,-0.0065175546,-0.056984518,0.24212813,1,1.0,1.2907883,0.18937013,-0.052141953,-0.06797081,0
11,227,1.2907883,0.18937013,-0.052141953,-0.06797081,1,1.0,1.2945757,0.38519934,-0.05350137,-0.37663823,0
11,228,1.2945757,0.38519934,-0.05350137,-0.37663823,0,1.0,1.3022797,0.19087648,-0.061034136,-0.1012929,0
11,229,1.3022797,0.19087648,-0.061034136,-0.1012929,0,1.0,1.3060973,-0.0033200642,-0.06305999,0.17152663,0
11,230,1.3060973,-0.0033200642,-0.06305999,0.17152663,0,1.0,1.3060309,-0.19748543,-0.05962946,0.44366843,0
11,231,1.3060309,-0.19748543,-0.05962946,0.44366843,1,1.0,1.3020811,-0.0015726819,-0.05075609,0.13280094,0
11,232,1.3020811,-0.0015726819,-0.05075609,0.13280094,1,1.0,1.3020496,0.19423819,-0.048100073,-0.17545299,0
11,233,1.3020496,0.19423819,-0.048100073,-0.17545299,1,1.0,1.3059344,0.39001435,-0.051609132,-0.48291355,0
11,234,1.3059344,0.39001435,-0.051609132,-0.48291355,0,1.0,1.3137348,0.19565733,-0.061267402,-0.20693254,0
11,235,1.3137348,0.19565733,-0.061267402,-0.20693254,0,1.0,1.3176479,0.001462559,-0.065406054,0.065811716,0
11,236,1.3176479,0.001462559,-0.065406054,0.065811716,0,1.0,1.3176771,-0.19266364,-0.06408982,0.33716273,0
11,237,1.3176771,-0.19266364,-0.06408982,0.33716273,1,1.0,1.3138238,0.0033090124,-0.057346564,0.02497774,0
11,238,1.3138238,0.0033090124,-0.057346564,0.02497774,1,1.0,1.31389,0.19920447,-0.05684701,-0.28523305,0
11,239,1.31389,0.19920447,-0.05684701,-0.28523305,0,1.0,1.3178741,0.004937413,-0.06255167,-0.011007209,0
11,240,1.3178741,0.004937413,-0.06255167,-0.011007209,0,1.0,1.3179729,-0.18923429,-0.06277182,0.26130253,0
11,241,1.3179729,-0.18923429,-0.06277182,0.26130253,1,1.0,1.3141882,0.0067249425,-0.057545766,-0.050500207,0
11,242,1.3141882,0.0067249425,-0.057545766,-0.050500207,1,1.0,1.3143227,0.2026228,-0.05855577,-0.36076972,0
11,243,1.3143227,0.2026228,-0.05855577,-0.36076972,0,1.0,1.3183751,0.008379958,-0.06577116,-0.08711037,0
11,244,1.3183751,0.008379958,-0.06577116,-0.08711037,0,1.0,1.3185427,-0.18574059,-0.06751337,0.18411809,0
11,245,1.3185427,-0.18574059,-0.06751337,0.18411809,0,1.0,1.3148279,-0.37983483,-0.06383101,0.45476234,0
11,246,1.3148279,-0.37983483,-0.06383101,0.45476234,1,1.0,1.3072312,-0.18387115,-0.05473576,0.14266185,0
11,247,1.3072312,-0.18387115,-0.05473576,0.14266185,1,1.0,1.3035538,0.0119902445,-0.051882524,-0.16677453,0
11,248,1.3035538,0.0119902445,-0.051882524,-0.16677453,1,1.0,1.3037937,0.20781499,-0.055218015,-0.47536302,0
11,249,1.3037937,0.20781499,-0.055218015,-0.47536302,0,1.0,1.3079499,0.013514475,-0.06472528,-0.2005823,0
11,250,1.3079499,0.013514475,-0.06472528,-0.2005823,0,1.0,1.3082201,-0.18062492,-0.068736926,0.071001075,0
11,251,1.3082201,-0.18062492,-0.068736926,0.071001075,0,1.0,1.3046077,-0.37469754,-0.067316905,0.34122983,0
11,252,1.3046077,-0.37469754,-0.067316905,0.34122983,0,1.0,1.2971138,-0.56880033,-0.060492303,0.6119484,0
11,253,1.2971138,-0.56880033,-0.060492303,0.6119484,1,1.0,1.2857378,-0.37288746,-0.04825334,0.30084264,0
11,254,1.2857378,-0.37288746,-0.04825334,0.30084264,1,1.0,1.27828,-0.17711213,-0.042236485,-0.006659492,0
11,255,1.27828,-0.17711213,-0.042236485,-0.006659492,1,1.0,1.2747377,0.018589294,-0.042369675,-0.31236368,0
11,256,1.2747377,0.018589294,-0.042369675,-0.31236368,1,1.0,1.2751095,0.21428844,-0.04861695,-0.6181019,0
11,257,1.2751095,0.21428844,-0.04861695,-0.6181019,0,1.0,1.2793953,0.019878108,-0.060978986,-0.34111872,0
11,258,1.2793953,0.019878108,-0.060978986,-0.34111872,0,1.0,1.2797929,-0.17432563,-0.067801364,-0.06827127,0
11,259,1.2797929,-0.17432563,-0.067801364,-0.06827127,0,1.0,1.2763064,-0.3684133,-0.06916679,0.20227301,0
11,260,1.2763064,-0.3684133,-0.06916679,0.20227301,0,1.0,1.2689381,-0.5624814,-0.06512132,0.47236028,0
11,261,1.2689381,-0.5624814,-0.06512132,0.47236028,1,1.0,1.2576885,-0.36650303,-0.05567412,0.15988371,0
11,262,1.2576885,-0.36650303,-0.05567412,0.15988371,1,1.0,1.2503585,-0.17063005,-0.052476447,-0.14983028,0
11,263,1.2503585,-0.17063005,-0.052476447,-0.14983028,1,1.0,1.2469459,0.02520253,-0.055473052,-0.45859578,0
11,264,1.2469459,0.02520253,-0.055473052,-0.45859578,0,1.0,1.2474499,-0.16909316,-0.06464497,-0.18390128,0
11,265,1.2474499,-0.16909316,-0.06464497,-0.18390128,0,1.0,1.244068,-0.36323345,-0.068322994,0.08770849,0
11,266,1.244068,-0.36323345,-0.068322994,0.08770849,0,1.0,1.2368033,-0.5573129,-0.06656882,0.35807714,0
11,267,1.2368033,-0.5573129,-0.06656882,0.35807714,0,1.0,1.2256571,-0.7514285,-0.05940728,0.62904876,0
11,268,1.2256571,-0.7514285,-0.05940728,0.62904876,1,1.0,1.2106285,-0.55552995,-0.046826307,0.31826395,0
11,269,1.2106285,-0.55552995,-0.046826307,0.31826395,1,1.0,1.1995178,-0.35977346,-0.040461026,0.011189134,0
11,270,1.1995178,-0.35977346,-0.040461026,0.011189134,1,1.0,1.1923224,-0.1640953,-0.040237244,-0.29398018,0
11,271,1.1923224,-0.1640953,-0.040237244,-0.29398018,1,1.0,1.1890405,0.031576533,-0.046116848,-0.5990769,0
11,272,1.1890405,0.031576533,-0.046116848,-0.5990769,0,1.0,1.189672,-0.16287088,-0.058098387,-0.32126945,0
11,273,1.189672,-0.16287088,-0.058098387,-0.32126945,0,1.0,1.1864146,-0.3571194,-0.06452377,-0.047459576,0
11,274,1.1864146,-0.3571194,-0.06452377,-0.047459576,0,1.0,1.1792723,-0.55125964,-0.06547297,0.22418796,0
11,275,1.1792723,-0.55125964,-0.06547297,0.22418796,0,1.0,1.1682471,-0.74538773,-0.060989205,0.49552083,0
11,276,1.1682471,-0.74538773,-0.060989205,0.49552083,1,1.0,1.1533393,-0.5494611,-0.05107879,0.18425764,0
11,277,1.1533393,-0.5494611,-0.05107879,0.18425764,1,1.0,1.1423501,-0.35364693,-0.047393635,-0.12409118,0
11,278,1.1423501,-0.35364693,-0.047393635,-0.12409118,1,1.0,1.1352772,-0.15787916,-0.04987546,-0.43134162,0
11,279,1.1352772,-0.15787916,-0.04987546,-0.43134162,0,1.0,1.1321195,-0.3522607,-0.058502294,-0.15478916,0
11,280,1.1321195,-0.3522607,-0.058502294,-0.15478916,0,1.0,1.1250744,-0.54649836,-0.061598077,0.118878976,0
11,281,1.1250744,-0.54649836,-0.061598077,0.118878976,0,1.0,1.1141443,-0.7406861,-0.059220497,0.39150983,0
11,282,1.1141443,-0.7406861,-0.059220497,0.39150983,1,1.0,1.0993307,-0.5447759,-0.051390298,0.08075902,0
11,283,1.0993307,-0.5447759,-0.051390298,0.08075902,1,1.0,1.0884352,-0.34895638,-0.04977512,-0.2276846,0
11,284,1.0884352,-0.34895638,-0.04977512,-0.2276846,0,1.0,1.081456,-0.543333,-0.05432881,0.04889133,0
11,285,1.081456,-0.543333,-0.05432881,0.04889133,1,1.0,1.0705893,-0.3474758,-0.053350985,-0.2604258,0
11,286,1.0705893,-0.3474758,-0.053350985,-0.2604258,0,1.0,1.0636399,-0.54179716,-0.0585595,0.014963769,0
11,287,1.0636399,-0.54179716,-0.0585595,0.014963769,0,1.0,1.0528039,-0.73603255,-0.058260225,0.28861076,0
11,288,1.0528039,-0.73603255,-0.058260225,0.28861076,1,1.0,1.0380832,-0.54013026,-0.05248801,-0.021862894,0
11,289,1.0380832,-0.54013026,-0.05248801,-0.021862894,1,1.0,1.0272807,-0.3442964,-0.052925266,-0.33063352,0
11,290,1.0272807,-0.3442964,-0.052925266,-0.33063352,0,1.0,1.0203947,-0.5386266,-0.05953794,-0.05509916,0
11,291,1.0203947,-0.5386266,-0.05953794,-0.05509916,0,1.0,1.0096222,-0.73284656,-0.06063992,0.21822079,0
11,292,1.0096222,-0.73284656,-0.06063992,0.21822079,1,1.0,0.99496526,-0.53691256,-0.056275506,-0.09295726,0
11,293,0.99496526,-0.53691256,-0.056275506,-0.09295726,0,1.0,0.984227,-0.7311846,-0.058134653,0.18145329,0
11,294,0.984227,-0.7311846,-0.058134653,0.18145329,1,1.0,0.9696033,-0.53528106,-0.054505587,-0.12898758,0
11,295,0.9696033,-0.53528106,-0.054505587,-0.12898758,0,1.0,0.95889765,-0.7295816,-0.05708534,0.14601363,0
11,296,0.95889765,-0.7295816,-0.05708534,0.14601363,1,1.0,0.944306,-0.5336906,-0.054165065,-0.16411823,0
11,297,0.944306,-0.5336906,-0.054165065,-0.16411823,0,1.0,0.93363225,-0.72799695,-0.05744743,0.11099721,0
11,298,0.93363225,-0.72799695,-0.05744743,0.11099721,0,1.0,0.9190723,-0.9222507,-0.055227485,0.38501686,0
11,299,0.9190723,-0.9222507,-0.055227485,0.38501686,1,1.0,0.90062726,-0.72638994,-0.04752715,0.07544505,0
11,300,0.90062726,-0.72638994,-0.04752715,0.07544505,1,1.0,0.88609946,-0.53062,-0.046018247,-0.23184599,0
11,301,0.88609946,-0.53062,-0.046018247,-0.23184599,0,1.0,0.8754871,-0.7250552,-0.050655168,0.045973495,0
11,302,0.8754871,-0.7250552,-0.050655168,0.045973495,1,1.0,0.860986,-0.5292449,-0.049735695,-0.26225153,0
11,303,0.860986,-0.5292449,-0.049735695,-0.26225153,0,1.0,0.8504011,-0.7236229,-0.05498073,0.014338713,0
11,304,0.8504011,-0.7236229,-0.05498073,0.014338713,0,1.0,0.8359286,-0.91791505,-0.054693952,0.2891803,0
11,305,0.8359286,-0.91791505,-0.054693952,0.2891803,1,1.0,0.8175703,-0.7220575,-0.048910346,-0.02023862,0
11,306,0.8175703,-0.7220575,-0.048910346,-0.02023862,0,1.0,0.8031292,-0.9164452,-0.049315117,0.25662026,0
11,307,0.8031292,-0.9164452,-0.049315117,0.25662026,1,1.0,0.7848003,-0.7206551,-0.044182714,-0.051200595,0
11,308,0.7848003,-0.7206551,-0.044182714,-0.051200595,1,1.0,0.7703872,-0.5249284,-0.045206726,-0.35748965,0
11,309,0.7703872,-0.5249284,-0.045206726,-0.35748965,0,1.0,0.7598886,-0.7193795,-0.05235652,-0.079397276,0
11,310,0.7598886,-0.7193795,-0.05235652,-0.079397276,0,1.0,0.745501,-0.9137133,-0.053944465,0.19631825,0
11,311,0.745501,-0.9137133,-0.053944465,0.19631825,1,1.0,0.72722673,-0.7178629,-0.0500181,-0.112881996,0
11,312,0.72722673,-0.7178629,-0.0500181,-0.112881996,0,1.0,0.71286947,-0.91223377,-0.05227574,0.1636105,0
11,313,0.71286947,-0.91223377,-0.05227574,0.1636105,1,1.0,0.6946248,-0.71640396,-0.04900353,-0.145095,0
11,314,0.6946248,-0.71640396,-0.04900353,-0.145095,0,1.0,0.6802967,-0.91079116,-0.05190543,0.13173446,0
11,315,0.6802967,-0.91079116,-0.05190543,0.13173446,1,1.0,0.6620809,-0.7149656,-0.04927074,-0.17686164,0
11,316,0.6620809,-0.7149656,-0.04927074,-0.17686164,0,1.0,0.6477816,-0.909349,-0.05280797,0.09988,0
11,317,0.6477816,-0.909349,-0.05280797,0.09988,1,1.0,0.6295946,-0.7135116,-0.050810374,-0.208985,0
11,318,0.6295946,-0.7135116,-0.050810374,-0.208985,0,1.0,0.6153244,-0.9078716,-0.05499007,0.067246914,0
11,319,0.6153244,-0.9078716,-0.05499007,0.067246914,0,1.0,0.59716696,-1.1021638,-0.053645134,0.34208575,0
11,320,0.59716696,-1.1021638,-0.053645134,0.34208575,1,1.0,0.57512367,-0.9063213,-0.04680342,0.032980476,0
11,321,0.57512367,-0.9063213,-0.04680342,0.032980476,1,1.0,0.55699724,-0.7105605,-0.04614381,-0.27409434,0
11,322,0.55699724,-0.7105605,-0.04614381,-0.27409434,0,1.0,0.54278606,-0.9049947,-0.051625695,0.0036850944,0
11,323,0.54278606,-0.9049947,-0.051625695,0.0036850944,0,1.0,0.52468616,-1.0993397,-0.051551994,0.279643,0
11,324,0.52468616,-1.0993397,-0.051551994,0.279643,1,1.0,0.5026994,-0.9035217,-0.045959134,-0.028843343,0
11,325,0.5026994,-0.9035217,-0.045959134,-0.028843343,0,1.0,0.48462892,-1.0979555,-0.046536002,0.24899212,0
11,326,0.48462892,-1.0979555,-0.046536002,0.24899212,1,1.0,0.4626698,-0.90220094,-0.04155616,-0.05799851,0
11,327,0.4626698,-0.90220094,-0.04155616,-0.05799851,0,1.0,0.4446258,-1.0967032,-0.04271613,0.22128896,0
11,328,0.4446258,-1.0967032,-0.04271613,0.22128896,1,1.0,0.42269173,-0.9009975,-0.03829035,-0.08455647,0
11,329,0.42269173,-0.9009975,-0.03829035,-0.08455647,0,1.0,0.40467176,-1.0955503,-0.03998148,0.19580415,0
11,330,0.40467176,-1.0955503,-0.03998148,0.19580415,1,1.0,0.38276076,-0.8998799,-0.036065396,-0.10921827,0
11,331,0.38276076,-0.8998799,-0.036065396,-0.10921827,0,1.0,0.36476317,-1.0944669,-0.03824976,0.17187162,0
11,332,0.36476317,-1.0944669,-0.03824976,0.17187162,1,1.0,0.34287384,-0.898819,-0.03481233,-0.13262832,0
11,333,0.34287384,-0.898819,-0.03481233,-0.13262832,0,1.0,0.32489744,-1.0934255,-0.037464898,0.14887172,0
11,334,0.32489744,-1.0934255,-0.037464898,0.14887172,1,1.0,0.30302894,-0.89778763,-0.034487464,-0.15539125,0
11,335,0.30302894,-0.89778763,-0.034487464,-0.15539125,0,1.0,0.2850732,-1.0923992,-0.037595287,0.1262153,0
11,336,0.2850732,-1.0923992,-0.037595287,0.1262153,1,1.0,0.2632252,-0.89675945,-0.03507098,-0.17808746,0
11,337,0.2632252,-0.89675945,-0.03507098,-0.17808746,0,1.0,0.24529001,-1.0913624,-0.038632732,0.10332875,0
11,338,0.24529001,-1.0913624,-0.038632732,0.10332875,1,1.0,0.22346276,-0.89570874,-0.036566157,-0.201288,0
11,339,0.22346276,-0.89570874,-0.036566157,-0.201288,0,1.0,0.20554858,-1.0902891,-0.040591914,0.07963947,0
11,340,0.20554858,-1.0902891,-0.040591914,0.07963947,1,1.0,0.1837428,-0.8946095,-0.038999125,-0.22556894,0
11,341,0.1837428,-0.8946095,-0.038999125,-0.22556894,0,1.0,0.16585062,-1.089153,-0.043510504,0.054561604,0
11,342,0.16585062,-1.089153,-0.043510504,0.054561604,1,1.0,0.14406756,-0.89343506,-0.042419273,-0.25152552,0
11,343,0.14406756,-0.89343506,-0.042419273,-0.25152552,0,1.0,0.12619886,-1.0879264,-0.047449782,0.027481545,0
11,344,0.12619886,-1.0879264,-0.047449782,0.027481545,1,1.0,0.10444033,-0.89215726,-0.046900153,-0.2797867,0
11,345,0.10444033,-0.89215726,-0.046900153,-0.2797867,0,1.0,0.08659718,-1.0865799,-0.052495886,-0.0022570184,0
11,346,0.08659718,-1.0865799,-0.052495886,-0.0022570184,0,1.0,0.06486559,-1.2809112,-0.052541025,0.2734117,0
11,347,0.06486559,-1.2809112,-0.052541025,0.2734117,1,1.0,0.039247364,-1.0850805,-0.047072794,-0.035369005,0
11,348,0.039247364,-1.0850805,-0.047072794,-0.035369005,0,1.0,0.017545752,-1.2794969,-0.04778017,0.24209829,0
11,349,0.017545752,-1.2794969,-0.04778017,0.24209829,1,1.0,-0.008044185,-1.0837262,-0.042938206,-0.06526471,0
11,350,-0.008044185,-1.0837262,-0.042938206,-0.06526471,1,1.0,-0.029718708,-0.88801575,-0.0442435,-0.37117973,0
11,351,-0.029718708,-0.88801575,-0.0442435,-0.37117973,0,1.0,-0.047479022,-1.0824821,-0.051667094,-0.09276896,0
11,352,-0.047479022,-1.0824821,-0.051667094,-0.09276896,0,1.0,-0.06912866,-1.2768269,-0.053522475,0.18317585,0
11,353,-0.06912866,-1.2768269,-0.053522475,0.18317585,1,1.0,-0.0946652,-1.0809816,-0.049858958,-0.12589955,0
11,354,-0.0946652,-1.0809816,-0.049858958,-0.12589955,0,1.0,-0.11628483,-1.2753551,-0.05237695,0.15064596,0
11,355,-0.11628483,-1.2753551,-0.05237695,0.15064596,1,1.0,-0.14179194,-1.0795238,-0.04936403,-0.15808995,0
11,356,-0.14179194,-1.0795238,-0.04936403,-0.15808995,0,1.0,-0.16338241,-1.2739055,-0.05252583,0.11862032,0
11,357,-0.16338241,-1.2739055,-0.05252583,0.11862032,1,1.0,-0.18886052,-1.0780718,-0.050153423,-0.19016051,0
11,358,-0.18886052,-1.0780718,-0.050153423,-0.19016051,0,1.0,-0.21042196,-1.2724417,-0.05395663,0.08628882,0
11,359,-0.21042196,-1.2724417,-0.05395663,0.08628882,1,1.0,-0.2358708,-1.0765896,-0.052230857,-0.2229175,0
11,360,-0.2358708,-1.0765896,-0.052230857,-0.2229175,0,1.0,-0.2574026,-1.2709275,-0.056689207,0.052843112,0
11,361,-0.2574026,-1.2709275,-0.056689207,0.052843112,1,1.0,-0.28282115,-1.0750406,-0.055632345,-0.25717315,0
11,362,-0.28282115,-1.0750406,-0.055632345,-0.25717315,0,1.0,-0.30432194,-1.269326,-0.060775805,0.017456584,0
11,363,-0.30432194,-1.269326,-0.060775805,0.017456584,0,1.0,-0.32970846,-1.463526,-0.060426675,0.2903618,0
11,364,-0.32970846,-1.463526,-0.060426675,0.2903618,1,1.0,-0.358979,-1.2675968,-0.05461944,-0.020750247,0
11,365,-0.358979,-1.2675968,-0.05461944,-0.020750247,0,1.0,-0.38433093,-1.4618946,-0.055034444,0.25421175,0
11,366,-0.38433093,-1.4618946,-0.055034444,0.25421175,1,1.0,-0.41356882,-1.2660319,-0.04995021,-0.055309605,0
11,367,-0.41356882,-1.2660319,-0.04995021,-0.055309605,0,1.0,-0.43888944,-1.4604033,-0.0510564,0.22120471,0
11,368,-0.43888944,-1.4604033,-0.0510564,0.22120471,1,1.0,-0.4680975,-1.2645901,-0.04663231,-0.08713633,0
11,369,-0.4680975,-1.2645901,-0.04663231,-0.08713633,0,1.0,-0.49338934,-1.4590137,-0.048375033,0.19047707,0
11,370,-0.49338934,-1.4590137,-0.048375033,0.19047707,1,1.0,-0.5225696,-1.2632344,-0.04456549,-0.11706524,0
11,371,-0.5225696,-1.2632344,-0.04456549,-0.11706524,0,1.0,-0.5478343,-1.4576904,-0.0469068,0.16123126,0
11,372,-0.5478343,-1.4576904,-0.0469068,0.16123126,1,1.0,-0.5769881,-1.2619294,-0.043682173,-0.14587279,0
11,373,-0.5769881,-1.2619294,-0.043682173,-0.14587279,0,1.0,-0.6022267,-1.4563994,-0.046599627,0.13271555,0
11,374,-0.6022267,-1.4563994,-0.046599627,0.13271555,1,1.0,-0.6313547,-1.2606419,-0.043945316,-0.17429712,0
11,375,-0.6313547,-1.2606419,-0.043945316,-0.17429712,0,1.0,-0.6565675,-1.4551084,-0.04743126,0.10420503,0
11,376,-0.6565675,-1.4551084,-0.04743126,0.10420503,1,1.0,-0.68566966,-1.2593399,-0.045347158,-0.20305696,0
11,377,-0.68566966,-1.2593399,-0.045347158,-0.20305696,0,1.0,-0.7108565,-1.453785,-0.049408298,0.07498333,0
11,378,-0.7108565,-1.453785,-0.049408298,0.07498333,1,1.0,-0.7399322,-1.2579908,-0.04790863,-0.23286965,0
11,379,-0.7399322,-1.2579908,-0.04790863,-0.23286965,0,1.0,-0.765092,-1.4523966,-0.052566025,0.044324752,0
11,380,-0.765092,-1.4523966,-0.052566025,0.044324752,0,1.0,-0.7941399,-1.646727,-0.05167953,0.31997028,0
11,381,-0.7941399,-1.646727,-0.05167953,0.31997028,1,1.0,-0.82707447,-1.4509085,-0.045280125,0.011447824,0
11,382,-0.82707447,-1.4509085,-0.045280125,0.011447824,0,1.0,-0.85609263,-1.6453528,-0.04505117,0.28950754,0
11,383,-0.85609263,-1.6453528,-0.04505117,0.28950754,1,1.0,-0.8889997,-1.4496185,-0.039261017,-0.017036803,0
11,384,-0.8889997,-1.4496185,-0.039261017,-0.017036803,0,1.0,-0.91799206,-1.644156,-0.039601754,0.26300487,0
11,385,-0.91799206,-1.644156,-0.039601754,0.26300487,1,1.0,-0.95087516,-1.4484918,-0.034341656,-0.041901167,0
11,386,-0.95087516,-1.4484918,-0.034341656,-0.041901167,0,1.0,-0.979845,-1.6431049,-0.03517968,0.2397519,0
11,387,-0.979845,-1.6431049,-0.03517968,0.2397519,0,1.0,-1.0127071,-1.837707,-0.030384641,0.5211339,0
11,388,-1.0127071,-1.837707,-0.030384641,0.5211339,1,1.0,-1.0494612,-1.6421709,-0.019961962,0.21903329,0
11,389,-1.0494612,-1.6421709,-0.019961962,0.21903329,1,1.0,-1.0823047,-1.4467694,-0.015581297,-0.079879045,0
11,390,-1.0823047,-1.4467694,-0.015581297,-0.079879045,0,1.0,-1.11124,-1.6416645,-0.017178878,0.2078475,0
11,391,-1.11124,-1.6416645,-0.017178878,0.2078475,0,1.0,-1.1440734,-1.8365366,-0.013021928,0.49506223,0
11,392,-1.1440734,-1.8365366,-0.013021928,0.49506223,1,1.0,-1.1808041,-1.6412336,-0.0031206831,0.19830403,0
11,393,-1.1808041,-1.6412336,-0.0031206831,0.19830403,1,1.0,-1.2136288,-1.4460671,0.0008453974,-0.0953617,0
11,394,-1.2136288,-1.4460671,0.0008453974,-0.0953617,0,1.0,-1.2425501,-1.6412011,-0.0010618366,0.19758783,0
11,395,-1.2425501,-1.6412011,-0.0010618366,0.19758783,1,1.0,-1.275374,-1.446064,0.00288992,-0.09542987,0
11,396,-1.275374,-1.446064,0.00288992,-0.09542987,0,1.0,-1.3042954,-1.6412272,0.0009813226,0.19816342,0
11,397,-1.3042954,-1.6412272,0.0009813226,0.19816342,1,1.0,-1.3371199,-1.4461193,0.004944591,-0.09420978,0
11,398,-1.3371199,-1.4461193,0.004944591,-0.09420978,0,1.0,-1.3660424,-1.6413118,0.0030603954,0.20002905,0
11,399,-1.3660424,-1.6413118,0.0030603954,0.20002905,1,1.0,-1.3988686,-1.4462337,0.0070609762,-0.0916869,0
11,400,-1.3988686,-1.4462337,0.0070609762,-0.0916869,0,1.0,-1.4277933,-1.6414562,0.0052272384,0.20321538,0
11,401,-1.4277933,-1.6414562,0.0052272384,0.20321538,1,1.0,-1.4606223,-1.4464095,0.009291546,-0.08781403,0
11,402,-1.4606223,-1.4464095,0.009291546,-0.08781403,0,1.0,-1.4895506,-1.6416633,0.0075352653,0.20778584,0
11,403,-1.4895506,-1.6416633,0.0075352653,0.20778584,1,1.0,-1.5223838,-1.4466499,0.011690982,-0.082510605,0
11,404,-1.5223838,-1.4466499,0.011690982,-0.082510605,0,1.0,-1.5513169,-1.6419375,0.01004077,0.2138378,0
11,405,-1.5513169,-1.6419375,0.01004077,0.2138378,1,1.0,-1.5841556,-1.4469606,0.0143175265,-0.075660974,0
11,406,-1.5841556,-1.4469606,0.0143175265,-0.075660974,1,1.0,-1.6130948,-1.2520467,0.012804307,-0.3637925,0
11,407,-1.6130948,-1.2520467,0.012804307,-0.3637925,0,1.0,-1.6381357,-1.4473482,0.005528457,-0.067099795,0
11,408,-1.6381357,-1.4473482,0.005528457,-0.067099795,0,1.0,-1.6670827,-1.642549,0.0041864607,0.22732225,0
11,409,-1.6670827,-1.642549,0.0041864607,0.22732225,1,1.0,-1.6999336,-1.4474872,0.008732906,-0.06403718,0
11,410,-1.6999336,-1.4474872,0.008732906,-0.06403718,0,1.0,-1.7288834,-1.6427332,0.007452162,0.23138818,0
11,411,-1.7288834,-1.6427332,0.007452162,0.23138818,1,1.0,-1.7617381,-1.4477186,0.012079926,-0.05893479,0
11,412,-1.7617381,-1.4477186,0.012079926,-0.05893479,0,1.0,-1.7906924,-1.6430116,0.01090123,0.23753482,0
11,413,-1.7906924,-1.6430116,0.01090123,0.23753482,1,1.0,-1.8235526,-1.448047,0.015651926,-0.05168969,0
11,414,-1.8235526,-1.448047,0.015651926,-0.05168969,0,1.0,-1.8525136,-1.6433899,0.014618133,0.24589016,0
11,415,-1.8525136,-1.6433899,0.014618133,0.24589016,1,1.0,-1.8853815,-1.4484798,0.019535936,-0.04214625,0
11,416,-1.8853815,-1.4484798,0.019535936,-0.04214625,1,1.0,-1.914351,-1.2536434,0.018693011,-0.32860196,0
11,417,-1.914351,-1.2536434,0.018693011,-0.32860196,0,1.0,-1.9394239,-1.4490263,0.012120972,-0.030083207,0
11,418,-1.9394239,-1.4490263,0.012120972,-0.030083207,0,1.0,-1.9684044,-1.64432,0.011519308,0.26639923,0
11,419,-1.9684044,-1.64432,0.011519308,0.26639923,1,1.0,-2.0012908,-1.4493643,0.016847292,-0.022628259,0
11,420,-2.0012908,-1.4493643,0.016847292,-0.022628259,0,1.0,-2.030278,-1.6447238,0.016394727,0.2753222,0
11,421,-2.030278,-1.6447238,0.016394727,0.2753222,1,1.0,-2.0631726,-1.4498396,0.021901172,-0.012145046,0
11,422,-2.0631726,-1.4498396,0.021901172,-0.012145046,1,1.0,-2.0921693,-1.2550384,0.021658272,-0.29783824,0
11,423,-2.0921693,-1.2550384,0.021658272,-0.29783824,0,1.0,-2.1172702,-1.4504623,0.015701506,0.0015958846,0
11,424,-2.1172702,-1.4504623,0.015701506,0.0015958846,0,1.0,-2.1462793,-1.6458058,0.015733425,0.29919118,0
11,425,-2.1462793,-1.6458058,0.015733425,0.29919118,1,1.0,-2.1791954,-1.4509116,0.021717247,0.011511508,0
11,426,-2.1791954,-1.4509116,0.021717247,0.011511508,1,1.0,-2.2082138,-1.2561078,0.021947477,-0.27424103,0
11,427,-2.2082138,-1.2561078,0.021947477,-0.27424103,0,1.0,-2.233336,-1.4515359,0.016462658,0.025282582,0
11,428,-2.233336,-1.4515359,0.016462658,0.025282582,0,1.0,-2.2623665,-1.64689,0.016968308,0.32311386,0
11,429,-2.2623665,-1.64689,0.016968308,0.32311386,1,1.0,-2.2953043,-1.4520137,0.023430586,0.03582998,0
11,430,-2.2953043,-1.4520137,0.023430586,0.03582998,1,1.0,-2.3243446,-1.2572355,0.024147186,-0.24936923,0
11,431,-2.3243446,-1.2572355,0.024147186,-0.24936923,0,1.0,-2.3494895,-1.4526938,0.019159801,0.05083135,0
11,432,-2.3494895,-1.4526938,0.019159801,0.05083135,1,1.0,-2.3785431,-1.2578518,0.020176427,-0.23574544,0
11,433,-2.3785431,-1.2578518,0.020176427,-0.23574544,0,1.0,-2.4037004,-1.4532561,0.015461518,0.06323283,1
12,0,-0.019367952,0.028064668,-0.026156358,0.036040068,0,1.0,-0.018806659,-0.16667262,-0.025435558,0.320357,0
12,1,-0.018806659,-0.16667262,-0.025435558,0.320357,0,1.0,-0.02214011,-0.36142328,-0.019028418,0.6049112,0
12,2,-0.02214011,-0.36142328,-0.019028418,0.6049112,1,1.0,-0.029368576,-0.16604047,-0.006930192,0.30629605,0
12,3,-0.029368576,-0.16604047,-0.006930192,0.30629605,0,1.0,-0.032689385,-0.36106297,-0.00080427114,0.59678537,0
12,4,-0.032689385,-0.36106297,-0.00080427114,0.59678537,1,1.0,-0.039910644,-0.16592978,0.011131436,0.3038492,0
12,5,-0.039910644,-0.16592978,0.011131436,0.3038492,1,1.0,-0.04322924,0.029031778,0.01720842,0.014697539,0
12,6,-0.04322924,0.029031778,0.01720842,0.014697539,1,1.0,-0.042648606,0.22390276,0.01750237,-0.27250662,0
12,7,-0.042648606,0.22390276,0.01750237,-0.27250662,0,1.0,-0.03817055,0.028535504,0.012052237,0.025644807,0
12,8,-0.03817055,0.028535504,0.012052237,0.025644807,0,1.0,-0.03759984,-0.1667572,0.012565133,0.32210585,0
12,9,-0.03759984,-0.1667572,0.012565133,0.32210585,1,1.0,-0.040934984,0.028183592,0.01900725,0.033411805,0
12,10,-0.040934984,0.028183592,0.01900725,0.033411805,1,1.0,-0.04037131,0.22302788,0.019675486,-0.25321406,0
12,11,-0.04037131,0.22302788,0.019675486,-0.25321406,0,1.0,-0.035910755,0.0276306,0.014611205,0.04560937,0
12,12,-0.035910755,0.0276306,0.014611205,0.04560937,1,1.0,-0.035358142,0.22254002,0.015523393,-0.242428,0
12,13,-0.035358142,0.22254002,0.015523393,-0.242428,0,1.0,-0.030907342,0.02719981,0.010674832,0.055110693,0
12,14,-0.030907342,0.02719981,0.010674832,0.055110693,0,1.0,-0.030363346,-0.16807356,0.011777046,0.3511424,0
12,15,-0.030363346,-0.16807356,0.011777046,0.3511424,1,1.0,-0.033724815,0.026878944,0.018799895,0.0621963,0
12,16,-0.033724815,0.026878944,0.018799895,0.0621963,1,1.0,-0.033187237,0.22172637,0.02004382,-0.22449635,0
12,17,-0.033187237,0.22172637,0.02004382,-0.22449635,0,1.0,-0.02875271,0.02632377,0.0155538935,0.074441165,0
12,18,-0.02875271,0.02632377,0.0155538935,0.074441165,1,1.0,-0.028226234,0.22121933,0.017042717,-0.21329415,0
12,19,-0.028226234,0.22121933,0.017042717,-0.21329415,0,1.0,-0.023801848,0.025857912,0.012776834,0.08471573,0
12,20,-0.023801848,0.025857912,0.012776834,0.08471573,1,1.0,-0.02328469,0.22079441,0.014471148,-0.20390886,0
12,21,-0.02328469,0.22079441,0.014471148,-0.20390886,0,1.0,-0.018868802,0.025468526,0.010392971,0.09330366,0
12,22,-0.018868802,0.025468526,0.010392971,0.09330366,0,1.0,-0.018359432,-0.16980083,0.012259045,0.38924736,0
12,23,-0.018359432,-0.16980083,0.012259045,0.38924736,1,1.0,-0.021755448,0.02514499,0.020043992,0.10045466,0
12,24,-0.021755448,0.02514499,0.020043992,0.10045466,1,1.0,-0.021252548,0.21997403,0.022053085,-0.18583766,0
12,25,-0.021252548,0.21997403,0.022053085,-0.18583766,0,1.0,-0.016853068,0.024543604,0.018336331,0.11371978,0
12,26,-0.016853068,0.024543604,0.018336331,0.11371978,1,1.0,-0.016362196,0.21939808,0.020610727,-0.17312221,0
12,27,-0.016362196,0.21939808,0.020610727,-0.17312221,0,1.0,-0.011974234,0.023987303,0.017148282,0.12599082,0
12,28,-0.011974234,0.023987303,0.017148282,0.12599082,1,1.0,-0.0114944875,0.21885945,0.0196681,-0.16123307,0
12,29,-0.0114944875,0.21885945,0.0196681,-0.16123307,0,1.0,-0.007117299,0.023461524,0.016443439,0.13758917,0
12,30,-0.007117299,0.023461524,0.016443439,0.13758917,1,1.0,-0.006648069,0.21834414,0.019195221,-0.14986108,0
12,31,-0.006648069,0.21834414,0.019195221,-0.14986108,0,1.0,-0.0022811857,0.02295266,0.016198,0.1488152,0
12,32,-0.0022811857,0.02295266,0.016198,0.1488152,1,1.0,-0.0018221325,0.21783896,0.019174304,-0.1387139,0
12,33,-0.0018221325,0.21783896,0.019174304,-0.1387139,0,1.0,0.0025346465,0.022447702,0.016400026,0.15995601,0
12,34,0.0025346465,0.022447702,0.016400026,0.15995601,1,1.0,0.0029836006,0.21733107,0.019599145,-0.12750834,0
12,35,0.0029836006,0.21733107,0.019599145,-0.12750834,0,1.0,0.007330222,0.021933911,0.01704898,0.17129289,0
12,36,0.007330222,0.021933911,0.01704898,0.17129289,1,1.0,0.0077689,0.21680775,0.020474836,-0.11596323,0
12,37,0.0077689,0.21680775,0.020474836,-0.11596323,0,1.0,0.012105055,0.0213985,0.018155573,0.18310839,0
12,38,0.012105055,0.0213985,0.018155573,0.18310839,1,1.0,0.012533025,0.21625602,0.02181774,-0.10379229,0
12,39,0.012533025,0.21625602,0.02181774,-0.10379229,0,1.0,0.016858146,0.02082831,0.019741895,0.19569343,0
12,40,0.016858146,0.02082831,0.019741895,0.19569343,1,1.0,0.017274711,0.21566239,0.023655763,-0.090697,0
12,41,0.017274711,0.21566239,0.023655763,-0.090697,0,1.0,0.02158796,0.020209499,0.021841824,0.20935446,0
12,42,0.02158796,0.020209499,0.021841824,0.20935446,1,1.0,0.021992149,0.21501245,0.026028913,-0.07635927,0
12,43,0.021992149,0.21501245,0.026028913,-0.07635927,0,1.0,0.026292399,0.019527202,0.024501726,0.22442089,0
12,44,0.026292399,0.019527202,0.024501726,0.22442089,1,1.0,0.026682943,0.21429056,0.028990144,-0.06043366,0
12,45,0.026682943,0.21429056,0.028990144,-0.06043366,1,1.0,0.030968754,0.4089851,0.027781472,-0.34383088,0
12,46,0.030968754,0.4089851,0.027781472,-0.34383088,0,1.0,0.039148457,0.21347918,0.020904854,-0.042518437,0
12,47,0.039148457,0.21347918,0.020904854,-0.042518437,0,1.0,0.04341804,0.018063793,0.020054486,0.25668618,0
12,48,0.04341804,0.018063793,0.020054486,0.25668618,1,1.0,0.043779314,0.21289377,0.025188208,-0.0296044,0
12,49,0.043779314,0.21289377,0.025188208,-0.0296044,0,1.0,0.04803719,0.017419828,0.024596121,0.27091804,0
12,50,0.04803719,0.017419828,0.024596121,0.27091804,1,1.0,0.048385587,0.21218231,0.030014481,-0.013906789,0
12,51,0.048385587,0.21218231,0.030014481,-0.013906789,1,1.0,0.052629232,0.40686125,0.029736346,-0.29697073,0
12,52,0.052629232,0.40686125,0.029736346,-0.29697073,0,1.0,0.06076646,0.2113283,0.02379693,0.004940234,0
12,53,0.06076646,0.2113283,0.02379693,0.004940234,1,1.0,0.064993024,0.40610102,0.023895737,-0.2801405,0
12,54,0.064993024,0.40610102,0.023895737,-0.2801405,0,1.0,0.07311504,0.2106465,0.018292926,0.019982265,0
12,55,0.07311504,0.2106465,0.018292926,0.019982265,0,1.0,0.077327974,0.015267048,0.018692572,0.31838024,0
12,56,0.077327974,0.015267048,0.018692572,0.31838024,1,1.0,0.077633314,0.21011785,0.025060175,0.03165038,0
12,57,0.077633314,0.21011785,0.025060175,0.03165038,1,1.0,0.08183567,0.40487164,0.025693184,-0.25302163,0
12,58,0.08183567,0.40487164,0.025693184,-0.25302163,0,1.0,0.089933105,0.20939241,0.020632751,0.04765338,0
12,59,0.089933105,0.20939241,0.020632751,0.04765338,1,1.0,0.09412096,0.4042125,0.021585818,-0.23844899,0
12,60,0.09412096,0.4042125,0.021585818,-0.23844899,0,1.0,0.1022052,0.20878895,0.016816838,0.060963813,0
12,61,0.1022052,0.20878895,0.016816838,0.060963813,0,1.0,0.106380984,0.013429968,0.018036114,0.35890478,0
12,62,0.106380984,0.013429968,0.018036114,0.35890478,1,1.0,0.106649585,0.20829093,0.02521421,0.071963176,0
12,63,0.106649585,0.20829093,0.02521421,0.071963176,1,1.0,0.1108154,0.4030425,0.026653474,-0.21265912,0
12,64,0.1108154,0.4030425,0.026653474,-0.21265912,0,1.0,0.11887625,0.20754983,0.022400292,0.08831095,0
12,65,0.11887625,0.20754983,0.022400292,0.08831095,1,1.0,0.12302725,0.40234366,0.02416651,-0.19722135,0
12,66,0.12302725,0.40234366,0.02416651,-0.19722135,0,1.0,0.13107412,0.20688452,0.020222083,0.10298599,0
12,67,0.13107412,0.20688452,0.020222083,0.10298599,1,1.0,0.13521181,0.4017109,0.022281803,-0.18324897,0
12,68,0.13521181,0.4017109,0.022281803,-0.18324897,0,1.0,0.14324602,0.20627734,0.018616823,0.11637893,0
12,69,0.14324602,0.20627734,0.018616823,0.11637893,1,1.0,0.14737158,0.40112767,0.020944402,-0.17037287,0
12,70,0.14737158,0.40112767,0.020944402,-0.17037287,0,1.0,0.15539412,0.20571229,0.017536946,0.1288431,0
12,71,0.15539412,0.20571229,0.017536946,0.1288431,1,1.0,0.15950838,0.40057868,0.020113807,-0.15825595,0
12,72,0.15950838,0.40057868,0.020113807,-0.15825595,0,1.0,0.16751994,0.20517462,0.016948687,0.1407039,0
12,73,0.16751994,0.20517462,0.016948687,0.1407039,1,1.0,0.17162344,0.4000498,0.019762766,-0.14658417,0
12,74,0.17162344,0.4000498,0.019762766,-0.14658417,0,1.0,0.17962444,0.20465049,0.016831083,0.15226743,0
12,75,0.17962444,0.20465049,0.016831083,0.15226743,1,1.0,0.18371744,0.39952743,0.019876432,-0.13505849,0
12,76,0.18371744,0.39952743,0.019876432,-0.13505849,0,1.0,0.191708,0.2041265,0.01717526,0.16382828,0
12,77,0.191708,0.2041265,0.01717526,0.16382828,1,1.0,0.19579053,0.39899844,0.020451827,-0.12338721,0
12,78,0.19579053,0.39899844,0.020451827,-0.12338721,0,1.0,0.20377049,0.20358954,0.017984083,0.17567725,0
12,79,0.20377049,0.20358954,0.017984083,0.17567725,1,1.0,0.20784229,0.39844957,0.021497628,-0.111278474,0
12,80,0.20784229,0.39844957,0.021497628,-0.111278474,0,1.0,0.21581128,0.20302626,0.019272057,0.18810855,0
12,81,0.21581128,0.20302626,0.019272057,0.18810855,1,1.0,0.2198718,0.39786726,0.02303423,-0.09843304,0
12,82,0.2198718,0.39786726,0.02303423,-0.09843304,0,1.0,0.22782914,0.20242289,0.021065569,0.20142722,0
12,83,0.22782914,0.20242289,0.021065569,0.20142722,1,1.0,0.23187761,0.39723733,0.025094112,-0.08453679,0
12,84,0.23187761,0.39723733,0.025094112,-0.08453679,0,1.0,0.23982236,0.20176482,0.023403376,0.21595655,0
12,85,0.23982236,0.20176482,0.023403376,0.21595655,1,1.0,0.24385765,0.39654452,0.027722508,-0.06925301,0
12,86,0.24385765,0.39654452,0.027722508,-0.06925301,1,1.0,0.25178853,0.5912583,0.026337449,-0.35306206,0
12,87,0.25178853,0.5912583,0.026337449,-0.35306206,0,1.0,0.2636137,0.3957719,0.019276207,-0.052191872,0
12,88,0.2636137,0.3957719,0.019276207,-0.052191872,0,1.0,0.27152914,0.20037892,0.01823237,0.24650998,0
12,89,0.27152914,0.20037892,0.01823237,0.24650998,1,1.0,0.27553672,0.3952358,0.023162568,-0.040366724,0
12,90,0.27553672,0.3952358,0.023162568,-0.040366724,1,1.0,0.28344142,0.5900181,0.022355234,-0.32565257,0
12,91,0.28344142,0.5900181,0.022355234,-0.32565257,0,1.0,0.2952418,0.39458507,0.015842183,-0.026004449,0
12,92,0.2952418,0.39458507,0.015842183,-0.026004449,0,1.0,0.3031335,0.19923957,0.015322094,0.27163446,0
12,93,0.3031335,0.19923957,0.015322094,0.27163446,1,1.0,0.3071183,0.39413956,0.020754782,-0.0161767,0
12,94,0.3071183,0.39413956,0.020754782,-0.0161767,1,1.0,0.31500107,0.58895785,0.020431248,-0.30223966,0
12,95,0.31500107,0.58895785,0.020431248,-0.30223966,0,1.0,0.32678023,0.39355072,0.0143864555,-0.0031838312,0
12,96,0.32678023,0.39355072,0.0143864555,-0.0031838312,0,1.0,0.33465126,0.19822544,0.014322779,0.29400325,0
12,97,0.33465126,0.19822544,0.014322779,0.29400325,1,1.0,0.33861578,0.3931403,0.020202843,0.0058717164,0
12,98,0.33861578,0.3931403,0.020202843,0.0058717164,1,1.0,0.34647858,0.58796674,0.020320278,-0.28036913,0
12,99,0.34647858,0.58796674,0.020320278,-0.28036913,0,1.0,0.3582379,0.39256093,0.014712896,0.01865286,0
12,100,0.3582379,0.39256093,0.014712896,0.01865286,1,1.0,0.36608914,0.5874688,0.015085953,-0.2693519,0
12,101,0.36608914,0.5874688,0.015085953,-0.2693519,0,1.0,0.3778385,0.39213488,0.009698915,0.028050786,0
12,102,0.3778385,0.39213488,0.009698915,0.028050786,0,1.0,0.38568118,0.19687518,0.010259931,0.32377797,0
12,103,0.38568118,0.19687518,0.010259931,0.32377797,1,1.0,0.3896187,0.39184955,0.01673549,0.03434819,0
12,104,0.3896187,0.39184955,0.01673549,0.03434819,1,1.0,0.3974557,0.58672756,0.017422454,-0.2530079,0
12,105,0.3974557,0.58672756,0.017422454,-0.2530079,0,1.0,0.40919024,0.39136124,0.012362297,0.045119084,0
12,106,0.40919024,0.39136124,0.012362297,0.045119084,1,1.0,0.41701746,0.5863038,0.013264678,-0.24363793,0
12,107,0.41701746,0.5863038,0.013264678,-0.24363793,0,1.0,0.42874354,0.39099488,0.00839192,0.05319932,0
12,108,0.42874354,0.39099488,0.00839192,0.05319932,0,1.0,0.43656343,0.19575359,0.009455906,0.3485181,0
12,109,0.43656343,0.19575359,0.009455906,0.3485181,1,1.0,0.4404785,0.3907398,0.016426267,0.05883189,0
12,110,0.4404785,0.3907398,0.016426267,0.05883189,1,1.0,0.4482933,0.58562243,0.017602906,-0.22862351,0
12,111,0.4482933,0.58562243,0.017602906,-0.22862351,0,1.0,0.46000576,0.3902534,0.013030436,0.06955961,0
12,112,0.46000576,0.3902534,0.013030436,0.06955961,1,1.0,0.4678108,0.5851861,0.014421628,-0.21898383,0
12,113,0.4678108,0.5851861,0.014421628,-0.21898383,0,1.0,0.47951454,0.38986102,0.010041951,0.07821317,0
12,114,0.47951454,0.38986102,0.010041951,0.07821317,1,1.0,0.48731175,0.5848376,0.011606215,-0.21128465,0
12,115,0.48731175,0.5848376,0.011606215,-0.21128465,0,1.0,0.4990085,0.38955164,0.007380522,0.08503671,0
12,116,0.4990085,0.38955164,0.007380522,0.08503671,1,1.0,0.5067996,0.584567,0.009081256,-0.20530854,0
12,117,0.5067996,0.584567,0.009081256,-0.20530854,0,1.0,0.5184909,0.38931638,0.004975085,0.090225175,0
12,118,0.5184909,0.38931638,0.004975085,0.090225175,1,1.0,0.52627724,0.5843667,0.0067795888,-0.20088397,0
12,119,0.52627724,0.5843667,0.0067795888,-0.20088397,0,1.0,0.5379645,0.3891484,0.0027619093,0.09392987,0
12,120,0.5379645,0.3891484,0.0027619093,0.09392987,1,1.0,0.5457475,0.58423066,0.0046405066,-0.1978804,0
12,121,0.5457475,0.58423066,0.0046405066,-0.1978804,0,1.0,0.5574321,0.38904265,0.00068289856,0.096262775,0
12,122,0.5574321,0.38904265,0.00068289856,0.096262775,0,1.0,0.56521297,0.19391093,0.0026081542,0.38916108,0
12,123,0.56521297,0.19391093,0.0026081542,0.38916108,1,1.0,0.5690912,0.38899577,0.010391376,0.09730162,0
12,124,0.5690912,0.38899577,0.010391376,0.09730162,1,1.0,0.5768711,0.58396727,0.012337408,-0.19208482,0
12,125,0.5768711,0.58396727,0.012337408,-0.19208482,1,1.0,0.58855045,0.7789106,0.008495712,-0.48085043,0
12,126,0.58855045,0.7789106,0.008495712,-0.48085043,0,1.0,0.60412866,0.5836697,-0.0011212965,-0.18550202,0
12,127,0.60412866,0.5836697,-0.0011212965,-0.18550202,0,1.0,0.61580205,0.38856384,-0.004831337,0.106826976,0
12,128,0.61580205,0.38856384,-0.004831337,0.106826976,0,1.0,0.62357336,0.19351144,-0.0026947975,0.39798173,0
12,129,0.62357336,0.19351144,-0.0026947975,0.39798173,1,1.0,0.62744355,0.38867152,0.0052648373,0.104450405,0
12,130,0.62744355,0.38867152,0.0052648373,0.104450405,1,1.0,0.635217,0.58371764,0.007353845,-0.18656684,0
12,131,0.635217,0.58371764,0.007353845,-0.18656684,0,1.0,0.64689136,0.38849124,0.0036225081,0.10842683,0
12,132,0.64689136,0.38849124,0.0036225081,0.10842683,1,1.0,0.6546612,0.5835611,0.005791045,-0.18311101,0
12,133,0.6546612,0.5835611,0.005791045,-0.18311101,0,1.0,0.6663324,0.38835675,0.0021288246,0.11139313,0
12,134,0.6663324,0.38835675,0.0021288246,0.11139313,1,1.0,0.67409956,0.5834481,0.004356687,-0.1806174,0
12,135,0.67409956,0.5834481,0.004356687,-0.1806174,0,1.0,0.6857685,0.38826412,0.0007443391,0.113436714,0
12,136,0.6857685,0.38826412,0.0007443391,0.113436714,1,1.0,0.6935338,0.5833754,0.0030130732,-0.17901129,0
12,137,0.6935338,0.5833754,0.0030130732,-0.17901129,0,1.0,0.70520127,0.38821045,-0.00056715246,0.11462063,0
12,138,0.70520127,0.38821045,-0.00056715246,0.11462063,1,1.0,0.7129655,0.5833405,0.0017252603,-0.17824118,0
12,139,0.7129655,0.5833405,0.0017252603,-0.17824118,0,1.0,0.7246323,0.38819394,-0.0018395631,0.11498552,0
12,140,0.7246323,0.38819394,-0.0018395631,0.11498552,1,1.0,0.7323962,0.5833422,0.00046014713,-0.17827721,0
12,141,0.7323962,0.5833422,0.00046014713,-0.17827721,0,1.0,0.744063,0.38821366,-0.003105397,0.114550844,0
12,142,0.744063,0.38821366,-0.003105397,0.114550844,1,1.0,0.7518273,0.58338,-0.0008143803,-0.1791102,0
12,143,0.7518273,0.58338,-0.0008143803,-0.1791102,0,1.0,0.7634949,0.3882697,-0.0043965844,0.11331571,0
12,144,0.7634949,0.3882697,-0.0043965844,0.11331571,1,1.0,0.7712603,0.5834544,-0.00213027,-0.18075106,0
12,145,0.7712603,0.5834544,-0.00213027,-0.18075106,0,1.0,0.78292936,0.38836294,-0.0057452912,0.11125908,0
12,146,0.78292936,0.38836294,-0.0057452912,0.11125908,1,1.0,0.7906966,0.5835668,-0.0035201097,-0.1832309,0
12,147,0.7906966,0.5835668,-0.0035201097,-0.1832309,0,1.0,0.802368,0.38849536,-0.0071847276,0.10833949,0
12,148,0.802368,0.38849536,-0.0071847276,0.10833949,1,1.0,0.81013787,0.5837195,-0.005017938,-0.1866015,0
12,149,0.81013787,0.5837195,-0.005017938,-0.1866015,0,1.0,0.8218123,0.38866973,-0.008749967,0.10449425,0
12,150,0.8218123,0.38866973,-0.008749967,0.10449425,1,1.0,0.8295857,0.58391595,-0.006660083,-0.19093637,0
12,151,0.8295857,0.58391595,-0.006660083,-0.19093637,0,1.0,0.841264,0.3888899,-0.01047881,0.099638164,0
12,152,0.841264,0.3888899,-0.01047881,0.099638164,1,1.0,0.8490418,0.58416045,-0.008486047,-0.1963323,0
12,153,0.8490418,0.58416045,-0.008486047,-0.1963323,0,1.0,0.860725,0.38916093,-0.012412693,0.09366162,0
12,154,0.860725,0.38916093,-0.012412693,0.09366162,1,1.0,0.8685082,0.5844586,-0.010539461,-0.20291151,0
12,155,0.8685082,0.5844586,-0.010539461,-0.20291151,0,1.0,0.8801974,0.3894889,-0.014597691,0.08642818,0
12,156,0.8801974,0.3894889,-0.014597691,0.08642818,1,1.0,0.8879872,0.58481705,-0.012869127,-0.21082436,0
12,157,0.8879872,0.58481705,-0.012869127,-0.21082436,0,1.0,0.89968354,0.38988143,-0.017085614,0.07777142,0
12,158,0.89968354,0.38988143,-0.017085614,0.07777142,1,1.0,0.90748113,0.5852441,-0.015530186,-0.22025274,0
12,159,0.90748113,0.5852441,-0.015530186,-0.22025274,0,1.0,0.919186,0.39034754,-0.019935241,0.06749116,0
12,160,0.919186,0.39034754,-0.019935241,0.06749116,1,1.0,0.92699295,0.58574957,-0.018585417,-0.23141418,0
12,161,0.92699295,0.58574957,-0.018585417,-0.23141418,0,1.0,0.93870795,0.39089802,-0.023213701,0.055348817,0
12,162,0.93870795,0.39089802,-0.023213701,0.055348817,0,1.0,0.94652593,0.19611649,-0.022106724,0.3406182,0
12,163,0.94652593,0.19611649,-0.022106724,0.3406182,1,1.0,0.9504483,0.3915459,-0.015294361,0.041046876,0
12,164,0.9504483,0.3915459,-0.015294361,0.041046876,1,1.0,0.9582792,0.5868838,-0.014473423,-0.25642207,0
12,165,0.9582792,0.5868838,-0.014473423,-0.25642207,0,1.0,0.97001684,0.39197144,-0.019601865,0.031660806,0
12,166,0.97001684,0.39197144,-0.019601865,0.031660806,1,1.0,0.9778563,0.5873689,-0.01896865,-0.2671417,0
12,167,0.9778563,0.5873689,-0.01896865,-0.2671417,0,1.0,0.98960364,0.39252275,-0.024311483,0.01949853,0
12,168,0.98960364,0.39252275,-0.024311483,0.01949853,1,1.0,0.9974541,0.58798474,-0.023921512,-0.28075472,0
12,169,0.9974541,0.58798474,-0.023921512,-0.28075472,0,1.0,1.0092138,0.39321205,-0.029536607,0.0042884834,0
12,170,1.0092138,0.39321205,-0.029536607,0.0042884834,0,1.0,1.017078,0.19852589,-0.029450836,0.28750786,0
12,171,1.017078,0.19852589,-0.029450836,0.28750786,1,1.0,1.0210485,0.3940552,-0.023700679,-0.01431618,0
12,172,1.0210485,0.3940552,-0.023700679,-0.01431618,1,1.0,1.0289297,0.5895089,-0.023987003,-0.31438172,0
12,173,1.0289297,0.5895089,-0.023987003,-0.31438172,0,1.0,1.0407199,0.39473668,-0.030274637,-0.029358989,0
12,174,1.0407199,0.39473668,-0.030274637,-0.029358989,0,1.0,1.0486146,0.20006168,-0.030861817,0.25362033,0
12,175,1.0486146,0.20006168,-0.030861817,0.25362033,1,1.0,1.0526158,0.3956104,-0.02578941,-0.048635,0
12,176,1.0526158,0.3956104,-0.02578941,-0.048635,1,1.0,1.060528,0.59109247,-0.026762111,-0.34934184,0
12,177,1.060528,0.59109247,-0.026762111,-0.34934184,0,1.0,1.0723499,0.39636114,-0.033748947,-0.0652166,0
12,178,1.0723499,0.39636114,-0.033748947,-0.0652166,0,1.0,1.0802771,0.20173892,-0.03505328,0.2166302,0
12,179,1.0802771,0.20173892,-0.03505328,0.2166302,1,1.0,1.0843118,0.397344,-0.030720675,-0.08690072,0
12,180,1.0843118,0.397344,-0.030720675,-0.08690072,0,1.0,1.0922587,0.20267555,-0.03245869,0.1959337,0
12,181,1.0922587,0.20267555,-0.03245869,0.1959337,1,1.0,1.0963123,0.3982464,-0.028540015,-0.10680922,0
12,182,1.0963123,0.3982464,-0.028540015,-0.10680922,1,1.0,1.1042771,0.59376544,-0.030676201,-0.408358,0
12,183,1.1042771,0.59376544,-0.030676201,-0.408358,0,1.0,1.1161525,0.3990916,-0.03884336,-0.12550198,0
12,184,1.1161525,0.3990916,-0.03884336,-0.12550198,0,1.0,1.1241343,0.20454702,-0.0413534,0.15467769,0
12,185,1.1241343,0.20454702,-0.0413534,0.15467769,1,1.0,1.1282253,0.40023592,-0.038259845,-0.15075916,0
12,186,1.1282253,0.40023592,-0.038259845,-0.15075916,0,1.0,1.13623,0.20568211,-0.04127503,0.12961233,0
12,187,1.13623,0.20568211,-0.04127503,0.12961233,1,1.0,1.1403437,0.4013703,-0.03868278,-0.17580134,0
12,188,1.1403437,0.4013703,-0.03868278,-0.17580134,0,1.0,1.148371,0.20682268,-0.04219881,0.104431875,0
12,189,1.148371,0.20682268,-0.04219881,0.104431875,1,1.0,1.1525075,0.40252316,-0.04011017,-0.2012603,0
12,190,1.1525075,0.40252316,-0.04011017,-0.2012603,0,1.0,1.160558,0.20799714,-0.044135377,0.07850482,0
12,191,1.160558,0.20799714,-0.044135377,0.07850482,1,1.0,1.1647179,0.4037231,-0.042565282,-0.22776979,0
12,192,1.1647179,0.4037231,-0.042565282,-0.22776979,0,1.0,1.1727923,0.20923446,-0.047120675,0.05118849,0
12,193,1.1727923,0.20923446,-0.047120675,0.05118849,1,1.0,1.176977,0.4049993,-0.046096906,-0.25598118,0
12,194,1.176977,0.4049993,-0.046096906,-0.25598118,0,1.0,1.1850771,0.21056476,-0.05121653,0.021813119,0
12,195,1.1850771,0.21056476,-0.05121653,0.021813119,0,1.0,1.1892884,0.0162133,-0.050780267,0.29790697,0
12,196,1.1892884,0.0162133,-0.050780267,0.29790697,1,1.0,1.1896126,0.21202095,-0.04482213,-0.010348891,0
12,197,1.1896126,0.21202095,-0.04482213,-0.010348891,1,1.0,1.193853,0.4077561,-0.045029107,-0.31683004,0
12,198,1.193853,0.4077561,-0.045029107,-0.31683004,0,1.0,1.2020081,0.21330348,-0.051365707,-0.03868084,0
12,199,1.2020081,0.21330348,-0.051365707,-0.03868084,0,1.0,1.2062742,0.018954307,-0.052139323,0.23736355,0
12,200,1.2062742,0.018954307,-0.052139323,0.23736355,1,1.0,1.2066532,0.21478088,-0.04739205,-0.07129915,0
12,201,1.2066532,0.21478088,-0.04739205,-0.07129915,1,1.0,1.210949,0.4105491,-0.048818037,-0.3785498,0
12,202,1.210949,0.4105491,-0.048818037,-0.3785498,0,1.0,1.2191598,0.2161532,-0.056389034,-0.10165018,0
12,203,1.2191598,0.2161532,-0.056389034,-0.10165018,0,1.0,1.223483,0.021882826,-0.058422036,0.17272262,0
12,204,1.223483,0.021882826,-0.058422036,0.17272262,0,1.0,1.2239206,-0.17235641,-0.054967582,0.4464181,0
12,205,1.2239206,-0.17235641,-0.054967582,0.4464181,1,1.0,1.2204735,0.023498325,-0.04603922,0.13692737,0
12,206,1.2204735,0.023498325,-0.04603922,0.13692737,1,1.0,1.2209435,0.21924843,-0.043300673,-0.16991742,0
12,207,1.2209435,0.21924843,-0.043300673,-0.16991742,1,1.0,1.2253284,0.41496256,-0.04669902,-0.47593984,0
12,208,1.2253284,0.41496256,-0.04669902,-0.47593984,0,1.0,1.2336277,0.22053005,-0.05621782,-0.19833356,0
12,209,1.2336277,0.22053005,-0.05621782,-0.19833356,0,1.0,1.2380383,0.026255365,-0.06018449,0.076098755,0
12,210,1.2380383,0.026255365,-0.06018449,0.076098755,0,1.0,1.2385634,-0.16795446,-0.058662515,0.3492025,0
12,211,1.2385634,-0.16795446,-0.058662515,0.3492025,1,1.0,1.2352043,0.027950617,-0.051678464,0.03861347,0
12,212,1.2352043,0.027950617,-0.051678464,0.03861347,1,1.0,1.2357633,0.22377409,-0.050906196,-0.2699163,0
12,213,1.2357633,0.22377409,-0.050906196,-0.2699163,0,1.0,1.2402388,0.029414149,-0.05630452,0.0062859785,0
12,214,1.2402388,0.029414149,-0.05630452,0.0062859785,0,1.0,1.2408271,-0.164857,-0.0561788,0.28068614,0
12,215,1.2408271,-0.164857,-0.0561788,0.28068614,1,1.0,1.2375299,0.031019436,-0.05056508,-0.02917288,0
12,216,1.2375299,0.031019436,-0.05056508,-0.02917288,1,1.0,1.2381504,0.22682868,-0.051148538,-0.33737114,0
12,217,1.2381504,0.22682868,-0.051148538,-0.33737114,0,1.0,1.2426869,0.0324705,-0.05789596,-0.06124625,0
12,218,1.2426869,0.0324705,-0.05789596,-0.06124625,0,1.0,1.2433363,-0.16177562,-0.059120886,0.21262284,0
12,219,1.2433363,-0.16177562,-0.059120886,0.21262284,1,1.0,1.2401007,0.034139585,-0.05486843,-0.09810796,0
12,220,1.2401007,0.034139585,-0.05486843,-0.09810796,0,1.0,1.2407836,-0.1601548,-0.05683059,0.17677182,0
12,221,1.2407836,-0.1601548,-0.05683059,0.17677182,1,1.0,1.2375805,0.035732448,-0.05329515,-0.1332839,0
12,222,1.2375805,0.035732448,-0.05329515,-0.1332839,0,1.0,1.2382951,-0.1585872,-0.05596083,0.14212035,0
12,223,1.2382951,-0.1585872,-0.05596083,0.14212035,1,1.0,1.2351234,0.0372897,-0.053118423,-0.16767895,0
12,224,1.2351234,0.0372897,-0.053118423,-0.16767895,0,1.0,1.2358692,-0.15703326,-0.056472,0.10778489,0
12,225,1.2358692,-0.15703326,-0.056472,0.10778489,1,1.0,1.2327285,0.03885056,-0.054316305,-0.2021664,0
12,226,1.2327285,0.03885056,-0.054316305,-0.2021664,0,1.0,1.2335055,-0.1554542,-0.05835963,0.07289978,0
12,227,1.2335055,-0.1554542,-0.05835963,0.07289978,0,1.0,1.2303964,-0.34969306,-0.056901634,0.34661403,0
12,228,1.2303964,-0.34969306,-0.056901634,0.34661403,1,1.0,1.2234026,-0.15380983,-0.049969357,0.036544688,0
12,229,1.2234026,-0.15380983,-0.049969357,0.036544688,1,1.0,1.2203264,0.04199176,-0.049238462,-0.27147597,0
12,230,1.2203264,0.04199176,-0.049238462,-0.27147597,0,1.0,1.2211663,-0.15239426,-0.05466798,0.0052794293,0
12,231,1.2211663,-0.15239426,-0.05466798,0.0052794293,1,1.0,1.2181183,0.043467354,-0.054562394,-0.30413848,0
12,232,1.2181183,0.043467354,-0.054562394,-0.30413848,0,1.0,1.2189877,-0.15083629,-0.060645163,-0.029150141,0
12,233,1.2189877,-0.15083629,-0.060645163,-0.029150141,0,1.0,1.215971,-0.34503847,-0.061228164,0.24379888,0
12,234,1.215971,-0.34503847,-0.061228164,0.24379888,1,1.0,1.2090702,-0.14909784,-0.056352187,-0.06755115,0
12,235,1.2090702,-0.14909784,-0.056352187,-0.06755115,0,1.0,1.2060882,-0.3433685,-0.05770321,0.20683348,0
12,236,1.2060882,-0.3433685,-0.05770321,0.20683348,1,1.0,1.1992209,-0.1474709,-0.05356654,-0.10347916,0
12,237,1.1992209,-0.1474709,-0.05356654,-0.10347916,0,1.0,1.1962714,-0.3417859,-0.055636123,0.17183423,0
12,238,1.1962714,-0.3417859,-0.055636123,0.17183423,1,1.0,1.1894357,-0.14591362,-0.05219944,-0.13786818,0
12,239,1.1894357,-0.14591362,-0.05219944,-0.13786818,0,1.0,1.1865175,-0.34025058,-0.0549568,0.13790053,0
12,240,1.1865175,-0.34025058,-0.0549568,0.13790053,1,1.0,1.1797124,-0.1443863,-0.05219879,-0.17160149,0
12,241,1.1797124,-0.1443863,-0.05219879,-0.17160149,0,1.0,1.1768247,-0.3387238,-0.05563082,0.104168236,0
12,242,1.1768247,-0.3387238,-0.05563082,0.104168236,1,1.0,1.1700503,-0.14285056,-0.053547457,-0.20553413,0
12,243,1.1700503,-0.14285056,-0.053547457,-0.20553413,0,1.0,1.1671932,-0.3371675,-0.05765814,0.06978809,0
12,244,1.1671932,-0.3371675,-0.05765814,0.06978809,0,1.0,1.1604499,-0.5314175,-0.056262378,0.3437367,0
12,245,1.1604499,-0.5314175,-0.056262378,0.3437367,1,1.0,1.1498215,-0.33554214,-0.04938764,0.033856213,0
12,246,1.1498215,-0.33554214,-0.04938764,0.033856213,1,1.0,1.1431106,-0.139748,-0.048710518,-0.27399093,0
12,247,1.1431106,-0.139748,-0.048710518,-0.27399093,0,1.0,1.1403158,-0.33414233,-0.054190338,0.0029394552,0
12,248,1.1403158,-0.33414233,-0.054190338,0.0029394552,1,1.0,1.1336329,-0.13828677,-0.05413155,-0.3063368,0
12,249,1.1336329,-0.13828677,-0.05413155,-0.3063368,0,1.0,1.1308671,-0.33259726,-0.060258284,-0.031204905,0
12,250,1.1308671,-0.33259726,-0.060258284,-0.031204905,0,1.0,1.1242152,-0.52680564,-0.060882382,0.24187371,0
12,251,1.1242152,-0.52680564,-0.060882382,0.24187371,1,1.0,1.113679,-0.33086923,-0.056044906,-0.0693747,0
12,252,1.113679,-0.33086923,-0.056044906,-0.0693747,0,1.0,1.1070617,-0.52514476,-0.057432402,0.20511246,0
12,253,1.1070617,-0.52514476,-0.057432402,0.20511246,1,1.0,1.0965588,-0.32925054,-0.053330153,-0.10512024,0
12,254,1.0965588,-0.32925054,-0.053330153,-0.10512024,0,1.0,1.0899738,-0.5235693,-0.055432558,0.17027184,0
12,255,1.0899738,-0.5235693,-0.055432558,0.17027184,1,1.0,1.0795025,-0.3276995,-0.05202712,-0.13937032,0
12,256,1.0795025,-0.3276995,-0.05202712,-0.13937032,0,1.0,1.0729485,-0.52203923,-0.05481453,0.13645568,0
12,257,1.0729485,-0.52203923,-0.05481453,0.13645568,1,1.0,1.0625076,-0.32617673,-0.052085415,-0.1730042,0
12,258,1.0625076,-0.32617673,-0.052085415,-0.1730042,0,1.0,1.0559841,-0.52051604,-0.055545498,0.102803245,0
12,259,1.0559841,-0.52051604,-0.055545498,0.102803245,1,1.0,1.0455738,-0.32464385,-0.05348943,-0.20687386,0
12,260,1.0455738,-0.32464385,-0.05348943,-0.20687386,0,1.0,1.0390809,-0.5189617,-0.05762691,0.06846769,0
12,261,1.0390809,-0.5189617,-0.05762691,0.06846769,0,1.0,1.0287017,-0.7132122,-0.056257557,0.34242675,0
12,262,1.0287017,-0.7132122,-0.056257557,0.34242675,1,1.0,1.0144374,-0.51733685,-0.04940902,0.032547586,0
12,263,1.0144374,-0.51733685,-0.04940902,0.032547586,1,1.0,1.0040907,-0.32154247,-0.04875807,-0.27530596,0
12,264,1.0040907,-0.32154247,-0.04875807,-0.27530596,0,1.0,0.99765986,-0.5159361,-0.054264188,0.0016087459,0
12,265,0.99765986,-0.5159361,-0.054264188,0.0016087459,0,1.0,0.9873411,-0.71023947,-0.054232012,0.27668905,0
12,266,0.9873411,-0.71023947,-0.054232012,0.27668905,1,1.0,0.9731363,-0.5143874,-0.04869823,-0.032593504,0
12,267,0.9731363,-0.5143874,-0.04869823,-0.032593504,1,1.0,0.9628486,-0.3186022,-0.0493501,-0.34023485,0
12,268,0.9628486,-0.3186022,-0.0493501,-0.34023485,0,1.0,0.9564765,-0.5129885,-0.0561548,-0.06351342,0
12,269,0.9564765,-0.5129885,-0.0561548,-0.06351342,0,1.0,0.94621676,-0.7072623,-0.057425067,0.21093702,0
12,270,0.94621676,-0.7072623,-0.057425067,0.21093702,1,1.0,0.9320715,-0.5113683,-0.05320633,-0.09929331,0
12,271,0.9320715,-0.5113683,-0.05320633,-0.09929331,0,1.0,0.9218441,-0.7056889,-0.055192195,0.17613988,0
12,272,0.9218441,-0.7056889,-0.055192195,0.17613988,1,1.0,0.9077304,-0.5098223,-0.051669396,-0.13343091,0
12,273,0.9077304,-0.5098223,-0.051669396,-0.13343091,0,1.0,0.89753395,-0.7041675,-0.054338016,0.14251383,0
12,274,0.89753395,-0.7041675,-0.054338016,0.14251383,1,1.0,0.88345057,-0.50831115,-0.05148774,-0.16680463,0
12,275,0.88345057,-0.50831115,-0.05148774,-0.16680463,0,1.0,0.87328434,-0.7026597,-0.05482383,0.109201215,0
12,276,0.87328434,-0.7026597,-0.05482383,0.109201215,0,1.0,0.8592312,-0.89695495,-0.052639805,0.38409603,0
12,277,0.8592312,-0.89695495,-0.052639805,0.38409603,1,1.0,0.8412921,-0.7011267,-0.044957887,0.07529158,0
12,278,0.8412921,-0.7011267,-0.044957887,0.07529158,1,1.0,0.82726955,-0.50539005,-0.043452054,-0.23122992,0
12,279,0.82726955,-0.50539005,-0.043452054,-0.23122992,0,1.0,0.81716174,-0.69986504,-0.048076652,0.04743633,0
12,280,0.81716174,-0.69986504,-0.048076652,0.04743633,1,1.0,0.8031644,-0.50408787,-0.047127925,-0.2600192,0
12,281,0.8031644,-0.50408787,-0.047127925,-0.2600192,0,1.0,0.79308265,-0.6985064,-0.05232831,0.017434401,0
12,282,0.79308265,-0.6985064,-0.05232831,0.017434401,0,1.0,0.7791125,-0.8928404,-0.051979624,0.29315883,0
12,283,0.7791125,-0.8928404,-0.051979624,0.29315883,1,1.0,0.76125574,-0.6970174,-0.046116445,-0.015454113,0
12,284,0.76125574,-0.6970174,-0.046116445,-0.015454113,0,1.0,0.7473154,-0.8914487,-0.04642553,0.2623293,0
12,285,0.7473154,-0.8914487,-0.04642553,0.2623293,1,1.0,0.7294864,-0.6956958,-0.04117894,-0.044627767,0
12,286,0.7294864,-0.6956958,-0.04117894,-0.044627767,1,1.0,0.7155725,-0.50000834,-0.042071495,-0.35001338,0
12,287,0.7155725,-0.50000834,-0.042071495,-0.35001338,0,1.0,0.7055723,-0.6945075,-0.049071763,-0.070888184,0
12,288,0.7055723,-0.6945075,-0.049071763,-0.070888184,0,1.0,0.69168216,-0.8888928,-0.050489526,0.20591752,0
12,289,0.69168216,-0.8888928,-0.050489526,0.20591752,1,1.0,0.6739043,-0.69308656,-0.046371177,-0.10225517,0
12,290,0.6739043,-0.69308656,-0.046371177,-0.10225517,0,1.0,0.6600426,-0.88751435,-0.04841628,0.17544475,0
12,291,0.6600426,-0.88751435,-0.04841628,0.17544475,1,1.0,0.6422923,-0.69173414,-0.044907387,-0.13211027,0
12,292,0.6422923,-0.69173414,-0.044907387,-0.13211027,0,1.0,0.6284576,-0.886185,-0.04754959,0.14607364,0
12,293,0.6284576,-0.886185,-0.04754959,0.14607364,1,1.0,0.6107339,-0.6904155,-0.044628117,-0.16122301,0
12,294,0.6107339,-0.6904155,-0.044628117,-0.16122301,0,1.0,0.5969256,-0.88487107,-0.04785258,0.11705363,0
12,295,0.5969256,-0.88487107,-0.04785258,0.11705363,1,1.0,0.5792282,-0.6890973,-0.045511506,-0.19033416,0
12,296,0.5792282,-0.6890973,-0.045511506,-0.19033416,0,1.0,0.56544626,-0.8835396,-0.04931819,0.087651536,0
12,297,0.56544626,-0.8835396,-0.04931819,0.087651536,1,1.0,0.54777545,-0.6877467,-0.04756516,-0.2201744,0
12,298,0.54777545,-0.6877467,-0.04756516,-0.2201744,0,1.0,0.53402054,-0.8821576,-0.051968645,0.05713326,0
12,299,0.53402054,-0.8821576,-0.051968645,0.05713326,0,1.0,0.5163774,-1.0764974,-0.05082598,0.33297747,0
12,300,0.5163774,-1.0764974,-0.05082598,0.33297747,1,1.0,0.49484742,-0.8806903,-0.04416643,0.024709642,0
12,301,0.49484742,-0.8806903,-0.04416643,0.024709642,1,1.0,0.47723362,-0.68496364,-0.043672238,-0.28157467,0
12,302,0.47723362,-0.68496364,-0.043672238,-0.28157467,0,1.0,0.46353436,-0.8794364,-0.049303733,-0.0029793363,0
12,303,0.46353436,-0.8794364,-0.049303733,-0.0029793363,0,1.0,0.44594562,-1.0738178,-0.04936332,0.2737491,0
12,304,0.44594562,-1.0738178,-0.04936332,0.2737491,1,1.0,0.42446926,-0.87802756,-0.043888338,-0.03408544,0
12,305,0.42446926,-0.87802756,-0.043888338,-0.03408544,0,1.0,0.40690872,-1.0724936,-0.044570044,0.24443363,0
12,306,0.40690872,-1.0724936,-0.044570044,0.24443363,1,1.0,0.38545883,-0.8767643,-0.03968137,-0.061967973,0
12,307,0.38545883,-0.8767643,-0.03968137,-0.061967973,0,1.0,0.36792356,-1.0712955,-0.04092073,0.21793588,0
12,308,0.36792356,-1.0712955,-0.04092073,0.21793588,1,1.0,0.34649765,-0.87561315,-0.036562014,-0.0873692,0
12,309,0.34649765,-0.87561315,-0.036562014,-0.0873692,0,1.0,0.32898536,-1.0701925,-0.0383094,0.19355787,0
12,310,0.32898536,-1.0701925,-0.0383094,0.19355787,1,1.0,0.3075815,-0.8745441,-0.03443824,-0.11095965,0
12,311,0.3075815,-0.8745441,-0.03443824,-0.11095965,0,1.0,0.29009065,-1.069156,-0.036657434,0.17066239,0
12,312,0.29009065,-1.069156,-0.036657434,0.17066239,1,1.0,0.2687075,-0.87352914,-0.033244185,-0.13335575,0
12,313,0.2687075,-0.87352914,-0.033244185,-0.13335575,0,1.0,0.25123695,-1.0681595,-0.035911303,0.14865652,0
12,314,0.25123695,-1.0681595,-0.035911303,0.14865652,1,1.0,0.22987375,-0.8725422,-0.03293817,-0.15513591,0
12,315,0.22987375,-0.8725422,-0.03293817,-0.15513591,0,1.0,0.2124229,-1.0671774,-0.03604089,0.12697652,0
12,316,0.2124229,-1.0671774,-0.03604089,0.12697652,1,1.0,0.19107936,-0.8715582,-0.03350136,-0.1768555,0
12,317,0.19107936,-0.8715582,-0.03350136,-0.1768555,0,1.0,0.1736482,-1.0661851,-0.03703847,0.10507347,0
12,318,0.1736482,-1.0661851,-0.03703847,0.10507347,1,1.0,0.1523245,-0.8705525,-0.034937,-0.19906104,0
12,319,0.1523245,-0.8705525,-0.034937,-0.19906104,0,1.0,0.13491344,-1.0651578,-0.03891822,0.08239938,0
12,320,0.13491344,-1.0651578,-0.03891822,0.08239938,1,1.0,0.11361029,-0.86950016,-0.037270233,-0.22230385,0
12,321,0.11361029,-0.86950016,-0.037270233,-0.22230385,0,1.0,0.09622029,-1.0640701,-0.04171631,0.0583935,0
12,322,0.09622029,-1.0640701,-0.04171631,0.0583935,1,1.0,0.074938886,-0.8683756,-0.04054844,-0.2471539,0
12,323,0.074938886,-0.8683756,-0.04054844,-0.2471539,0,1.0,0.057571374,-1.0628958,-0.045491517,0.03246844,0
12,324,0.057571374,-1.0628958,-0.045491517,0.03246844,1,1.0,0.03631346,-0.8671519,-0.04484215,-0.2742134,0
12,325,0.03631346,-0.8671519,-0.04484215,-0.2742134,0,1.0,0.018970422,-1.0616063,-0.050326418,0.003995836,0
12,326,0.018970422,-1.0616063,-0.050326418,0.003995836,0,1.0,-0.0022617043,-1.2559718,-0.0502465,0.2803851,0
12,327,-0.0022617043,-1.2559718,-0.0502465,0.2803851,1,1.0,-0.027381139,-1.0601704,-0.044638798,-0.027712487,0
12,328,-0.027381139,-1.0601704,-0.044638798,-0.027712487,1,1.0,-0.048584547,-0.86443764,-0.045193046,-0.33413857,0
12,329,-0.048584547,-0.86443764,-0.045193046,-0.33413857,0,1.0,-0.0658733,-1.0588882,-0.05187582,-0.056042746,0
12,330,-0.0658733,-1.0588882,-0.05187582,-0.056042746,0,1.0,-0.087051064,-1.2532295,-0.052996673,0.2198323,0
12,331,-0.087051064,-1.2532295,-0.052996673,0.2198323,1,1.0,-0.11211565,-1.0573916,-0.04860003,-0.0890858,0
12,332,-0.11211565,-1.0573916,-0.04860003,-0.0890858,0,1.0,-0.13326348,-1.2517844,-0.050381742,0.1878764,0
12,333,-0.13326348,-1.2517844,-0.050381742,0.1878764,1,1.0,-0.15829918,-1.0559793,-0.046624217,-0.12026469,0
12,334,-0.15829918,-1.0559793,-0.046624217,-0.12026469,0,1.0,-0.17941876,-1.2504033,-0.04902951,0.15735187,0
12,335,-0.17941876,-1.2504033,-0.04902951,0.15735187,1,1.0,-0.20442683,-1.0546149,-0.04588247,-0.1503867,0
12,336,-0.20442683,-1.0546149,-0.04588247,-0.1503867,0,1.0,-0.22551912,-1.2490509,-0.048890207,0.12747554,0
12,337,-0.22551912,-1.2490509,-0.048890207,0.12747554,1,1.0,-0.25050014,-1.0532638,-0.046340697,-0.18022203,0
12,338,-0.25050014,-1.0532638,-0.046340697,-0.18022203,0,1.0,-0.2715654,-1.2476931,-0.049945135,0.097489454,0
12,339,-0.2715654,-1.2476931,-0.049945135,0.097489454,1,1.0,-0.29651928,-1.0518922,-0.047995348,-0.21052338,0
12,340,-0.29651928,-1.0518922,-0.047995348,-0.21052338,0,1.0,-0.31755713,-1.2462962,-0.052205816,0.06664163,0
12,341,-0.31755713,-1.2462962,-0.052205816,0.06664163,1,1.0,-0.34248304,-1.0504662,-0.05087298,-0.24204479,0
12,342,-0.34248304,-1.0504662,-0.05087298,-0.24204479,0,1.0,-0.36349237,-1.244826,-0.055713877,0.03416745,0
12,343,-0.36349237,-1.244826,-0.055713877,0.03416745,0,1.0,-0.3883889,-1.4391065,-0.05503053,0.30876473,0
12,344,-0.3883889,-1.4391065,-0.05503053,0.30876473,1,1.0,-0.41717103,-1.2432454,-0.048855234,-0.00075300597,0
12,345,-0.41717103,-1.2432454,-0.048855234,-0.00075300597,0,1.0,-0.4420359,-1.4376339,-0.048870295,0.2761241,0
12,346,-0.4420359,-1.4376339,-0.048870295,0.2761241,1,1.0,-0.4707886,-1.24185,-0.043347813,-0.031563263,0
12,347,-0.4707886,-1.24185,-0.043347813,-0.031563263,0,1.0,-0.49562562,-1.4363244,-0.04397908,0.24713401,0
12,348,-0.49562562,-1.4363244,-0.04397908,0.24713401,1,1.0,-0.5243521,-1.2406027,-0.039036397,-0.059090137,0
12,349,-0.5243521,-1.2406027,-0.039036397,-0.059090137,0,1.0,-0.5491641,-1.435144,-0.0402182,0.22102547,0
12,350,-0.5491641,-1.435144,-0.0402182,0.22102547,1,1.0,-0.57786703,-1.2394708,-0.035797693,-0.08406774,0
12,351,-0.57786703,-1.2394708,-0.035797693,-0.08406774,0,1.0,-0.6026564,-1.4340619,-0.037479047,0.19710949,0
12,352,-0.6026564,-1.4340619,-0.037479047,0.19710949,1,1.0,-0.6313377,-1.2384244,-0.033536855,-0.10715683,0
12,353,-0.6313377,-1.2384244,-0.033536855,-0.10715683,0,1.0,-0.6561062,-1.4330502,-0.035679992,0.17475958,0
12,354,-0.6561062,-1.4330502,-0.035679992,0.17475958,1,1.0,-0.6847672,-1.2374362,-0.032184802,-0.12896226,0
12,355,-0.6847672,-1.2374362,-0.032184802,-0.12896226,0,1.0,-0.70951587,-1.4320827,-0.034764048,0.15339552,0
12,356,-0.70951587,-1.4320827,-0.034764048,0.15339552,1,1.0,-0.7381576,-1.2364806,-0.031696137,-0.1500488,0
12,357,-0.7381576,-1.2364806,-0.031696137,-0.1500488,0,1.0,-0.7628872,-1.4311347,-0.03469711,0.13246855,0
12,358,-0.7628872,-1.4311347,-0.03469711,0.13246855,1,1.0,-0.79150987,-1.2355334,-0.03204774,-0.17095578,0
12,359,-0.79150987,-1.2355334,-0.03204774,-0.17095578,0,1.0,-0.8162205,-1.4301823,-0.035466857,0.11144729,0
12,360,-0.8162205,-1.4301823,-0.035466857,0.11144729,0,1.0,-0.8448242,-1.6247786,-0.03323791,0.39273304,0
12,361,-0.8448242,-1.6247786,-0.03323791,0.39273304,1,1.0,-0.87731975,-1.4292011,-0.02538325,0.08975872,0
12,362,-0.87731975,-1.4292011,-0.02538325,0.08975872,0,1.0,-0.90590376,-1.6239502,-0.023588076,0.37432638,0
12,363,-0.90590376,-1.6239502,-0.023588076,0.37432638,1,1.0,-0.93838274,-1.4285012,-0.016101548,0.07430028,0
12,364,-0.93838274,-1.4285012,-0.016101548,0.07430028,1,1.0,-0.9669528,-1.2331523,-0.014615543,-0.22341894,0
12,365,-0.9669528,-1.2331523,-0.014615543,-0.22341894,0,1.0,-0.99161583,-1.4280623,-0.01908392,0.06461807,0
12,366,-0.99161583,-1.4280623,-0.01908392,0.06461807,0,1.0,-1.0201771,-1.6229055,-0.01779156,0.35121933,0
12,367,-1.0201771,-1.6229055,-0.01779156,0.35121933,1,1.0,-1.0526352,-1.427535,-0.010767173,0.052979693,0
12,368,-1.0526352,-1.427535,-0.010767173,0.052979693,0,1.0,-1.0811859,-1.622501,-0.009707579,0.34224615,0
12,369,-1.0811859,-1.622501,-0.009707579,0.34224615,1,1.0,-1.1136359,-1.4272423,-0.0028626567,0.046517894,0
12,370,-1.1136359,-1.4272423,-0.0028626567,0.046517894,1,1.0,-1.1421808,-1.2320794,-0.0019322989,-0.24706686,0
12,371,-1.1421808,-1.2320794,-0.0019322989,-0.24706686,0,1.0,-1.1668223,-1.4271737,-0.006873636,0.04500596,0
12,372,-1.1668223,-1.4271737,-0.006873636,0.04500596,0,1.0,-1.1953658,-1.6221964,-0.0059735165,0.33551228,0
12,373,-1.1953658,-1.6221964,-0.0059735165,0.33551228,1,1.0,-1.2278098,-1.42699,0.00073672907,0.04095163,0
12,374,-1.2278098,-1.42699,0.00073672907,0.04095163,1,1.0,-1.2563496,-1.2318786,0.0015557617,-0.25149876,0
12,375,-1.2563496,-1.2318786,0.0015557617,-0.25149876,0,1.0,-1.2809871,-1.4270227,-0.0034742136,0.041674476,0
12,376,-1.2809871,-1.4270227,-0.0034742136,0.041674476,0,1.0,-1.3095275,-1.6220948,-0.002640724,0.33325922,0
12,377,-1.3095275,-1.6220948,-0.002640724,0.33325922,1,1.0,-1.3419695,-1.4269353,0.004024461,0.039744727,0
12,378,-1.3419695,-1.4269353,0.004024461,0.039744727,1,1.0,-1.3705082,-1.2318712,0.0048193554,-0.25166574,0
12,379,-1.3705082,-1.2318712,0.0048193554,-0.25166574,0,1.0,-1.3951457,-1.4270617,-0.00021395931,0.042533413,0
12,380,-1.3951457,-1.4270617,-0.00021395931,0.042533413,0,1.0,-1.4236869,-1.6221806,0.0006367089,0.3351488,0
12,381,-1.4236869,-1.6221806,0.0006367089,0.3351488,1,1.0,-1.4561304,-1.4270676,0.007339685,0.04266675,0
12,382,-1.4561304,-1.4270676,0.007339685,0.04266675,1,1.0,-1.4846718,-1.2320517,0.008193021,-0.24769142,0
12,383,-1.4846718,-1.2320517,0.008193021,-0.24769142,0,1.0,-1.5093129,-1.4272897,0.0032391918,0.047564458,0
12,384,-1.5093129,-1.4272897,0.0032391918,0.047564458,0,1.0,-1.5378586,-1.622458,0.004190481,0.34126762,0
12,385,-1.5378586,-1.622458,0.004190481,0.34126762,1,1.0,-1.5703077,-1.4273959,0.011015833,0.049909063,0
12,386,-1.5703077,-1.4273959,0.011015833,0.049909063,1,1.0,-1.5988557,-1.2324337,0.012014015,-0.23927802,0
12,387,-1.5988557,-1.2324337,0.012014015,-0.23927802,0,1.0,-1.6235044,-1.4277251,0.007228454,0.057170127,0
12,388,-1.6235044,-1.4277251,0.007228454,0.057170127,0,1.0,-1.6520588,-1.62295,0.008371857,0.3521249,0
12,389,-1.6520588,-1.62295,0.008371857,0.3521249,1,1.0,-1.6845179,-1.4279481,0.015414354,0.06209358,0
12,390,-1.6845179,-1.4279481,0.015414354,0.06209358,1,1.0,-1.7130768,-1.2330505,0.016656226,-0.22568643,0
12,391,-1.7130768,-1.2330505,0.016656226,-0.22568643,0,1.0,-1.7377379,-1.4284065,0.012142497,0.07220361,0
12,392,-1.7377379,-1.4284065,0.012142497,0.07220361,1,1.0,-1.7663059,-1.2334607,0.01358657,-0.21662371,0
12,393,-1.7663059,-1.2334607,0.01358657,-0.21662371,0,1.0,-1.7909752,-1.4287742,0.009254095,0.080313854,0
12,394,-1.7909752,-1.4287742,0.009254095,0.080313854,0,1.0,-1.8195506,-1.6240276,0.010860372,0.37590206,0
12,395,-1.8195506,-1.6240276,0.010860372,0.37590206,1,1.0,-1.8520312,-1.4290615,0.018378412,0.08666314,0
12,396,-1.8520312,-1.4290615,0.018378412,0.08666314,1,1.0,-1.8806125,-1.2342077,0.020111676,-0.20016518,0
12,397,-1.8806125,-1.2342077,0.020111676,-0.20016518,0,1.0,-1.9052966,-1.4296116,0.016108373,0.09879358,0
12,398,-1.9052966,-1.4296116,0.016108373,0.09879358,1,1.0,-1.9338888,-1.2347242,0.018084245,-0.18876398,0
12,399,-1.9338888,-1.2347242,0.018084245,-0.18876398,0,1.0,-1.9585834,-1.4301001,0.014308965,0.1095685,0
12,400,-1.9585834,-1.4301001,0.014308965,0.1095685,1,1.0,-1.9871854,-1.2351861,0.016500335,-0.1785659,0
12,401,-1.9871854,-1.2351861,0.016500335,-0.1785659,0,1.0,-2.011889,-1.4305402,0.012929017,0.1192763,0
12,402,-2.011889,-1.4305402,0.012929017,0.1192763,1,1.0,-2.0405,-1.2356058,0.015314543,-0.16929975,0
12,403,-2.0405,-1.2356058,0.015314543,-0.16929975,0,1.0,-2.065212,-1.4309436,0.011928547,0.12817484,0
12,404,-2.065212,-1.4309436,0.011928547,0.12817484,0,1.0,-2.0938308,-1.6262344,0.014492044,0.42459708,0
12,405,-2.0938308,-1.6262344,0.014492044,0.42459708,1,1.0,-2.1263556,-1.4313207,0.022983985,0.13651775,0
12,406,-2.1263556,-1.4313207,0.022983985,0.13651775,1,1.0,-2.1549819,-1.2365353,0.025714342,-0.14882638,0
12,407,-2.1549819,-1.2365353,0.025714342,-0.14882638,0,1.0,-2.1797128,-1.4320159,0.022737812,0.1518567,0
12,408,-2.1797128,-1.4320159,0.022737812,0.1518567,1,1.0,-2.208353,-1.2372268,0.025774946,-0.1335671,0
12,409,-2.208353,-1.2372268,0.025774946,-0.1335671,0,1.0,-2.2330976,-1.4327083,0.023103606,0.16713473,0
12,410,-2.2330976,-1.4327083,0.023103606,0.16713473,1,1.0,-2.2617517,-1.2379246,0.0264463,-0.118171066,0
12,411,-2.2617517,-1.2379246,0.0264463,-0.118171066,0,1.0,-2.2865102,-1.4334152,0.024082879,0.18273674,0
12,412,-2.2865102,-1.4334152,0.024082879,0.18273674,1,1.0,-2.3151784,-1.238646,0.027737614,-0.1022527,0
12,413,-2.3151784,-1.238646,0.027737614,-0.1022527,0,1.0,-2.3399513,-1.4341543,0.02569256,0.1990507,0
12,414,-2.3399513,-1.4341543,0.02569256,0.1990507,1,1.0,-2.3686345,-1.2394091,0.029673573,-0.08541796,0
12,415,-2.3686345,-1.2394091,0.029673573,-0.08541796,0,1.0,-2.3934226,-1.4349434,0.027965214,0.21647735,0
12,416,-2.3934226,-1.4349434,0.027965214,0.21647735,1,1.0,-2.4221215,-1.2402322,0.03229476,-0.0672546,1
13,0,0.029449292,-0.042102054,0.017265959,-0.005243149,1,1.0,0.028607251,0.15276808,0.017161096,-0.29242885,0
13,1,0.028607251,0.15276808,0.017161096,-0.29242885,0,1.0,0.031662613,-0.0425943,0.011312519,0.0056166924,0
13,2,0.031662613,-0.0425943,0.011312519,0.0056166924,1,1.0,0.030810727,0.1523636,0.0114248535,-0.28347564,0
13,3,0.030810727,0.1523636,0.0114248535,-0.28347564,0,1.0,0.033857998,-0.042919423,0.0057553407,0.012788616,0
13,4,0.033857998,-0.042919423,0.0057553407,0.012788616,0,1.0,0.03299961,-0.23812343,0.0060111126,0.30728185,0
13,5,0.03299961,-0.23812343,0.0060111126,0.30728185,1,1.0,0.028237142,-0.043087654,0.01215675,0.016500717,0
13,6,0.028237142,-0.043087654,0.01215675,0.016500717,1,1.0,0.027375387,0.15185787,0.012486764,-0.27232197,0
13,7,0.027375387,0.15185787,0.012486764,-0.27232197,0,1.0,0.030412545,-0.043440014,0.007040325,0.02427304,0
13,8,0.030412545,-0.043440014,0.007040325,0.02427304,0,1.0,0.029543744,-0.23866221,0.007525786,0.31916893,0
13,9,0.029543744,-0.23866221,0.007525786,0.31916893,1,1.0,0.0247705,-0.043648254,0.013909164,0.028868824,0
13,10,0.0247705,-0.043648254,0.013909164,0.028868824,1,1.0,0.023897536,0.15127149,0.014486541,-0.25939336,0
13,11,0.023897536,0.15127149,0.014486541,-0.25939336,0,1.0,0.026922965,-0.044054236,0.009298674,0.03782339,0
13,12,0.026922965,-0.044054236,0.009298674,0.03782339,0,1.0,0.02604188,-0.23930828,0.0100551415,0.33342558,0
13,13,0.02604188,-0.23930828,0.0100551415,0.33342558,1,1.0,0.021255715,-0.044330884,0.016723653,0.043930415,0
13,14,0.021255715,-0.044330884,0.016723653,0.043930415,1,1.0,0.020369098,0.15054731,0.017602261,-0.24342948,0
13,15,0.020369098,0.15054731,0.017602261,-0.24342948,0,1.0,0.023380043,-0.04482158,0.012733672,0.054753263,0
13,16,0.023380043,-0.04482158,0.012733672,0.054753263,1,1.0,0.022483611,0.15011549,0.013828737,-0.23388505,0
13,17,0.022483611,0.15011549,0.013828737,-0.23388505,0,1.0,0.025485922,-0.045201283,0.009151036,0.06312763,0
13,18,0.025485922,-0.045201283,0.009151036,0.06312763,1,1.0,0.024581896,0.14978828,0.010413589,-0.2266541,0
13,19,0.024581896,0.14978828,0.010413589,-0.2266541,0,1.0,0.027577661,-0.045480937,0.0058805067,0.069295384,0
13,20,0.027577661,-0.045480937,0.0058805067,0.069295384,0,1.0,0.026668044,-0.2406867,0.0072664144,0.36382782,0
13,21,0.026668044,-0.2406867,0.0072664144,0.36382782,1,1.0,0.02185431,-0.045668773,0.014542971,0.07344496,0
13,22,0.02185431,-0.045668773,0.014542971,0.07344496,1,1.0,0.020940933,0.1492417,0.01601187,-0.21461435,0
13,23,0.020940933,0.1492417,0.01601187,-0.21461435,0,1.0,0.023925768,-0.04610546,0.011719583,0.08307612,0
13,24,0.023925768,-0.04610546,0.011719583,0.08307612,1,1.0,0.023003658,0.14884655,0.013381105,-0.20588633,0
13,25,0.023003658,0.14884655,0.013381105,-0.20588633,0,1.0,0.02598059,-0.04646417,0.009263379,0.090987444,0
13,26,0.02598059,-0.04646417,0.009263379,0.090987444,1,1.0,0.025051305,0.1485238,0.011083127,-0.19875856,0
13,27,0.025051305,0.1485238,0.011083127,-0.19875856,0,1.0,0.02802178,-0.046754915,0.0071079563,0.09739989,0
13,28,0.02802178,-0.046754915,0.0071079563,0.09739989,0,1.0,0.027086683,-0.24197802,0.009055954,0.39231685,0
13,29,0.027086683,-0.24197802,0.009055954,0.39231685,1,1.0,0.022247123,-0.04698574,0.016902292,0.10250286,0
13,30,0.022247123,-0.04698574,0.016902292,0.10250286,1,1.0,0.021307409,0.14788996,0.01895235,-0.1847999,0
13,31,0.021307409,0.14788996,0.01895235,-0.1847999,0,1.0,0.024265207,-0.047497973,0.015256351,0.11380102,0
13,32,0.024265207,-0.047497973,0.015256351,0.11380102,1,1.0,0.023315247,0.1474021,0.017532371,-0.17402986,0
13,33,0.023315247,0.1474021,0.017532371,-0.17402986,0,1.0,0.02626329,-0.047966342,0.014051774,0.124132,0
13,34,0.02626329,-0.047966342,0.014051774,0.124132,1,1.0,0.025303962,0.14695151,0.016534414,-0.16408482,0
13,35,0.025303962,0.14695151,0.016534414,-0.16408482,0,1.0,0.028242992,-0.048403185,0.013252717,0.13376805,0
13,36,0.028242992,-0.048403185,0.013252717,0.13376805,1,1.0,0.027274929,0.14652646,0.015928078,-0.15470454,0
13,37,0.027274929,0.14652646,0.015928078,-0.15470454,0,1.0,0.030205458,-0.048819896,0.012833987,0.14296047,0
13,38,0.030205458,-0.048819896,0.012833987,0.14296047,1,1.0,0.02922906,0.14611593,0.015693197,-0.1456461,0
13,39,0.02922906,0.14611593,0.015693197,-0.1456461,0,1.0,0.03215138,-0.049227208,0.012780275,0.15194614,0
13,40,0.03215138,-0.049227208,0.012780275,0.15194614,1,1.0,0.031166835,0.14570944,0.015819198,-0.13667764,0
13,41,0.031166835,0.14570944,0.015819198,-0.13667764,0,1.0,0.034081023,-0.049635485,0.013085646,0.16095373,0
13,42,0.034081023,-0.049635485,0.013085646,0.16095373,1,1.0,0.033088315,0.14529671,0.01630472,-0.12757246,0
13,43,0.033088315,0.14529671,0.01630472,-0.12757246,0,1.0,0.035994247,-0.050054975,0.013753271,0.17020948,0
13,44,0.035994247,-0.050054975,0.013753271,0.17020948,1,1.0,0.03499315,0.14486745,0.01715746,-0.11810316,0
13,45,0.03499315,0.14486745,0.01715746,-0.11810316,0,1.0,0.037890498,-0.050496075,0.014795397,0.17994304,0
13,46,0.037890498,-0.050496075,0.014795397,0.17994304,1,1.0,0.036880575,0.14441106,0.018394258,-0.10803598,0
13,47,0.036880575,0.14441106,0.018394258,-0.10803598,0,1.0,0.039768796,-0.050969582,0.016233537,0.19039302,0
13,48,0.039768796,-0.050969582,0.016233537,0.19039302,1,1.0,0.038749404,0.14391641,0.020041399,-0.09712501,0
13,49,0.038749404,0.14391641,0.020041399,-0.09712501,0,1.0,0.041627735,-0.051486958,0.018098898,0.20181295,0
13,50,0.041627735,-0.051486958,0.018098898,0.20181295,1,1.0,0.040597994,0.14337154,0.022135157,-0.08510613,0
13,51,0.040597994,0.14337154,0.022135157,-0.08510613,0,1.0,0.043465424,-0.0520606,0.020433035,0.21447748,0
13,52,0.043465424,-0.0520606,0.020433035,0.21447748,1,1.0,0.042424213,0.14276336,0.024722584,-0.07169057,0
13,53,0.042424213,0.14276336,0.024722584,-0.07169057,1,1.0,0.04527948,0.3375223,0.023288773,-0.35647202,0
13,54,0.04527948,0.3375223,0.023288773,-0.35647202,0,1.0,0.052029926,0.14207713,0.016159333,-0.056537468,0
13,55,0.052029926,0.14207713,0.016159333,-0.056537468,0,1.0,0.05487147,-0.05327275,0.015028583,0.24119973,0
13,56,0.05487147,-0.05327275,0.015028583,0.24119973,1,1.0,0.053806014,0.14163134,0.019852579,-0.046705145,0
13,57,0.053806014,0.14163134,0.019852579,-0.046705145,0,1.0,0.05663864,-0.05376958,0.018918475,0.25217474,0
13,58,0.05663864,-0.05376958,0.018918475,0.25217474,1,1.0,0.05556325,0.14107719,0.02396197,-0.03448141,0
13,59,0.05556325,0.14107719,0.02396197,-0.03448141,1,1.0,0.058384795,0.33584747,0.023272341,-0.31950882,0
13,60,0.058384795,0.33584747,0.023272341,-0.31950882,0,1.0,0.06510174,0.14040194,0.016882164,-0.019578457,0
13,61,0.06510174,0.14040194,0.016882164,-0.019578457,0,1.0,0.067909785,-0.054958,0.016490595,0.2783828,0
13,62,0.067909785,-0.054958,0.016490595,0.2783828,1,1.0,0.06681062,0.13992487,0.022058252,-0.009053717,0
13,63,0.06681062,0.13992487,0.022058252,-0.009053717,1,1.0,0.06960912,0.33472365,0.021877179,-0.29469618,0
13,64,0.06960912,0.33472365,0.021877179,-0.29469618,0,1.0,0.076303594,0.13929673,0.015983254,0.0048053944,0
13,65,0.076303594,0.13929673,0.015983254,0.0048053944,0,1.0,0.07908952,-0.05605075,0.016079362,0.30248806,0
13,66,0.07908952,-0.05605075,0.016079362,0.30248806,1,1.0,0.07796851,0.13883838,0.022129124,0.014919281,0
13,67,0.07796851,0.13883838,0.022129124,0.014919281,1,1.0,0.08074528,0.3336361,0.022427509,-0.27070034,0
13,68,0.08074528,0.3336361,0.022427509,-0.27070034,0,1.0,0.087418,0.13820142,0.017013503,0.028971128,0
13,69,0.087418,0.13820142,0.017013503,0.028971128,1,1.0,0.09018203,0.33307528,0.017592926,-0.25829566,0
13,70,0.09018203,0.33307528,0.017592926,-0.25829566,0,1.0,0.09684353,0.13770667,0.0124270115,0.03988399,0
13,71,0.09684353,0.13770667,0.0124270115,0.03988399,0,1.0,0.09959767,-0.057591267,0.013224692,0.33646172,0
13,72,0.09959767,-0.057591267,0.013224692,0.33646172,1,1.0,0.09844584,0.13734001,0.019953925,0.047978308,0
13,73,0.09844584,0.13734001,0.019953925,0.047978308,1,1.0,0.101192646,0.33217025,0.020913493,-0.23834279,0
13,74,0.101192646,0.33217025,0.020913493,-0.23834279,0,1.0,0.107836045,0.13675585,0.016146636,0.060862802,0
13,75,0.107836045,0.13675585,0.016146636,0.060862802,1,1.0,0.11057116,0.33164263,0.017363893,-0.22668234,0
13,76,0.11057116,0.33164263,0.017363893,-0.22668234,0,1.0,0.11720402,0.13627687,0.012830245,0.07142683,0
13,77,0.11720402,0.13627687,0.012830245,0.07142683,0,1.0,0.11992955,-0.059026644,0.014258782,0.36813,0
13,78,0.11992955,-0.059026644,0.014258782,0.36813,1,1.0,0.11874902,0.13588983,0.021621382,0.07997694,0
13,79,0.11874902,0.13588983,0.021621382,0.07997694,1,1.0,0.121466815,0.33069527,0.023220921,-0.20580673,0
13,80,0.121466815,0.33069527,0.023220921,-0.20580673,0,1.0,0.12808073,0.13524908,0.019104786,0.09410985,0
13,81,0.12808073,0.13524908,0.019104786,0.09410985,1,1.0,0.1307857,0.33009207,0.020986984,-0.19248484,0
13,82,0.1307857,0.33009207,0.020986984,-0.19248484,0,1.0,0.13738754,0.13467628,0.017137287,0.10674402,0
13,83,0.13738754,0.13467628,0.017137287,0.10674402,1,1.0,0.14008108,0.3295485,0.019272167,-0.18048328,0
13,84,0.14008108,0.3295485,0.019272167,-0.18048328,0,1.0,0.14667204,0.13415615,0.0156625,0.118216485,0
13,85,0.14667204,0.13415615,0.0156625,0.118216485,1,1.0,0.14935517,0.32905024,0.01802683,-0.1694842,0
13,86,0.14935517,0.32905024,0.01802683,-0.1694842,0,1.0,0.15593617,0.13367496,0.014637147,0.1288307,0
13,87,0.15593617,0.13367496,0.014637147,0.1288307,1,1.0,0.15860967,0.3285842,0.017213762,-0.15919867,0
13,88,0.15860967,0.3285842,0.017213762,-0.15919867,0,1.0,0.16518135,0.13322009,0.014029788,0.13886468,0
13,89,0.16518135,0.13322009,0.014029788,0.13886468,1,1.0,0.16784576,0.32813832,0.016807081,-0.14935927,0
13,90,0.16784576,0.32813832,0.016807081,-0.14935927,0,1.0,0.17440853,0.13277978,0.013819896,0.1485782,0
13,91,0.17440853,0.13277978,0.013819896,0.1485782,1,1.0,0.17706412,0.32770112,0.01679146,-0.13971299,0
13,92,0.17706412,0.32770112,0.01679146,-0.13971299,0,1.0,0.18361814,0.13234277,0.0139972,0.15821971,0
13,93,0.18361814,0.13234277,0.0139972,0.15821971,1,1.0,0.18626499,0.32726154,0.017161595,-0.13001478,0
13,94,0.18626499,0.32726154,0.017161595,-0.13001478,0,1.0,0.19281022,0.13189802,0.014561299,0.16803263,0
13,95,0.19281022,0.13189802,0.014561299,0.16803263,1,1.0,0.19544819,0.32680854,0.017921953,-0.1200213,0
13,96,0.19544819,0.32680854,0.017921953,-0.1200213,0,1.0,0.20198436,0.13143447,0.015521526,0.17826153,0
13,97,0.20198436,0.13143447,0.015521526,0.17826153,1,1.0,0.20461304,0.3263309,0.019086756,-0.109484755,0
13,98,0.20461304,0.3263309,0.019086756,-0.109484755,0,1.0,0.21113966,0.1309407,0.016897062,0.1891583,0
13,99,0.21113966,0.1309407,0.016897062,0.1891583,1,1.0,0.21375848,0.3258169,0.020680228,-0.098146744,0
13,100,0.21375848,0.3258169,0.020680228,-0.098146744,0,1.0,0.22027482,0.13040476,0.018717293,0.20098834,0
13,101,0.22027482,0.13040476,0.018717293,0.20098834,1,1.0,0.22288291,0.32525408,0.02273706,-0.08573189,0
13,102,0.22288291,0.32525408,0.02273706,-0.08573189,0,1.0,0.229388,0.12981372,0.021022422,0.21403702,0
13,103,0.229388,0.12981372,0.021022422,0.21403702,1,1.0,0.23198427,0.3246289,0.025303163,-0.07194106,0
13,104,0.23198427,0.3246289,0.025303163,-0.07194106,1,1.0,0.23847684,0.51937914,0.02386434,-0.35653457,0
13,105,0.23847684,0.51937914,0.02386434,-0.35653457,0,1.0,0.24886443,0.32392615,0.01673365,-0.056423135,0
13,106,0.24886443,0.32392615,0.01673365,-0.056423135,0,1.0,0.25534296,0.12856832,0.015605187,0.24149206,0
13,107,0.25534296,0.12856832,0.015605187,0.24149206,1,1.0,0.2579143,0.32346392,0.020435028,-0.04622801,0
13,108,0.2579143,0.32346392,0.020435028,-0.04622801,1,1.0,0.26438358,0.518287,0.019510468,-0.3323941,0
13,109,0.26438358,0.518287,0.019510468,-0.3323941,0,1.0,0.27474934,0.32289284,0.0128625855,-0.03362295,0
13,110,0.27474934,0.32289284,0.0128625855,-0.03362295,0,1.0,0.2812072,0.12758881,0.012190127,0.26309034,0
13,111,0.2812072,0.12758881,0.012190127,0.26309034,1,1.0,0.28375897,0.32253465,0.017451935,-0.025722895,0
13,112,0.28375897,0.32253465,0.017451935,-0.025722895,1,1.0,0.29020965,0.51740205,0.016937476,-0.31284887,0
13,113,0.29020965,0.51740205,0.016937476,-0.31284887,0,1.0,0.3005577,0.32204294,0.010680499,-0.014872861,0
13,114,0.3005577,0.32204294,0.010680499,-0.014872861,0,1.0,0.30699855,0.12676947,0.010383042,0.28116065,0
13,115,0.30699855,0.12676947,0.010383042,0.28116065,1,1.0,0.30953395,0.3217418,0.016006256,-0.00822949,0
13,116,0.30953395,0.3217418,0.016006256,-0.00822949,1,1.0,0.31596878,0.5166306,0.015841665,-0.29581958,0
13,117,0.31596878,0.5166306,0.015841665,-0.29581958,0,1.0,0.3263014,0.3212864,0.009925273,0.001817155,0
13,118,0.3263014,0.3212864,0.009925273,0.001817155,0,1.0,0.33272713,0.12602353,0.009961616,0.29761502,0
13,119,0.33272713,0.12602353,0.009961616,0.29761502,1,1.0,0.3352476,0.32100207,0.015913917,0.008090393,0
13,120,0.3352476,0.32100207,0.015913917,0.008090393,1,1.0,0.34166765,0.5158922,0.016075725,-0.27952933,0
13,121,0.34166765,0.5158922,0.016075725,-0.27952933,0,1.0,0.35198548,0.3205447,0.010485138,0.018180188,0
13,122,0.35198548,0.3205447,0.010485138,0.018180188,0,1.0,0.35839638,0.12527394,0.010848742,0.31415278,0
13,123,0.35839638,0.12527394,0.010848742,0.31415278,1,1.0,0.36090186,0.3202397,0.017131798,0.024910832,0
13,124,0.36090186,0.3202397,0.017131798,0.024910832,1,1.0,0.36730665,0.5151118,0.017630015,-0.26231796,0
13,125,0.36730665,0.5151118,0.017630015,-0.26231796,0,1.0,0.3776089,0.3197427,0.012383655,0.03587312,0
13,126,0.3776089,0.3197427,0.012383655,0.03587312,1,1.0,0.38400373,0.5146849,0.013101117,-0.25287706,0
13,127,0.38400373,0.5146849,0.013101117,-0.25287706,0,1.0,0.39429745,0.31937835,0.008043576,0.043909244,0
13,128,0.39429745,0.31937835,0.008043576,0.043909244,0,1.0,0.400685,0.12414198,0.008921761,0.3391191,0
13,129,0.400685,0.12414198,0.008921761,0.3391191,1,1.0,0.40316784,0.31913584,0.015704142,0.049262896,0
13,130,0.40316784,0.31913584,0.015704142,0.049262896,1,1.0,0.40955055,0.51402915,0.016689401,-0.23842417,0
13,131,0.40955055,0.51402915,0.016689401,-0.23842417,0,1.0,0.41983116,0.3186728,0.011920918,0.05947601,0
13,132,0.41983116,0.3186728,0.011920918,0.05947601,1,1.0,0.4262046,0.5136218,0.013110437,-0.22942208,0
13,133,0.4262046,0.5136218,0.013110437,-0.22942208,0,1.0,0.43647704,0.318315,0.008521996,0.067367345,0
13,134,0.43647704,0.318315,0.008521996,0.067367345,1,1.0,0.44284335,0.5133137,0.009869344,-0.2226147,0
13,135,0.44284335,0.5133137,0.009869344,-0.2226147,0,1.0,0.45310962,0.3180521,0.005417049,0.073164985,0
13,136,0.45310962,0.3180521,0.005417049,0.073164985,1,1.0,0.45947066,0.513096,0.006880349,-0.21780393,0
13,137,0.45947066,0.513096,0.006880349,-0.21780393,0,1.0,0.46973258,0.31787637,0.0025242702,0.077041395,0
13,138,0.46973258,0.31787637,0.0025242702,0.077041395,0,1.0,0.4760901,0.12271832,0.0040650982,0.37051967,0
13,139,0.4760901,0.12271832,0.0040650982,0.37051967,1,1.0,0.47854447,0.31778228,0.011475491,0.07912128,0
13,140,0.47854447,0.31778228,0.011475491,0.07912128,1,1.0,0.48490012,0.5127379,0.013057917,-0.20991912,0
13,141,0.48490012,0.5127379,0.013057917,-0.20991912,0,1.0,0.49515486,0.31743166,0.008859535,0.08685412,0
13,142,0.49515486,0.31743166,0.008859535,0.08685412,1,1.0,0.5015035,0.5124255,0.010596617,-0.2030205,0
13,143,0.5015035,0.5124255,0.010596617,-0.2030205,0,1.0,0.511752,0.31715363,0.006536207,0.092986226,0
13,144,0.511752,0.31715363,0.006536207,0.092986226,1,1.0,0.5180951,0.5121813,0.008395932,-0.19762738,0
13,145,0.5180951,0.5121813,0.008395932,-0.19762738,0,1.0,0.52833873,0.31694025,0.004443384,0.097692214,0
13,146,0.52833873,0.31694025,0.004443384,0.097692214,1,1.0,0.5346775,0.51199824,0.006397228,-0.19358553,0
13,147,0.5346775,0.51199824,0.006397228,-0.19358553,0,1.0,0.54491746,0.31678537,0.0025255175,0.101108566,0
13,148,0.54491746,0.31678537,0.0025255175,0.101108566,1,1.0,0.5512532,0.51187104,0.0045476886,-0.1907765,0
13,149,0.5512532,0.51187104,0.0045476886,-0.1907765,0,1.0,0.5614906,0.3166843,0.0007321589,0.10333756,0
13,150,0.5614906,0.3166843,0.0007321589,0.10333756,1,1.0,0.5678243,0.51179576,0.00279891,-0.18911429,0
13,151,0.5678243,0.51179576,0.00279891,-0.18911429,0,1.0,0.5780602,0.31663388,-0.0009833756,0.10445027,0
13,152,0.5780602,0.31663388,-0.0009833756,0.10445027,1,1.0,0.5843929,0.5117699,0.0011056298,-0.18854274,0
13,153,0.5843929,0.5117699,0.0011056298,-0.18854274,0,1.0,0.5946283,0.31663215,-0.002665225,0.10448876,0
13,154,0.5946283,0.31663215,-0.002665225,0.10448876,1,1.0,0.6009609,0.5117922,-0.00057544984,-0.18903384,0
13,155,0.6009609,0.5117922,-0.00057544984,-0.18903384,0,1.0,0.61119676,0.3166785,-0.0043561268,0.103467494,0
13,156,0.61119676,0.3166785,-0.0043561268,0.103467494,0,1.0,0.61753035,0.12161924,-0.0022867767,0.39477292,0
13,157,0.61753035,0.12161924,-0.0022867767,0.39477292,1,1.0,0.61996275,0.31677356,0.005608681,0.10136987,0
13,158,0.61996275,0.31677356,0.005608681,0.10136987,1,1.0,0.6262982,0.5118147,0.0076360786,-0.18953827,0
13,159,0.6262982,0.5118147,0.0076360786,-0.18953827,1,1.0,0.6365345,0.70682657,0.0038453133,-0.47980258,0
13,160,0.6365345,0.70682657,0.0038453133,-0.47980258,0,1.0,0.650671,0.51165056,-0.005750738,-0.18591018,0
13,161,0.650671,0.51165056,-0.005750738,-0.18591018,0,1.0,0.66090405,0.31661135,-0.009468942,0.10495307,0
13,162,0.66090405,0.31661135,-0.009468942,0.10495307,0,1.0,0.66723627,0.12162636,-0.00736988,0.39463362,0
13,163,0.66723627,0.12162636,-0.00736988,0.39463362,1,1.0,0.6696688,0.3168521,0.0005227919,0.09963622,0
13,164,0.6696688,0.3168521,0.0005227919,0.09963622,1,1.0,0.67600584,0.5119666,0.0025155162,-0.19288172,0
13,165,0.67600584,0.5119666,0.0025155162,-0.19288172,0,1.0,0.68624514,0.31680873,-0.0013421183,0.10059368,0
13,166,0.68624514,0.31680873,-0.0013421183,0.10059368,1,1.0,0.69258136,0.5119499,0.00066975533,-0.19251238,0
13,167,0.69258136,0.5119499,0.00066975533,-0.19251238,0,1.0,0.70282036,0.31681836,-0.0031804922,0.10038175,0
13,168,0.70282036,0.31681836,-0.0031804922,0.10038175,1,1.0,0.7091567,0.5119857,-0.0011728572,-0.19330291,0
13,169,0.7091567,0.5119857,-0.0011728572,-0.19330291,0,1.0,0.7193964,0.31688058,-0.0050389157,0.0990098,0
13,170,0.7193964,0.31688058,-0.0050389157,0.0990098,1,1.0,0.72573406,0.5120744,-0.0030587197,-0.19525863,0
13,171,0.72573406,0.5120744,-0.0030587197,-0.19525863,0,1.0,0.7359755,0.31699634,-0.0069638924,0.09645784,0
13,172,0.7359755,0.31699634,-0.0069638924,0.09645784,1,1.0,0.7423155,0.5122174,-0.0050347354,-0.19841403,0
13,173,0.7423155,0.5122174,-0.0050347354,-0.19841403,0,1.0,0.7525598,0.31716782,-0.009003016,0.09267642,0
13,174,0.7525598,0.31716782,-0.009003016,0.09267642,1,1.0,0.75890315,0.5124176,-0.0071494877,-0.2028333,0
13,175,0.75890315,0.5124176,-0.0071494877,-0.2028333,0,1.0,0.7691515,0.31739867,-0.011206154,0.08758576,0
13,176,0.7691515,0.31739867,-0.011206154,0.08758576,1,1.0,0.77549946,0.51267946,-0.009454438,-0.20861155,0
13,177,0.77549946,0.51267946,-0.009454438,-0.20861155,0,1.0,0.7857531,0.31769395,-0.013626669,0.08107407,0
13,178,0.7857531,0.31769395,-0.013626669,0.08107407,0,1.0,0.7921069,0.122769944,-0.012005188,0.3694268,0
13,179,0.7921069,0.122769944,-0.012005188,0.3694268,1,1.0,0.79456234,0.3180604,-0.004616652,0.07298278,0
13,180,0.79456234,0.3180604,-0.004616652,0.07298278,1,1.0,0.8009235,0.5132482,-0.0031569963,-0.22115314,0
13,181,0.8009235,0.5132482,-0.0031569963,-0.22115314,0,1.0,0.8111885,0.31817153,-0.007580059,0.07053228,0
13,182,0.8111885,0.31817153,-0.007580059,0.07053228,1,1.0,0.817552,0.5134013,-0.0061694137,-0.22453253,0
13,183,0.817552,0.5134013,-0.0061694137,-0.22453253,0,1.0,0.82781994,0.3183681,-0.010660064,0.06619796,0
13,184,0.82781994,0.3183681,-0.010660064,0.06619796,1,1.0,0.8341873,0.51364124,-0.009336105,-0.22982912,0
13,185,0.8341873,0.51364124,-0.009336105,-0.22982912,0,1.0,0.8444601,0.31865394,-0.013932687,0.059894312,0
13,186,0.8444601,0.31865394,-0.013932687,0.059894312,1,1.0,0.85083324,0.5139729,-0.012734801,-0.23715171,0
13,187,0.85083324,0.5139729,-0.012734801,-0.23715171,0,1.0,0.8611127,0.31903514,-0.017477835,0.051487237,0
13,188,0.8611127,0.31903514,-0.017477835,0.051487237,1,1.0,0.8674934,0.5144033,-0.01644809,-0.24665844,0
13,189,0.8674934,0.5144033,-0.01644809,-0.24665844,0,1.0,0.87778145,0.3195201,-0.021381259,0.040791325,0
13,190,0.87778145,0.3195201,-0.021381259,0.040791325,0,1.0,0.88417184,0.12471115,-0.020565433,0.32665232,0
13,191,0.88417184,0.12471115,-0.020565433,0.32665232,1,1.0,0.88666606,0.32011977,-0.014032386,0.027555551,0
13,192,0.88666606,0.32011977,-0.014032386,0.027555551,1,1.0,0.8930685,0.5154401,-0.013481275,-0.2695215,0
13,193,0.8930685,0.5154401,-0.013481275,-0.2695215,0,1.0,0.9033773,0.32051313,-0.018871706,0.018879043,0
13,194,0.9033773,0.32051313,-0.018871706,0.018879043,1,1.0,0.90978754,0.51590055,-0.018494125,-0.27969787,0
13,195,0.90978754,0.51590055,-0.018494125,-0.27969787,0,1.0,0.9201056,0.32104725,-0.024088083,0.0070951474,0
13,196,0.9201056,0.32104725,-0.024088083,0.0070951474,0,1.0,0.9265265,0.12627888,-0.02394618,0.2920817,0
13,197,0.9265265,0.12627888,-0.02394618,0.2920817,1,1.0,0.92905205,0.32173392,-0.018104546,-0.008056304,0
13,198,0.92905205,0.32173392,-0.018104546,-0.008056304,1,1.0,0.93548673,0.51711076,-0.018265672,-0.306396,0
13,199,0.93548673,0.51711076,-0.018265672,-0.306396,0,1.0,0.945829,0.32225382,-0.024393592,-0.019529114,0
13,200,0.945829,0.32225382,-0.024393592,-0.019529114,0,1.0,0.952274,0.12749003,-0.024784174,0.26535863,0
13,201,0.952274,0.12749003,-0.024784174,0.26535863,1,1.0,0.95482385,0.3229568,-0.019477,-0.03503726,0
13,202,0.95482385,0.3229568,-0.019477,-0.03503726,1,1.0,0.96128297,0.51835257,-0.020177746,-0.33380118,0
13,203,0.96128297,0.51835257,-0.020177746,-0.33380118,0,1.0,0.97165006,0.32352352,-0.02685377,-0.047548972,0
13,204,0.97165006,0.32352352,-0.02685377,-0.047548972,0,1.0,0.9781205,0.12879671,-0.02780475,0.23654185,0
13,205,0.9781205,0.12879671,-0.02780475,0.23654185,1,1.0,0.98069644,0.32430464,-0.023073912,-0.06478023,0
13,206,0.98069644,0.32430464,-0.023073912,-0.06478023,0,1.0,0.98718256,0.12952098,-0.024369517,0.22053437,0
13,207,0.98718256,0.12952098,-0.024369517,0.22053437,1,1.0,0.989773,0.32498264,-0.01995883,-0.079734996,0
13,208,0.989773,0.32498264,-0.01995883,-0.079734996,1,1.0,0.9962726,0.52038497,-0.02155353,-0.37864757,0
13,209,0.9962726,0.52038497,-0.02155353,-0.37864757,0,1.0,1.0066803,0.32557562,-0.02912648,-0.09283769,0
13,210,1.0066803,0.32557562,-0.02912648,-0.09283769,0,1.0,1.0131918,0.13088298,-0.030983234,0.19051541,0
13,211,1.0131918,0.13088298,-0.030983234,0.19051541,1,1.0,1.0158095,0.32643417,-0.027172927,-0.11177819,0
13,212,1.0158095,0.32643417,-0.027172927,-0.11177819,0,1.0,1.0223382,0.1317119,-0.02940849,0.17220952,0
13,213,1.0223382,0.1317119,-0.02940849,0.17220952,1,1.0,1.0249724,0.32724214,-0.0259643,-0.1296039,0
13,214,1.0249724,0.32724214,-0.0259643,-0.1296039,0,1.0,1.0315173,0.13250157,-0.028556379,0.15477586,0
13,215,1.0315173,0.13250157,-0.028556379,0.15477586,1,1.0,1.0341673,0.3280205,-0.02546086,-0.1467774,0
13,216,1.0341673,0.3280205,-0.02546086,-0.1467774,0,1.0,1.0407277,0.13327225,-0.028396409,0.13776563,0
13,217,1.0407277,0.13327225,-0.028396409,0.13776563,1,1.0,1.0433931,0.32878917,-0.025641097,-0.16373894,0
13,218,1.0433931,0.32878917,-0.025641097,-0.16373894,0,1.0,1.049969,0.13404348,-0.028915875,0.120745905,0
13,219,1.049969,0.13404348,-0.028915875,0.120745905,1,1.0,1.0526497,0.32956752,-0.026500957,-0.18091764,0
13,220,1.0526497,0.32956752,-0.026500957,-0.18091764,0,1.0,1.0592412,0.13483462,-0.03011931,0.103288785,0
13,221,1.0592412,0.13483462,-0.03011931,0.103288785,1,1.0,1.0619378,0.330375,-0.028053533,-0.19874245,0
13,222,1.0619378,0.330375,-0.028053533,-0.19874245,0,1.0,1.0685453,0.13566528,-0.032028385,0.08496053,0
13,223,1.0685453,0.13566528,-0.032028385,0.08496053,1,1.0,1.0712587,0.33123136,-0.030329173,-0.21765287,0
13,224,1.0712587,0.33123136,-0.030329173,-0.21765287,0,1.0,1.0778832,0.13655579,-0.03468223,0.06531076,0
13,225,1.0778832,0.13655579,-0.03468223,0.06531076,1,1.0,1.0806143,0.33215737,-0.033376016,-0.23810972,0
13,226,1.0806143,0.33215737,-0.033376016,-0.23810972,0,1.0,1.0872575,0.13752775,-0.03813821,0.04386141,0
13,227,1.0872575,0.13752775,-0.03813821,0.04386141,1,1.0,1.090008,0.33317524,-0.03726098,-0.26060635,0
13,228,1.090008,0.33317524,-0.03726098,-0.26060635,0,1.0,1.0966716,0.13860446,-0.042473108,0.020095056,0
13,229,1.0966716,0.13860446,-0.042473108,0.020095056,1,1.0,1.0994437,0.33430898,-0.04207121,-0.2856803,0
13,230,1.0994437,0.33430898,-0.04207121,-0.2856803,0,1.0,1.1061299,0.1398115,-0.047784813,-0.0065575386,0
13,231,1.1061299,0.1398115,-0.047784813,-0.0065575386,0,1.0,1.108926,-0.05459373,-0.047915965,0.27067405,0
13,232,1.108926,-0.05459373,-0.047915965,0.27067405,1,1.0,1.1078342,0.14117807,-0.04250248,-0.03672849,0
13,233,1.1078342,0.14117807,-0.04250248,-0.03672849,1,1.0,1.1106578,0.33688292,-0.043237053,-0.34251264,0
13,234,1.1106578,0.33688292,-0.043237053,-0.34251264,0,1.0,1.1173954,0.14240192,-0.050087307,-0.0637715,0
13,235,1.1173954,0.14240192,-0.050087307,-0.0637715,0,1.0,1.1202434,-0.051967457,-0.051362734,0.21269742,0
13,236,1.1202434,-0.051967457,-0.051362734,0.21269742,1,1.0,1.1192042,0.14384979,-0.047108788,-0.095735095,0
13,237,1.1192042,0.14384979,-0.047108788,-0.095735095,0,1.0,1.1220812,-0.05056643,-0.04902349,0.18172084,0
13,238,1.1220812,-0.05056643,-0.04902349,0.18172084,1,1.0,1.1210698,0.14522149,-0.04538907,-0.12601534,0
13,239,1.1210698,0.14522149,-0.04538907,-0.12601534,0,1.0,1.1239742,-0.04922183,-0.04790938,0.15200944,0
13,240,1.1239742,-0.04922183,-0.04790938,0.15200944,1,1.0,1.1229898,0.14655223,-0.04486919,-0.15539466,0
13,241,1.1229898,0.14655223,-0.04486919,-0.15539466,0,1.0,1.1259208,-0.04789953,-0.047977082,0.122802295,0
13,242,1.1259208,-0.04789953,-0.047977082,0.122802295,1,1.0,1.1249628,0.14787577,-0.045521036,-0.1846226,0
13,243,1.1249628,0.14787577,-0.045521036,-0.1846226,0,1.0,1.1279204,-0.04656629,-0.049213488,0.093359806,0
13,244,1.1279204,-0.04656629,-0.049213488,0.093359806,1,1.0,1.126989,0.14922522,-0.047346294,-0.21443482,0
13,245,1.126989,0.14922522,-0.047346294,-0.21443482,0,1.0,1.1299735,-0.045188982,-0.05163499,0.06294508,0
13,246,1.1299735,-0.045188982,-0.05163499,0.06294508,1,1.0,1.1290697,0.15063381,-0.050376087,-0.24557155,0
13,247,1.1290697,0.15063381,-0.050376087,-0.24557155,0,1.0,1.1320825,-0.043733798,-0.055287518,0.030805685,0
13,248,1.1320825,-0.043733798,-0.055287518,0.030805685,0,1.0,1.1312077,-0.2380211,-0.054671407,0.3055451,0
13,249,1.1312077,-0.2380211,-0.054671407,0.3055451,1,1.0,1.1264473,-0.042164415,-0.048560504,-0.003866382,0
13,250,1.1264473,-0.042164415,-0.048560504,-0.003866382,1,1.0,1.125604,0.15361911,-0.04863783,-0.31146666,0
13,251,1.125604,0.15361911,-0.04863783,-0.31146666,0,1.0,1.1286764,-0.040777378,-0.054867163,-0.034510642,0
13,252,1.1286764,-0.040777378,-0.054867163,-0.034510642,0,1.0,1.1278609,-0.23507135,-0.055557378,0.24036887,0
13,253,1.1278609,-0.23507135,-0.055557378,0.24036887,1,1.0,1.1231594,-0.039201573,-0.05075,-0.06930792,0
13,254,1.1231594,-0.039201573,-0.05075,-0.06930792,0,1.0,1.1223754,-0.23356059,-0.052136157,0.20694114,0
13,255,1.1223754,-0.23356059,-0.052136157,0.20694114,1,1.0,1.1177042,-0.037733372,-0.047997337,-0.10172164,0
13,256,1.1177042,-0.037733372,-0.047997337,-0.10172164,0,1.0,1.1169496,-0.23213577,-0.050031766,0.17544033,0
13,257,1.1169496,-0.23213577,-0.050031766,0.17544033,1,1.0,1.1123068,-0.036334816,-0.04652296,-0.13259678,0
13,258,1.1123068,-0.036334816,-0.04652296,-0.13259678,0,1.0,1.1115801,-0.23076056,-0.049174897,0.14505346,0
13,259,1.1115801,-0.23076056,-0.049174897,0.14505346,1,1.0,1.106965,-0.034970123,-0.046273828,-0.16272877,0
13,260,1.106965,-0.034970123,-0.046273828,-0.16272877,0,1.0,1.1062655,-0.22940014,-0.0495284,0.11500442,0
13,261,1.1062655,-0.22940014,-0.0495284,0.11500442,1,1.0,1.1016775,-0.033604793,-0.047228314,-0.19288385,0
13,262,1.1016775,-0.033604793,-0.047228314,-0.19288385,0,1.0,1.1010054,-0.22802043,-0.05108599,0.08453448,0
13,263,1.1010054,-0.22802043,-0.05108599,0.08453448,1,1.0,1.096445,-0.032204825,-0.0493953,-0.2238185,0
13,264,1.096445,-0.032204825,-0.0493953,-0.2238185,0,1.0,1.0958009,-0.22658727,-0.053871673,0.052883223,0
13,265,1.0958009,-0.22658727,-0.053871673,0.052883223,0,1.0,1.0912691,-0.42089704,-0.052814007,0.32809442,0
13,266,1.0912691,-0.42089704,-0.052814007,0.32809442,1,1.0,1.0828512,-0.22506455,-0.04625212,0.01923517,0
13,267,1.0828512,-0.22506455,-0.04625212,0.01923517,1,1.0,1.07835,-0.029310849,-0.045867417,-0.28767464,0
13,268,1.07835,-0.029310849,-0.045867417,-0.28767464,0,1.0,1.0777637,-0.22374971,-0.051620908,-0.009803372,0
13,269,1.0777637,-0.22374971,-0.051620908,-0.009803372,0,1.0,1.0732887,-0.41809478,-0.051816974,0.26615614,0
13,270,1.0732887,-0.41809478,-0.051816974,0.26615614,1,1.0,1.0649269,-0.22227307,-0.04649385,-0.042409595,0
13,271,1.0649269,-0.22227307,-0.04649385,-0.042409595,1,1.0,1.0604813,-0.026516303,-0.047342043,-0.34939167,0
13,272,1.0604813,-0.026516303,-0.047342043,-0.34939167,0,1.0,1.0599511,-0.2209341,-0.05432988,-0.07200511,0
13,273,1.0599511,-0.2209341,-0.05432988,-0.07200511,0,1.0,1.0555323,-0.41523674,-0.05576998,0.20305371,0
13,274,1.0555323,-0.41523674,-0.05576998,0.20305371,1,1.0,1.0472276,-0.2193634,-0.051708907,-0.106687374,0
13,275,1.0472276,-0.2193634,-0.051708907,-0.106687374,0,1.0,1.0428404,-0.41370767,-0.053842653,0.16924375,0
13,276,1.0428404,-0.41370767,-0.053842653,0.16924375,1,1.0,1.0345662,-0.21785806,-0.05045778,-0.13992706,0
13,277,1.0345662,-0.21785806,-0.05045778,-0.13992706,0,1.0,1.0302091,-0.4122224,-0.053256318,0.13642007,0
13,278,1.0302091,-0.4122224,-0.053256318,0.13642007,1,1.0,1.0219646,-0.21637967,-0.05052792,-0.17257746,0
13,279,1.0219646,-0.21637967,-0.05052792,-0.17257746,0,1.0,1.017637,-0.4107434,-0.053979468,0.10374716,0
13,280,1.017637,-0.4107434,-0.053979468,0.10374716,0,1.0,1.0094221,-0.6050519,-0.051904526,0.37892312,0
13,281,1.0094221,-0.6050519,-0.051904526,0.37892312,1,1.0,0.99732107,-0.40923274,-0.044326063,0.070336856,0
13,282,0.99732107,-0.40923274,-0.044326063,0.070336856,1,1.0,0.98913646,-0.21350424,-0.042919327,-0.23599508,0
13,283,0.98913646,-0.21350424,-0.042919327,-0.23599508,0,1.0,0.9848663,-0.40798756,-0.04763923,0.04284683,0
13,284,0.9848663,-0.40798756,-0.04763923,0.04284683,1,1.0,0.9767066,-0.21221599,-0.04678229,-0.264478,0
13,285,0.9767066,-0.21221599,-0.04678229,-0.264478,0,1.0,0.9724623,-0.40664008,-0.05207185,0.013090081,0
13,286,0.9724623,-0.40664008,-0.05207185,0.013090081,0,1.0,0.9643295,-0.6009781,-0.05181005,0.28889975,0
13,287,0.9643295,-0.6009781,-0.05181005,0.28889975,1,1.0,0.9523099,-0.40515706,-0.046032052,-0.019662958,0
13,288,0.9523099,-0.40515706,-0.046032052,-0.019662958,1,1.0,0.9442068,-0.20940623,-0.046425313,-0.32650682,0
13,289,0.9442068,-0.20940623,-0.046425313,-0.32650682,0,1.0,0.94001865,-0.4038375,-0.05295545,-0.048818275,0
13,290,0.94001865,-0.4038375,-0.05295545,-0.048818275,0,1.0,0.9319419,-0.5981617,-0.053931814,0.22669779,0
13,291,0.9319419,-0.5981617,-0.053931814,0.22669779,1,1.0,0.9199787,-0.40231213,-0.04939786,-0.08249769,0
13,292,0.9199787,-0.40231213,-0.04939786,-0.08249769,0,1.0,0.9119324,-0.59669244,-0.051047813,0.19420005,0
13,293,0.9119324,-0.59669244,-0.051047813,0.19420005,1,1.0,0.89999855,-0.40087885,-0.04716381,-0.114139274,0
13,294,0.89999855,-0.40087885,-0.04716381,-0.114139274,0,1.0,0.891981,-0.5952944,-0.049446598,0.16329873,0
13,295,0.891981,-0.5952944,-0.049446598,0.16329873,1,1.0,0.8800751,-0.39950073,-0.04618062,-0.14456417,0
13,296,0.8800751,-0.39950073,-0.04618062,-0.14456417,0,1.0,0.8720851,-0.593932,-0.049071904,0.13319944,0
13,297,0.8720851,-0.593932,-0.049071904,0.13319944,1,1.0,0.8602064,-0.3981427,-0.046407916,-0.17455228,0
13,298,0.8602064,-0.3981427,-0.046407916,-0.17455228,0,1.0,0.8522436,-0.5925708,-0.049898963,0.10313687,0
13,299,0.8522436,-0.5925708,-0.049898963,0.10313687,1,1.0,0.8403922,-0.39677057,-0.047836225,-0.20486212,0
13,300,0.8403922,-0.39677057,-0.047836225,-0.20486212,0,1.0,0.83245677,-0.591177,-0.051933467,0.0723554,0
13,301,0.83245677,-0.591177,-0.051933467,0.0723554,0,1.0,0.82063323,-0.7855174,-0.05048636,0.34821144,0
13,302,0.82063323,-0.7855174,-0.05048636,0.34821144,1,1.0,0.8049229,-0.58971506,-0.04352213,0.040045515,0
13,303,0.8049229,-0.58971506,-0.04352213,0.040045515,1,1.0,0.7931286,-0.39399692,-0.04272122,-0.26604518,0
13,304,0.7931286,-0.39399692,-0.04272122,-0.26604518,0,1.0,0.78524864,-0.5884839,-0.048042126,0.012862921,0
13,305,0.78524864,-0.5884839,-0.048042126,0.012862921,0,1.0,0.773479,-0.78288513,-0.047784865,0.29000935,0
13,306,0.773479,-0.78288513,-0.047784865,0.29000935,1,1.0,0.75782126,-0.5871155,-0.041984677,-0.017353274,0
13,307,0.75782126,-0.5871155,-0.041984677,-0.017353274,0,1.0,0.74607897,-0.781611,-0.042331744,0.261793,0
13,308,0.74607897,-0.781611,-0.042331744,0.261793,1,1.0,0.73044676,-0.58591115,-0.037095886,-0.04393563,0
13,309,0.73044676,-0.58591115,-0.037095886,-0.04393563,0,1.0,0.7187285,-0.78048205,-0.037974596,0.23681627,0
13,310,0.7187285,-0.78048205,-0.037974596,0.23681627,1,1.0,0.70311886,-0.58483875,-0.033238273,-0.067599,0
13,311,0.70311886,-0.58483875,-0.033238273,-0.067599,0,1.0,0.6914221,-0.7794688,-0.03459025,0.21441455,0
13,312,0.6914221,-0.7794688,-0.03459025,0.21441455,1,1.0,0.6758327,-0.5838698,-0.030301962,-0.0889759,0
13,313,0.6758327,-0.5838698,-0.030301962,-0.0889759,0,1.0,0.6641553,-0.7785446,-0.032081477,0.19399484,0
13,314,0.6641553,-0.7785446,-0.032081477,0.19399484,1,1.0,0.6485844,-0.5829788,-0.028201582,-0.108633295,0
13,315,0.6485844,-0.5829788,-0.028201582,-0.108633295,0,1.0,0.63692486,-0.7776855,-0.030374248,0.17502047,0
13,316,0.63692486,-0.7776855,-0.030374248,0.17502047,1,1.0,0.62137115,-0.5821423,-0.026873838,-0.12708768,0
13,317,0.62137115,-0.5821423,-0.026873838,-0.12708768,0,1.0,0.6097283,-0.7768692,-0.029415593,0.15699719,0
13,318,0.6097283,-0.7768692,-0.029415593,0.15699719,1,1.0,0.5941909,-0.5813387,-0.026275648,-0.14481859,0
13,319,0.5941909,-0.5813387,-0.026275648,-0.14481859,0,1.0,0.5825641,-0.7760747,-0.02917202,0.13946041,0
13,320,0.5825641,-0.7760747,-0.02917202,0.13946041,1,1.0,0.56704265,-0.58054733,-0.026382811,-0.16228119,0
13,321,0.56704265,-0.58054733,-0.026382811,-0.16228119,0,1.0,0.5554317,-0.77528185,-0.029628435,0.12196329,0
13,322,0.5554317,-0.77528185,-0.029628435,0.12196329,1,1.0,0.53992605,-0.5797482,-0.027189171,-0.17991792,0
13,323,0.53992605,-0.5797482,-0.027189171,-0.17991792,0,1.0,0.5283311,-0.77447075,-0.03078753,0.10406531,0
13,324,0.5283311,-0.77447075,-0.03078753,0.10406531,1,1.0,0.5128417,-0.57892144,-0.028706223,-0.19816978,0
13,325,0.5128417,-0.57892144,-0.028706223,-0.19816978,0,1.0,0.50126326,-0.77362126,-0.03266962,0.0853212,0
13,326,0.50126326,-0.77362126,-0.03266962,0.0853212,1,1.0,0.48579082,-0.5780466,-0.030963194,-0.2174874,0
13,327,0.48579082,-0.5780466,-0.030963194,-0.2174874,0,1.0,0.4742299,-0.7727126,-0.035312943,0.06526986,0
13,328,0.4742299,-0.7727126,-0.035312943,0.06526986,1,1.0,0.45877564,-0.5771026,-0.034007546,-0.23834203,0
13,329,0.45877564,-0.5771026,-0.034007546,-0.23834203,0,1.0,0.4472336,-0.7717226,-0.038774386,0.043422922,0
13,330,0.4472336,-0.7717226,-0.038774386,0.043422922,1,1.0,0.43179914,-0.57606673,-0.037905928,-0.26123714,0
13,331,0.43179914,-0.57606673,-0.037905928,-0.26123714,0,1.0,0.4202778,-0.7706277,-0.04313067,0.019252932,0
13,332,0.4202778,-0.7706277,-0.04313067,0.019252932,0,1.0,0.40486524,-0.9651054,-0.042745613,0.29802173,0
13,333,0.40486524,-0.9651054,-0.042745613,0.29802173,1,1.0,0.38556314,-0.769401,-0.036785178,-0.007830077,0
13,334,0.38556314,-0.769401,-0.036785178,-0.007830077,0,1.0,0.37017512,-0.9639766,-0.036941778,0.27302352,0
13,335,0.37017512,-0.9639766,-0.036941778,0.27302352,1,1.0,0.35089558,-0.76834756,-0.031481307,-0.031078286,0
13,336,0.35089558,-0.76834756,-0.031481307,-0.031078286,0,1.0,0.33552864,-0.96300423,-0.032102875,0.2515081,0
13,337,0.33552864,-0.96300423,-0.032102875,0.2515081,1,1.0,0.31626856,-0.76743895,-0.027072713,-0.051125366,0
13,338,0.31626856,-0.76743895,-0.027072713,-0.051125366,0,1.0,0.30091977,-0.96216244,-0.02809522,0.23289447,0
13,339,0.30091977,-0.96216244,-0.02809522,0.23289447,1,1.0,0.28167653,-0.76665056,-0.02343733,-0.068516545,0
13,340,0.28167653,-0.76665056,-0.02343733,-0.068516545,0,1.0,0.2663435,-0.96142876,-0.024807662,0.21668062,0
13,341,0.2663435,-0.96142876,-0.024807662,0.21668062,1,1.0,0.24711494,-0.7659611,-0.020474048,-0.08372335,0
13,342,0.24711494,-0.7659611,-0.020474048,-0.08372335,0,1.0,0.23179571,-0.9607837,-0.022148516,0.20243031,0
13,343,0.23179571,-0.9607837,-0.022148516,0.20243031,1,1.0,0.21258004,-0.76535213,-0.01809991,-0.09715631,0
13,344,0.21258004,-0.76535213,-0.01809991,-0.09715631,1,1.0,0.197273,-0.5699755,-0.020043036,-0.3954943,0
13,345,0.197273,-0.5699755,-0.020043036,-0.3954943,0,1.0,0.18587348,-0.7648074,-0.027952923,-0.10919741,0
13,346,0.18587348,-0.7648074,-0.027952923,-0.10919741,0,1.0,0.17057733,-0.9595179,-0.03013687,0.1745371,0
13,347,0.17057733,-0.9595179,-0.03013687,0.1745371,1,1.0,0.15138698,-0.7639779,-0.026646128,-0.12749861,0
13,348,0.15138698,-0.7639779,-0.026646128,-0.12749861,0,1.0,0.13610743,-0.95870817,-0.0291961,0.1566601,0
13,349,0.13610743,-0.95870817,-0.0291961,0.1566601,1,1.0,0.11693326,-0.7631806,-0.026062898,-0.14508864,0
13,350,0.11693326,-0.7631806,-0.026062898,-0.14508864,0,1.0,0.10166965,-0.95791984,-0.028964672,0.13925932,0
13,351,0.10166965,-0.95791984,-0.028964672,0.13925932,1,1.0,0.08251125,-0.76239526,-0.026179485,-0.16241893,0
13,352,0.08251125,-0.76239526,-0.026179485,-0.16241893,0,1.0,0.06726334,-0.9571328,-0.029427864,0.121891454,0
13,353,0.06726334,-0.9571328,-0.029427864,0.121891454,1,1.0,0.04812069,-0.7616019,-0.026990036,-0.1799285,0
13,354,0.04812069,-0.7616019,-0.026990036,-0.1799285,0,1.0,0.03288865,-0.95632744,-0.030588605,0.104119316,0
13,355,0.03288865,-0.95632744,-0.030588605,0.104119316,1,1.0,0.013762102,-0.7607808,-0.02850622,-0.1980551,0
13,356,0.013762102,-0.7607808,-0.02850622,-0.1980551,0,1.0,-0.0014535136,-0.9554837,-0.03246732,0.08550085,0
13,357,-0.0014535136,-0.9554837,-0.03246732,0.08550085,1,1.0,-0.020563187,-0.7599117,-0.030757304,-0.21724617,0
13,358,-0.020563187,-0.7599117,-0.030757304,-0.21724617,0,1.0,-0.03576142,-0.9545808,-0.035102226,0.0655781,0
13,359,-0.03576142,-0.9545808,-0.035102226,0.0655781,1,1.0,-0.054853037,-0.7589736,-0.033790667,-0.23796985,0
13,360,-0.054853037,-0.7589736,-0.033790667,-0.23796985,0,1.0,-0.07003251,-0.95359695,-0.03855006,0.04386592,0
13,361,-0.07003251,-0.95359695,-0.03855006,0.04386592,1,1.0,-0.089104444,-0.757944,-0.037672743,-0.26072633,0
13,362,-0.089104444,-0.757944,-0.037672743,-0.26072633,0,1.0,-0.10426333,-0.95250845,-0.04288727,0.019840136,0
13,363,-0.10426333,-0.95250845,-0.04288727,0.019840136,0,1.0,-0.123313494,-1.14699,-0.042490467,0.29868916,0
13,364,-0.123313494,-1.14699,-0.042490467,0.29868916,1,1.0,-0.1462533,-0.95128894,-0.036516685,-0.007085926,0
13,365,-0.1462533,-0.95128894,-0.036516685,-0.007085926,0,1.0,-0.16527908,-1.1458687,-0.036658403,0.2738556,0
13,366,-0.16527908,-1.1458687,-0.036658403,0.2738556,1,1.0,-0.18819645,-0.95024335,-0.03118129,-0.030160388,0
13,367,-0.18819645,-0.95024335,-0.03118129,-0.030160388,0,1.0,-0.20720132,-1.1449046,-0.0317845,0.25252372,0
13,368,-0.20720132,-1.1449046,-0.0317845,0.25252372,1,1.0,-0.23009941,-0.94934356,-0.026734024,-0.050012764,0
13,369,-0.23009941,-0.94934356,-0.026734024,-0.050012764,0,1.0,-0.24908628,-1.1440722,-0.02773428,0.23411691,0
13,370,-0.24908628,-1.1440722,-0.02773428,0.23411691,1,1.0,-0.2719677,-0.9485651,-0.023051942,-0.06718366,0
13,371,-0.2719677,-0.9485651,-0.023051942,-0.06718366,0,1.0,-0.29093903,-1.1433492,-0.024395615,0.21813804,0
13,372,-0.29093903,-1.1433492,-0.024395615,0.21813804,1,1.0,-0.313806,-0.9478871,-0.020032855,-0.08213937,0
13,373,-0.313806,-0.9478871,-0.020032855,-0.08213937,0,1.0,-0.33276376,-1.1427163,-0.021675643,0.20415643,0
13,374,-0.33276376,-1.1427163,-0.021675643,0.20415643,1,1.0,-0.35561806,-0.94729114,-0.017592514,-0.09528452,0
13,375,-0.35561806,-0.94729114,-0.017592514,-0.09528452,0,1.0,-0.3745639,-1.1421566,-0.019498203,0.19179648,0
13,376,-0.3745639,-1.1421566,-0.019498203,0.19179648,1,1.0,-0.39740703,-0.9467612,-0.015662273,-0.106972985,0
13,377,-0.39740703,-0.9467612,-0.015662273,-0.106972985,0,1.0,-0.41634226,-1.1416552,-0.017801734,0.1807277,0
13,378,-0.41634226,-1.1416552,-0.017801734,0.1807277,1,1.0,-0.43917537,-0.9462831,-0.0141871795,-0.11751745,0
13,379,-0.43917537,-0.9462831,-0.0141871795,-0.11751745,0,1.0,-0.458101,-1.141199,-0.016537528,0.170656,0
13,380,-0.458101,-1.141199,-0.016537528,0.170656,1,1.0,-0.480925,-0.94584423,-0.013124409,-0.1271978,0
13,381,-0.480925,-0.94584423,-0.013124409,-0.1271978,0,1.0,-0.49984187,-1.1407758,-0.015668366,0.1613158,0
13,382,-0.49984187,-1.1407758,-0.015668366,0.1613158,1,1.0,-0.5226574,-0.945433,-0.01244205,-0.13626862,0
13,383,-0.5226574,-0.945433,-0.01244205,-0.13626862,0,1.0,-0.5415661,-1.1403745,-0.015167422,0.1524632,0
13,384,-0.5415661,-1.1403745,-0.015167422,0.1524632,1,1.0,-0.56437355,-0.9450388,-0.012118158,-0.14496586,0
13,385,-0.56437355,-0.9450388,-0.012118158,-0.14496586,0,1.0,-0.5832743,-1.1399851,-0.015017475,0.14386952,0
13,386,-0.5832743,-1.1399851,-0.015017475,0.14386952,1,1.0,-0.60607404,-0.94465137,-0.012140085,-0.15351307,0
13,387,-0.60607404,-0.94465137,-0.012140085,-0.15351307,0,1.0,-0.62496704,-1.1395974,-0.015210346,0.13531534,0
13,388,-0.62496704,-1.1395974,-0.015210346,0.13531534,1,1.0,-0.647759,-0.9442609,-0.012504039,-0.16212715,0
13,389,-0.647759,-0.9442609,-0.012504039,-0.16212715,0,1.0,-0.6666442,-1.1392016,-0.015746582,0.126585,0
13,390,-0.6666442,-1.1392016,-0.015746582,0.126585,1,1.0,-0.68942827,-0.94385767,-0.0132148815,-0.1710239,0
13,391,-0.68942827,-0.94385767,-0.0132148815,-0.1710239,0,1.0,-0.7083054,-1.138788,-0.01663536,0.11746101,0
13,392,-0.7083054,-1.138788,-0.01663536,0.11746101,1,1.0,-0.7310812,-0.94343174,-0.01428614,-0.18042347,0
13,393,-0.7310812,-0.94343174,-0.01428614,-0.18042347,0,1.0,-0.7499498,-1.1383463,-0.017894609,0.10771867,0
13,394,-0.7499498,-1.1383463,-0.017894609,0.10771867,1,1.0,-0.7727167,-0.9429726,-0.015740236,-0.19055577,0
13,395,-0.7727167,-0.9429726,-0.015740236,-0.19055577,0,1.0,-0.7915762,-1.1378659,-0.019551352,0.09712049,0
13,396,-0.7915762,-1.1378659,-0.019551352,0.09712049,0,1.0,-0.8143335,-1.3327023,-0.01760894,0.38357145,0
13,397,-0.8143335,-1.3327023,-0.01760894,0.38357145,1,1.0,-0.84098756,-1.1373348,-0.009937513,0.0853889,0
13,398,-0.84098756,-1.1373348,-0.009937513,0.0853889,1,1.0,-0.86373425,-0.9420718,-0.008229734,-0.21041268,0
13,399,-0.86373425,-0.9420718,-0.008229734,-0.21041268,0,1.0,-0.8825757,-1.1370751,-0.012437988,0.079662874,0
13,400,-0.8825757,-1.1370751,-0.012437988,0.079662874,0,1.0,-0.9053172,-1.3320166,-0.010844731,0.36839578,0
13,401,-0.9053172,-1.3320166,-0.010844731,0.36839578,1,1.0,-0.9319575,-1.1367422,-0.0034768153,0.072313175,0
13,402,-0.9319575,-1.1367422,-0.0034768153,0.072313175,1,1.0,-0.95469236,-0.9415706,-0.0020305517,-0.22146466,0
13,403,-0.95469236,-0.9415706,-0.0020305517,-0.22146466,0,1.0,-0.97352374,-1.1366634,-0.006459845,0.07057705,0
13,404,-0.97352374,-1.1366634,-0.006459845,0.07057705,0,1.0,-0.996257,-1.3316922,-0.0050483043,0.36121488,0
13,405,-0.996257,-1.3316922,-0.0050483043,0.36121488,1,1.0,-1.0228909,-1.1364988,0.0021759935,0.066944405,0
13,406,-1.0228909,-1.1364988,0.0021759935,0.066944405,1,1.0,-1.0456208,-0.94140816,0.0035148815,-0.2250512,0
13,407,-1.0456208,-0.94140816,0.0035148815,-0.2250512,0,1.0,-1.0644491,-1.1365802,-0.0009861423,0.068738386,0
13,408,-1.0644491,-1.1365802,-0.0009861423,0.068738386,0,1.0,-1.0871806,-1.331688,0.00038862546,0.36111003,0
13,409,-1.0871806,-1.331688,0.00038862546,0.36111003,1,1.0,-1.1138144,-1.1365715,0.007610826,0.068549655,0
13,410,-1.1138144,-1.1365715,0.007610826,0.068549655,1,1.0,-1.1365458,-0.94155955,0.008981819,-0.22172233,0
13,411,-1.1365458,-0.94155955,0.008981819,-0.22172233,0,1.0,-1.155377,-1.1368088,0.0045473725,0.07378024,0
13,412,-1.155377,-1.1368088,0.0045473725,0.07378024,1,1.0,-1.1781132,-0.94175225,0.006022977,-0.2174645,0
13,413,-1.1781132,-0.94175225,0.006022977,-0.2174645,0,1.0,-1.1969482,-1.1369598,0.0016736869,0.07711222,0
13,414,-1.1969482,-1.1369598,0.0016736869,0.07711222,0,1.0,-1.2196875,-1.3321056,0.0032159311,0.37032273,0
13,415,-1.2196875,-1.3321056,0.0032159311,0.37032273,1,1.0,-1.2463295,-1.1370295,0.010622386,0.078655556,0
13,416,-1.2463295,-1.1370295,0.010622386,0.078655556,1,1.0,-1.2690701,-0.9420615,0.012195497,-0.21065713,0
13,417,-1.2690701,-0.9420615,0.012195497,-0.21065713,0,1.0,-1.2879114,-1.1373557,0.007982354,0.085847735,0
13,418,-1.2879114,-1.1373557,0.007982354,0.085847735,1,1.0,-1.3106585,-0.9423491,0.009699309,-0.2043061,0
13,419,-1.3106585,-0.9423491,0.009699309,-0.2043061,0,1.0,-1.3295054,-1.1376084,0.005613187,0.091420636,0
13,420,-1.3295054,-1.1376084,0.005613187,0.091420636,0,1.0,-1.3522576,-1.3328103,0.0074416,0.38586923,0
13,421,-1.3522576,-1.3328103,0.0074416,0.38586923,1,1.0,-1.3789139,-1.1377949,0.015158984,0.09554185,0
13,422,-1.3789139,-1.1377949,0.015158984,0.09554185,1,1.0,-1.4016697,-0.9428934,0.01706982,-0.19232015,0
13,423,-1.4016697,-0.9428934,0.01706982,-0.19232015,0,1.0,-1.4205276,-1.1382552,0.013223418,0.10569834,0
13,424,-1.4205276,-1.1382552,0.013223418,0.10569834,1,1.0,-1.4432927,-0.9433253,0.015337385,-0.1827835,0
13,425,-1.4432927,-0.9433253,0.015337385,-0.1827835,0,1.0,-1.4621592,-1.1386633,0.011681715,0.114698075,0
13,426,-1.4621592,-1.1386633,0.011681715,0.114698075,1,1.0,-1.4849324,-0.9437107,0.013975676,-0.17427658,0
13,427,-1.4849324,-0.9437107,0.013975676,-0.17427658,0,1.0,-1.5038067,-1.1390299,0.010490145,0.12278225,0
13,428,-1.5038067,-1.1390299,0.010490145,0.12278225,0,1.0,-1.5265872,-1.3343005,0.01294579,0.41875616,0
13,429,-1.5265872,-1.3343005,0.01294579,0.41875616,1,1.0,-1.5532733,-1.1393644,0.021320913,0.13018243,0
13,430,-1.5532733,-1.1393644,0.021320913,0.13018243,1,1.0,-1.5760605,-0.9445542,0.023924561,-0.15569851,0
13,431,-1.5760605,-0.9445542,0.023924561,-0.15569851,0,1.0,-1.5949516,-1.1400104,0.020810591,0.14443502,0
13,432,-1.5949516,-1.1400104,0.020810591,0.14443502,1,1.0,-1.6177518,-0.9451926,0.023699293,-0.14161058,0
13,433,-1.6177518,-0.9451926,0.023699293,-0.14161058,0,1.0,-1.6366557,-1.1406457,0.02086708,0.15845384,0
13,434,-1.6366557,-1.1406457,0.02086708,0.15845384,1,1.0,-1.6594687,-0.9458287,0.024036158,-0.12757368,0
13,435,-1.6594687,-0.9458287,0.024036158,-0.12757368,0,1.0,-1.6783853,-1.1412866,0.021484684,0.17259441,0
13,436,-1.6783853,-1.1412866,0.021484684,0.17259441,1,1.0,-1.701211,-0.9464786,0.024936572,-0.11323409,0
13,437,-1.701211,-0.9464786,0.024936572,-0.11323409,0,1.0,-1.7201405,-1.1419488,0.02267189,0.1872107,0
13,438,-1.7201405,-1.1419488,0.02267189,0.1872107,1,1.0,-1.7429795,-0.94715846,0.026416104,-0.0982348,0
13,439,-1.7429795,-0.94715846,0.026416104,-0.0982348,0,1.0,-1.7619227,-1.1426488,0.024451409,0.20266391,0
13,440,-1.7619227,-1.1426488,0.024451409,0.20266391,1,1.0,-1.7847756,-0.947885,0.028504686,-0.08220659,0
13,441,-1.7847756,-0.947885,0.028504686,-0.08220659,0,1.0,-1.8037333,-1.1434038,0.026860554,0.21933159,0
13,442,-1.8037333,-1.1434038,0.026860554,0.21933159,1,1.0,-1.8266014,-0.9486758,0.031247186,-0.06475884,0
13,443,-1.8266014,-0.9486758,0.031247186,-0.06475884,0,1.0,-1.845575,-1.1442316,0.02995201,0.23761669,0
13,444,-1.845575,-1.1442316,0.02995201,0.23761669,1,1.0,-1.8684596,-0.94955,0.034704342,-0.045470044,0
13,445,-1.8684596,-0.94955,0.034704342,-0.045470044,0,1.0,-1.8874506,-1.145152,0.033794943,0.25795725,0
13,446,-1.8874506,-1.145152,0.033794943,0.25795725,1,1.0,-1.9103535,-0.9505284,0.038954087,-0.023877602,0
13,447,-1.9103535,-0.9505284,0.038954087,-0.023877602,0,1.0,-1.9293642,-1.1461867,0.038476534,0.28083682,0
13,448,-1.9293642,-1.1461867,0.038476534,0.28083682,1,1.0,-1.9522879,-0.9516341,0.044093274,0.00053325435,0
13,449,-1.9522879,-0.9516341,0.044093274,0.00053325435,0,1.0,-1.9713206,-1.1473597,0.04410394,0.30679563,0
13,450,-1.9713206,-1.1473597,0.04410394,0.30679563,1,1.0,-1.9942678,-0.9528931,0.05023985,0.028341668,0
13,451,-1.9942678,-0.9528931,0.05023985,0.028341668,1,1.0,-2.0133257,-0.75852627,0.050806683,-0.2480764,0
13,452,-2.0133257,-0.75852627,0.050806683,-0.2480764,0,1.0,-2.0284963,-0.95433563,0.045845155,0.060189348,0
13,453,-2.0284963,-0.95433563,0.045845155,0.060189348,1,1.0,-2.0475829,-0.7599,0.04704894,-0.21768396,0
13,454,-2.0475829,-0.7599,0.04704894,-0.21768396,0,1.0,-2.0627809,-0.95566183,0.04269526,0.089461155,0
13,455,-2.0627809,-0.95566183,0.04269526,0.089461155,1,1.0,-2.0818942,-0.761177,0.044484485,-0.18945159,0
13,456,-2.0818942,-0.761177,0.044484485,-0.18945159,0,1.0,-2.0971177,-0.9569062,0.040695455,0.1169259,0
13,457,-2.0971177,-0.9569062,0.040695455,0.1169259,1,1.0,-2.1162558,-0.76239026,0.043033972,-0.16264528,0
13,458,-2.1162558,-0.76239026,0.043033972,-0.16264528,0,1.0,-2.1315036,-0.95810103,0.039781068,0.14329714,0
13,459,-2.1315036,-0.95810103,0.039781068,0.14329714,1,1.0,-2.1506655,-0.7635707,0.042647008,-0.13657494,0
13,460,-2.1506655,-0.7635707,0.042647008,-0.13657494,0,1.0,-2.165937,-0.95927674,0.03991551,0.1692516,0
13,461,-2.165937,-0.95927674,0.03991551,0.1692516,1,1.0,-2.1851225,-0.76474816,0.043300543,-0.11057678,0
13,462,-2.1851225,-0.76474816,0.043300543,-0.11057678,0,1.0,-2.2004175,-0.960463,0.041089006,0.19544666,0
13,463,-2.2004175,-0.960463,0.041089006,0.19544666,1,1.0,-2.2196267,-0.7659521,0.04499794,-0.08399659,0
13,464,-2.2196267,-0.7659521,0.04499794,-0.08399659,0,1.0,-2.2349458,-0.96168923,0.043318007,0.22253683,0
13,465,-2.2349458,-0.96168923,0.043318007,0.22253683,1,1.0,-2.2541795,-0.7672124,0.047768746,-0.05617334,0
13,466,-2.2541795,-0.7672124,0.047768746,-0.05617334,0,1.0,-2.2695239,-0.9629855,0.04664528,0.2511901,0
13,467,-2.2695239,-0.9629855,0.04664528,0.2511901,1,1.0,-2.2887836,-0.76855963,0.05166908,-0.026422784,0
13,468,-2.2887836,-0.76855963,0.05166908,-0.026422784,0,1.0,-2.3041546,-0.964383,0.051140625,0.28210425,0
13,469,-2.3041546,-0.964383,0.051140625,0.28210425,1,1.0,-2.3234425,-0.77002645,0.05678271,0.005979281,0
13,470,-2.3234425,-0.77002645,0.05678271,0.005979281,0,1.0,-2.3388429,-0.9659148,0.056902297,0.31602344,0
13,471,-2.3388429,-0.9659148,0.056902297,0.31602344,1,1.0,-2.3581612,-0.7716476,0.063222766,0.041814487,0
13,472,-2.3581612,-0.7716476,0.063222766,0.041814487,1,1.0,-2.3735943,-0.5774865,0.06405906,-0.23027012,0
13,473,-2.3735943,-0.5774865,0.06405906,-0.23027012,0,1.0,-2.385144,-0.7734626,0.05945365,0.08191153,0
13,474,-2.385144,-0.7734626,0.05945365,0.08191153,1,1.0,-2.400613,-0.5792411,0.06109188,-0.19143695,1
14,0,-0.0064475997,0.008570231,0.03979648,0.049258064,1,1.0,-0.0062761954,0.20309961,0.040781643,-0.23060788,0
14,1,-0.0062761954,0.20309961,0.040781643,-0.23060788,1,1.0,-0.0022142031,0.3976158,0.036169484,-0.5101531,0
14,2,-0.0022142031,0.3976158,0.036169484,-0.5101531,0,1.0,0.0057381126,0.20200348,0.025966423,-0.20629501,0
14,3,0.0057381126,0.20200348,0.025966423,-0.20629501,0,1.0,0.009778182,0.0065200115,0.021840522,0.09446461,0
14,4,0.009778182,0.0065200115,0.021840522,0.09446461,1,1.0,0.009908582,0.20132223,0.023729814,-0.19124843,0
14,5,0.009908582,0.20132223,0.023729814,-0.19124843,0,1.0,0.013935027,0.005868984,0.019904846,0.108824804,0
14,6,0.013935027,0.005868984,0.019904846,0.108824804,1,1.0,0.014052407,0.20070013,0.022081342,-0.17751238,0
14,7,0.014052407,0.20070013,0.022081342,-0.17751238,0,1.0,0.01806641,0.0052692513,0.018531093,0.12205386,0
14,8,0.01806641,0.0052692513,0.018531093,0.12205386,1,1.0,0.018171795,0.20012088,0.020972172,-0.16472556,0
14,9,0.018171795,0.20012088,0.020972172,-0.16472556,0,1.0,0.022174211,0.004705083,0.017677661,0.13449903,0
14,10,0.022174211,0.004705083,0.017677661,0.13449903,1,1.0,0.022268314,0.19956942,0.020367641,-0.15255484,0
14,11,0.022268314,0.19956942,0.020367641,-0.15255484,0,1.0,0.026259702,0.004161841,0.017316544,0.1464834,0
14,12,0.026259702,0.004161841,0.017316544,0.1464834,1,1.0,0.02634294,0.19903159,0.020246211,-0.14068657,0
14,13,0.02634294,0.19903159,0.020246211,-0.14068657,0,1.0,0.03032357,0.0036256034,0.017432481,0.1583143,0
14,14,0.03032357,0.0036256034,0.017432481,0.1583143,1,1.0,0.030396083,0.19849369,0.020598767,-0.12881853,0
14,15,0.030396083,0.19849369,0.020598767,-0.12881853,0,1.0,0.034365956,0.003082807,0.018022396,0.17029123,0
14,16,0.034365956,0.003082807,0.018022396,0.17029123,1,1.0,0.034427613,0.19794223,0.02142822,-0.11665214,0
14,17,0.034427613,0.19794223,0.02142822,-0.11665214,0,1.0,0.038386457,0.0025199058,0.019095177,0.18271346,0
14,18,0.038386457,0.0025199058,0.019095177,0.18271346,1,1.0,0.038436856,0.1973635,0.022749446,-0.103885,0
14,19,0.038436856,0.1973635,0.022749446,-0.103885,0,1.0,0.042384125,0.0019230351,0.020671748,0.1958876,0
14,20,0.042384125,0.0019230351,0.020671748,0.1958876,1,1.0,0.042422585,0.1967433,0.0245895,-0.09020329,0
14,21,0.042422585,0.1967433,0.0245895,-0.09020329,0,1.0,0.046357453,0.0012776736,0.022785433,0.21013507,0
14,22,0.046357453,0.0012776736,0.022785433,0.21013507,1,1.0,0.046383005,0.19606654,0.026988134,-0.07527404,0
14,23,0.046383005,0.19606654,0.026988134,-0.07527404,0,1.0,0.050304335,0.0005682976,0.025482653,0.22580008,0
14,24,0.050304335,0.0005682976,0.025482653,0.22580008,1,1.0,0.0503157,0.19531697,0.029998654,-0.058736984,0
14,25,0.0503157,0.19531697,0.029998654,-0.058736984,1,1.0,0.05422204,0.38999623,0.028823916,-0.34180623,0
14,26,0.05422204,0.38999623,0.028823916,-0.34180623,0,1.0,0.062021967,0.1944763,0.02198779,-0.040175088,0
14,27,0.062021967,0.1944763,0.02198779,-0.040175088,0,1.0,0.065911494,-0.0009539368,0.02118429,0.2593633,0
14,28,0.065911494,-0.0009539368,0.02118429,0.2593633,1,1.0,0.06589241,0.19385928,0.026371555,-0.02656325,0
14,29,0.06589241,0.19385928,0.026371555,-0.02656325,1,1.0,0.0697696,0.38859332,0.02584029,-0.3108104,0
14,30,0.0697696,0.38859332,0.02584029,-0.3108104,0,1.0,0.07754146,0.19311292,0.019624082,-0.010091495,0
14,31,0.07754146,0.19311292,0.019624082,-0.010091495,0,1.0,0.081403725,-0.0022848835,0.019422252,0.2887179,0
14,32,0.081403725,-0.0022848835,0.019422252,0.2887179,1,1.0,0.08135802,0.1925548,0.02519661,0.00222328,0
14,33,0.08135802,0.1925548,0.02519661,0.00222328,1,1.0,0.085209124,0.3873065,0.025241075,-0.28240454,0
14,34,0.085209124,0.3873065,0.025241075,-0.28240454,0,1.0,0.092955254,0.19183378,0.019592986,0.018131237,0
14,35,0.092955254,0.19183378,0.019592986,0.018131237,1,1.0,0.09679193,0.38666934,0.01995561,-0.26830605,0
14,36,0.09679193,0.38666934,0.01995561,-0.26830605,0,1.0,0.10452531,0.19126837,0.014589489,0.030603614,0
14,37,0.10452531,0.19126837,0.014589489,0.030603614,0,1.0,0.10835068,-0.004059727,0.015201561,0.32785374,0
14,38,0.10835068,-0.004059727,0.015201561,0.32785374,1,1.0,0.10826949,0.19084254,0.021758636,0.040003203,0
14,39,0.10826949,0.19084254,0.021758636,0.040003203,1,1.0,0.11208634,0.38564584,0.0225587,-0.24573602,0
14,40,0.11208634,0.38564584,0.0225587,-0.24573602,0,1.0,0.11979926,0.19020908,0.01764398,0.053976223,0
14,41,0.11979926,0.19020908,0.01764398,0.053976223,1,1.0,0.12360343,0.38507363,0.018723505,-0.23308808,0
14,42,0.12360343,0.38507363,0.018723505,-0.23308808,0,1.0,0.1313049,0.18968923,0.014061742,0.06544155,0
14,43,0.1313049,0.18968923,0.014061742,0.06544155,0,1.0,0.1350987,-0.0056314697,0.015370574,0.36252767,0
14,44,0.1350987,-0.0056314697,0.015370574,0.36252767,1,1.0,0.13498606,0.18926868,0.022621127,0.07473073,0
14,45,0.13498606,0.18926868,0.022621127,0.07473073,1,1.0,0.13877144,0.38405916,0.024115741,-0.21073018,0
14,46,0.13877144,0.38405916,0.024115741,-0.21073018,0,1.0,0.14645262,0.18860084,0.019901138,0.08946138,0
14,47,0.14645262,0.18860084,0.019901138,0.08946138,1,1.0,0.15022464,0.38343197,0.021690365,-0.19687688,0
14,48,0.15022464,0.38343197,0.021690365,-0.19687688,0,1.0,0.15789327,0.1880066,0.017752828,0.10256869,0
14,49,0.15789327,0.1880066,0.017752828,0.10256869,1,1.0,0.16165341,0.3828697,0.019804202,-0.18446083,0
14,50,0.16165341,0.3828697,0.019804202,-0.18446083,0,1.0,0.16931081,0.18747005,0.016114986,0.1144032,0
14,51,0.16931081,0.18747005,0.016114986,0.1144032,1,1.0,0.17306021,0.38235742,0.01840305,-0.17315231,0
14,52,0.17306021,0.38235742,0.01840305,-0.17315231,0,1.0,0.18070735,0.18697698,0.014940003,0.1252789,0
14,53,0.18070735,0.18697698,0.014940003,0.1252789,1,1.0,0.18444689,0.38188174,0.017445581,-0.16265342,0
14,54,0.18444689,0.38188174,0.017445581,-0.16265342,0,1.0,0.19208452,0.18651447,0.014192512,0.13548167,0
14,55,0.19208452,0.18651447,0.014192512,0.13548167,1,1.0,0.19581482,0.38143027,0.016902147,-0.15269016,0
14,56,0.19581482,0.38143027,0.016902147,-0.15269016,0,1.0,0.20344342,0.18607044,0.013848343,0.14527674,0
14,57,0.20344342,0.18607044,0.013848343,0.14527674,1,1.0,0.20716482,0.38099137,0.016753878,-0.14300531,0
14,58,0.20716482,0.38099137,0.016753878,-0.14300531,0,1.0,0.21478465,0.18563353,0.013893772,0.15491572,0
14,59,0.21478465,0.18563353,0.013893772,0.15491572,1,1.0,0.21849734,0.3805538,0.016992087,-0.13335186,0
14,60,0.21849734,0.3805538,0.016992087,-0.13335186,0,1.0,0.2261084,0.18519264,0.014325049,0.16464303,0
14,61,0.2261084,0.18519264,0.014325049,0.16464303,1,1.0,0.22981226,0.38010663,0.01761791,-0.12348654,0
14,62,0.22981226,0.38010663,0.01761791,-0.12348654,0,1.0,0.23741439,0.18473677,0.015148179,0.17470218,0
14,63,0.23741439,0.18473677,0.015148179,0.17470218,1,1.0,0.24110913,0.37963867,0.018642223,-0.11316376,0
14,64,0.24110913,0.37963867,0.018642223,-0.11316376,0,1.0,0.2487019,0.18425465,0.016378947,0.18534188,0
14,65,0.2487019,0.18425465,0.016378947,0.18534188,1,1.0,0.252387,0.37913847,0.020085784,-0.102129444,0
14,66,0.252387,0.37913847,0.020085784,-0.102129444,0,1.0,0.25996977,0.18373449,0.018043196,0.1968222,0
14,67,0.25996977,0.18373449,0.018043196,0.1968222,1,1.0,0.26364446,0.37859377,0.02197964,-0.090114735,0
14,68,0.26364446,0.37859377,0.02197964,-0.090114735,0,1.0,0.27121633,0.18316379,0.020177346,0.20942093,0
14,69,0.27121633,0.18316379,0.020177346,0.20942093,1,1.0,0.2748796,0.3779915,0.024365764,-0.07682942,0
14,70,0.2748796,0.3779915,0.024365764,-0.07682942,1,1.0,0.28243944,0.5727558,0.022829175,-0.36172637,0
14,71,0.28243944,0.5727558,0.022829175,-0.36172637,0,1.0,0.29389456,0.37731695,0.015594648,-0.06193325,0
14,72,0.29389456,0.37731695,0.015594648,-0.06193325,0,1.0,0.3014409,0.18197493,0.014355983,0.23562881,0
14,73,0.3014409,0.18197493,0.014355983,0.23562881,1,1.0,0.30508038,0.37688887,0.01906856,-0.05249145,0
14,74,0.30508038,0.37688887,0.01906856,-0.05249145,0,1.0,0.31261817,0.18149875,0.01801873,0.24614625,0
14,75,0.31261817,0.18149875,0.01801873,0.24614625,1,1.0,0.31624815,0.37635878,0.022941655,-0.04079913,0
14,76,0.31624815,0.37635878,0.022941655,-0.04079913,1,1.0,0.32377532,0.5711444,0.022125673,-0.32615638,0
14,77,0.32377532,0.5711444,0.022125673,-0.32615638,0,1.0,0.3351982,0.3757145,0.015602545,-0.026578903,0
14,78,0.3351982,0.3757145,0.015602545,-0.026578903,0,1.0,0.3427125,0.18037231,0.015070966,0.27098566,0
14,79,0.3427125,0.18037231,0.015070966,0.27098566,1,1.0,0.34631994,0.375276,0.02049068,-0.016905952,0
14,80,0.34631994,0.375276,0.02049068,-0.016905952,1,1.0,0.35382545,0.57009816,0.020152561,-0.30305403,0
14,81,0.35382545,0.57009816,0.020152561,-0.30305403,0,1.0,0.36522743,0.3746949,0.0140914805,-0.0040841955,0
14,82,0.36522743,0.3746949,0.0140914805,-0.0040841955,1,1.0,0.3727213,0.56961197,0.014009796,-0.29228798,0
14,83,0.3727213,0.56961197,0.014009796,-0.29228798,0,1.0,0.38411355,0.3742931,0.008164037,0.0047803135,0
14,84,0.38411355,0.3742931,0.008164037,0.0047803135,0,1.0,0.39159942,0.17905502,0.008259643,0.30002788,0
14,85,0.39159942,0.17905502,0.008259643,0.30002788,1,1.0,0.39518052,0.37405828,0.014260201,0.009961276,0
14,86,0.39518052,0.37405828,0.014260201,0.009961276,1,1.0,0.40266168,0.5689728,0.014459426,-0.2781885,0
14,87,0.40266168,0.5689728,0.014459426,-0.2781885,0,1.0,0.41404113,0.37364763,0.008895656,0.01901962,0
14,88,0.41404113,0.37364763,0.008895656,0.01901962,0,1.0,0.4215141,0.17839924,0.009276048,0.3144959,0
14,89,0.4215141,0.17839924,0.009276048,0.3144959,1,1.0,0.4250821,0.37338784,0.015565966,0.024752714,0
14,90,0.4250821,0.37338784,0.015565966,0.024752714,1,1.0,0.43254983,0.56828314,0.016061021,-0.2629786,0
14,91,0.43254983,0.56828314,0.016061021,-0.2629786,0,1.0,0.44391552,0.37293565,0.0108014485,0.03472655,0
14,92,0.44391552,0.37293565,0.0108014485,0.03472655,1,1.0,0.4513742,0.5679011,0.0114959795,-0.25452894,0
14,93,0.4513742,0.5679011,0.0114959795,-0.25452894,0,1.0,0.46273223,0.37261686,0.006405401,0.041757744,0
14,94,0.46273223,0.37261686,0.006405401,0.041757744,0,1.0,0.47018456,0.17740366,0.0072405557,0.33645472,0
14,95,0.47018456,0.17740366,0.0072405557,0.33645472,1,1.0,0.47373265,0.37242183,0.0139696505,0.046063855,0
14,96,0.47373265,0.37242183,0.0139696505,0.046063855,1,1.0,0.4811811,0.5673407,0.014890928,-0.24217899,0
14,97,0.4811811,0.5673407,0.014890928,-0.24217899,0,1.0,0.4925279,0.37200925,0.010047347,0.055163484,0
14,98,0.4925279,0.37200925,0.010047347,0.055163484,1,1.0,0.49996808,0.56698567,0.011150617,-0.23433258,0
14,99,0.49996808,0.56698567,0.011150617,-0.23433258,0,1.0,0.5113078,0.37170622,0.006463966,0.061846655,0
14,100,0.5113078,0.37170622,0.006463966,0.061846655,1,1.0,0.5187419,0.5667349,0.007700899,-0.22878987,0
14,101,0.5187419,0.5667349,0.007700899,-0.22878987,0,1.0,0.5300766,0.37150374,0.0031251018,0.06631222,0
14,102,0.5300766,0.37150374,0.0031251018,0.06631222,1,1.0,0.5375067,0.5665808,0.004451346,-0.22538309,0
14,103,0.5375067,0.5665808,0.004451346,-0.22538309,0,1.0,0.5488383,0.37139547,-5.6315297e-05,0.06870064,0
14,104,0.5488383,0.37139547,-5.6315297e-05,0.06870064,0,1.0,0.5562662,0.17627433,0.0013176975,0.3613658,0
14,105,0.5562662,0.17627433,0.0013176975,0.3613658,1,1.0,0.5597917,0.37137753,0.008545013,0.06909866,0
14,106,0.5597917,0.37137753,0.008545013,0.06909866,1,1.0,0.56721926,0.5663759,0.009926987,-0.22087607,0
14,107,0.56721926,0.5663759,0.009926987,-0.22087607,0,1.0,0.57854676,0.3711135,0.005509465,0.07492163,0
14,108,0.57854676,0.3711135,0.005509465,0.07492163,1,1.0,0.58596903,0.566156,0.007007898,-0.21601796,0
14,109,0.58596903,0.566156,0.007007898,-0.21601796,0,1.0,0.5972922,0.3709346,0.0026875385,0.0788673,0
14,110,0.5972922,0.3709346,0.0026875385,0.0788673,1,1.0,0.6047109,0.5660179,0.0042648846,-0.21296649,0
14,111,0.6047109,0.5660179,0.0042648846,-0.21296649,0,1.0,0.6160312,0.37083524,5.5546348e-06,0.08105872,0
14,112,0.6160312,0.37083524,5.5546348e-06,0.08105872,1,1.0,0.6234479,0.5659571,0.001626729,-0.21162246,0
14,113,0.6234479,0.5659571,0.001626729,-0.21162246,0,1.0,0.63476706,0.37081197,-0.0026057202,0.08157317,0
14,114,0.63476706,0.37081197,-0.0026057202,0.08157317,1,1.0,0.6421833,0.56597114,-0.0009742566,-0.21193072,0
14,115,0.6421833,0.56597114,-0.0009742566,-0.21193072,0,1.0,0.6535027,0.37086317,-0.005212871,0.080444716,0
14,116,0.6535027,0.37086317,-0.005212871,0.080444716,0,1.0,0.66091996,0.17581631,-0.0036039767,0.3714784,0
14,117,0.66091996,0.17581631,-0.0036039767,0.3714784,1,1.0,0.66443634,0.3709893,0.0038255916,0.077661306,0
14,118,0.66443634,0.3709893,0.0038255916,0.077661306,1,1.0,0.6718561,0.5660562,0.0053788177,-0.21381219,0
14,119,0.6718561,0.5660562,0.0053788177,-0.21381219,0,1.0,0.68317723,0.37085775,0.0011025742,0.0805626,0
14,120,0.68317723,0.37085775,0.0011025742,0.0805626,1,1.0,0.6905944,0.56596386,0.0027138263,-0.21177226,0
14,121,0.6905944,0.56596386,0.0027138263,-0.21177226,0,1.0,0.70191365,0.37080324,-0.0015216189,0.0817655,0
14,122,0.70191365,0.37080324,-0.0015216189,0.0817655,1,1.0,0.7093297,0.56594694,0.0001136911,-0.21139711,0
14,123,0.7093297,0.56594694,0.0001136911,-0.21139711,0,1.0,0.72064865,0.37082338,-0.004114251,0.08132168,0
14,124,0.72064865,0.37082338,-0.004114251,0.08132168,1,1.0,0.72806513,0.5660041,-0.0024878175,-0.21265647,0
14,125,0.72806513,0.5660041,-0.0024878175,-0.21265647,0,1.0,0.7393852,0.37091777,-0.006740947,0.07924066,0
14,126,0.7393852,0.37091777,-0.006740947,0.07924066,1,1.0,0.7468036,0.5661357,-0.005156134,-0.21556142,0
14,127,0.7468036,0.5661357,-0.005156134,-0.21556142,0,1.0,0.75812626,0.37108785,-0.009467362,0.075490594,0
14,128,0.75812626,0.37108785,-0.009467362,0.075490594,1,1.0,0.76554805,0.56634426,-0.00795755,-0.22016422,0
14,129,0.76554805,0.56634426,-0.00795755,-0.22016422,0,1.0,0.7768749,0.37133694,-0.0123608345,0.069997974,0
14,130,0.7768749,0.37133694,-0.0123608345,0.069997974,0,1.0,0.78430164,0.17639436,-0.010960875,0.3587555,0
14,131,0.78430164,0.17639436,-0.010960875,0.3587555,1,1.0,0.7878295,0.3716704,-0.003785765,0.062636614,0
14,132,0.7878295,0.3716704,-0.003785765,0.062636614,1,1.0,0.79526293,0.56684643,-0.0025330328,-0.23123834,0
14,133,0.79526293,0.56684643,-0.0025330328,-0.23123834,0,1.0,0.80659986,0.37176076,-0.0071577993,0.060644507,0
14,134,0.80659986,0.37176076,-0.0071577993,0.060644507,1,1.0,0.8140351,0.5669846,-0.0059449095,-0.23428813,0
14,135,0.8140351,0.5669846,-0.0059449095,-0.23428813,0,1.0,0.8253748,0.3719481,-0.010630672,0.056513667,0
14,136,0.8253748,0.3719481,-0.010630672,0.056513667,1,1.0,0.83281374,0.56722087,-0.009500398,-0.23950426,0
14,137,0.83281374,0.56722087,-0.009500398,-0.23950426,0,1.0,0.8441582,0.3722359,-0.014290484,0.05016689,0
14,138,0.8441582,0.3722359,-0.014290484,0.05016689,1,1.0,0.8516029,0.5675598,-0.013287146,-0.24699032,0
14,139,0.8516029,0.5675598,-0.013287146,-0.24699032,0,1.0,0.8629541,0.37263012,-0.018226953,0.041472092,0
14,140,0.8629541,0.37263012,-0.018226953,0.041472092,0,1.0,0.8704067,0.1777742,-0.01739751,0.32834896,0
14,141,0.8704067,0.1777742,-0.01739751,0.32834896,1,1.0,0.87396216,0.37313947,-0.010830532,0.030230828,0
14,142,0.87396216,0.37313947,-0.010830532,0.030230828,1,1.0,0.88142496,0.56841505,-0.010225915,-0.26584947,0
14,143,0.88142496,0.56841505,-0.010225915,-0.26584947,0,1.0,0.89279324,0.37344053,-0.015542905,0.023590647,0
14,144,0.89279324,0.37344053,-0.015542905,0.023590647,1,1.0,0.90026206,0.5687819,-0.015071091,-0.27395543,0
14,145,0.90026206,0.5687819,-0.015071091,-0.27395543,0,1.0,0.9116377,0.37387818,-0.0205502,0.013936192,0
14,146,0.9116377,0.37387818,-0.0205502,0.013936192,0,1.0,0.91911525,0.17905688,-0.020271476,0.3000651,0
14,147,0.91911525,0.17905688,-0.020271476,0.3000651,1,1.0,0.9226964,0.37446183,-0.014270174,0.0010585099,0
14,148,0.9226964,0.37446183,-0.014270174,0.0010585099,1,1.0,0.9301856,0.5697855,-0.014249004,-0.29609245,0
14,149,0.9301856,0.5697855,-0.014249004,-0.29609245,0,1.0,0.94158137,0.37486953,-0.020170853,-0.007937271,0
14,150,0.94158137,0.37486953,-0.020170853,-0.007937271,0,1.0,0.94907874,0.18004258,-0.020329598,0.27831388,0
14,151,0.94907874,0.18004258,-0.020329598,0.27831388,1,1.0,0.9526796,0.37544855,-0.014763321,-0.020711016,0
14,152,0.9526796,0.37544855,-0.014763321,-0.020711016,1,1.0,0.96018857,0.5707791,-0.015177541,-0.31801513,0
14,153,0.96018857,0.5707791,-0.015177541,-0.31801513,0,1.0,0.97160417,0.37587658,-0.021537844,-0.03015704,0
14,154,0.97160417,0.37587658,-0.021537844,-0.03015704,0,1.0,0.9791217,0.18106999,-0.022140985,0.2556534,0
14,155,0.9791217,0.18106999,-0.022140985,0.2556534,1,1.0,0.9827431,0.37650096,-0.017027916,-0.043930102,0
14,156,0.9827431,0.37650096,-0.017027916,-0.043930102,1,1.0,0.9902731,0.5718629,-0.017906519,-0.3419365,0
14,157,0.9902731,0.5718629,-0.017906519,-0.3419365,0,1.0,1.0017104,0.3770002,-0.024745248,-0.05495357,0
14,158,1.0017104,0.3770002,-0.024745248,-0.05495357,0,1.0,1.0092504,0.18224165,-0.02584432,0.22982047,0
14,159,1.0092504,0.18224165,-0.02584432,0.22982047,1,1.0,1.0128952,0.3777232,-0.02124791,-0.07090131,0
14,160,1.0128952,0.3777232,-0.02124791,-0.07090131,1,1.0,1.0204496,0.57314324,-0.022665936,-0.3702116,0
14,161,1.0204496,0.57314324,-0.022665936,-0.3702116,0,1.0,1.0319126,0.37835053,-0.030070169,-0.08476081,0
14,162,1.0319126,0.37835053,-0.030070169,-0.08476081,0,1.0,1.0394795,0.18367222,-0.031765386,0.19828533,0
14,163,1.0394795,0.18367222,-0.031765386,0.19828533,1,1.0,1.0431529,0.37923378,-0.027799679,-0.104246475,0
14,164,1.0431529,0.37923378,-0.027799679,-0.104246475,0,1.0,1.0507376,0.18452102,-0.029884608,0.17953776,0
14,165,1.0507376,0.18452102,-0.029884608,0.17953776,1,1.0,1.0544281,0.3800576,-0.026293853,-0.12242091,0
14,166,1.0544281,0.3800576,-0.026293853,-0.12242091,0,1.0,1.0620292,0.18532203,-0.02874227,0.16185197,0
14,167,1.0620292,0.18532203,-0.02874227,0.16185197,1,1.0,1.0657357,0.3808434,-0.025505232,-0.13975802,0
14,168,1.0657357,0.3808434,-0.025505232,-0.13975802,1,1.0,1.0733526,0.5763212,-0.028300392,-0.44037706,0
14,169,1.0733526,0.5763212,-0.028300392,-0.44037706,0,1.0,1.0848789,0.38161096,-0.037107933,-0.15674785,0
14,170,1.0848789,0.38161096,-0.037107933,-0.15674785,0,1.0,1.0925112,0.18703939,-0.040242888,0.124001324,0
14,171,1.0925112,0.18703939,-0.040242888,0.124001324,1,1.0,1.096252,0.3827141,-0.03776286,-0.18110129,0
14,172,1.096252,0.3827141,-0.03776286,-0.18110129,0,1.0,1.1039063,0.18815228,-0.04138489,0.09943371,0
14,173,1.1039063,0.18815228,-0.04138489,0.09943371,1,1.0,1.1076692,0.38384217,-0.039396215,-0.20601346,0
14,174,1.1076692,0.38384217,-0.039396215,-0.20601346,0,1.0,1.1153462,0.18930508,-0.043516483,0.073986255,0
14,175,1.1153462,0.18930508,-0.043516483,0.073986255,1,1.0,1.1191323,0.385023,-0.04203676,-0.23210251,0
14,176,1.1191323,0.385023,-0.04203676,-0.23210251,0,1.0,1.1268327,0.19052613,-0.046678808,0.047029898,0
14,177,1.1268327,0.19052613,-0.046678808,0.047029898,1,1.0,1.1306432,0.38628528,-0.045738213,-0.26000753,0
14,178,1.1306432,0.38628528,-0.045738213,-0.26000753,0,1.0,1.138369,0.19184507,-0.05093836,0.01790537,0
14,179,1.138369,0.19184507,-0.05093836,0.01790537,0,1.0,1.1422058,-0.0025107528,-0.050580256,0.29409158,0
14,180,1.1422058,-0.0025107528,-0.050580256,0.29409158,1,1.0,1.1421556,0.19329447,-0.044698425,-0.014104889,0
14,181,1.1421556,0.19329447,-0.044698425,-0.014104889,1,1.0,1.1460215,0.389028,-0.044980522,-0.3205489,0
14,182,1.1460215,0.389028,-0.044980522,-0.3205489,0,1.0,1.153802,0.19457453,-0.051391497,-0.042383526,0
14,183,1.153802,0.19457453,-0.051391497,-0.042383526,0,1.0,1.1576935,0.00022574388,-0.05223917,0.23365232,0
14,184,1.1576935,0.00022574388,-0.05223917,0.23365232,1,1.0,1.157698,0.19605367,-0.047566123,-0.0750402,0
14,185,1.157698,0.19605367,-0.047566123,-0.0750402,0,1.0,1.1616192,0.0016447583,-0.049066927,0.20226417,0
14,186,1.1616192,0.0016447583,-0.049066927,0.20226417,1,1.0,1.1616521,0.19743285,-0.045021642,-0.105484396,0
14,187,1.1616521,0.19743285,-0.045021642,-0.105484396,1,1.0,1.1656007,0.39317012,-0.04713133,-0.41202465,0
14,188,1.1656007,0.39317012,-0.04713133,-0.41202465,0,1.0,1.1734641,0.19874686,-0.055371825,-0.13456513,0
14,189,1.1734641,0.19874686,-0.055371825,-0.13456513,0,1.0,1.177439,0.0044599674,-0.058063127,0.14014757,0
14,190,1.177439,0.0044599674,-0.058063127,0.14014757,0,1.0,1.1775283,-0.1897844,-0.055260178,0.41396213,0
14,191,1.1775283,-0.1897844,-0.055260178,0.41396213,1,1.0,1.1737325,0.0060755047,-0.046980932,0.104382515,0
14,192,1.1737325,0.0060755047,-0.046980932,0.104382515,1,1.0,1.1738541,0.20183815,-0.044893283,-0.20274477,0
14,193,1.1738541,0.20183815,-0.044893283,-0.20274477,0,1.0,1.1778908,0.007386024,-0.04894818,0.075445354,0
14,194,1.1778908,0.007386024,-0.04894818,0.075445354,1,1.0,1.1780385,0.20317428,-0.04743927,-0.23227029,0
14,195,1.1780385,0.20317428,-0.04743927,-0.23227029,0,1.0,1.182102,0.008761146,-0.052084677,0.04507941,0
14,196,1.182102,0.008761146,-0.052084677,0.04507941,1,1.0,1.1822772,0.20458978,-0.05118309,-0.26357117,0
14,197,1.1822772,0.20458978,-0.05118309,-0.26357117,0,1.0,1.1863691,0.010234341,-0.056454513,0.012538949,0
14,198,1.1863691,0.010234341,-0.056454513,0.012538949,0,1.0,1.1865737,-0.18403444,-0.056203734,0.28688908,0
14,199,1.1865737,-0.18403444,-0.056203734,0.28688908,1,1.0,1.182893,0.0118421195,-0.050465953,-0.022977035,0
14,200,1.182893,0.0118421195,-0.050465953,-0.022977035,1,1.0,1.1831299,0.20765011,-0.050925493,-0.3311458,0
14,201,1.1831299,0.20765011,-0.050925493,-0.3311458,0,1.0,1.1872829,0.013288652,-0.057548407,-0.05494718,0
14,202,1.1872829,0.013288652,-0.057548407,-0.05494718,0,1.0,1.1875486,-0.18096294,-0.058647353,0.21903795,0
14,203,1.1875486,-0.18096294,-0.058647353,0.21903795,1,1.0,1.1839294,0.014946179,-0.054266594,-0.091552936,0
14,204,1.1839294,0.014946179,-0.054266594,-0.091552936,0,1.0,1.1842283,-0.17935765,-0.056097653,0.18352722,0
14,205,1.1842283,-0.17935765,-0.056097653,0.18352722,1,1.0,1.1806412,0.016520236,-0.052427106,-0.12631148,0
14,206,1.1806412,0.016520236,-0.052427106,-0.12631148,0,1.0,1.1809716,-0.17781298,-0.054953337,0.14938131,0
14,207,1.1809716,-0.17781298,-0.054953337,0.14938131,1,1.0,1.1774154,0.018051066,-0.05196571,-0.1601194,0
14,208,1.1774154,0.018051066,-0.05196571,-0.1601194,0,1.0,1.1777763,-0.1762899,-0.0551681,0.115727484,0
14,209,1.1777763,-0.1762899,-0.0551681,0.115727484,1,1.0,1.1742505,0.019577349,-0.052853547,-0.1938376,0
14,210,1.1742505,0.019577349,-0.052853547,-0.1938376,0,1.0,1.1746421,-0.17475027,-0.0567303,0.08171508,0
14,211,1.1746421,-0.17475027,-0.0567303,0.08171508,0,1.0,1.1711471,-0.36901504,-0.055096,0.3559737,0
14,212,1.1711471,-0.36901504,-0.055096,0.3559737,1,1.0,1.1637667,-0.1731548,-0.047976524,0.046439093,0
14,213,1.1637667,-0.1731548,-0.047976524,0.046439093,1,1.0,1.1603037,0.022621103,-0.04704774,-0.26098654,0
14,214,1.1603037,0.022621103,-0.04704774,-0.26098654,0,1.0,1.1607561,-0.17179877,-0.052267473,0.016493632,0
14,215,1.1607561,-0.17179877,-0.052267473,0.016493632,1,1.0,1.1573201,0.024032285,-0.051937602,-0.29221144,0
14,216,1.1573201,0.024032285,-0.051937602,-0.29221144,0,1.0,1.1578008,-0.17031214,-0.05778183,-0.016350688,0
14,217,1.1578008,-0.17031214,-0.05778183,-0.016350688,0,1.0,1.1543945,-0.3645599,-0.058108844,0.25755623,0
14,218,1.1543945,-0.3645599,-0.058108844,0.25755623,1,1.0,1.1471033,-0.16865854,-0.05295772,-0.052874185,0
14,219,1.1471033,-0.16865854,-0.05295772,-0.052874185,0,1.0,1.1437302,-0.36298272,-0.054015204,0.22264116,0
14,220,1.1437302,-0.36298272,-0.054015204,0.22264116,1,1.0,1.1364706,-0.167132,-0.04956238,-0.08657921,0
14,221,1.1364706,-0.167132,-0.04956238,-0.08657921,1,1.0,1.1331279,0.028664058,-0.051293965,-0.39447802,0
14,222,1.1331279,0.028664058,-0.051293965,-0.39447802,0,1.0,1.1337012,-0.16569395,-0.059183527,-0.11839827,0
14,223,1.1337012,-0.16569395,-0.059183527,-0.11839827,0,1.0,1.1303873,-0.3599202,-0.06155149,0.1550412,0
14,224,1.1303873,-0.3599202,-0.06155149,0.1550412,0,1.0,1.1231889,-0.55410933,-0.058450665,0.42768857,0
14,225,1.1231889,-0.55410933,-0.058450665,0.42768857,1,1.0,1.1121067,-0.35821036,-0.049896896,0.11716722,0
14,226,1.1121067,-0.35821036,-0.049896896,0.11716722,1,1.0,1.1049424,-0.16241029,-0.04755355,-0.19083092,0
14,227,1.1049424,-0.16241029,-0.04755355,-0.19083092,0,1.0,1.1016942,-0.35682082,-0.05137017,0.086479746,0
14,228,1.1016942,-0.35682082,-0.05137017,0.086479746,1,1.0,1.0945579,-0.16100161,-0.049640574,-0.2219578,0
14,229,1.0945579,-0.16100161,-0.049640574,-0.2219578,0,1.0,1.0913378,-0.35538018,-0.05407973,0.054662544,0
14,230,1.0913378,-0.35538018,-0.05407973,0.054662544,1,1.0,1.0842302,-0.15952617,-0.05298648,-0.25458065,0
14,231,1.0842302,-0.15952617,-0.05298648,-0.25458065,0,1.0,1.0810397,-0.3538531,-0.05807809,0.020929925,0
14,232,1.0810397,-0.3538531,-0.05807809,0.020929925,0,1.0,1.0739627,-0.5480961,-0.057659496,0.29473785,0
14,233,1.0739627,-0.5480961,-0.057659496,0.29473785,1,1.0,1.0630007,-0.35220158,-0.051764738,-0.015558152,0
14,234,1.0630007,-0.35220158,-0.051764738,-0.015558152,0,1.0,1.0559567,-0.54654443,-0.0520759,0.2603536,0
14,235,1.0559567,-0.54654443,-0.0520759,0.2603536,1,1.0,1.0450258,-0.35071924,-0.046868827,-0.04828938,0
14,236,1.0450258,-0.35071924,-0.046868827,-0.04828938,1,1.0,1.0380114,-0.15495765,-0.047834616,-0.3553837,0
14,237,1.0380114,-0.15495765,-0.047834616,-0.3553837,0,1.0,1.0349122,-0.349368,-0.05494229,-0.07815975,0
14,238,1.0349122,-0.349368,-0.05494229,-0.07815975,0,1.0,1.0279249,-0.54366106,-0.056505486,0.19669513,0
14,239,1.0279249,-0.54366106,-0.056505486,0.19669513,1,1.0,1.0170517,-0.3477783,-0.052571584,-0.11326382,0
14,240,1.0170517,-0.3477783,-0.052571584,-0.11326382,0,1.0,1.0100961,-0.5421091,-0.054836858,0.1623807,0
14,241,1.0100961,-0.5421091,-0.054836858,0.1623807,1,1.0,0.9992539,-0.34624672,-0.051589243,-0.14708517,0
14,242,0.9992539,-0.34624672,-0.051589243,-0.14708517,0,1.0,0.992329,-0.5405934,-0.05453095,0.12888648,0
14,243,0.992329,-0.5405934,-0.05453095,0.12888648,1,1.0,0.98151714,-0.3447344,-0.05195322,-0.18048947,0
14,244,0.98151714,-0.3447344,-0.05195322,-0.18048947,0,1.0,0.9746224,-0.5390759,-0.055563007,0.09536209,0
14,245,0.9746224,-0.5390759,-0.055563007,0.09536209,0,1.0,0.9638409,-0.7333593,-0.053655766,0.37001032,0
14,246,0.9638409,-0.7333593,-0.053655766,0.37001032,1,1.0,0.94917375,-0.53751767,-0.04625556,0.06090345,0
14,247,0.94917375,-0.53751767,-0.04625556,0.06090345,1,1.0,0.9384234,-0.3417641,-0.04503749,-0.24600714,0
14,248,0.9384234,-0.3417641,-0.04503749,-0.24600714,0,1.0,0.9315881,-0.5362148,-0.049957633,0.032136645,0
14,249,0.9315881,-0.5362148,-0.049957633,0.032136645,1,1.0,0.9208638,-0.3404134,-0.0493149,-0.27588055,0
14,250,0.9208638,-0.3404134,-0.0493149,-0.27588055,0,1.0,0.9140555,-0.5347983,-0.05483251,0.0008497034,0
14,251,0.9140555,-0.5347983,-0.05483251,0.0008497034,0,1.0,0.90335953,-0.7290928,-0.054815516,0.27574068,0
14,252,0.90335953,-0.7290928,-0.054815516,0.27574068,1,1.0,0.88877773,-0.53323334,-0.049300704,-0.03371489,0
14,253,0.88877773,-0.53323334,-0.049300704,-0.03371489,0,1.0,0.87811303,-0.72761494,-0.049975,0.24301465,0
14,254,0.87811303,-0.72761494,-0.049975,0.24301465,1,1.0,0.86356074,-0.53181607,-0.045114707,-0.06500347,0
14,255,0.86356074,-0.53181607,-0.045114707,-0.06500347,0,1.0,0.8529244,-0.72626317,-0.046414778,0.21311113,0
14,256,0.8529244,-0.72626317,-0.046414778,0.21311113,1,1.0,0.8383992,-0.5305094,-0.042152558,-0.093844324,0
14,257,0.8383992,-0.5305094,-0.042152558,-0.093844324,0,1.0,0.82778895,-0.7250026,-0.04402944,0.18524718,0
14,258,0.82778895,-0.7250026,-0.04402944,0.18524718,1,1.0,0.8132889,-0.52927923,-0.040324498,-0.12099381,0
14,259,0.8132889,-0.52927923,-0.040324498,-0.12099381,0,1.0,0.8027033,-0.72380096,-0.042744376,0.15869936,0
14,260,0.8027033,-0.72380096,-0.042744376,0.15869936,1,1.0,0.7882273,-0.52809393,-0.039570387,-0.14715604,0
14,261,0.7882273,-0.52809393,-0.039570387,-0.14715604,0,1.0,0.77766544,-0.7226275,-0.04251351,0.13278528,0
14,262,0.77766544,-0.7226275,-0.04251351,0.13278528,1,1.0,0.76321286,-0.52692324,-0.0398578,-0.17300117,0
14,263,0.76321286,-0.52692324,-0.0398578,-0.17300117,0,1.0,0.7526744,-0.7214527,-0.043317825,0.10684624,0
14,264,0.7526744,-0.7214527,-0.043317825,0.10684624,1,1.0,0.73824537,-0.52573764,-0.0411809,-0.19918244,0
14,265,0.73824537,-0.52573764,-0.0411809,-0.19918244,0,1.0,0.72773063,-0.72024715,-0.04516455,0.080230676,0
14,266,0.72773063,-0.72024715,-0.04516455,0.080230676,1,1.0,0.7133257,-0.5245078,-0.043559935,-0.22635275,0
14,267,0.7133257,-0.5245078,-0.043559935,-0.22635275,0,1.0,0.7028355,-0.718981,-0.048086993,0.05227779,0
14,268,0.7028355,-0.718981,-0.048086993,0.05227779,0,1.0,0.6884559,-0.9133817,-0.047041435,0.32940954,0
14,269,0.6884559,-0.9133817,-0.047041435,0.32940954,1,1.0,0.67018825,-0.7176227,-0.040453244,0.022270873,0
14,270,0.67018825,-0.7176227,-0.040453244,0.022270873,1,1.0,0.6558358,-0.5219447,-0.040007826,-0.28289607,0
14,271,0.6558358,-0.5219447,-0.040007826,-0.28289607,0,1.0,0.6453969,-0.7164738,-0.04566575,-0.0030950066,0
14,272,0.6453969,-0.7164738,-0.04566575,-0.0030950066,0,1.0,0.63106745,-0.91091216,-0.045727648,0.27483732,0
14,273,0.63106745,-0.91091216,-0.045727648,0.27483732,1,1.0,0.6128492,-0.7151686,-0.040230904,-0.031910308,0
14,274,0.6128492,-0.7151686,-0.040230904,-0.031910308,0,1.0,0.5985458,-0.9096912,-0.04086911,0.24781282,0
14,275,0.5985458,-0.9096912,-0.04086911,0.24781282,1,1.0,0.580352,-0.7140101,-0.035912853,-0.057475854,0
14,276,0.580352,-0.7140101,-0.035912853,-0.057475854,0,1.0,0.5660718,-0.90859926,-0.03706237,0.2236635,0
14,277,0.5660718,-0.90859926,-0.03706237,0.2236635,1,1.0,0.5478998,-0.7129677,-0.0325891,-0.08047612,0
14,278,0.5478998,-0.7129677,-0.0325891,-0.08047612,0,1.0,0.53364044,-0.90760773,-0.034198623,0.20174934,0
14,279,0.53364044,-0.90760773,-0.034198623,0.20174934,1,1.0,0.5154883,-0.7120138,-0.030163635,-0.101522446,0
14,280,0.5154883,-0.7120138,-0.030163635,-0.101522446,0,1.0,0.501248,-0.9066907,-0.032194085,0.1814934,0
14,281,0.501248,-0.9066907,-0.032194085,0.1814934,1,1.0,0.4831142,-0.7111232,-0.028564217,-0.12116923,0
14,282,0.4831142,-0.7111232,-0.028564217,-0.12116923,0,1.0,0.46889174,-0.90582454,-0.0309876,0.16236687,0
14,283,0.46889174,-0.90582454,-0.0309876,0.16236687,1,1.0,0.45077524,-0.710273,-0.027740262,-0.13992853,0
14,284,0.45077524,-0.710273,-0.027740262,-0.13992853,0,1.0,0.43656978,-0.9049869,-0.030538835,0.14387535,0
14,285,0.43656978,-0.9049869,-0.030538835,0.14387535,1,1.0,0.41847005,-0.70944124,-0.027661327,-0.15828346,0
14,286,0.41847005,-0.70944124,-0.027661327,-0.15828346,0,1.0,0.40428123,-0.90415645,-0.030826995,0.12554626,0
14,287,0.40428123,-0.90415645,-0.030826995,0.12554626,1,1.0,0.3861981,-0.7086067,-0.028316071,-0.17670064,0
14,288,0.3861981,-0.7086067,-0.028316071,-0.17670064,0,1.0,0.37202597,-0.90331227,-0.031850085,0.10691674,0
14,289,0.37202597,-0.90331227,-0.031850085,0.10691674,1,1.0,0.3539597,-0.7077487,-0.02971175,-0.19564216,0
14,290,0.3539597,-0.7077487,-0.02971175,-0.19564216,0,1.0,0.33980474,-0.90243334,-0.033624593,0.08752193,0
14,291,0.33980474,-0.90243334,-0.033624593,0.08752193,1,1.0,0.32175606,-0.70684594,-0.031874154,-0.21557708,0
14,292,0.32175606,-0.70684594,-0.031874154,-0.21557708,0,1.0,0.30761915,-0.9014981,-0.036185693,0.06688338,0
14,293,0.30761915,-0.9014981,-0.036185693,0.06688338,1,1.0,0.2895892,-0.70587647,-0.034848027,-0.23699315,0
14,294,0.2895892,-0.70587647,-0.034848027,-0.23699315,0,1.0,0.27547166,-0.9004837,-0.03958789,0.04449719,0
14,295,0.27547166,-0.9004837,-0.03958789,0.04449719,1,1.0,0.257462,-0.7048171,-0.038697947,-0.26040855,0
14,296,0.257462,-0.7048171,-0.038697947,-0.26040855,0,1.0,0.24336565,-0.8993659,-0.04390612,0.01982176,0
14,297,0.24336565,-0.8993659,-0.04390612,0.01982176,0,1.0,0.22537833,-1.0938315,-0.04350968,0.29833493,0
14,298,0.22537833,-1.0938315,-0.04350968,0.29833493,1,1.0,0.2035017,-0.8981173,-0.037542984,-0.007746483,0
14,299,0.2035017,-0.8981173,-0.037542984,-0.007746483,1,1.0,0.18553935,-0.7024776,-0.037697915,-0.31203428,0
14,300,0.18553935,-0.7024776,-0.037697915,-0.31203428,0,1.0,0.1714898,-0.89704275,-0.0439386,-0.031474434,0
14,301,0.1714898,-0.89704275,-0.0439386,-0.031474434,0,1.0,0.15354896,-1.0915079,-0.044568088,0.24702805,0
14,302,0.15354896,-1.0915079,-0.044568088,0.24702805,1,1.0,0.13171878,-0.8957788,-0.039627526,-0.059372883,0
14,303,0.13171878,-0.8957788,-0.039627526,-0.059372883,0,1.0,0.113803215,-1.0903108,-0.040814985,0.22054863,0
14,304,0.113803215,-1.0903108,-0.040814985,0.22054863,1,1.0,0.091997,-0.8946299,-0.036404014,-0.08472451,0
14,305,0.091997,-0.8946299,-0.036404014,-0.08472451,0,1.0,0.0741044,-1.0892116,-0.038098503,0.19625428,0
14,306,0.0741044,-1.0892116,-0.038098503,0.19625428,1,1.0,0.052320167,-0.893566,-0.034173418,-0.10819943,0
14,307,0.052320167,-0.893566,-0.034173418,-0.10819943,0,1.0,0.034448847,-1.088182,-0.036337405,0.1735091,0
14,308,0.034448847,-1.088182,-0.036337405,0.1735091,1,1.0,0.012685208,-0.89255935,-0.032867223,-0.13041204,0
14,309,0.012685208,-0.89255935,-0.032867223,-0.13041204,0,1.0,-0.0051659797,-1.0871955,-0.035475463,0.1517232,0
14,310,-0.0051659797,-1.0871955,-0.035475463,0.1517232,1,1.0,-0.026909888,-0.891584,-0.032441,-0.15193702,0
14,311,-0.026909888,-0.891584,-0.032441,-0.15193702,0,1.0,-0.044741567,-1.0862267,-0.03547974,0.13033754,0
14,312,-0.044741567,-1.0862267,-0.03547974,0.13033754,1,1.0,-0.0664661,-0.890615,-0.03287299,-0.1733243,0
14,313,-0.0664661,-0.890615,-0.03287299,-0.1733243,0,1.0,-0.084278405,-1.0852515,-0.036339477,0.10880969,0
14,314,-0.084278405,-1.0852515,-0.036339477,0.10880969,1,1.0,-0.10598343,-0.88962805,-0.03416328,-0.19511305,0
14,315,-0.10598343,-0.88962805,-0.03416328,-0.19511305,0,1.0,-0.12377599,-1.0842451,-0.03806554,0.08660011,0
14,316,-0.12377599,-1.0842451,-0.03806554,0.08660011,1,1.0,-0.14546089,-0.8885988,-0.03633354,-0.21784535,0
14,317,-0.14546089,-0.8885988,-0.03633354,-0.21784535,0,1.0,-0.16323286,-1.083183,-0.040690448,0.06315864,0
14,318,-0.16323286,-1.083183,-0.040690448,0.06315864,1,1.0,-0.18489653,-0.88750196,-0.039427273,-0.24207962,0
14,319,-0.18489653,-0.88750196,-0.039427273,-0.24207962,0,1.0,-0.20264657,-1.0820392,-0.04426887,0.037910834,0
14,320,-0.20264657,-1.0820392,-0.04426887,0.037910834,1,1.0,-0.22428735,-0.8863113,-0.04351065,-0.26840416,0
14,321,-0.22428735,-0.8863113,-0.04351065,-0.26840416,0,1.0,-0.24201357,-1.0807862,-0.048878733,0.0102439495,0
14,322,-0.24201357,-1.0807862,-0.048878733,0.0102439495,0,1.0,-0.26362932,-1.2751743,-0.048673853,0.28711328,0
14,323,-0.26362932,-1.2751743,-0.048673853,0.28711328,1,1.0,-0.2891328,-1.0793933,-0.04293159,-0.020515008,0
14,324,-0.2891328,-1.0793933,-0.04293159,-0.020515008,0,1.0,-0.31072065,-1.273874,-0.04334189,0.2583194,0
14,325,-0.31072065,-1.273874,-0.04334189,0.2583194,1,1.0,-0.33619812,-1.078161,-0.0381755,-0.04771301,0
14,326,-0.33619812,-1.078161,-0.0381755,-0.04771301,0,1.0,-0.35776135,-1.2727153,-0.03912976,0.232685,0
14,327,-0.35776135,-1.2727153,-0.03912976,0.232685,1,1.0,-0.38321567,-1.0770568,-0.03447606,-0.072079435,0
14,328,-0.38321567,-1.0770568,-0.03447606,-0.072079435,0,1.0,-0.40475678,-1.271668,-0.03591765,0.20952989,0
14,329,-0.40475678,-1.271668,-0.03591765,0.20952989,1,1.0,-0.43019015,-1.0760512,-0.031727053,-0.094263315,0
14,330,-0.43019015,-1.0760512,-0.031727053,-0.094263315,0,1.0,-0.45171118,-1.2707045,-0.03361232,0.18824333,0
14,331,-0.45171118,-1.2707045,-0.03361232,0.18824333,1,1.0,-0.47712526,-1.0751182,-0.029847452,-0.11485059,0
14,332,-0.47712526,-1.0751182,-0.029847452,-0.11485059,0,1.0,-0.49862763,-1.2698,-0.032144465,0.16826826,0
14,333,-0.49862763,-1.2698,-0.032144465,0.16826826,1,1.0,-0.52402365,-1.074233,-0.028779099,-0.13437948,0
14,334,-0.52402365,-1.074233,-0.028779099,-0.13437948,0,1.0,-0.54550827,-1.2689312,-0.03146669,0.14908694,0
14,335,-0.54550827,-1.2689312,-0.03146669,0.14908694,1,1.0,-0.5708869,-1.0733731,-0.02848495,-0.15335466,0
14,336,-0.5708869,-1.0733731,-0.02848495,-0.15335466,0,1.0,-0.59235436,-1.2680758,-0.031552043,0.13020754,0
14,337,-0.59235436,-1.2680758,-0.031552043,0.13020754,1,1.0,-0.6177159,-1.0725164,-0.028947892,-0.1722603,0
14,338,-0.6177159,-1.0725164,-0.028947892,-0.1722603,0,1.0,-0.63916624,-1.2672124,-0.032393098,0.11115175,0
14,339,-0.63916624,-1.2672124,-0.032393098,0.11115175,1,1.0,-0.6645105,-1.0716416,-0.030170063,-0.19157244,0
14,340,-0.6645105,-1.0716416,-0.030170063,-0.19157244,0,1.0,-0.6859433,-1.2663193,-0.03400151,0.09144248,0
14,341,-0.6859433,-1.2663193,-0.03400151,0.09144248,1,1.0,-0.7112697,-1.0707269,-0.03217266,-0.21177104,0
14,342,-0.7112697,-1.0707269,-0.03217266,-0.21177104,0,1.0,-0.73268425,-1.2653744,-0.03640808,0.07059204,0
14,343,-0.73268425,-1.2653744,-0.03640808,0.07059204,0,1.0,-0.75799173,-1.459956,-0.03499624,0.35156938,0
14,344,-0.75799173,-1.459956,-0.03499624,0.35156938,1,1.0,-0.78719085,-1.2643543,-0.027964855,0.048059683,0
14,345,-0.78719085,-1.2643543,-0.027964855,0.048059683,0,1.0,-0.81247795,-1.4590644,-0.02700366,0.33178994,0
14,346,-0.81247795,-1.4590644,-0.02700366,0.33178994,1,1.0,-0.8416592,-1.2635686,-0.020367863,0.03071517,0
14,347,-0.8416592,-1.2635686,-0.020367863,0.03071517,0,1.0,-0.8669306,-1.4583926,-0.01975356,0.31690288,0
14,348,-0.8669306,-1.4583926,-0.01975356,0.31690288,1,1.0,-0.89609843,-1.262995,-0.013415502,0.01805639,0
14,349,-0.89609843,-1.262995,-0.013415502,0.01805639,0,1.0,-0.92135835,-1.457922,-0.013054375,0.30647656,0
14,350,-0.92135835,-1.457922,-0.013054375,0.30647656,1,1.0,-0.95051676,-1.2626165,-0.0069248434,0.00970537,0
14,351,-0.95051676,-1.2626165,-0.0069248434,0.00970537,1,1.0,-0.9757691,-1.0673959,-0.006730736,-0.28515437,0
14,352,-0.9757691,-1.0673959,-0.006730736,-0.28515437,0,1.0,-0.99711704,-1.2624213,-0.012433823,0.005398163,0
14,353,-0.99711704,-1.2624213,-0.012433823,0.005398163,0,1.0,-1.0223655,-1.4573627,-0.01232586,0.2941323,0
14,354,-1.0223655,-1.4573627,-0.01232586,0.2941323,1,1.0,-1.0515127,-1.2620672,-0.006443214,-0.002412419,0
14,355,-1.0515127,-1.2620672,-0.006443214,-0.002412419,0,1.0,-1.0767541,-1.4570961,-0.0064914627,0.28823066,0
14,356,-1.0767541,-1.4570961,-0.0064914627,0.28823066,1,1.0,-1.105896,-1.2618822,-0.0007268495,-0.0064925323,0
14,357,-1.105896,-1.2618822,-0.0007268495,-0.0064925323,0,1.0,-1.1311336,-1.4569937,-0.0008567002,0.28596097,0
14,358,-1.1311336,-1.4569937,-0.0008567002,0.28596097,1,1.0,-1.1602734,-1.2618595,0.0048625194,-0.0069920244,0
14,359,-1.1602734,-1.2618595,0.0048625194,-0.0069920244,1,1.0,-1.1855106,-1.0668077,0.004722679,-0.2981368,0
14,360,-1.1855106,-1.0668077,0.004722679,-0.2981368,0,1.0,-1.2068468,-1.2619966,-0.0012400573,-0.003968184,0
14,361,-1.2068468,-1.2619966,-0.0012400573,-0.003968184,0,1.0,-1.2320868,-1.4571007,-0.001319421,0.28832322,0
14,362,-1.2320868,-1.4571007,-0.001319421,0.28832322,1,1.0,-1.2612288,-1.26196,0.0044470434,-0.004775536,0
14,363,-1.2612288,-1.26196,0.0044470434,-0.004775536,0,1.0,-1.286468,-1.4571455,0.004351533,0.28930718,0
14,364,-1.286468,-1.4571455,0.004351533,0.28930718,1,1.0,-1.3156109,-1.2620859,0.010137676,-0.0020001645,0
14,365,-1.3156109,-1.2620859,0.010137676,-0.0020001645,1,1.0,-1.3408526,-1.0671108,0.010097673,-0.29146737,0
14,366,-1.3408526,-1.0671108,0.010097673,-0.29146737,0,1.0,-1.3621948,-1.2623752,0.0042683254,0.0043830588,0
14,367,-1.3621948,-1.2623752,0.0042683254,0.0043830588,0,1.0,-1.3874424,-1.4575582,0.0043559866,0.29840964,0
14,368,-1.3874424,-1.4575582,0.0043559866,0.29840964,1,1.0,-1.4165934,-1.2624985,0.010324179,0.007103681,0
14,369,-1.4165934,-1.2624985,0.010324179,0.007103681,1,1.0,-1.4418435,-1.0675261,0.010466253,-0.28230405,0
14,370,-1.4418435,-1.0675261,0.010466253,-0.28230405,0,1.0,-1.463194,-1.2627958,0.004820172,0.013661429,0
14,371,-1.463194,-1.2627958,0.004820172,0.013661429,0,1.0,-1.4884499,-1.4579866,0.005093401,0.30786127,0
14,372,-1.4884499,-1.4579866,0.005093401,0.30786127,1,1.0,-1.5176096,-1.2629375,0.011250626,0.01678901,0
14,373,-1.5176096,-1.2629375,0.011250626,0.01678901,0,1.0,-1.5428684,-1.458219,0.011586406,0.3130003,0
14,374,-1.5428684,-1.458219,0.011586406,0.3130003,1,1.0,-1.5720328,-1.2632641,0.017846413,0.023993768,0
14,375,-1.5720328,-1.2632641,0.017846413,0.023993768,1,1.0,-1.597298,-1.0684025,0.018326288,-0.2630054,0
14,376,-1.597298,-1.0684025,0.018326288,-0.2630054,0,1.0,-1.618666,-1.2637812,0.013066179,0.03540102,0
14,377,-1.618666,-1.2637812,0.013066179,0.03540102,0,1.0,-1.6439418,-1.4590881,0.013774199,0.33217764,0
14,378,-1.6439418,-1.4590881,0.013774199,0.33217764,1,1.0,-1.6731235,-1.2641648,0.020417754,0.043870058,0
14,379,-1.6731235,-1.2641648,0.020417754,0.043870058,1,1.0,-1.6984068,-1.0693415,0.021295154,-0.24230158,0
14,380,-1.6984068,-1.0693415,0.021295154,-0.24230158,0,1.0,-1.7197936,-1.2647611,0.016449122,0.057021588,0
14,381,-1.7197936,-1.2647611,0.016449122,0.057021588,1,1.0,-1.7450888,-1.0698788,0.017589554,-0.23042646,0
14,382,-1.7450888,-1.0698788,0.017589554,-0.23042646,0,1.0,-1.7664864,-1.2652476,0.012981025,0.0677525,0
14,383,-1.7664864,-1.2652476,0.012981025,0.0677525,0,1.0,-1.7917913,-1.4605533,0.014336075,0.36450258,0
14,384,-1.7917913,-1.4605533,0.014336075,0.36450258,1,1.0,-1.8210025,-1.265638,0.021626126,0.07637433,0
14,385,-1.8210025,-1.265638,0.021626126,0.07637433,1,1.0,-1.8463151,-1.0708326,0.023153612,-0.20940779,0
14,386,-1.8463151,-1.0708326,0.023153612,-0.20940779,0,1.0,-1.8677318,-1.2662778,0.018965457,0.09048803,0
14,387,-1.8677318,-1.2662778,0.018965457,0.09048803,1,1.0,-1.8930573,-1.0714328,0.020775218,-0.19615147,0
14,388,-1.8930573,-1.0714328,0.020775218,-0.19615147,0,1.0,-1.914486,-1.2668457,0.016852189,0.10301205,0
14,389,-1.914486,-1.2668457,0.016852189,0.10301205,1,1.0,-1.9398229,-1.0719693,0.018912429,-0.1843068,0
14,390,-1.9398229,-1.0719693,0.018912429,-0.1843068,0,1.0,-1.9612623,-1.2673566,0.015226293,0.11428179,0
14,391,-1.9612623,-1.2673566,0.015226293,0.11428179,0,1.0,-1.9866095,-1.4626933,0.017511928,0.41172934,0
14,392,-1.9866095,-1.4626933,0.017511928,0.41172934,1,1.0,-2.0158634,-1.267824,0.025746517,0.12461834,0
14,393,-2.0158634,-1.267824,0.025746517,0.12461834,1,1.0,-2.0412197,-1.0730802,0.028238883,-0.15983194,0
14,394,-2.0412197,-1.0730802,0.028238883,-0.15983194,0,1.0,-2.0626814,-1.2685947,0.025042243,0.14162418,0
14,395,-2.0626814,-1.2685947,0.025042243,0.14162418,1,1.0,-2.0880532,-1.0738403,0.027874729,-0.14305434,0
14,396,-2.0880532,-1.0738403,0.027874729,-0.14305434,0,1.0,-2.1095302,-1.2693502,0.02501364,0.15829061,0
14,397,-2.1095302,-1.2693502,0.02501364,0.15829061,1,1.0,-2.134917,-1.0745951,0.028179454,-0.12639737,0
14,398,-2.134917,-1.0745951,0.028179454,-0.12639737,0,1.0,-2.156409,-1.2701092,0.025651505,0.17504098,0
14,399,-2.156409,-1.2701092,0.025651505,0.17504098,1,1.0,-2.1818113,-1.0753635,0.029152326,-0.10944064,0
14,400,-2.1818113,-1.0753635,0.029152326,-0.10944064,0,1.0,-2.2033186,-1.2708908,0.026963513,0.19229527,0
14,401,-2.2033186,-1.2708908,0.026963513,0.19229527,1,1.0,-2.2287364,-1.0761647,0.030809417,-0.091761336,0
14,402,-2.2287364,-1.0761647,0.030809417,-0.091761336,0,1.0,-2.2502596,-1.2717144,0.02897419,0.21048054,0
14,403,-2.2502596,-1.2717144,0.02897419,0.21048054,1,1.0,-2.275694,-1.0770185,0.033183802,-0.072923586,0
14,404,-2.275694,-1.0770185,0.033183802,-0.072923586,0,1.0,-2.2972343,-1.2726,0.03172533,0.23004152,0
14,405,-2.2972343,-1.2726,0.03172533,0.23004152,1,1.0,-2.3226862,-1.0779455,0.03632616,-0.052467734,0
14,406,-2.3226862,-1.0779455,0.03632616,-0.052467734,0,1.0,-2.3442452,-1.273569,0.035276804,0.25145146,0
14,407,-2.3442452,-1.273569,0.035276804,0.25145146,1,1.0,-2.3697166,-1.078968,0.040305834,-0.029899077,0
14,408,-2.3697166,-1.078968,0.040305834,-0.029899077,0,1.0,-2.391296,-1.2746441,0.039707854,0.27522337,0
14,409,-2.391296,-1.2746441,0.039707854,0.27522337,1,1.0,-2.4167888,-1.0801105,0.04521232,-0.0046759425,1
15,0,-0.014009707,0.010706783,0.014130512,-0.04070647,0,1.0,-0.0137955705,-0.18461491,0.013316383,0.25640106,0
15,1,-0.0137955705,-0.18461491,0.013316383,0.25640106,1,1.0,-0.017487869,0.010314405,0.018444404,-0.032052096,0
15,2,-0.017487869,0.010314405,0.018444404,-0.032052096,1,1.0,-0.01728158,0.20516707,0.017803362,-0.318859,0
15,3,-0.01728158,0.20516707,0.017803362,-0.318859,0,1.0,-0.01317824,0.009796138,0.0114261815,-0.020615164,0
15,4,-0.01317824,0.009796138,0.0114261815,-0.020615164,0,1.0,-0.012982317,-0.18548779,0.0110138785,0.27565083,0
15,5,-0.012982317,-0.18548779,0.0110138785,0.27565083,1,1.0,-0.016692072,0.009475298,0.016526895,-0.013538049,0
15,6,-0.016692072,0.009475298,0.016526895,-0.013538049,1,1.0,-0.016502567,0.20435639,0.016256135,-0.30096108,0
15,7,-0.016502567,0.20435639,0.016256135,-0.30096108,0,1.0,-0.012415439,0.009006548,0.010236912,-0.0031959396,0
15,8,-0.012415439,0.009006548,0.010236912,-0.0031959396,0,1.0,-0.012235308,-0.18626072,0.010172994,0.2926992,0
15,9,-0.012235308,-0.18626072,0.010172994,0.2926992,1,1.0,-0.015960522,0.008714731,0.016026977,0.0032419797,0
15,10,-0.015960522,0.008714731,0.016026977,0.0032419797,1,1.0,-0.015786229,0.20360321,0.016091818,-0.28434145,0
15,11,-0.015786229,0.20360321,0.016091818,-0.28434145,0,1.0,-0.011714164,0.008255487,0.010404988,0.013372972,0
15,12,-0.011714164,0.008255487,0.010404988,0.013372972,0,1.0,-0.011549054,-0.18701413,0.010672447,0.30932054,0
15,13,-0.011549054,-0.18701413,0.010672447,0.30932054,1,1.0,-0.015289336,0.007954149,0.016858859,0.020022431,0
15,14,-0.015289336,0.007954149,0.016858859,0.020022431,1,1.0,-0.0151302535,0.20283031,0.017259307,-0.26729402,0
15,15,-0.0151302535,0.20283031,0.017259307,-0.26729402,0,1.0,-0.011073647,0.0074663544,0.011913427,0.030782271,0
15,16,-0.011073647,0.0074663544,0.011913427,0.030782271,0,1.0,-0.01092432,-0.1878244,0.012529072,0.32720008,0
15,17,-0.01092432,-0.1878244,0.012529072,0.32720008,1,1.0,-0.014680808,0.0071169566,0.019073075,0.038494445,0
15,18,-0.014680808,0.0071169566,0.019073075,0.038494445,1,1.0,-0.014538469,0.20196028,0.019842964,-0.24811023,0
15,19,-0.014538469,0.20196028,0.019842964,-0.24811023,0,1.0,-0.010499263,0.006560647,0.014880758,0.05076496,0
15,20,-0.010499263,0.006560647,0.014880758,0.05076496,1,1.0,-0.01036805,0.2014661,0.015896058,-0.23718606,0
15,21,-0.01036805,0.2014661,0.015896058,-0.23718606,0,1.0,-0.0063387286,0.006120696,0.011152336,0.06046826,0
15,22,-0.0063387286,0.006120696,0.011152336,0.06046826,0,1.0,-0.0062163146,-0.18915936,0.012361702,0.35664886,0
15,23,-0.0062163146,-0.18915936,0.012361702,0.35664886,1,1.0,-0.0099995015,0.0057846727,0.019494679,0.067889385,0
15,24,-0.0099995015,0.0057846727,0.019494679,0.067889385,1,1.0,-0.009883808,0.20062178,0.020852465,-0.21857966,0
15,25,-0.009883808,0.20062178,0.020852465,-0.21857966,0,1.0,-0.0058713728,0.0052080518,0.016480872,0.08060738,0
15,26,-0.0058713728,0.0052080518,0.016480872,0.08060738,1,1.0,-0.005767212,0.20008992,0.01809302,-0.20683056,0
15,27,-0.005767212,0.20008992,0.01809302,-0.20683056,0,1.0,-0.0017654133,0.004713977,0.013956409,0.09150444,0
15,28,-0.0017654133,0.004713977,0.013956409,0.09150444,1,1.0,-0.0016711338,0.19963314,0.015786497,-0.19674277,0
15,29,-0.0016711338,0.19963314,0.015786497,-0.19674277,0,1.0,0.002321529,0.004288978,0.011851642,0.10087799,0
15,30,0.002321529,0.004288978,0.011851642,0.10087799,1,1.0,0.0024073084,0.19923909,0.013869202,-0.18804234,0
15,31,0.0024073084,0.19923909,0.013869202,-0.18804234,0,1.0,0.00639209,0.0039214864,0.010108355,0.1089833,0
15,32,0.00639209,0.0039214864,0.010108355,0.1089833,1,1.0,0.00647052,0.19889714,0.012288022,-0.18049343,0
15,33,0.00647052,0.19889714,0.012288022,-0.18049343,0,1.0,0.010448463,0.0036015247,0.008678153,0.11604047,0
15,34,0.010448463,0.0036015247,0.008678153,0.11604047,0,1.0,0.010520494,-0.19164369,0.010998962,0.4114486,0
15,35,0.010520494,-0.19164369,0.010998962,0.4114486,1,1.0,0.0066876197,0.0033206258,0.019227935,0.12225345,0
15,36,0.0066876197,0.0033206258,0.019227935,0.12225345,1,1.0,0.006754032,0.1981619,0.021673003,-0.16430177,0
15,37,0.006754032,0.1981619,0.021673003,-0.16430177,0,1.0,0.01071727,0.0027365084,0.018386967,0.13513884,0
15,38,0.01071727,0.0027365084,0.018386967,0.13513884,1,1.0,0.010772,0.19759034,0.021089744,-0.15168703,0
15,39,0.010772,0.19759034,0.021089744,-0.15168703,0,1.0,0.014723807,0.0021728438,0.018056003,0.14757395,0
15,40,0.014723807,0.0021728438,0.018056003,0.14757395,1,1.0,0.014767264,0.19703163,0.021007482,-0.13935843,0
15,41,0.014767264,0.19703163,0.021007482,-0.13935843,0,1.0,0.018707896,0.0016152041,0.018220315,0.15987729,0
15,42,0.018707896,0.0016152041,0.018220315,0.15987729,1,1.0,0.018740201,0.19647163,0.02141786,-0.12700236,0
15,43,0.018740201,0.19647163,0.02141786,-0.12700236,0,1.0,0.022669634,0.0010495035,0.018877814,0.17235997,0
15,44,0.022669634,0.0010495035,0.018877814,0.17235997,1,1.0,0.022690624,0.19589625,0.022325013,-0.11430833,0
15,45,0.022690624,0.19589625,0.022325013,-0.11430833,0,1.0,0.026608549,0.00046164286,0.020038847,0.18533355,0
15,46,0.026608549,0.00046164286,0.020038847,0.18533355,1,1.0,0.02661778,0.19529124,0.023745516,-0.10096114,0
15,47,0.02661778,0.19529124,0.023745516,-0.10096114,0,1.0,0.030523606,-0.00016283782,0.021726293,0.19911784,0
15,48,0.030523606,-0.00016283782,0.021726293,0.19911784,1,1.0,0.03052035,0.19464174,0.025708651,-0.086633034,0
15,49,0.03052035,0.19464174,0.025708651,-0.086633034,0,1.0,0.034413185,-0.000839111,0.02397599,0.21404886,0
15,50,0.034413185,-0.000839111,0.02397599,0.21404886,1,1.0,0.034396403,0.193932,0.028256968,-0.07097558,0
15,51,0.034396403,0.193932,0.028256968,-0.07097558,1,1.0,0.03827504,0.3886377,0.026837455,-0.35461107,0
15,52,0.03827504,0.3886377,0.026837455,-0.35461107,0,1.0,0.046047796,0.19314462,0.019745234,-0.053587813,0
15,53,0.046047796,0.19314462,0.019745234,-0.053587813,0,1.0,0.049910687,-0.0022547978,0.018673478,0.24525891,0
15,54,0.049910687,-0.0022547978,0.018673478,0.24525891,1,1.0,0.049865592,0.19259554,0.023578657,-0.041475948,0
15,55,0.049865592,0.19259554,0.023578657,-0.041475948,0,1.0,0.0537175,-0.0028564539,0.022749137,0.258552,0
15,56,0.0537175,-0.0028564539,0.022749137,0.258552,1,1.0,0.053660374,0.19193347,0.027920177,-0.026869578,0
15,57,0.053660374,0.19193347,0.027920177,-0.026869578,1,1.0,0.057499044,0.38664412,0.027382785,-0.31061426,0
15,58,0.057499044,0.38664412,0.027382785,-0.31061426,0,1.0,0.06523193,0.19114296,0.0211705,-0.009422928,0
15,59,0.06523193,0.19114296,0.0211705,-0.009422928,0,1.0,0.06905478,-0.0042761085,0.020982042,0.28986365,0
15,60,0.06905478,-0.0042761085,0.020982042,0.28986365,1,1.0,0.068969265,0.19054046,0.026779315,0.003871382,0
15,61,0.068969265,0.19054046,0.026779315,0.003871382,1,1.0,0.07278007,0.38526833,0.026856743,-0.28024352,0
15,62,0.07278007,0.38526833,0.026856743,-0.28024352,0,1.0,0.08048544,0.18977377,0.021251872,0.020787511,0
15,63,0.08048544,0.18977377,0.021251872,0.020787511,1,1.0,0.084280916,0.3845846,0.021667622,-0.26511517,0
15,64,0.084280916,0.3845846,0.021667622,-0.26511517,0,1.0,0.091972604,0.1891602,0.01636532,0.034322407,0
15,65,0.091972604,0.1891602,0.01636532,0.034322407,0,1.0,0.09575581,-0.006192565,0.017051768,0.33212352,0
15,66,0.09575581,-0.006192565,0.017051768,0.33212352,1,1.0,0.09563196,0.18868257,0.023694238,0.044866264,0
15,67,0.09563196,0.18868257,0.023694238,0.044866264,1,1.0,0.09940561,0.3834569,0.024591563,-0.24024774,0
15,68,0.09940561,0.3834569,0.024591563,-0.24024774,0,1.0,0.107074745,0.18799244,0.019786607,0.06008948,0
15,69,0.107074745,0.18799244,0.019786607,0.06008948,1,1.0,0.1108346,0.38282517,0.020988397,-0.22628555,0
15,70,0.1108346,0.38282517,0.020988397,-0.22628555,0,1.0,0.1184911,0.18740965,0.016462686,0.07294331,0
15,71,0.1184911,0.18740965,0.016462686,0.07294331,1,1.0,0.12223929,0.38229176,0.017921552,-0.21450044,0
15,72,0.12223929,0.38229176,0.017921552,-0.21450044,0,1.0,0.12988512,0.18691826,0.013631544,0.083781436,0
15,73,0.12988512,0.18691826,0.013631544,0.083781436,0,1.0,0.1336235,-0.008396421,0.015307172,0.3807338,0
15,74,0.1336235,-0.008396421,0.015307172,0.3807338,1,1.0,0.13345556,0.18650486,0.022921847,0.092916235,0
15,75,0.13345556,0.18650486,0.022921847,0.092916235,1,1.0,0.13718566,0.3812909,0.024780173,-0.19244763,0
15,76,0.13718566,0.3812909,0.024780173,-0.19244763,0,1.0,0.14481148,0.18582338,0.02093122,0.10794824,0
15,77,0.14481148,0.18582338,0.02093122,0.10794824,1,1.0,0.14852795,0.38063923,0.023090186,-0.17805819,0
15,78,0.14852795,0.38063923,0.023090186,-0.17805819,0,1.0,0.15614073,0.1851946,0.01952902,0.121818535,0
15,79,0.15614073,0.1851946,0.01952902,0.121818535,1,1.0,0.15984462,0.38003138,0.021965392,-0.16463976,0
15,80,0.15984462,0.38003138,0.021965392,-0.16463976,0,1.0,0.16744526,0.18460199,0.018672597,0.13489091,0
15,81,0.16744526,0.18460199,0.018672597,0.13489091,1,1.0,0.17113729,0.37945157,0.021370415,-0.15184309,0
15,82,0.17113729,0.37945157,0.021370415,-0.15184309,0,1.0,0.17872633,0.18403025,0.018333552,0.1475044,0
15,83,0.17872633,0.18403025,0.018333552,0.1475044,1,1.0,0.18240693,0.37888494,0.021283641,-0.13933873,0
15,84,0.18240693,0.37888494,0.021283641,-0.13933873,0,1.0,0.18998463,0.1834647,0.018496867,0.15998213,0
15,85,0.18998463,0.1834647,0.018496867,0.15998213,1,1.0,0.19365393,0.37831703,0.02169651,-0.1268086,0
15,86,0.19365393,0.37831703,0.02169651,-0.1268086,0,1.0,0.20122026,0.18289109,0.019160338,0.1726396,0
15,87,0.20122026,0.18289109,0.019160338,0.1726396,1,1.0,0.20487808,0.37773365,0.022613129,-0.113937795,0
15,88,0.20487808,0.37773365,0.022613129,-0.113937795,0,1.0,0.21243276,0.1822951,0.020334374,0.18579277,0
15,89,0.21243276,0.1822951,0.020334374,0.18579277,1,1.0,0.21607865,0.3771203,0.024050228,-0.100406714,0
15,90,0.21607865,0.3771203,0.024050228,-0.100406714,0,1.0,0.22362107,0.18166207,0.022042096,0.19976592,0
15,91,0.22362107,0.18166207,0.022042096,0.19976592,1,1.0,0.2272543,0.37646195,0.026037414,-0.08588305,0
15,92,0.2272543,0.37646195,0.026037414,-0.08588305,0,1.0,0.23478355,0.18097663,0.024319753,0.21489966,0
15,93,0.23478355,0.18097663,0.024319753,0.21489966,1,1.0,0.23840308,0.3757426,0.028617745,-0.070013605,0
15,94,0.23840308,0.3757426,0.028617745,-0.070013605,1,1.0,0.24591793,0.57044286,0.027217474,-0.3535319,0
15,95,0.24591793,0.57044286,0.027217474,-0.3535319,0,1.0,0.25732678,0.37494466,0.020146836,-0.05239228,0
15,96,0.25732678,0.37494466,0.020146836,-0.05239228,0,1.0,0.26482567,0.1795397,0.01909899,0.24657843,0
15,97,0.26482567,0.1795397,0.01909899,0.24657843,1,1.0,0.26841646,0.37438375,0.024030559,-0.040019568,0
15,98,0.26841646,0.37438375,0.024030559,-0.040019568,1,1.0,0.27590415,0.569153,0.023230167,-0.3250248,0
15,99,0.27590415,0.569153,0.023230167,-0.3250248,0,1.0,0.2872872,0.37370813,0.016729672,-0.025107535,0
15,100,0.2872872,0.37370813,0.016729672,-0.025107535,0,1.0,0.29476136,0.1783503,0.016227521,0.2728065,0
15,101,0.29476136,0.1783503,0.016227521,0.2728065,1,1.0,0.29832837,0.37323698,0.02168365,-0.014714374,0
15,102,0.29832837,0.37323698,0.02168365,-0.014714374,1,1.0,0.3057931,0.5680414,0.021389363,-0.30047774,0
15,103,0.3057931,0.5680414,0.021389363,-0.30047774,0,1.0,0.31715393,0.37262118,0.015379808,-0.001126531,0
15,104,0.31715393,0.37262118,0.015379808,-0.001126531,0,1.0,0.32460636,0.17728207,0.015357276,0.29636896,0
15,105,0.32460636,0.17728207,0.015357276,0.29636896,1,1.0,0.328152,0.37218177,0.021284657,0.008568754,0
15,106,0.328152,0.37218177,0.021284657,0.008568754,1,1.0,0.33559564,0.5669921,0.021456031,-0.27732334,0
15,107,0.33559564,0.5669921,0.021456031,-0.27732334,0,1.0,0.34693548,0.37157074,0.015909564,0.02204884,0
15,108,0.34693548,0.37157074,0.015909564,0.02204884,1,1.0,0.3543669,0.56646097,0.016350541,-0.26557228,0
15,109,0.3543669,0.56646097,0.016350541,-0.26557228,0,1.0,0.36569613,0.3711095,0.011039096,0.032222576,0
15,110,0.36569613,0.3711095,0.011039096,0.032222576,0,1.0,0.3731183,0.17583099,0.011683547,0.32836792,0
15,111,0.3731183,0.17583099,0.011683547,0.32836792,1,1.0,0.37663493,0.37078467,0.018250905,0.03939222,0
15,112,0.37663493,0.37078467,0.018250905,0.03939222,1,1.0,0.3840506,0.5656402,0.01903875,-0.24747695,0
15,113,0.3840506,0.5656402,0.01903875,-0.24747695,0,1.0,0.39536342,0.3702516,0.014089211,0.051149905,0
15,114,0.39536342,0.3702516,0.014089211,0.051149905,1,1.0,0.40276846,0.56516874,0.015112209,-0.23705468,0
15,115,0.40276846,0.56516874,0.015112209,-0.23705468,0,1.0,0.41407183,0.36983418,0.010371115,0.060356528,0
15,116,0.41407183,0.36983418,0.010371115,0.060356528,1,1.0,0.42146853,0.5648059,0.011578246,-0.22903629,0
15,117,0.42146853,0.5648059,0.011578246,-0.22903629,0,1.0,0.43276465,0.36952043,0.0069975206,0.06727623,0
15,118,0.43276465,0.36952043,0.0069975206,0.06727623,0,1.0,0.44015503,0.17429885,0.008343045,0.3621587,0
15,119,0.44015503,0.17429885,0.008343045,0.3621587,1,1.0,0.443641,0.36930123,0.015586219,0.07211811,0
15,120,0.443641,0.36930123,0.015586219,0.07211811,1,1.0,0.45102704,0.5641963,0.017028581,-0.21560682,0
15,121,0.45102704,0.5641963,0.017028581,-0.21560682,0,1.0,0.46231097,0.3688351,0.012716444,0.08239865,0
15,122,0.46231097,0.3688351,0.012716444,0.08239865,1,1.0,0.46968767,0.5637725,0.014364418,-0.20624524,0
15,123,0.46968767,0.5637725,0.014364418,-0.20624524,0,1.0,0.4809631,0.3684481,0.010239513,0.090934105,0
15,124,0.4809631,0.3684481,0.010239513,0.090934105,1,1.0,0.4883321,0.5634218,0.012058195,-0.19850075,0
15,125,0.4883321,0.5634218,0.012058195,-0.19850075,0,1.0,0.49960053,0.36812946,0.00808818,0.09796147,0
15,126,0.49960053,0.36812946,0.00808818,0.09796147,1,1.0,0.50696313,0.56313455,0.010047409,-0.19215871,0
15,127,0.50696313,0.56313455,0.010047409,-0.19215871,0,1.0,0.5182258,0.36787033,0.0062042344,0.10367674,0
15,128,0.5182258,0.36787033,0.0062042344,0.10367674,1,1.0,0.5255832,0.5629028,0.008277769,-0.18704234,0
15,129,0.5255832,0.5629028,0.008277769,-0.18704234,0,1.0,0.5368413,0.36766344,0.0045369226,0.108240366,0
15,130,0.5368413,0.36766344,0.0045369226,0.108240366,1,1.0,0.5441945,0.56272006,0.0067017297,-0.18300775,0
15,131,0.5441945,0.56272006,0.0067017297,-0.18300775,0,1.0,0.55544895,0.36750287,0.003041575,0.111781776,0
15,132,0.55544895,0.36750287,0.003041575,0.111781776,1,1.0,0.562799,0.5625811,0.0052772104,-0.17994,0
15,133,0.562799,0.5625811,0.0052772104,-0.17994,0,1.0,0.5740506,0.36738405,0.0016784103,0.11440302,0
15,134,0.5740506,0.36738405,0.0016784103,0.11440302,1,1.0,0.5813983,0.5624819,0.0039664707,-0.17774992,0
15,135,0.5813983,0.5624819,0.0039664707,-0.17774992,0,1.0,0.5926479,0.36730343,0.00041147246,0.11618166,0
15,136,0.5926479,0.36730343,0.00041147246,0.11618166,1,1.0,0.599994,0.5624195,0.0027351056,-0.17637143,0
15,137,0.599994,0.5624195,0.0027351056,-0.17637143,0,1.0,0.6112424,0.3672585,-0.00079232285,0.11717308,0
15,138,0.6112424,0.3672585,-0.00079232285,0.11717308,1,1.0,0.61858755,0.56239176,0.0015511387,-0.17575972,0
15,139,0.61858755,0.56239176,0.0015511387,-0.17575972,0,1.0,0.62983537,0.36724767,-0.0019640555,0.11741214,0
15,140,0.62983537,0.36724767,-0.0019640555,0.11741214,1,1.0,0.6371803,0.5623977,0.00038418735,-0.17588978,0
15,141,0.6371803,0.5623977,0.00038418735,-0.17588978,0,1.0,0.6484283,0.36727026,-0.0031336083,0.116914324,0
15,142,0.6484283,0.36727026,-0.0031336083,0.116914324,1,1.0,0.6557737,0.56243694,-0.0007953218,-0.17675559,0
15,143,0.6557737,0.56243694,-0.0007953218,-0.17675559,0,1.0,0.66702247,0.3673264,-0.0043304334,0.115676336,0
15,144,0.66702247,0.3673264,-0.0043304334,0.115676336,1,1.0,0.674369,0.56251013,-0.0020169066,-0.17836966,0
15,145,0.674369,0.56251013,-0.0020169066,-0.17836966,0,1.0,0.6856192,0.3674171,-0.0055843,0.113676324,0
15,146,0.6856192,0.3674171,-0.0055843,0.113676324,1,1.0,0.69296753,0.5626186,-0.0033107733,-0.18076317,0
15,147,0.69296753,0.5626186,-0.0033107733,-0.18076317,0,1.0,0.7042199,0.3675442,-0.006926037,0.11087349,0
15,148,0.7042199,0.3675442,-0.006926037,0.11087349,1,1.0,0.7115708,0.5627647,-0.0047085667,-0.18398649,0
15,149,0.7115708,0.5627647,-0.0047085667,-0.18398649,0,1.0,0.72282606,0.36771044,-0.008388297,0.10720735,0
15,150,0.72282606,0.36771044,-0.008388297,0.10720735,1,1.0,0.73018026,0.5629516,-0.0062441495,-0.1881102,0
15,151,0.73018026,0.5629516,-0.0062441495,-0.1881102,0,1.0,0.7414393,0.36791953,-0.010006353,0.102596425,0
15,152,0.7414393,0.36791953,-0.010006353,0.102596425,0,1.0,0.7487977,0.1729424,-0.007954425,0.39210567,0
15,153,0.7487977,0.1729424,-0.007954425,0.39210567,1,1.0,0.7522566,0.36817634,-0.0001123117,0.09692546,0
15,154,0.7522566,0.36817634,-0.0001123117,0.09692546,1,1.0,0.7596201,0.5632999,0.0018261975,-0.1957929,0
15,155,0.7596201,0.5632999,0.0018261975,-0.1957929,1,1.0,0.77088606,0.7583957,-0.0020896606,-0.48789918,0
15,156,0.77088606,0.7583957,-0.0020896606,-0.48789918,0,1.0,0.786054,0.5633033,-0.011847644,-0.19587557,0
15,157,0.786054,0.5633033,-0.011847644,-0.19587557,0,1.0,0.79732007,0.36835277,-0.015765157,0.09304652,0
15,158,0.79732007,0.36835277,-0.015765157,0.09304652,0,1.0,0.8046871,0.17346029,-0.013904225,0.38071415,0
15,159,0.8046871,0.17346029,-0.013904225,0.38071415,1,1.0,0.8081563,0.3687769,-0.006289942,0.083679855,0
15,160,0.8081563,0.3687769,-0.006289942,0.083679855,1,1.0,0.81553185,0.56398845,-0.0046163453,-0.2109809,0
15,161,0.81553185,0.56398845,-0.0046163453,-0.2109809,0,1.0,0.8268116,0.36893278,-0.008835963,0.08024225,0
15,162,0.8268116,0.36893278,-0.008835963,0.08024225,1,1.0,0.83419025,0.5641803,-0.007231118,-0.21521531,0
15,163,0.83419025,0.5641803,-0.007231118,-0.21521531,0,1.0,0.8454739,0.36916247,-0.011535425,0.07517786,0
15,164,0.8454739,0.36916247,-0.011535425,0.07517786,1,1.0,0.8528571,0.5644479,-0.010031867,-0.2211221,0
15,165,0.8528571,0.5644479,-0.010031867,-0.2211221,0,1.0,0.8641461,0.36947075,-0.014454309,0.068379566,0
15,166,0.8641461,0.36947075,-0.014454309,0.068379566,1,1.0,0.8715355,0.5647969,-0.013086718,-0.2288285,0
15,167,0.8715355,0.5647969,-0.013086718,-0.2288285,0,1.0,0.88283145,0.36986437,-0.017663287,0.05969785,0
15,168,0.88283145,0.36986437,-0.017663287,0.05969785,1,1.0,0.89022875,0.5652351,-0.016469331,-0.23850521,0
15,169,0.89022875,0.5652351,-0.016469331,-0.23850521,0,1.0,0.9015334,0.37035224,-0.021239435,0.04893765,0
15,170,0.9015334,0.37035224,-0.021239435,0.04893765,0,1.0,0.9089405,0.17554118,-0.020260682,0.3348444,0
15,171,0.9089405,0.17554118,-0.020260682,0.3348444,1,1.0,0.9124513,0.37094554,-0.013563794,0.035841793,0
15,172,0.9124513,0.37094554,-0.013563794,0.035841793,1,1.0,0.9198702,0.5662593,-0.012846958,-0.2610896,0
15,173,0.9198702,0.5662593,-0.012846958,-0.2610896,0,1.0,0.9311954,0.3713231,-0.01806875,0.027513713,0
15,174,0.9311954,0.3713231,-0.01806875,0.027513713,1,1.0,0.9386219,0.56669945,-0.017518476,-0.2708149,0
15,175,0.9386219,0.56669945,-0.017518476,-0.2708149,0,1.0,0.9499558,0.3718318,-0.022934774,0.016291546,0
15,176,0.9499558,0.3718318,-0.022934774,0.016291546,0,1.0,0.9573925,0.17704616,-0.022608943,0.30165097,0
15,177,0.9573925,0.17704616,-0.022608943,0.30165097,1,1.0,0.9609334,0.37248293,-0.016575923,0.0019242644,0
15,178,0.9609334,0.37248293,-0.016575923,0.0019242644,1,1.0,0.9683831,0.5678386,-0.01653744,-0.29594213,0
15,179,0.9683831,0.5678386,-0.01653744,-0.29594213,0,1.0,0.97973984,0.3729563,-0.02245628,-0.008520385,0
15,180,0.97973984,0.3729563,-0.02245628,-0.008520385,1,1.0,0.98719895,0.568393,-0.022626689,-0.3082031,0
15,181,0.98719895,0.568393,-0.022626689,-0.3082031,0,1.0,0.9985668,0.37360063,-0.028790751,-0.022741022,0
15,182,0.9985668,0.37360063,-0.028790751,-0.022741022,0,1.0,1.0060388,0.17890313,-0.02924557,0.26072088,0
15,183,1.0060388,0.17890313,-0.02924557,0.26072088,1,1.0,1.0096169,0.3744301,-0.024031153,-0.041041136,0
15,184,1.0096169,0.3744301,-0.024031153,-0.041041136,1,1.0,1.0171055,0.56988823,-0.024851976,-0.34120822,0
15,185,1.0171055,0.56988823,-0.024851976,-0.34120822,0,1.0,1.0285033,0.37512857,-0.03167614,-0.056464586,0
15,186,1.0285033,0.37512857,-0.03167614,-0.056464586,0,1.0,1.0360059,0.18047477,-0.03280543,0.2260584,0
15,187,1.0360059,0.18047477,-0.03280543,0.2260584,1,1.0,1.0396154,0.37604982,-0.028284265,-0.076789424,0
15,188,1.0396154,0.37604982,-0.028284265,-0.076789424,0,1.0,1.0471363,0.18134452,-0.029820053,0.20683725,0
15,189,1.0471363,0.18134452,-0.029820053,0.20683725,1,1.0,1.0507632,0.37687993,-0.025683308,-0.09510125,0
15,190,1.0507632,0.37687993,-0.025683308,-0.09510125,1,1.0,1.0583009,0.5723604,-0.027585333,-0.39577532,0
15,191,1.0583009,0.5723604,-0.027585333,-0.39577532,0,1.0,1.069748,0.3776405,-0.03550084,-0.11191562,0
15,192,1.069748,0.3776405,-0.03550084,-0.11191562,0,1.0,1.0773008,0.18304475,-0.03773915,0.16935901,0
15,193,1.0773008,0.18304475,-0.03773915,0.16935901,1,1.0,1.0809617,0.37868598,-0.03435197,-0.13498655,0
15,194,1.0809617,0.37868598,-0.03435197,-0.13498655,0,1.0,1.0885354,0.18407248,-0.037051704,0.14666396,0
15,195,1.0885354,0.18407248,-0.037051704,0.14666396,1,1.0,1.0922168,0.3797049,-0.03411842,-0.15747397,0
15,196,1.0922168,0.3797049,-0.03411842,-0.15747397,0,1.0,1.099811,0.18508762,-0.0372679,0.12425318,0
15,197,1.099811,0.18508762,-0.0372679,0.12425318,1,1.0,1.1035128,0.38072312,-0.034782838,-0.17995052,0
15,198,1.1035128,0.38072312,-0.034782838,-0.17995052,0,1.0,1.1111273,0.18611573,-0.03838185,0.10155991,0
15,199,1.1111273,0.18611573,-0.03838185,0.10155991,1,1.0,1.1148496,0.38176614,-0.036350653,-0.20298104,0
15,200,1.1148496,0.38176614,-0.036350653,-0.20298104,0,1.0,1.1224848,0.18718238,-0.040410273,0.07801702,0
15,201,1.1224848,0.18718238,-0.040410273,0.07801702,1,1.0,1.1262285,0.38285965,-0.03884993,-0.22713663,0
15,202,1.1262285,0.38285965,-0.03884993,-0.22713663,0,1.0,1.1338857,0.18831381,-0.043392662,0.053042915,0
15,203,1.1338857,0.18831381,-0.043392662,0.053042915,1,1.0,1.1376519,0.38403022,-0.042331804,-0.2530088,0
15,204,1.1376519,0.38403022,-0.042331804,-0.2530088,0,1.0,1.1453326,0.1895375,-0.04739198,0.0260271,0
15,205,1.1453326,0.1895375,-0.04739198,0.0260271,1,1.0,1.1491233,0.3853059,-0.04687144,-0.28122386,0
15,206,1.1491233,0.3853059,-0.04687144,-0.28122386,0,1.0,1.1568295,0.1908828,-0.052495915,-0.003684631,0
15,207,1.1568295,0.1908828,-0.052495915,-0.003684631,0,1.0,1.1606472,-0.00344851,-0.05256961,0.27198407,0
15,208,1.1606472,-0.00344851,-0.05256961,0.27198407,1,1.0,1.1605781,0.19238262,-0.04712993,-0.03680518,0
15,209,1.1605781,0.19238262,-0.04712993,-0.03680518,1,1.0,1.1644257,0.38814762,-0.04786603,-0.3439777,0
15,210,1.1644257,0.38814762,-0.04786603,-0.3439777,0,1.0,1.1721888,0.19373815,-0.054745585,-0.066764705,0
15,211,1.1721888,0.19373815,-0.054745585,-0.066764705,0,1.0,1.1760635,-0.0005579159,-0.056080878,0.20815559,0
15,212,1.1760635,-0.0005579159,-0.056080878,0.20815559,1,1.0,1.1760523,0.19531924,-0.05191777,-0.10167736,0
15,213,1.1760523,0.19531924,-0.05191777,-0.10167736,0,1.0,1.1799587,0.0009782932,-0.053951316,0.1741843,0
15,214,1.1799587,0.0009782932,-0.053951316,0.1741843,1,1.0,1.1799783,0.19682921,-0.05046763,-0.13501863,0
15,215,1.1799783,0.19682921,-0.05046763,-0.13501863,0,1.0,1.1839149,0.002465111,-0.053168003,0.14132513,0
15,216,1.1839149,0.002465111,-0.053168003,0.14132513,1,1.0,1.1839641,0.19830662,-0.050341498,-0.16764605,0
15,217,1.1839641,0.19830662,-0.050341498,-0.16764605,0,1.0,1.1879303,0.00394006,-0.05369442,0.10874029,0
15,218,1.1879303,0.00394006,-0.05369442,0.10874029,1,1.0,1.1880091,0.19978869,-0.051519614,-0.20038785,0
15,219,1.1880091,0.19978869,-0.051519614,-0.20038785,0,1.0,1.1920049,0.0054399963,-0.05552737,0.07560833,0
15,220,1.1920049,0.0054399963,-0.05552737,0.07560833,0,1.0,1.1921136,-0.18884377,-0.054015204,0.35026816,0
15,221,1.1921136,-0.18884377,-0.054015204,0.35026816,1,1.0,1.1883368,0.0070031006,-0.04700984,0.041053556,0
15,222,1.1883368,0.0070031006,-0.04700984,0.041053556,1,1.0,1.1884769,0.20276654,-0.04618877,-0.266083,0
15,223,1.1884769,0.20276654,-0.04618877,-0.266083,0,1.0,1.1925322,0.0083332015,-0.05151043,0.011681291,0
15,224,1.1925322,0.0083332015,-0.05151043,0.011681291,1,1.0,1.1926988,0.2041546,-0.051276803,-0.29679856,0
15,225,1.1926988,0.2041546,-0.051276803,-0.29679856,0,1.0,1.196782,0.00979969,-0.057212774,-0.02071817,0
15,226,1.196782,0.00979969,-0.057212774,-0.02071817,0,1.0,1.196978,-0.18445708,-0.057627138,0.25337884,0
15,227,1.196978,-0.18445708,-0.057627138,0.25337884,1,1.0,1.1932888,0.01143834,-0.052559562,-0.05690952,0
15,228,1.1932888,0.01143834,-0.052559562,-0.05690952,0,1.0,1.1935176,-0.18289214,-0.053697754,0.21873826,0
15,229,1.1935176,-0.18289214,-0.053697754,0.21873826,1,1.0,1.1898597,0.012954651,-0.049322985,-0.09038804,0
15,230,1.1898597,0.012954651,-0.049322985,-0.09038804,1,1.0,1.1901188,0.2087476,-0.05113075,-0.39821538,0
15,231,1.1901188,0.2087476,-0.05113075,-0.39821538,0,1.0,1.1942937,0.014386904,-0.059095055,-0.122081235,0
15,232,1.1942937,0.014386904,-0.059095055,-0.122081235,0,1.0,1.1945815,-0.17984079,-0.06153668,0.15138792,0
15,233,1.1945815,-0.17984079,-0.06153668,0.15138792,0,1.0,1.1909847,-0.37403008,-0.05850892,0.42404014,0
15,234,1.1909847,-0.37403008,-0.05850892,0.42404014,1,1.0,1.1835041,-0.17813021,-0.05002812,0.11350135,0
15,235,1.1835041,-0.17813021,-0.05002812,0.11350135,1,1.0,1.1799415,0.01767156,-0.04775809,-0.19453599,0
15,236,1.1799415,0.01767156,-0.04775809,-0.19453599,1,1.0,1.1802949,0.21344298,-0.05164881,-0.5018938,0
15,237,1.1802949,0.21344298,-0.05164881,-0.5018938,0,1.0,1.1845638,0.01908565,-0.061686687,-0.2259246,0
15,238,1.1845638,0.01908565,-0.061686687,-0.2259246,0,1.0,1.1849455,-0.17510293,-0.06620518,0.04667987,0
15,239,1.1849455,-0.17510293,-0.06620518,0.04667987,0,1.0,1.1814435,-0.36921614,-0.065271586,0.31776172,0
15,240,1.1814435,-0.36921614,-0.065271586,0.31776172,0,1.0,1.1740592,-0.5633507,-0.05891635,0.5891672,0
15,241,1.1740592,-0.5633507,-0.05891635,0.5891672,1,1.0,1.1627921,-0.36745536,-0.047133006,0.27852264,0
15,242,1.1627921,-0.36745536,-0.047133006,0.27852264,1,1.0,1.155443,-0.17169382,-0.041562553,-0.028645536,0
15,243,1.155443,-0.17169382,-0.041562553,-0.028645536,1,1.0,1.1520091,0.02399876,-0.042135462,-0.33414677,0
15,244,1.1520091,0.02399876,-0.042135462,-0.33414677,1,1.0,1.1524891,0.21969429,-0.0488184,-0.63981366,0
15,245,1.1524891,0.21969429,-0.0488184,-0.63981366,0,1.0,1.156883,0.025285736,-0.061614674,-0.3628952,0
15,246,1.156883,0.025285736,-0.061614674,-0.3628952,0,1.0,1.1573887,-0.16890885,-0.06887258,-0.09025933,0
15,247,1.1573887,-0.16890885,-0.06887258,-0.09025933,0,1.0,1.1540105,-0.36297947,-0.070677765,0.17992394,0
15,248,1.1540105,-0.36297947,-0.070677765,0.17992394,0,1.0,1.1467509,-0.5570226,-0.06707928,0.44949996,0
15,249,1.1467509,-0.5570226,-0.06707928,0.44949996,0,1.0,1.1356105,-0.7511348,-0.058089286,0.72030693,0
15,250,1.1356105,-0.7511348,-0.058089286,0.72030693,1,1.0,1.1205878,-0.55525935,-0.043683145,0.4099207,0
15,251,1.1205878,-0.55525935,-0.043683145,0.4099207,1,1.0,1.1094826,-0.35954618,-0.03548473,0.10379222,0
15,252,1.1094826,-0.35954618,-0.03548473,0.10379222,1,1.0,1.1022917,-0.16393414,-0.033408888,-0.19987145,0
15,253,1.1022917,-0.16393414,-0.033408888,-0.19987145,1,1.0,1.099013,0.031649314,-0.037406318,-0.5029033,0
15,254,1.099013,0.031649314,-0.037406318,-0.5029033,0,1.0,1.099646,-0.16292599,-0.047464382,-0.22223942,0
15,255,1.099646,-0.16292599,-0.047464382,-0.22223942,0,1.0,1.0963875,-0.35733852,-0.05190917,0.05510166,0
15,256,1.0963875,-0.35733852,-0.05190917,0.05510166,1,1.0,1.0892407,-0.16151218,-0.050807137,-0.25349665,0
15,257,1.0892407,-0.16151218,-0.050807137,-0.25349665,0,1.0,1.0860105,-0.35587323,-0.05587707,0.02273788,0
15,258,1.0860105,-0.35587323,-0.05587707,0.02273788,0,1.0,1.078893,-0.55015117,-0.055422314,0.29728067,0
15,259,1.078893,-0.55015117,-0.055422314,0.29728067,1,1.0,1.0678899,-0.3542848,-0.0494767,-0.012353655,0
15,260,1.0678899,-0.3542848,-0.0494767,-0.012353655,1,1.0,1.0608042,-0.15848947,-0.049723774,-0.32022744,0
15,261,1.0608042,-0.15848947,-0.049723774,-0.32022744,0,1.0,1.0576345,-0.35286933,-0.056128323,-0.043630805,0
15,262,1.0576345,-0.35286933,-0.056128323,-0.043630805,0,1.0,1.050577,-0.54714334,-0.05700094,0.2308283,0
15,263,1.050577,-0.54714334,-0.05700094,0.2308283,1,1.0,1.0396342,-0.35125518,-0.052384373,-0.07927596,0
15,264,1.0396342,-0.35125518,-0.052384373,-0.07927596,0,1.0,1.0326091,-0.54558855,-0.05396989,0.19643031,0
15,265,1.0326091,-0.54558855,-0.05396989,0.19643031,1,1.0,1.0216973,-0.34973785,-0.050041284,-0.11277749,0
15,266,1.0216973,-0.34973785,-0.050041284,-0.11277749,0,1.0,1.0147026,-0.5441084,-0.052296836,0.16370733,0
15,267,1.0147026,-0.5441084,-0.052296836,0.16370733,1,1.0,1.0038204,-0.34827828,-0.04902269,-0.14500445,0
15,268,1.0038204,-0.34827828,-0.04902269,-0.14500445,0,1.0,0.99685484,-0.5426652,-0.051922776,0.13181865,0
15,269,0.99685484,-0.5426652,-0.051922776,0.13181865,1,1.0,0.98600155,-0.34683937,-0.049286403,-0.1767826,0
15,270,0.98600155,-0.34683937,-0.049286403,-0.1767826,0,1.0,0.97906476,-0.54122263,-0.052822057,0.09995385,0
15,271,0.97906476,-0.54122263,-0.052822057,0.09995385,1,1.0,0.9682403,-0.345385,-0.05082298,-0.20891534,0
15,272,0.9682403,-0.345385,-0.05082298,-0.20891534,0,1.0,0.9613326,-0.5397448,-0.055001285,0.06731239,0
15,273,0.9613326,-0.5397448,-0.055001285,0.06731239,0,1.0,0.9505377,-0.7340368,-0.05365504,0.3421475,0
15,274,0.9505377,-0.7340368,-0.05365504,0.3421475,1,1.0,0.935857,-0.5381942,-0.046812087,0.033039283,0
15,275,0.935857,-0.5381942,-0.046812087,0.033039283,1,1.0,0.9250931,-0.34243327,-0.046151303,-0.27403814,0
15,276,0.9250931,-0.34243327,-0.046151303,-0.27403814,0,1.0,0.9182444,-0.5368674,-0.051632065,0.0037388294,0
15,277,0.9182444,-0.5368674,-0.051632065,0.0037388294,0,1.0,0.90750706,-0.73121226,-0.051557288,0.27969462,0
15,278,0.90750706,-0.73121226,-0.051557288,0.27969462,1,1.0,0.8928828,-0.53539425,-0.045963395,-0.028793296,0
15,279,0.8928828,-0.53539425,-0.045963395,-0.028793296,0,1.0,0.88217497,-0.72982794,-0.046539262,0.24904075,0
15,280,0.88217497,-0.72982794,-0.046539262,0.24904075,1,1.0,0.8675784,-0.5340733,-0.04155845,-0.057950843,0
15,281,0.8675784,-0.5340733,-0.04155845,-0.057950843,1,1.0,0.85689694,-0.3383809,-0.042717464,-0.3634507,0
15,282,0.85689694,-0.3383809,-0.042717464,-0.3634507,0,1.0,0.8501293,-0.53287053,-0.049986478,-0.08453752,0
15,283,0.8501293,-0.53287053,-0.049986478,-0.08453752,0,1.0,0.8394719,-0.72724164,-0.051677227,0.19196506,0
15,284,0.8394719,-0.72724164,-0.051677227,0.19196506,1,1.0,0.82492703,-0.53141993,-0.047837928,-0.116561666,0
15,285,0.82492703,-0.53141993,-0.047837928,-0.116561666,0,1.0,0.8142987,-0.72582495,-0.05016916,0.16065331,0
15,286,0.8142987,-0.72582495,-0.05016916,0.16065331,1,1.0,0.79978216,-0.530022,-0.046956096,-0.14742513,0
15,287,0.79978216,-0.530022,-0.046956096,-0.14742513,0,1.0,0.7891817,-0.72444123,-0.049904596,0.13008218,0
15,288,0.7891817,-0.72444123,-0.049904596,0.13008218,1,1.0,0.7746929,-0.5286412,-0.047302954,-0.17791803,0
15,289,0.7746929,-0.5286412,-0.047302954,-0.17791803,0,1.0,0.76412004,-0.7230554,-0.050861314,0.09947521,0
15,290,0.76412004,-0.7230554,-0.050861314,0.09947521,1,1.0,0.74965894,-0.52724284,-0.04887181,-0.20881063,0
15,291,0.74965894,-0.52724284,-0.04887181,-0.20881063,0,1.0,0.7391141,-0.72163314,-0.053048022,0.06806408,0
15,292,0.7391141,-0.72163314,-0.053048022,0.06806408,0,1.0,0.72468144,-0.915956,-0.05168674,0.34354952,0
15,293,0.72468144,-0.915956,-0.05168674,0.34354952,1,1.0,0.7063623,-0.7201383,-0.04481575,0.035026096,0
15,294,0.7063623,-0.7201383,-0.04481575,0.035026096,1,1.0,0.69195956,-0.5244033,-0.044115227,-0.27145305,0
15,295,0.69195956,-0.5244033,-0.044115227,-0.27145305,0,1.0,0.68147147,-0.71886885,-0.04954429,0.0069958633,0
15,296,0.68147147,-0.71886885,-0.04954429,0.0069958633,0,1.0,0.6670941,-0.9132466,-0.04940437,0.28364456,0
15,297,0.6670941,-0.9132466,-0.04940437,0.28364456,1,1.0,0.64882916,-0.71745604,-0.04373148,-0.024201838,0
15,298,0.64882916,-0.71745604,-0.04373148,-0.024201838,0,1.0,0.63448006,-0.9119245,-0.04421552,0.25436893,0
15,299,0.63448006,-0.9119245,-0.04421552,0.25436893,1,1.0,0.6162416,-0.7162,-0.03912814,-0.05192597,0
15,300,0.6162416,-0.7162,-0.03912814,-0.05192597,0,1.0,0.60191756,-0.91073966,-0.040166657,0.22815947,0
15,301,0.60191756,-0.91073966,-0.040166657,0.22815947,1,1.0,0.5837028,-0.71506745,-0.035603467,-0.076918,0
15,302,0.5837028,-0.71506745,-0.035603467,-0.076918,0,1.0,0.56940144,-0.90966135,-0.03714183,0.20432273,0
15,303,0.56940144,-0.90966135,-0.03714183,0.20432273,1,1.0,0.5512082,-0.7140285,-0.033055373,-0.09984139,0
15,304,0.5512082,-0.7140285,-0.033055373,-0.09984139,0,1.0,0.53692764,-0.9086615,-0.035052203,0.18223211,0
15,305,0.53692764,-0.9086615,-0.035052203,0.18223211,1,1.0,0.5187544,-0.71305597,-0.03140756,-0.121299185,0
15,306,0.5187544,-0.71305597,-0.03140756,-0.121299185,0,1.0,0.5044933,-0.9077142,-0.033833545,0.16131184,0
15,307,0.5044933,-0.9077142,-0.033833545,0.16131184,1,1.0,0.486339,-0.7121246,-0.030607307,-0.14184977,0
15,308,0.486339,-0.7121246,-0.030607307,-0.14184977,0,1.0,0.4720965,-0.90679514,-0.033444304,0.14102212,0
15,309,0.4720965,-0.90679514,-0.033444304,0.14102212,1,1.0,0.4539606,-0.71121055,-0.03062386,-0.16202149,0
15,310,0.4539606,-0.71121055,-0.03062386,-0.16202149,0,1.0,0.4397364,-0.90588105,-0.03386429,0.12084529,0
15,311,0.4397364,-0.90588105,-0.03386429,0.12084529,1,1.0,0.4216188,-0.7102907,-0.031447385,-0.18232624,0
15,312,0.4216188,-0.7102907,-0.031447385,-0.18232624,0,1.0,0.40741298,-0.90494883,-0.035093907,0.10027267,0
15,313,0.40741298,-0.90494883,-0.035093907,0.10027267,1,1.0,0.389314,-0.709342,-0.033088457,-0.20327248,0
15,314,0.389314,-0.709342,-0.033088457,-0.20327248,0,1.0,0.37512714,-0.9039755,-0.037153903,0.07879175,0
15,315,0.37512714,-0.9039755,-0.037153903,0.07879175,1,1.0,0.35704765,-0.7083412,-0.03557807,-0.22537795,0
15,316,0.35704765,-0.7083412,-0.03557807,-0.22537795,0,1.0,0.34288082,-0.90293705,-0.04008563,0.055873413,0
15,317,0.34288082,-0.90293705,-0.04008563,0.055873413,1,1.0,0.32482207,-0.70726395,-0.03896816,-0.24918248,0
15,318,0.32482207,-0.70726395,-0.03896816,-0.24918248,0,1.0,0.31067678,-0.9018084,-0.04395181,0.03095886,0
15,319,0.31067678,-0.9018084,-0.04395181,0.03095886,1,1.0,0.29264063,-0.70608455,-0.043332633,-0.27526096,0
15,320,0.29264063,-0.70608455,-0.043332633,-0.27526096,0,1.0,0.27851894,-0.90056235,-0.04883785,0.0034460488,0
15,321,0.27851894,-0.90056235,-0.04883785,0.0034460488,0,1.0,0.26050767,-1.0949512,-0.04876893,0.2803289,0
15,322,0.26050767,-1.0949512,-0.04876893,0.2803289,1,1.0,0.23860866,-0.8991686,-0.043162353,-0.027328027,0
15,323,0.23860866,-0.8991686,-0.043162353,-0.027328027,0,1.0,0.2206253,-1.0936459,-0.043708913,0.25143036,0
15,324,0.2206253,-1.0936459,-0.043708913,0.25143036,1,1.0,0.19875237,-0.8979279,-0.038680308,-0.054712527,0
15,325,0.19875237,-0.8979279,-0.038680308,-0.054712527,0,1.0,0.18079382,-1.0924745,-0.039774556,0.22551991,0
15,326,0.18079382,-1.0924745,-0.039774556,0.22551991,1,1.0,0.15894432,-0.8968073,-0.03526416,-0.079439335,0
15,327,0.15894432,-0.8968073,-0.03526416,-0.079439335,0,1.0,0.14100818,-1.0914065,-0.036852945,0.20191239,0
15,328,0.14100818,-1.0914065,-0.036852945,0.20191239,1,1.0,0.11918005,-0.8957774,-0.032814696,-0.10216432,0
15,329,0.11918005,-0.8957774,-0.032814696,-0.10216432,0,1.0,0.1012645,-1.090414,-0.034857985,0.17998773,0
15,330,0.1012645,-1.090414,-0.034857985,0.17998773,1,1.0,0.079456225,-0.8948111,-0.03125823,-0.12348466,0
15,331,0.079456225,-0.8948111,-0.03125823,-0.12348466,0,1.0,0.06156,-1.0894716,-0.03372792,0.15917504,0
15,332,0.06156,-1.0894716,-0.03372792,0.15917504,1,1.0,0.039770566,-0.8938834,-0.030544423,-0.14395452,0
15,333,0.039770566,-0.8938834,-0.030544423,-0.14395452,0,1.0,0.0218929,-1.088555,-0.033423513,0.13893788,0
15,334,0.0218929,-1.088555,-0.033423513,0.13893788,1,1.0,0.00012180063,-0.8929706,-0.030644754,-0.16409944,0
15,335,0.00012180063,-0.8929706,-0.030644754,-0.16409944,0,1.0,-0.017737612,-1.0876408,-0.033926744,0.11876056,0
15,336,-0.017737612,-1.0876408,-0.033926744,0.11876056,1,1.0,-0.039490428,-0.89204955,-0.031551532,-0.18442996,0
15,337,-0.039490428,-0.89204955,-0.031551532,-0.18442996,0,1.0,-0.057331417,-1.0867062,-0.035240132,0.09813505,0
15,338,-0.057331417,-1.0867062,-0.035240132,0.09813505,1,1.0,-0.07906554,-0.89109737,-0.03327743,-0.20545448,0
15,339,-0.07906554,-0.89109737,-0.03327743,-0.20545448,0,1.0,-0.09688749,-1.085728,-0.03738652,0.076548114,0
15,340,-0.09688749,-1.085728,-0.03738652,0.076548114,1,1.0,-0.11860205,-0.8900906,-0.035855558,-0.22769202,0
15,341,-0.11860205,-0.8900906,-0.035855558,-0.22769202,0,1.0,-0.13640386,-1.0846823,-0.040409397,0.053468626,0
15,342,-0.13640386,-1.0846823,-0.040409397,0.053468626,1,1.0,-0.1580975,-0.88900495,-0.039340027,-0.25168493,0
15,343,-0.1580975,-0.88900495,-0.039340027,-0.25168493,0,1.0,-0.1758776,-1.0835437,-0.044373725,0.028334418,0
15,344,-0.1758776,-1.0835437,-0.044373725,0.028334418,1,1.0,-0.19754848,-0.8878144,-0.043807037,-0.2780121,0
15,345,-0.19754848,-0.8878144,-0.043807037,-0.2780121,0,1.0,-0.21530476,-1.0822849,-0.04936728,0.00053865777,0
15,346,-0.21530476,-1.0822849,-0.04936728,0.00053865777,0,1.0,-0.23695047,-1.2766653,-0.049356505,0.27724606,0
15,347,-0.23695047,-1.2766653,-0.049356505,0.27724606,1,1.0,-0.26248378,-1.0808753,-0.043811586,-0.030586343,0
15,348,-0.26248378,-1.0808753,-0.043811586,-0.030586343,0,1.0,-0.28410128,-1.2753425,-0.044423312,0.24795803,0
15,349,-0.28410128,-1.2753425,-0.044423312,0.24795803,1,1.0,-0.30960813,-1.0796151,-0.03946415,-0.05839944,0
15,350,-0.30960813,-1.0796151,-0.03946415,-0.05839944,0,1.0,-0.33120042,-1.2741497,-0.04063214,0.22157572,0
15,351,-0.33120042,-1.2741497,-0.04063214,0.22157572,1,1.0,-0.35668343,-1.0784712,-0.036200624,-0.083642274,0
15,352,-0.35668343,-1.0784712,-0.036200624,-0.083642274,0,1.0,-0.37825286,-1.273056,-0.03787347,0.19740309,0
15,353,-0.37825286,-1.273056,-0.03787347,0.19740309,1,1.0,-0.40371397,-1.0774134,-0.03392541,-0.10698255,0
15,354,-0.40371397,-1.0774134,-0.03392541,-0.10698255,0,1.0,-0.42526224,-1.2720332,-0.03606506,0.17480698,0
15,355,-0.42526224,-1.2720332,-0.03606506,0.17480698,1,1.0,-0.4507029,-1.0764142,-0.03256892,-0.1290316,0
15,356,-0.4507029,-1.0764142,-0.03256892,-0.1290316,0,1.0,-0.47223118,-1.2710547,-0.035149552,0.15320092,0
15,357,-0.47223118,-1.2710547,-0.035149552,0.15320092,1,1.0,-0.4976523,-1.0754477,-0.032085534,-0.1503604,0
15,358,-0.4976523,-1.0754477,-0.032085534,-0.1503604,0,1.0,-0.5191612,-1.2700958,-0.03509274,0.13203004,0
15,359,-0.5191612,-1.2700958,-0.03509274,0.13203004,1,1.0,-0.5445632,-1.0744892,-0.03245214,-0.17151438,0
15,360,-0.5445632,-1.0744892,-0.03245214,-0.17151438,0,1.0,-0.5660529,-1.269132,-0.03588243,0.11075685,0
15,361,-0.5660529,-1.269132,-0.03588243,0.11075685,1,1.0,-0.59143555,-1.0735147,-0.033667292,-0.19302733,0
15,362,-0.59143555,-1.0735147,-0.033667292,-0.19302733,0,1.0,-0.61290586,-1.2681394,-0.037527837,0.088847764,0
15,363,-0.61290586,-1.2681394,-0.037527837,0.088847764,1,1.0,-0.63826865,-1.0725001,-0.035750885,-0.21543503,0
15,364,-0.63826865,-1.0725001,-0.035750885,-0.21543503,0,1.0,-0.65971863,-1.2670932,-0.040059585,0.06575958,0
15,365,-0.65971863,-1.2670932,-0.040059585,0.06575958,0,1.0,-0.6850605,-1.4616185,-0.03874439,0.3455392,0
15,366,-0.6850605,-1.4616185,-0.03874439,0.3455392,1,1.0,-0.7142929,-1.2659675,-0.031833608,0.040894866,0
15,367,-0.7142929,-1.2659675,-0.031833608,0.040894866,0,1.0,-0.7396122,-1.4606189,-0.03101571,0.32336646,0
15,368,-0.7396122,-1.4606189,-0.03101571,0.32336646,1,1.0,-0.76882464,-1.2650694,-0.024548382,0.021066038,0
15,369,-0.76882464,-1.2650694,-0.024548382,0.021066038,0,1.0,-0.79412603,-1.4598308,-0.02412706,0.3059037,0
15,370,-0.79412603,-1.4598308,-0.02412706,0.3059037,1,1.0,-0.82332265,-1.2643734,-0.018008986,0.0057104025,0
15,371,-0.82332265,-1.2643734,-0.018008986,0.0057104025,0,1.0,-0.8486101,-1.4592326,-0.017894778,0.29265732,0
15,372,-0.8486101,-1.4592326,-0.017894778,0.29265732,1,1.0,-0.87779474,-1.2638601,-0.012041632,-0.0056152423,0
15,373,-0.87779474,-1.2638601,-0.012041632,-0.0056152423,0,1.0,-0.90307194,-1.4588073,-0.0121539375,0.28324422,0
15,374,-0.90307194,-1.4588073,-0.0121539375,0.28324422,1,1.0,-0.9322481,-1.2635142,-0.006489053,-0.0132470885,0
15,375,-0.9322481,-1.2635142,-0.006489053,-0.0132470885,1,1.0,-0.9575184,-1.0682998,-0.0067539946,-0.30797032,0
15,376,-0.9575184,-1.0682998,-0.0067539946,-0.30797032,0,1.0,-0.9788844,-1.2633249,-0.012913401,-0.017425036,0
15,377,-0.9788844,-1.2633249,-0.012913401,-0.017425036,0,1.0,-1.0041509,-1.4582592,-0.013261901,0.27115574,0
15,378,-1.0041509,-1.4582592,-0.013261901,0.27115574,1,1.0,-1.033316,-1.2629505,-0.007838787,-0.025680361,0
15,379,-1.033316,-1.2629505,-0.007838787,-0.025680361,0,1.0,-1.058575,-1.4579592,-0.008352394,0.26451907,0
15,380,-1.058575,-1.4579592,-0.008352394,0.26451907,1,1.0,-1.0877342,-1.262719,-0.0030620124,-0.030786538,0
15,381,-1.0877342,-1.262719,-0.0030620124,-0.030786538,0,1.0,-1.1129886,-1.4577969,-0.0036777433,0.26092872,0
15,382,-1.1129886,-1.4577969,-0.0036777433,0.26092872,1,1.0,-1.1421446,-1.2626227,0.0015408312,-0.03291194,0
15,383,-1.1421446,-1.2626227,0.0015408312,-0.03291194,0,1.0,-1.167397,-1.4577668,0.0008825924,0.26025674,0
15,384,-1.167397,-1.4577668,0.0008825924,0.26025674,1,1.0,-1.1965524,-1.2626574,0.0060877274,-0.03214768,0
15,385,-1.1965524,-1.2626574,0.0060877274,-0.03214768,1,1.0,-1.2218055,-1.0676233,0.0054447735,-0.32290366,0
15,386,-1.2218055,-1.0676233,0.0054447735,-0.32290366,0,1.0,-1.243158,-1.2628223,-0.0010132997,-0.02850866,0
15,387,-1.243158,-1.2628223,-0.0010132997,-0.02850866,0,1.0,-1.2684144,-1.4579297,-0.0015834728,0.26385438,0
15,388,-1.2684144,-1.4579297,-0.0015834728,0.26385438,1,1.0,-1.297573,-1.2627852,0.0036936149,-0.029327562,0
15,389,-1.297573,-1.2627852,0.0036936149,-0.029327562,0,1.0,-1.3228288,-1.4579599,0.0031070637,0.26451844,0
15,390,-1.3228288,-1.4579599,0.0031070637,0.26451844,1,1.0,-1.351988,-1.2628825,0.008397433,-0.027182862,0
15,391,-1.351988,-1.2628825,0.008397433,-0.027182862,0,1.0,-1.3772455,-1.4581238,0.007853775,0.26813766,0
15,392,-1.3772455,-1.4581238,0.007853775,0.26813766,1,1.0,-1.4064081,-1.2631148,0.013216529,-0.022057807,0
15,393,-1.4064081,-1.2631148,0.013216529,-0.022057807,1,1.0,-1.4316703,-1.0681849,0.012775373,-0.31054163,0
15,394,-1.4316703,-1.0681849,0.012775373,-0.31054163,0,1.0,-1.453034,-1.2634865,0.00656454,-0.013857267,0
15,395,-1.453034,-1.2634865,0.00656454,-0.013857267,0,1.0,-1.4783038,-1.458702,0.0062873946,0.2808896,0
15,396,-1.4783038,-1.458702,0.0062873946,0.2808896,1,1.0,-1.5074778,-1.2636703,0.011905187,-0.00980369,0
15,397,-1.5074778,-1.2636703,0.011905187,-0.00980369,0,1.0,-1.5327512,-1.4589609,0.011709113,0.28661156,0
15,398,-1.5327512,-1.4589609,0.011709113,0.28661156,1,1.0,-1.5619304,-1.2640079,0.017441344,-0.0023555255,0
15,399,-1.5619304,-1.2640079,0.017441344,-0.0023555255,1,1.0,-1.5872105,-1.0691403,0.017394233,-0.28948486,0
15,400,-1.5872105,-1.0691403,0.017394233,-0.28948486,0,1.0,-1.6085933,-1.264506,0.011604536,0.008632867,0
15,401,-1.6085933,-1.264506,0.011604536,0.008632867,0,1.0,-1.6338835,-1.4597924,0.011777193,0.30495447,0
15,402,-1.6338835,-1.4597924,0.011777193,0.30495447,1,1.0,-1.6630794,-1.2648402,0.017876282,0.01600892,0
15,403,-1.6630794,-1.2648402,0.017876282,0.01600892,1,1.0,-1.6883762,-1.0699792,0.018196462,-0.27098066,0
15,404,-1.6883762,-1.0699792,0.018196462,-0.27098066,0,1.0,-1.7097758,-1.265356,0.012776848,0.027385524,0
15,405,-1.7097758,-1.265356,0.012776848,0.027385524,0,1.0,-1.7350829,-1.4606588,0.013324559,0.32407215,0
15,406,-1.7350829,-1.4606588,0.013324559,0.32407215,1,1.0,-1.764296,-1.2657291,0.019806001,0.035620835,0
15,407,-1.764296,-1.2657291,0.019806001,0.035620835,1,1.0,-1.7896106,-1.0708967,0.020518418,-0.2507479,0
15,408,-1.7896106,-1.0708967,0.020518418,-0.2507479,0,1.0,-1.8110286,-1.2663056,0.015503461,0.048335698,0
15,409,-1.8110286,-1.2663056,0.015503461,0.048335698,0,1.0,-1.8363547,-1.4616463,0.016470173,0.3458695,0
15,410,-1.8363547,-1.4616463,0.016470173,0.3458695,1,1.0,-1.8655876,-1.2667625,0.023387564,0.058425397,0
15,411,-1.8655876,-1.2667625,0.023387564,0.058425397,1,1.0,-1.8909229,-1.0719836,0.024556072,-0.2267878,0
15,412,-1.8909229,-1.0719836,0.024556072,-0.2267878,0,1.0,-1.9123626,-1.2674477,0.020020315,0.07353875,0
15,413,-1.9123626,-1.2674477,0.020020315,0.07353875,1,1.0,-1.9377115,-1.0726184,0.021491092,-0.21276106,0
15,414,-1.9377115,-1.0726184,0.021491092,-0.21276106,0,1.0,-1.9591638,-1.2680409,0.01723587,0.08662292,0
15,415,-1.9591638,-1.2680409,0.01723587,0.08662292,1,1.0,-1.9845246,-1.0731702,0.018968329,-0.20057262,0
15,416,-1.9845246,-1.0731702,0.018968329,-0.20057262,0,1.0,-2.0059881,-1.2685583,0.014956876,0.09803306,0
15,417,-2.0059881,-1.2685583,0.014956876,0.09803306,0,1.0,-2.0313592,-1.4638913,0.016917538,0.39539707,0
15,418,-2.0313592,-1.4638913,0.016917538,0.39539707,1,1.0,-2.060637,-1.2690134,0.024825478,0.10809561,0
15,419,-2.060637,-1.2690134,0.024825478,0.10809561,1,1.0,-2.0860174,-1.0742558,0.02698739,-0.17665277,0
15,420,-2.0860174,-1.0742558,0.02698739,-0.17665277,0,1.0,-2.1075025,-1.2697535,0.023454335,0.124420114,0
15,421,-2.1075025,-1.2697535,0.023454335,0.124420114,1,1.0,-2.1328976,-1.0749753,0.025942737,-0.16077192,0
15,422,-2.1328976,-1.0749753,0.025942737,-0.16077192,0,1.0,-2.154397,-1.2704588,0.0227273,0.13998108,0
15,423,-2.154397,-1.2704588,0.0227273,0.13998108,1,1.0,-2.1798062,-1.0756695,0.02552692,-0.14544602,0
15,424,-2.1798062,-1.0756695,0.02552692,-0.14544602,0,1.0,-2.2013197,-1.2711476,0.022618001,0.15517962,0
15,425,-2.2013197,-1.2711476,0.022618001,0.15517962,1,1.0,-2.2267425,-1.0763566,0.025721593,-0.13028291,0
15,426,-2.2267425,-1.0763566,0.025721593,-0.13028291,0,1.0,-2.2482696,-1.2718375,0.023115935,0.17040259,0
15,427,-2.2482696,-1.2718375,0.023115935,0.17040259,1,1.0,-2.2737064,-1.0770539,0.026523987,-0.11489926,0
15,428,-2.2737064,-1.0770539,0.026523987,-0.11489926,0,1.0,-2.2952476,-1.2725457,0.024226,0.18603237,0
15,429,-2.2952476,-1.2725457,0.024226,0.18603237,1,1.0,-2.3206985,-1.0777786,0.02794665,-0.09891081,0
15,430,-2.3206985,-1.0777786,0.02794665,-0.09891081,0,1.0,-2.342254,-1.2732897,0.025968432,0.20245658,0
15,431,-2.342254,-1.2732897,0.025968432,0.20245658,1,1.0,-2.36772,-1.0785486,0.030017564,-0.08192276,0
15,432,-2.36772,-1.0785486,0.030017564,-0.08192276,0,1.0,-2.3892908,-1.2740877,0.028379109,0.22007759,0
15,433,-2.3892908,-1.2740877,0.028379109,0.22007759,1,1.0,-2.4147725,-1.0793825,0.032780662,-0.06352003,1
16,0,-0.02720084,-0.005730601,-0.014637604,0.007970767,0,1.0,-0.027315453,-0.2006396,-0.014478189,0.29599965,0
16,1,-0.027315453,-0.2006396,-0.014478189,0.29599965,0,1.0,-0.031328246,-0.3955522,-0.008558196,0.5840815,0
16,2,-0.031328246,-0.3955522,-0.008558196,0.5840815,1,1.0,-0.039239287,-0.2003114,0.0031234326,0.28871492,0
16,3,-0.039239287,-0.2003114,0.0031234326,0.28871492,1,1.0,-0.043245517,-0.0052341335,0.008897731,-0.0029812765,0
16,4,-0.043245517,-0.0052341335,0.008897731,-0.0029812765,0,1.0,-0.043350197,-0.20048255,0.008838106,0.29249567,0
16,5,-0.043350197,-0.20048255,0.008838106,0.29249567,1,1.0,-0.04735985,-0.0054877237,0.014688019,0.0026132066,0
16,6,-0.04735985,-0.0054877237,0.014688019,0.0026132066,0,1.0,-0.047469605,-0.20081721,0.014740283,0.29989395,0
16,7,-0.047469605,-0.20081721,0.014740283,0.29989395,1,1.0,-0.05148595,-0.0059084296,0.020738162,0.011896031,0
16,8,-0.05148595,-0.0059084296,0.020738162,0.011896031,1,1.0,-0.05160412,0.18891007,0.020976083,-0.27417228,0
16,9,-0.05160412,0.18891007,0.020976083,-0.27417228,0,1.0,-0.047825918,-0.006504798,0.015492637,0.025052035,0
16,10,-0.047825918,-0.006504798,0.015492637,0.025052035,1,1.0,-0.047956012,0.1883916,0.015993677,-0.26270282,0
16,11,-0.047956012,0.1883916,0.015993677,-0.26270282,0,1.0,-0.04418818,-0.0069549633,0.010739621,0.034981485,0
16,12,-0.04418818,-0.0069549633,0.010739621,0.034981485,0,1.0,-0.044327278,-0.20222926,0.011439251,0.33103344,0
16,13,-0.044327278,-0.20222926,0.011439251,0.33103344,1,1.0,-0.048371866,-0.0072719976,0.018059919,0.04197973,0
16,14,-0.048371866,-0.0072719976,0.018059919,0.04197973,1,1.0,-0.048517305,0.18758638,0.018899513,-0.24495085,0
16,15,-0.048517305,0.18758638,0.018899513,-0.24495085,0,1.0,-0.044765577,-0.0078003355,0.014000497,0.053633016,0
16,16,-0.044765577,-0.0078003355,0.014000497,0.053633016,1,1.0,-0.044921584,0.1871181,0.015073157,-0.23459996,0
16,17,-0.044921584,0.1871181,0.015073157,-0.23459996,0,1.0,-0.04117922,-0.008215935,0.010381158,0.06279914,0
16,18,-0.04117922,-0.008215935,0.010381158,0.06279914,0,1.0,-0.04134354,-0.20348518,0.011637141,0.35873923,0
16,19,-0.04134354,-0.20348518,0.011637141,0.35873923,1,1.0,-0.045413245,-0.008530575,0.018811924,0.069748364,0
16,20,-0.045413245,-0.008530575,0.018811924,0.069748364,1,1.0,-0.045583855,0.1863167,0.020206893,-0.21694045,0
16,21,-0.045583855,0.1863167,0.020206893,-0.21694045,0,1.0,-0.041857522,-0.00908821,0.015868085,0.08204749,0
16,22,-0.041857522,-0.00908821,0.015868085,0.08204749,1,1.0,-0.042039286,0.18580273,0.017509034,-0.20558707,0
16,23,-0.042039286,0.18580273,0.017509034,-0.20558707,0,1.0,-0.03832323,-0.009565179,0.013397292,0.09256724,0
16,24,-0.03832323,-0.009565179,0.013397292,0.09256724,1,1.0,-0.038514536,0.1853622,0.015248637,-0.19585891,0
16,25,-0.038514536,0.1853622,0.015248637,-0.19585891,0,1.0,-0.03480729,-0.009974501,0.011331459,0.101595014,0
16,26,-0.03480729,-0.009974501,0.011331459,0.101595014,1,1.0,-0.03500678,0.18498324,0.013363359,-0.18749143,0
16,27,-0.03500678,0.18498324,0.013363359,-0.18749143,0,1.0,-0.031307116,-0.010327332,0.00961353,0.10937697,0
16,28,-0.031307116,-0.010327332,0.00961353,0.10937697,0,1.0,-0.03151366,-0.20558572,0.01180107,0.40507734,0
16,29,-0.03151366,-0.20558572,0.01180107,0.40507734,1,1.0,-0.035625376,-0.010633089,0.019902617,0.1161382,0
16,30,-0.035625376,-0.010633089,0.019902617,0.1161382,1,1.0,-0.035838038,0.18419813,0.02222538,-0.17019975,0
16,31,-0.035838038,0.18419813,0.02222538,-0.17019975,0,1.0,-0.032154076,-0.011234779,0.018821385,0.12941092,0
16,32,-0.032154076,-0.011234779,0.018821385,0.12941092,1,1.0,-0.03237877,0.18361257,0.021409603,-0.15727517,0
16,33,-0.03237877,0.18361257,0.021409603,-0.15727517,0,1.0,-0.02870652,-0.011809265,0.0182641,0.14208435,0
16,34,-0.02870652,-0.011809265,0.0182641,0.14208435,1,1.0,-0.028942706,0.18304642,0.021105787,-0.14478108,0
16,35,-0.028942706,0.18304642,0.021105787,-0.14478108,0,1.0,-0.025281778,-0.012371334,0.018210165,0.1544849,0
16,36,-0.025281778,-0.012371334,0.018210165,0.1544849,1,1.0,-0.025529204,0.18248521,0.021299863,-0.13239796,0
16,37,-0.025529204,0.18248521,0.021299863,-0.13239796,0,1.0,-0.0218795,-0.01293527,0.018651903,0.16692795,0
16,38,-0.0218795,-0.01293527,0.018651903,0.16692795,1,1.0,-0.022138206,0.18191479,0.021990463,-0.11981297,0
16,39,-0.022138206,0.18191479,0.021990463,-0.11981297,0,1.0,-0.018499909,-0.013515207,0.019594204,0.17972583,0
16,40,-0.018499909,-0.013515207,0.019594204,0.17972583,1,1.0,-0.018770214,0.18132095,0.02318872,-0.10671198,0
16,41,-0.018770214,0.18132095,0.02318872,-0.10671198,0,1.0,-0.015143795,-0.014125495,0.02105448,0.19319575,0
16,42,-0.015143795,-0.014125495,0.02105448,0.19319575,1,1.0,-0.015426304,0.18068904,0.024918394,-0.09277173,0
16,43,-0.015426304,0.18068904,0.024918394,-0.09277173,0,1.0,-0.011812524,-0.014781039,0.02306296,0.20766762,0
16,44,-0.011812524,-0.014781039,0.02306296,0.20766762,1,1.0,-0.012108144,0.18000366,0.027216312,-0.07765183,0
16,45,-0.012108144,0.18000366,0.027216312,-0.07765183,0,1.0,-0.008508071,-0.015497663,0.025663275,0.22349216,0
16,46,-0.008508071,-0.015497663,0.025663275,0.22349216,1,1.0,-0.008818025,0.17924827,0.030133119,-0.06098637,0
16,47,-0.008818025,0.17924827,0.030133119,-0.06098637,1,1.0,-0.005233059,0.3739255,0.028913392,-0.34401187,0
16,48,-0.005233059,0.3739255,0.028913392,-0.34401187,0,1.0,0.002245451,0.17840442,0.022033155,-0.042353462,0
16,49,0.002245451,0.17840442,0.022033155,-0.042353462,0,1.0,0.0058135395,-0.017026436,0.021186085,0.2571989,0
16,50,0.0058135395,-0.017026436,0.021186085,0.2571989,1,1.0,0.0054730107,0.17778674,0.026330063,-0.028727043,0
16,51,0.0054730107,0.17778674,0.026330063,-0.028727043,1,1.0,0.009028746,0.3725214,0.025755523,-0.31298766,0
16,52,0.009028746,0.3725214,0.025755523,-0.31298766,0,1.0,0.016479174,0.17704219,0.019495768,-0.012294784,0
16,53,0.016479174,0.17704219,0.019495768,-0.012294784,0,1.0,0.020020017,-0.018353859,0.019249873,0.28647497,0
16,54,0.020020017,-0.018353859,0.019249873,0.28647497,1,1.0,0.01965294,0.17648835,0.024979373,-7.507542e-05,0
16,55,0.01965294,0.17648835,0.024979373,-7.507542e-05,1,1.0,0.023182707,0.37124333,0.024977872,-0.28477323,0
16,56,0.023182707,0.37124333,0.024977872,-0.28477323,0,1.0,0.030607574,0.17577419,0.019282406,0.015681736,0
16,57,0.030607574,0.17577419,0.019282406,0.015681736,0,1.0,0.034123056,-0.019618908,0.019596042,0.31438556,0
16,58,0.034123056,-0.019618908,0.019596042,0.31438556,1,1.0,0.03373068,0.1752185,0.025883753,0.027946454,0
16,59,0.03373068,0.1752185,0.025883753,0.027946454,1,1.0,0.037235048,0.3699599,0.026442682,-0.2564588,0
16,60,0.037235048,0.3699599,0.026442682,-0.2564588,0,1.0,0.044634245,0.17447057,0.021313507,0.04444589,0
16,61,0.044634245,0.17447057,0.021313507,0.04444589,1,1.0,0.048123658,0.36928052,0.022202425,-0.24143696,0
16,62,0.048123658,0.36928052,0.022202425,-0.24143696,0,1.0,0.05550927,0.17384857,0.017373685,0.058165696,0
16,63,0.05550927,0.17384857,0.017373685,0.058165696,0,1.0,0.05898624,-0.02151813,0.018537,0.3562791,0
16,64,0.05898624,-0.02151813,0.018537,0.3562791,1,1.0,0.058555875,0.17333543,0.02566258,0.069498554,0
16,65,0.058555875,0.17333543,0.02566258,0.069498554,1,1.0,0.062022585,0.36808026,0.027052552,-0.21497852,0
16,66,0.062022585,0.36808026,0.027052552,-0.21497852,0,1.0,0.06938419,0.1725822,0.022752982,0.08611374,0
16,67,0.06938419,0.1725822,0.022752982,0.08611374,1,1.0,0.07283583,0.36737072,0.024475258,-0.19930464,0
16,68,0.07283583,0.36737072,0.024475258,-0.19930464,0,1.0,0.080183245,0.17190742,0.020489164,0.10099752,0
16,69,0.080183245,0.17190742,0.020489164,0.10099752,1,1.0,0.0836214,0.36672983,0.022509115,-0.18515137,0
16,70,0.0836214,0.36672983,0.022509115,-0.18515137,0,1.0,0.090955995,0.17129318,0.018806087,0.114546485,0
16,71,0.090955995,0.17129318,0.018806087,0.114546485,1,1.0,0.09438186,0.3661407,0.021097017,-0.17214443,0
16,72,0.09438186,0.3661407,0.021097017,-0.17214443,0,1.0,0.10170467,0.17072323,0.017654128,0.12711857,0
16,73,0.10170467,0.17072323,0.017654128,0.12711857,1,1.0,0.10511914,0.3655879,0.0201965,-0.1599428,0
16,74,0.10511914,0.3655879,0.0201965,-0.1599428,0,1.0,0.11243089,0.1701827,0.016997645,0.13904256,0
16,75,0.11243089,0.1701827,0.016997645,0.13904256,1,1.0,0.11583455,0.36505714,0.019778496,-0.1482298,0
16,76,0.11583455,0.36505714,0.019778496,-0.1482298,0,1.0,0.12313569,0.16965762,0.016813898,0.15062664,0
16,77,0.12313569,0.16965762,0.016813898,0.15062664,1,1.0,0.12652884,0.36453483,0.019826433,-0.13670477,0
16,78,0.12652884,0.36453483,0.019826433,-0.13670477,0,1.0,0.13381954,0.16913459,0.017092336,0.16216657,0
16,79,0.13381954,0.16913459,0.017092336,0.16216657,1,1.0,0.13720223,0.3640077,0.020335669,-0.12507555,0
16,80,0.13720223,0.3640077,0.020335669,-0.12507555,0,1.0,0.14448239,0.16860044,0.017834157,0.17395306,0
16,81,0.14448239,0.16860044,0.017834157,0.17395306,1,1.0,0.14785439,0.36346266,0.021313218,-0.11305085,0
16,82,0.14785439,0.36346266,0.021313218,-0.11305085,0,1.0,0.15512365,0.1680419,0.0190522,0.18627933,0
16,83,0.15512365,0.1680419,0.0190522,0.18627933,1,1.0,0.15848449,0.36288616,0.022777788,-0.100333,0
16,84,0.15848449,0.36288616,0.022777788,-0.100333,0,1.0,0.1657422,0.16744529,0.020771127,0.19944835,0
16,85,0.1657422,0.16744529,0.020771127,0.19944835,1,1.0,0.16909112,0.3622641,0.024760095,-0.086610556,0
16,86,0.16909112,0.3622641,0.024760095,-0.086610556,0,1.0,0.1763364,0.16679615,0.023027884,0.21378022,0
16,87,0.1763364,0.16679615,0.023027884,0.21378022,1,1.0,0.17967232,0.36158141,0.027303489,-0.07155063,0
16,88,0.17967232,0.36158141,0.027303489,-0.07155063,0,1.0,0.18690395,0.1660789,0.025872475,0.22962008,0
16,89,0.18690395,0.1660789,0.025872475,0.22962008,1,1.0,0.19022553,0.36082175,0.030464876,-0.05479078,0
16,90,0.19022553,0.36082175,0.030464876,-0.05479078,1,1.0,0.19744197,0.55549395,0.029369062,-0.33770826,0
16,91,0.19744197,0.55549395,0.029369062,-0.33770826,0,1.0,0.20855184,0.35996664,0.022614896,-0.035910536,0
16,92,0.20855184,0.35996664,0.022614896,-0.035910536,0,1.0,0.21575117,0.1645278,0.021896686,0.26382098,0
16,93,0.21575117,0.1645278,0.021896686,0.26382098,1,1.0,0.21904173,0.35933048,0.027173106,-0.021875892,0
16,94,0.21904173,0.35933048,0.027173106,-0.021875892,1,1.0,0.22622834,0.5540524,0.026735587,-0.30586305,0
16,95,0.22622834,0.5540524,0.026735587,-0.30586305,0,1.0,0.23730938,0.35855988,0.020618325,-0.0048697274,0
16,96,0.23730938,0.35855988,0.020618325,-0.0048697274,0,1.0,0.24448058,0.1631484,0.020520931,0.29424655,0
16,97,0.24448058,0.1631484,0.020520931,0.29424655,1,1.0,0.24774355,0.35797188,0.026405862,0.008105621,0
16,98,0.24774355,0.35797188,0.026405862,0.008105621,1,1.0,0.254903,0.55270535,0.026567975,-0.27613038,0
16,99,0.254903,0.55270535,0.026567975,-0.27613038,0,1.0,0.2659571,0.35721463,0.021045368,0.024812294,0
16,100,0.2659571,0.35721463,0.021045368,0.024812294,1,1.0,0.2731014,0.55202854,0.021541614,-0.261157,0
16,101,0.2731014,0.55202854,0.021541614,-0.261157,0,1.0,0.28414196,0.35660583,0.016318474,0.038241833,0
16,102,0.28414196,0.35660583,0.016318474,0.038241833,0,1.0,0.29127407,0.16125372,0.01708331,0.3360284,0
16,103,0.29127407,0.16125372,0.01708331,0.3360284,1,1.0,0.29449916,0.35612845,0.023803879,0.048781224,0
16,104,0.29449916,0.35612845,0.023803879,0.048781224,1,1.0,0.30162174,0.5509011,0.024779502,-0.23629735,0
16,105,0.30162174,0.5509011,0.024779502,-0.23629735,0,1.0,0.31263974,0.35543406,0.020053556,0.06409764,0
16,106,0.31263974,0.35543406,0.020053556,0.06409764,1,1.0,0.31974843,0.55026287,0.021335509,-0.22219141,0
16,107,0.31974843,0.55026287,0.021335509,-0.22219141,0,1.0,0.33075368,0.35484254,0.01689168,0.077144496,0
16,108,0.33075368,0.35484254,0.01689168,0.077144496,1,1.0,0.33785054,0.5497183,0.01843457,-0.21016155,0
16,109,0.33785054,0.5497183,0.01843457,-0.21016155,0,1.0,0.3488449,0.3543377,0.014231339,0.08827904,0
16,110,0.3488449,0.3543377,0.014231339,0.08827904,1,1.0,0.35593164,0.5492528,0.01599692,-0.19988014,0
16,111,0.35593164,0.5492528,0.01599692,-0.19988014,0,1.0,0.36691672,0.35390574,0.011999317,0.09780584,0
16,112,0.36691672,0.35390574,0.011999317,0.09780584,1,1.0,0.37399483,0.5488537,0.013955434,-0.1910673,0
16,113,0.37399483,0.5488537,0.013955434,-0.1910673,0,1.0,0.3849719,0.3535349,0.010134088,0.10598512,0
16,114,0.3849719,0.3535349,0.010134088,0.10598512,1,1.0,0.3920426,0.5485102,0.01225379,-0.18348339,0
16,115,0.3920426,0.5485102,0.01225379,-0.18348339,0,1.0,0.4030128,0.35321504,0.008584122,0.113039814,0
16,116,0.4030128,0.35321504,0.008584122,0.113039814,1,1.0,0.4100771,0.54821295,0.010844919,-0.17692256,0
16,117,0.4100771,0.54821295,0.010844919,-0.17692256,0,1.0,0.42104137,0.3529375,0.0073064673,0.11916175,0
16,118,0.42104137,0.3529375,0.0073064673,0.11916175,1,1.0,0.4281001,0.547954,0.009689703,-0.17120713,0
16,119,0.4281001,0.547954,0.009689703,-0.17120713,0,1.0,0.4390592,0.35269472,0.0062655597,0.124516785,0
16,120,0.4390592,0.35269472,0.0062655597,0.124516785,1,1.0,0.44611308,0.54772633,0.008755895,-0.16618286,0
16,121,0.44611308,0.54772633,0.008755895,-0.16618286,0,1.0,0.4570676,0.35248017,0.0054322383,0.1292494,0
16,122,0.4570676,0.35248017,0.0054322383,0.1292494,1,1.0,0.4641172,0.54752386,0.008017226,-0.16171479,0
16,123,0.4641172,0.54752386,0.008017226,-0.16171479,0,1.0,0.4750677,0.35228807,0.0047829305,0.13348654,0
16,124,0.4750677,0.35228807,0.0047829305,0.13348654,1,1.0,0.48211345,0.54734117,0.007452661,-0.15768361,0
16,125,0.48211345,0.54734117,0.007452661,-0.15768361,0,1.0,0.49306026,0.35211334,0.004298989,0.13734111,0
16,126,0.49306026,0.35211334,0.004298989,0.13734111,1,1.0,0.5001025,0.54717344,0.007045811,-0.15398246,0
16,127,0.5001025,0.54717344,0.007045811,-0.15398246,0,1.0,0.511046,0.35195133,0.003966162,0.1409149,0
16,128,0.511046,0.35195133,0.003966162,0.1409149,1,1.0,0.51808506,0.54701626,0.00678446,-0.15051413,0
16,129,0.51808506,0.54701626,0.00678446,-0.15051413,0,1.0,0.5290254,0.3517978,0.0037741775,0.1443014,0
16,130,0.5290254,0.3517978,0.0037741775,0.1443014,1,1.0,0.53606135,0.5468655,0.006660206,-0.14718845,0
16,131,0.53606135,0.5468655,0.006660206,-0.14718845,0,1.0,0.5469986,0.3516488,0.0037164367,0.14758818,0
16,132,0.5469986,0.3516488,0.0037164367,0.14758818,1,1.0,0.5540316,0.54671735,0.0066682003,-0.14391997,0
16,133,0.5540316,0.54671735,0.0066682003,-0.14391997,0,1.0,0.56496596,0.35150054,0.0037898007,0.15085916,0
16,134,0.56496596,0.35150054,0.0037898007,0.15085916,1,1.0,0.571996,0.54656804,0.006806984,-0.14062575,0
16,135,0.571996,0.54656804,0.006806984,-0.14062575,0,1.0,0.58292735,0.35134923,0.003994469,0.15419687,0
16,136,0.58292735,0.35134923,0.003994469,0.15419687,1,1.0,0.5899543,0.5464138,0.0070784064,-0.13722323,0
16,137,0.5899543,0.5464138,0.0070784064,-0.13722323,0,1.0,0.6008826,0.35119116,0.0043339417,0.1576844,0
16,138,0.6008826,0.35119116,0.0043339417,0.1576844,1,1.0,0.6079064,0.54625076,0.00748763,-0.13362813,0
16,139,0.6079064,0.54625076,0.00748763,-0.13362813,0,1.0,0.6188314,0.3510224,0.004815067,0.1614076,0
16,140,0.6188314,0.3510224,0.004815067,0.1614076,1,1.0,0.62585187,0.54607505,0.008043219,-0.12975241,0
16,141,0.62585187,0.54607505,0.008043219,-0.12975241,1,1.0,0.63677335,0.7410809,0.0054481714,-0.41988698,0
16,142,0.63677335,0.7410809,0.0054481714,-0.41988698,0,1.0,0.651595,0.54588217,-0.0029495684,-0.1254915,0
16,143,0.651595,0.54588217,-0.0029495684,-0.1254915,0,1.0,0.66251266,0.3508026,-0.0054593985,0.16625942,0
16,144,0.66251266,0.3508026,-0.0054593985,0.16625942,1,1.0,0.66952866,0.54600227,-0.0021342102,-0.12814078,0
16,145,0.66952866,0.54600227,-0.0021342102,-0.12814078,0,1.0,0.6804487,0.35091096,-0.0046970258,0.16386805,0
16,146,0.6804487,0.35091096,-0.0046970258,0.16386805,1,1.0,0.6874669,0.54609984,-0.0014196645,-0.13029294,0
16,147,0.6874669,0.54609984,-0.0014196645,-0.13029294,0,1.0,0.69838893,0.35099825,-0.0040255236,0.16194177,0
16,148,0.69838893,0.35099825,-0.0040255236,0.16194177,1,1.0,0.70540893,0.54617757,-0.00078668806,-0.13200839,0
16,149,0.70540893,0.54617757,-0.00078668806,-0.13200839,0,1.0,0.71633244,0.35106692,-0.003426856,0.16042624,0
16,150,0.71633244,0.35106692,-0.003426856,0.16042624,1,1.0,0.7233538,0.54623777,-0.00021833094,-0.1333358,0
16,151,0.7233538,0.54623777,-0.00021833094,-0.1333358,0,1.0,0.73427856,0.35111892,-0.0028850469,0.15927824,0
16,152,0.73427856,0.35111892,-0.0028850469,0.15927824,1,1.0,0.74130094,0.54628205,0.00030051806,-0.13431345,0
16,153,0.74130094,0.54628205,0.00030051806,-0.13431345,0,1.0,0.7522266,0.35115582,-0.0023857509,0.15846428,0
16,154,0.7522266,0.35115582,-0.0023857509,0.15846428,1,1.0,0.7592497,0.54631186,0.00078353466,-0.13497034,0
16,155,0.7592497,0.54631186,0.00078353466,-0.13497034,1,1.0,0.77017593,0.74142253,-0.0019158721,-0.42740598,0
16,156,0.77017593,0.74142253,-0.0019158721,-0.42740598,0,1.0,0.7850044,0.54632777,-0.010463991,-0.13532762,0
16,157,0.7850044,0.54632777,-0.010463991,-0.13532762,0,1.0,0.7959309,0.35135728,-0.013170544,0.15403578,0
16,158,0.7959309,0.35135728,-0.013170544,0.15403578,1,1.0,0.8029581,0.5466653,-0.010089829,-0.14277288,0
16,159,0.8029581,0.5466653,-0.010089829,-0.14277288,0,1.0,0.8138914,0.3516893,-0.012945286,0.14670987,0
16,160,0.8138914,0.3516893,-0.012945286,0.14670987,1,1.0,0.8209252,0.5469942,-0.010011089,-0.15002877,0
16,161,0.8209252,0.5469942,-0.010011089,-0.15002877,0,1.0,0.8318651,0.35201705,-0.013011664,0.13947915,0
16,162,0.8318651,0.35201705,-0.013011664,0.13947915,1,1.0,0.8389054,0.5473229,-0.010222081,-0.15728019,0
16,163,0.8389054,0.5473229,-0.010222081,-0.15728019,0,1.0,0.84985185,0.3523488,-0.013367685,0.13216047,0
16,164,0.84985185,0.3523488,-0.013367685,0.13216047,1,1.0,0.85689884,0.54765964,-0.010724476,-0.16470963,0
16,165,0.85689884,0.54765964,-0.010724476,-0.16470963,0,1.0,0.86785203,0.35269284,-0.014018668,0.124570824,0
16,166,0.86785203,0.35269284,-0.014018668,0.124570824,1,1.0,0.8749059,0.5480128,-0.011527251,-0.17250167,0
16,167,0.8749059,0.5480128,-0.011527251,-0.17250167,0,1.0,0.88586617,0.3530577,-0.014977285,0.116522595,0
16,168,0.88586617,0.3530577,-0.014977285,0.116522595,1,1.0,0.8929273,0.54839104,-0.0126468325,-0.18084766,0
16,169,0.8929273,0.54839104,-0.0126468325,-0.18084766,0,1.0,0.90389514,0.35345232,-0.016263787,0.10781896,0
16,170,0.90389514,0.35345232,-0.016263787,0.10781896,1,1.0,0.91096413,0.5488035,-0.014107407,-0.18995042,0
16,171,0.91096413,0.5488035,-0.014107407,-0.18995042,0,1.0,0.9219402,0.3538862,-0.017906416,0.09824902,0
16,172,0.9219402,0.3538862,-0.017906416,0.09824902,1,1.0,0.92901796,0.54926014,-0.015941435,-0.20002912,0
16,173,0.92901796,0.54926014,-0.015941435,-0.20002912,0,1.0,0.94000316,0.35436976,-0.019942017,0.08758269,0
16,174,0.94000316,0.35436976,-0.019942017,0.08758269,1,1.0,0.94709057,0.5497718,-0.018190363,-0.21132465,0
16,175,0.94709057,0.5497718,-0.018190363,-0.21132465,0,1.0,0.958086,0.3549146,-0.022416856,0.07556514,0
16,176,0.958086,0.3549146,-0.022416856,0.07556514,1,1.0,0.9651843,0.5503506,-0.020905554,-0.22410525,0
16,177,0.9651843,0.5503506,-0.020905554,-0.22410525,0,1.0,0.9761913,0.3555336,-0.02538766,0.061910637,0
16,178,0.9761913,0.3555336,-0.02538766,0.061910637,1,1.0,0.98330194,0.5510102,-0.024149446,-0.23867291,0
16,179,0.98330194,0.5510102,-0.024149446,-0.23867291,0,1.0,0.9943222,0.3562414,-0.028922904,0.04629582,0
16,180,0.9943222,0.3562414,-0.028922904,0.04629582,0,1.0,1.001447,0.16154587,-0.027996989,0.32971483,0
16,181,1.001447,0.16154587,-0.027996989,0.32971483,1,1.0,1.0046779,0.35705495,-0.021402692,0.028336095,0
16,182,1.0046779,0.35705495,-0.021402692,0.028336095,1,1.0,1.011819,0.5524772,-0.02083597,-0.27102205,0
16,183,1.011819,0.5524772,-0.02083597,-0.27102205,0,1.0,1.0228685,0.35765868,-0.02625641,0.015016987,0
16,184,1.0228685,0.35765868,-0.02625641,0.015016987,1,1.0,1.0300218,0.55314714,-0.02595607,-0.28583315,0
16,185,1.0300218,0.55314714,-0.02595607,-0.28583315,0,1.0,1.0410846,0.3584048,-0.031672735,-0.0014482542,0
16,186,1.0410846,0.3584048,-0.031672735,-0.0014482542,0,1.0,1.0482528,0.16375107,-0.0317017,0.2810757,0
16,187,1.0482528,0.16375107,-0.0317017,0.2810757,1,1.0,1.0515277,0.35931054,-0.026080186,-0.021434875,0
16,188,1.0515277,0.35931054,-0.026080186,-0.021434875,1,1.0,1.058714,0.55479664,-0.026508883,-0.32223096,0
16,189,1.058714,0.55479664,-0.026508883,-0.32223096,0,1.0,1.0698099,0.36006197,-0.0329535,-0.038024355,0
16,190,1.0698099,0.36006197,-0.0329535,-0.038024355,0,1.0,1.0770112,0.1654277,-0.03371399,0.24408199,0
16,191,1.0770112,0.1654277,-0.03371399,0.24408199,1,1.0,1.0803198,0.36101457,-0.02883235,-0.059041645,0
16,192,1.0803198,0.36101457,-0.02883235,-0.059041645,1,1.0,1.08754,0.5565378,-0.030013181,-0.36068013,0
16,193,1.08754,0.5565378,-0.030013181,-0.36068013,0,1.0,1.0986707,0.36185506,-0.037226785,-0.07761007,0
16,194,1.0986707,0.36185506,-0.037226785,-0.07761007,0,1.0,1.1059079,0.167286,-0.038778987,0.20309916,0
16,195,1.1059079,0.167286,-0.038778987,0.20309916,1,1.0,1.1092536,0.36294046,-0.034717,-0.10156005,0
16,196,1.1092536,0.36294046,-0.034717,-0.10156005,0,1.0,1.1165124,0.1683328,-0.036748204,0.17997079,0
16,197,1.1165124,0.1683328,-0.036748204,0.17997079,1,1.0,1.119879,0.36396083,-0.033148788,-0.124074675,0
16,198,1.119879,0.36396083,-0.033148788,-0.124074675,1,1.0,1.1271583,0.5595416,-0.035630282,-0.42702866,0
16,199,1.1271583,0.5595416,-0.035630282,-0.42702866,0,1.0,1.138349,0.36494195,-0.044170853,-0.1457875,0
16,200,1.138349,0.36494195,-0.044170853,-0.1457875,0,1.0,1.145648,0.17047948,-0.047086604,0.13263969,0
16,201,1.145648,0.17047948,-0.047086604,0.13263969,1,1.0,1.1490575,0.36624318,-0.04443381,-0.17451875,0
16,202,1.1490575,0.36624318,-0.04443381,-0.17451875,0,1.0,1.1563824,0.17178439,-0.047924187,0.10382229,0
16,203,1.1563824,0.17178439,-0.047924187,0.10382229,1,1.0,1.159818,0.36755922,-0.04584774,-0.20358709,0
16,204,1.159818,0.36755922,-0.04584774,-0.20358709,0,1.0,1.1671693,0.1731219,-0.049919482,0.07428789,0
16,205,1.1671693,0.1731219,-0.049919482,0.07428789,1,1.0,1.1706318,0.36892262,-0.048433725,-0.23371758,0
16,206,1.1706318,0.36892262,-0.048433725,-0.23371758,0,1.0,1.1780101,0.17452496,-0.053108074,0.043303017,0
16,207,1.1780101,0.17452496,-0.053108074,0.043303017,0,1.0,1.1815007,-0.019796798,-0.052242015,0.31876826,0
16,208,1.1815007,-0.019796798,-0.052242015,0.31876826,1,1.0,1.1811048,0.17602877,-0.04586665,0.010078498,0
16,209,1.1811048,0.17602877,-0.04586665,0.010078498,1,1.0,1.1846253,0.37177747,-0.04566508,-0.29671583,0
16,210,1.1846253,0.37177747,-0.04566508,-0.29671583,0,1.0,1.1920608,0.17733525,-0.0515994,-0.018777404,0
16,211,1.1920608,0.17733525,-0.0515994,-0.018777404,0,1.0,1.1956075,-0.017010193,-0.051974945,0.25718927,0
16,212,1.1956075,-0.017010193,-0.051974945,0.25718927,1,1.0,1.1952673,0.17881379,-0.04683116,-0.051423796,0
16,213,1.1952673,0.17881379,-0.04683116,-0.051423796,1,1.0,1.1988436,0.37457487,-0.047859635,-0.3585068,0
16,214,1.1988436,0.37457487,-0.047859635,-0.3585068,0,1.0,1.2063352,0.18016481,-0.055029772,-0.08129099,0
16,215,1.2063352,0.18016481,-0.055029772,-0.08129099,0,1.0,1.2099384,-0.014126874,-0.05665559,0.19353478,0
16,216,1.2099384,-0.014126874,-0.05665559,0.19353478,1,1.0,1.2096559,0.18175784,-0.052784897,-0.116468675,0
16,217,1.2096559,0.18175784,-0.052784897,-0.116468675,0,1.0,1.213291,-0.012569623,-0.05511427,0.15910497,0
16,218,1.213291,-0.012569623,-0.05511427,0.15910497,1,1.0,1.2130396,0.1832963,-0.05193217,-0.1504432,0
16,219,1.2130396,0.1832963,-0.05193217,-0.1504432,0,1.0,1.2167056,-0.011045039,-0.054941032,0.12541461,0
16,220,1.2167056,-0.011045039,-0.054941032,0.12541461,1,1.0,1.2164847,0.1848192,-0.052432742,-0.184083,0
16,221,1.2164847,0.1848192,-0.052432742,-0.184083,0,1.0,1.2201811,-0.009514839,-0.0561144,0.0916093,0
16,222,1.2201811,-0.009514839,-0.0561144,0.0916093,1,1.0,1.2199907,0.18636465,-0.054282214,-0.21823643,0
16,223,1.2199907,0.18636465,-0.054282214,-0.21823643,0,1.0,1.223718,-0.007941019,-0.058646943,0.056841634,0
16,224,1.223718,-0.007941019,-0.058646943,0.056841634,0,1.0,1.2235593,-0.20217517,-0.05751011,0.33045965,0
16,225,1.2235593,-0.20217517,-0.05751011,0.33045965,1,1.0,1.2195157,-0.006283738,-0.050900918,0.020209624,0
16,226,1.2195157,-0.006283738,-0.050900918,0.020209624,1,1.0,1.21939,0.18952984,-0.050496727,-0.28808874,0
16,227,1.21939,0.18952984,-0.050496727,-0.28808874,0,1.0,1.2231807,-0.004837001,-0.0562585,-0.011749838,0
16,228,1.2231807,-0.004837001,-0.0562585,-0.011749838,0,1.0,1.223084,-0.19910888,-0.0564935,0.2626657,0
16,229,1.223084,-0.19910888,-0.0564935,0.2626657,1,1.0,1.2191018,-0.0032279561,-0.051240183,-0.047287226,0
16,230,1.2191018,-0.0032279561,-0.051240183,-0.047287226,1,1.0,1.2190372,0.19258986,-0.052185927,-0.3556865,0
16,231,1.2190372,0.19258986,-0.052185927,-0.3556865,0,1.0,1.222889,-0.0017527626,-0.05929966,-0.079905085,0
16,232,1.222889,-0.0017527626,-0.05929966,-0.079905085,0,1.0,1.2228539,-0.19597672,-0.06089776,0.19349487,0
16,233,1.2228539,-0.19597672,-0.06089776,0.19349487,0,1.0,1.2189344,-0.39017704,-0.05702786,0.46636254,0
16,234,1.2189344,-0.39017704,-0.05702786,0.46636254,1,1.0,1.2111309,-0.19429767,-0.04770061,0.15626398,0
16,235,1.2111309,-0.19429767,-0.04770061,0.15626398,1,1.0,1.2072449,0.0014736394,-0.044575334,-0.15107761,0
16,236,1.2072449,0.0014736394,-0.044575334,-0.15107761,1,1.0,1.2072743,0.19720459,-0.047596883,-0.4574832,0
16,237,1.2072743,0.19720459,-0.047596883,-0.4574832,0,1.0,1.2112185,0.002786705,-0.05674655,-0.18017486,0
16,238,1.2112185,0.002786705,-0.05674655,-0.18017486,0,1.0,1.2112741,-0.19147924,-0.060350046,0.09408046,0
16,239,1.2112741,-0.19147924,-0.060350046,0.09408046,0,1.0,1.2074445,-0.3856866,-0.058468435,0.36712903,0
16,240,1.2074445,-0.3856866,-0.058468435,0.36712903,1,1.0,1.1997309,-0.18978468,-0.051125854,0.056598347,0
16,241,1.1997309,-0.18978468,-0.051125854,0.056598347,1,1.0,1.1959351,0.006031642,-0.049993888,-0.2517668,0
16,242,1.1959351,0.006031642,-0.049993888,-0.2517668,0,1.0,1.1960558,-0.1883421,-0.055029225,0.024737444,0
16,243,1.1960558,-0.1883421,-0.055029225,0.024737444,1,1.0,1.192289,0.00752408,-0.054534476,-0.2847875,0
16,244,1.192289,0.00752408,-0.054534476,-0.2847875,0,1.0,1.1924394,-0.1867794,-0.060230225,-0.009790781,0
16,245,1.1924394,-0.1867794,-0.060230225,-0.009790781,0,1.0,1.1887039,-0.38098815,-0.06042604,0.26329714,0
16,246,1.1887039,-0.38098815,-0.06042604,0.26329714,1,1.0,1.1810842,-0.18505809,-0.055160098,-0.04781602,0
16,247,1.1810842,-0.18505809,-0.055160098,-0.04781602,0,1.0,1.177383,-0.37934747,-0.056116417,0.22696596,0
16,248,1.177383,-0.37934747,-0.056116417,0.22696596,1,1.0,1.169796,-0.18347032,-0.0515771,-0.082876824,0
16,249,1.169796,-0.18347032,-0.0515771,-0.082876824,1,1.0,1.1661266,0.012351581,-0.053234637,-0.39137602,0
16,250,1.1661266,0.012351581,-0.053234637,-0.39137602,0,1.0,1.1663736,-0.18197605,-0.061062157,-0.11594111,0
16,251,1.1663736,-0.18197605,-0.061062157,-0.11594111,0,1.0,1.1627342,-0.37617233,-0.06338098,0.15686932,0
16,252,1.1627342,-0.37617233,-0.06338098,0.15686932,0,1.0,1.1552106,-0.5703323,-0.06024359,0.4289029,0
16,253,1.1552106,-0.5703323,-0.06024359,0.4289029,1,1.0,1.143804,-0.3744112,-0.051665533,0.117853515,0
16,254,1.143804,-0.3744112,-0.051665533,0.117853515,1,1.0,1.1363158,-0.17858851,-0.049308464,-0.19067146,0
16,255,1.1363158,-0.17858851,-0.049308464,-0.19067146,0,1.0,1.132744,-0.37297165,-0.053121895,0.08605804,0
16,256,1.132744,-0.37297165,-0.053121895,0.08605804,1,1.0,1.1252846,-0.17713007,-0.051400732,-0.22290044,0
16,257,1.1252846,-0.17713007,-0.051400732,-0.22290044,0,1.0,1.121742,-0.37148112,-0.055858742,0.05313594,0
16,258,1.121742,-0.37148112,-0.055858742,0.05313594,1,1.0,1.1143124,-0.17560455,-0.05479602,-0.25663456,0
16,259,1.1143124,-0.17560455,-0.05479602,-0.25663456,0,1.0,1.1108003,-0.3699031,-0.05992871,0.01827384,0
16,260,1.1108003,-0.3699031,-0.05992871,0.01827384,0,1.0,1.1034023,-0.56411666,-0.05956324,0.29146275,0
16,261,1.1034023,-0.56411666,-0.05956324,0.29146275,1,1.0,1.0921198,-0.36819825,-0.053733982,-0.019394975,0
16,262,1.0921198,-0.36819825,-0.053733982,-0.019394975,0,1.0,1.0847559,-0.5625101,-0.05412188,0.25586188,0
16,263,1.0847559,-0.5625101,-0.05412188,0.25586188,1,1.0,1.0735056,-0.36665884,-0.049004644,-0.05338888,0
16,264,1.0735056,-0.36665884,-0.049004644,-0.05338888,1,1.0,1.0661725,-0.17086974,-0.05007242,-0.3611216,0
16,265,1.0661725,-0.17086974,-0.05007242,-0.3611216,0,1.0,1.0627551,-0.36524552,-0.057294853,-0.08463849,0
16,266,1.0627551,-0.36524552,-0.057294853,-0.08463849,0,1.0,1.0554502,-0.55950135,-0.05898762,0.18943167,0
16,267,1.0554502,-0.55950135,-0.05898762,0.18943167,1,1.0,1.0442601,-0.3635873,-0.05519899,-0.12126062,0
16,268,1.0442601,-0.3635873,-0.05519899,-0.12126062,0,1.0,1.0369885,-0.5578767,-0.057624202,0.15350941,0
16,269,1.0369885,-0.5578767,-0.057624202,0.15350941,1,1.0,1.0258309,-0.36197907,-0.054554015,-0.15678151,0
16,270,1.0258309,-0.36197907,-0.054554015,-0.15678151,0,1.0,1.0185913,-0.5562792,-0.057689644,0.118204206,0
16,271,1.0185913,-0.5562792,-0.057689644,0.118204206,0,1.0,1.0074657,-0.75052917,-0.05532556,0.39214307,0
16,272,1.0074657,-0.75052917,-0.05532556,0.39214307,1,1.0,0.9924552,-0.55466753,-0.0474827,0.08254269,0
16,273,0.9924552,-0.55466753,-0.0474827,0.08254269,1,1.0,0.9813618,-0.3588982,-0.045831844,-0.22473498,0
16,274,0.9813618,-0.3588982,-0.045831844,-0.22473498,0,1.0,0.97418386,-0.55333614,-0.050326545,0.053145867,0
16,275,0.97418386,-0.55333614,-0.050326545,0.053145867,1,1.0,0.9631171,-0.3575301,-0.049263626,-0.25498116,0
16,276,0.9631171,-0.3575301,-0.049263626,-0.25498116,0,1.0,0.95596653,-0.5519153,-0.05436325,0.021765264,0
16,277,0.95596653,-0.5519153,-0.05436325,0.021765264,0,1.0,0.9449282,-0.7462172,-0.053927943,0.2968126,0
16,278,0.9449282,-0.7462172,-0.053927943,0.2968126,1,1.0,0.9300039,-0.55036956,-0.047991693,-0.012378843,0
16,279,0.9300039,-0.55036956,-0.047991693,-0.012378843,1,1.0,0.91899645,-0.3545934,-0.04823927,-0.31980914,0
16,280,0.91899645,-0.3545934,-0.04823927,-0.31980914,0,1.0,0.91190463,-0.5489963,-0.054635454,-0.04272081,0
16,281,0.91190463,-0.5489963,-0.054635454,-0.04272081,0,1.0,0.9009247,-0.743294,-0.055489868,0.23223597,0
16,282,0.9009247,-0.743294,-0.055489868,0.23223597,1,1.0,0.8860588,-0.54742485,-0.05084515,-0.07742115,0
16,283,0.8860588,-0.54742485,-0.05084515,-0.07742115,0,1.0,0.8751103,-0.7417824,-0.052393574,0.19879642,0
16,284,0.8751103,-0.7417824,-0.052393574,0.19879642,1,1.0,0.8602747,-0.5459518,-0.048417643,-0.10994315,0
16,285,0.8602747,-0.5459518,-0.048417643,-0.10994315,0,1.0,0.84935564,-0.7403477,-0.050616506,0.16707976,0
16,286,0.84935564,-0.7403477,-0.050616506,0.16707976,1,1.0,0.83454865,-0.54453915,-0.047274914,-0.14113183,0
16,287,0.83454865,-0.54453915,-0.047274914,-0.14113183,0,1.0,0.8236579,-0.73895323,-0.050097547,0.1362699,0
16,288,0.8236579,-0.73895323,-0.050097547,0.1362699,1,1.0,0.80887884,-0.54315084,-0.04737215,-0.17178772,0
16,289,0.80887884,-0.54315084,-0.04737215,-0.17178772,0,1.0,0.79801583,-0.7375639,-0.050807904,0.10558249,0
16,290,0.79801583,-0.7375639,-0.050807904,0.10558249,1,1.0,0.7832645,-0.54175204,-0.048696257,-0.20268737,0
16,291,0.7832645,-0.54175204,-0.048696257,-0.20268737,0,1.0,0.77242947,-0.73614496,-0.052750003,0.07424533,0
16,292,0.77242947,-0.73614496,-0.052750003,0.07424533,0,1.0,0.7577066,-0.93047255,-0.051265094,0.34982997,0
16,293,0.7577066,-0.93047255,-0.051265094,0.34982997,1,1.0,0.7390971,-0.73466045,-0.044268496,0.04143229,0
16,294,0.7390971,-0.73466045,-0.044268496,0.04143229,1,1.0,0.7244039,-0.53893256,-0.04343985,-0.26488256,0
16,295,0.7244039,-0.53893256,-0.04343985,-0.26488256,0,1.0,0.71362525,-0.73340845,-0.048737504,0.01378875,0
16,296,0.71362525,-0.73340845,-0.048737504,0.01378875,0,1.0,0.6989571,-0.9277988,-0.048461728,0.29070488,0
16,297,0.6989571,-0.9277988,-0.048461728,0.29070488,1,1.0,0.68040115,-0.7320205,-0.04264763,-0.016859924,0
16,298,0.68040115,-0.7320205,-0.04264763,-0.016859924,1,1.0,0.6657607,-0.5363137,-0.04298483,-0.3226878,0
16,299,0.6657607,-0.5363137,-0.04298483,-0.3226878,0,1.0,0.6550344,-0.73079807,-0.049438585,-0.043864414,0
16,300,0.6550344,-0.73079807,-0.049438585,-0.043864414,0,1.0,0.64041847,-0.9251775,-0.05031587,0.23281947,0
16,301,0.64041847,-0.9251775,-0.05031587,0.23281947,1,1.0,0.6219149,-0.72937405,-0.045659482,-0.0753006,0
16,302,0.6219149,-0.72937405,-0.045659482,-0.0753006,0,1.0,0.60732746,-0.9238127,-0.047165494,0.20263419,0
16,303,0.60732746,-0.9238127,-0.047165494,0.20263419,1,1.0,0.5888512,-0.72804904,-0.04311281,-0.104546234,0
16,304,0.5888512,-0.72804904,-0.04311281,-0.104546234,0,1.0,0.5742902,-0.9225275,-0.045203738,0.17422912,0
16,305,0.5742902,-0.9225275,-0.045203738,0.17422912,1,1.0,0.55583966,-0.72678876,-0.041719154,-0.13236448,0
16,306,0.55583966,-0.72678876,-0.041719154,-0.13236448,0,1.0,0.5413039,-0.921289,-0.044366445,0.14687021,0
16,307,0.5413039,-0.921289,-0.044366445,0.14687021,1,1.0,0.5228781,-0.7255607,-0.04142904,-0.15947278,0
16,308,0.5228781,-0.7255607,-0.04142904,-0.15947278,0,1.0,0.5083669,-0.9200658,-0.044618495,0.11985786,0
16,309,0.5083669,-0.9200658,-0.044618495,0.11985786,1,1.0,0.4899656,-0.72433394,-0.042221338,-0.18656124,0
16,310,0.4899656,-0.72433394,-0.042221338,-0.18656124,0,1.0,0.47547892,-0.9188272,-0.045952562,0.09250923,0
16,311,0.47547892,-0.9188272,-0.045952562,0.09250923,1,1.0,0.45710236,-0.7230777,-0.04410238,-0.21431027,0
16,312,0.45710236,-0.7230777,-0.04410238,-0.21431027,0,1.0,0.4426408,-0.91754234,-0.04838858,0.064141095,0
16,313,0.4426408,-0.91754234,-0.04838858,0.064141095,1,1.0,0.42428997,-0.7217612,-0.047105763,-0.24340753,0
16,314,0.42428997,-0.7217612,-0.047105763,-0.24340753,0,1.0,0.40985474,-0.9161798,-0.051973913,0.034052838,0
16,315,0.40985474,-0.9161798,-0.051973913,0.034052838,0,1.0,0.39153114,-1.1105194,-0.051292855,0.30989513,0
16,316,0.39153114,-1.1105194,-0.051292855,0.30989513,1,1.0,0.36932075,-0.9147056,-0.045094952,0.0014872345,0
16,317,0.36932075,-0.9147056,-0.045094952,0.0014872345,0,1.0,0.35102665,-1.1091528,-0.04506521,0.27960807,0
16,318,0.35102665,-1.1091528,-0.04506521,0.27960807,1,1.0,0.3288436,-0.9134179,-0.039473046,-0.026940838,0
16,319,0.3288436,-0.9134179,-0.039473046,-0.026940838,1,1.0,0.31057522,-0.71775275,-0.040011864,-0.331812,0
16,320,0.31057522,-0.71775275,-0.040011864,-0.331812,0,1.0,0.29622018,-0.912283,-0.046648104,-0.0520105,0
16,321,0.29622018,-0.912283,-0.046648104,-0.0520105,0,1.0,0.27797452,-1.1067061,-0.047688313,0.22559735,0
16,322,0.27797452,-1.1067061,-0.047688313,0.22559735,1,1.0,0.2558404,-0.9109362,-0.043176368,-0.081738725,0
16,323,0.2558404,-0.9109362,-0.043176368,-0.081738725,0,1.0,0.23762167,-1.1054134,-0.04481114,0.19701542,0
16,324,0.23762167,-1.1054134,-0.04481114,0.19701542,1,1.0,0.2155134,-0.9096801,-0.040870834,-0.10945989,0
16,325,0.2155134,-0.9096801,-0.040870834,-0.10945989,0,1.0,0.19731979,-1.1041933,-0.04306003,0.17005353,0
16,326,0.19731979,-1.1041933,-0.04306003,0.17005353,1,1.0,0.17523593,-0.9084823,-0.03965896,-0.13589656,0
16,327,0.17523593,-0.9084823,-0.03965896,-0.13589656,0,1.0,0.15706629,-1.1030145,-0.04237689,0.14401549,0
16,328,0.15706629,-1.1030145,-0.04237689,0.14401549,1,1.0,0.135006,-0.90731204,-0.039496582,-0.16172966,0
16,329,0.135006,-0.90731204,-0.039496582,-0.16172966,0,1.0,0.11685976,-1.1018469,-0.042731173,0.11823617,0
16,330,0.11685976,-1.1018469,-0.042731173,0.11823617,1,1.0,0.09482282,-0.9061396,-0.040366452,-0.18761598,0
16,331,0.09482282,-0.9061396,-0.040366452,-0.18761598,0,1.0,0.076700024,-1.1006615,-0.04411877,0.09206463,0
16,332,0.076700024,-1.1006615,-0.04411877,0.09206463,1,1.0,0.054686792,-0.9049359,-0.042277478,-0.21420486,0
16,333,0.054686792,-0.9049359,-0.042277478,-0.21420486,0,1.0,0.036588073,-1.0994287,-0.046561576,0.06484781,0
16,334,0.036588073,-1.0994287,-0.046561576,0.06484781,1,1.0,0.014599499,-0.90367115,-0.04526462,-0.24215439,0
16,335,0.014599499,-0.90367115,-0.04526462,-0.24215439,0,1.0,-0.003473924,-1.0981183,-0.050107706,0.03591431,0
16,336,-0.003473924,-1.0981183,-0.050107706,0.03591431,1,1.0,-0.02543629,-0.90231496,-0.049389422,-0.2721476,0
16,337,-0.02543629,-0.90231496,-0.049389422,-0.2721476,0,1.0,-0.04348259,-1.0966986,-0.054832373,0.004557795,0
16,338,-0.04348259,-1.0966986,-0.054832373,0.004557795,0,1.0,-0.06541656,-1.2909931,-0.054741215,0.2794488,0
16,339,-0.06541656,-1.2909931,-0.054741215,0.2794488,1,1.0,-0.09123642,-1.0951347,-0.04915224,-0.029984565,0
16,340,-0.09123642,-1.0951347,-0.04915224,-0.029984565,0,1.0,-0.113139115,-1.2895186,-0.04975193,0.24679416,0
16,341,-0.113139115,-1.2895186,-0.04975193,0.24679416,1,1.0,-0.13892949,-1.0937227,-0.044816047,-0.061157312,0
16,342,-0.13892949,-1.0937227,-0.044816047,-0.061157312,0,1.0,-0.16080394,-1.2881744,-0.046039194,0.21705586,0
16,343,-0.16080394,-1.2881744,-0.046039194,0.21705586,1,1.0,-0.18656743,-1.0924256,-0.041698076,-0.089787014,0
16,344,-0.18656743,-1.0924256,-0.041698076,-0.089787014,0,1.0,-0.20841594,-1.2869258,-0.04349382,0.18945405,0
16,345,-0.20841594,-1.2869258,-0.04349382,0.18945405,1,1.0,-0.23415445,-1.0912094,-0.039704736,-0.11662597,0
16,346,-0.23415445,-1.0912094,-0.039704736,-0.11662597,0,1.0,-0.25597864,-1.2857406,-0.042037256,0.16327077,0
16,347,-0.25597864,-1.2857406,-0.042037256,0.16327077,1,1.0,-0.28169346,-1.090043,-0.03877184,-0.14237182,0
16,348,-0.28169346,-1.090043,-0.03877184,-0.14237182,0,1.0,-0.3034943,-1.2845888,-0.04161928,0.13783157,0
16,349,-0.3034943,-1.2845888,-0.04161928,0.13783157,1,1.0,-0.32918608,-1.0888962,-0.038862646,-0.16768566,0
16,350,-0.32918608,-1.0888962,-0.038862646,-0.16768566,0,1.0,-0.350964,-1.283441,-0.04221636,0.11248838,0
16,351,-0.350964,-1.283441,-0.04221636,0.11248838,1,1.0,-0.37663284,-1.0877403,-0.03996659,-0.19320898,0
16,352,-0.37663284,-1.0877403,-0.03996659,-0.19320898,0,1.0,-0.39838764,-1.2822684,-0.04383077,0.086603135,0
16,353,-0.39838764,-1.2822684,-0.04383077,0.086603135,1,1.0,-0.42403302,-1.0865464,-0.04209871,-0.21957992,0
16,354,-0.42403302,-1.0865464,-0.04209871,-0.21957992,0,1.0,-0.44576395,-1.2810421,-0.046490308,0.05953175,0
16,355,-0.44576395,-1.2810421,-0.046490308,0.05953175,1,1.0,-0.47138476,-1.0852855,-0.04529967,-0.24744916,0
16,356,-0.47138476,-1.0852855,-0.04529967,-0.24744916,0,1.0,-0.49309048,-1.2797322,-0.050248653,0.030608136,0
16,357,-0.49309048,-1.2797322,-0.050248653,0.030608136,0,1.0,-0.5186851,-1.4740989,-0.04963649,0.3070233,0
16,358,-0.5186851,-1.4740989,-0.04963649,0.3070233,1,1.0,-0.5481671,-1.2783061,-0.043496028,-0.0008913452,0
16,359,-0.5481671,-1.2783061,-0.043496028,-0.0008913452,0,1.0,-0.5737332,-1.4727781,-0.043513853,0.27775702,0
16,360,-0.5737332,-1.4727781,-0.043513853,0.27775702,1,1.0,-0.6031888,-1.2770633,-0.03795871,-0.0283264,0
16,361,-0.6031888,-1.2770633,-0.03795871,-0.0283264,0,1.0,-0.62873006,-1.4716209,-0.038525242,0.2521426,0
16,362,-0.62873006,-1.4716209,-0.038525242,0.2521426,1,1.0,-0.6581625,-1.2759706,-0.033482388,-0.05243867,0
16,363,-0.6581625,-1.2759706,-0.033482388,-0.05243867,0,1.0,-0.6836819,-1.4705969,-0.03453116,0.22949511,0
16,364,-0.6836819,-1.4705969,-0.03453116,0.22949511,1,1.0,-0.7130938,-1.2749989,-0.029941259,-0.07387706,0
16,365,-0.7130938,-1.2749989,-0.029941259,-0.07387706,0,1.0,-0.7385938,-1.4696791,-0.0314188,0.20921093,0
16,366,-0.7385938,-1.4696791,-0.0314188,0.20921093,1,1.0,-0.7679874,-1.2741224,-0.027234582,-0.09321508,0
16,367,-0.7679874,-1.2741224,-0.027234582,-0.09321508,0,1.0,-0.79346985,-1.4688436,-0.029098883,0.19075246,0
16,368,-0.79346985,-1.4688436,-0.029098883,0.19075246,1,1.0,-0.8228467,-1.2733177,-0.025283834,-0.11096607,0
16,369,-0.8228467,-1.2733177,-0.025283834,-0.11096607,0,1.0,-0.84831303,-1.4680684,-0.027503155,0.17363395,0
16,370,-0.84831303,-1.4680684,-0.027503155,0.17363395,1,1.0,-0.8776744,-1.2725638,-0.024030477,-0.1275969,0
16,371,-0.8776744,-1.2725638,-0.024030477,-0.1275969,0,1.0,-0.9031257,-1.4673334,-0.026582414,0.15740888,0
16,372,-0.9031257,-1.4673334,-0.026582414,0.15740888,1,1.0,-0.93247235,-1.2718412,-0.023434237,-0.14354022,0
16,373,-0.93247235,-1.2718412,-0.023434237,-0.14354022,0,1.0,-0.95790917,-1.4666197,-0.026305042,0.14165848,0
16,374,-0.95790917,-1.4666197,-0.026305042,0.14165848,0,1.0,-0.98724157,-1.6613553,-0.023471871,0.42592794,0
16,375,-0.98724157,-1.6613553,-0.023471871,0.42592794,1,1.0,-1.0204687,-1.4659089,-0.014953313,0.12593897,0
16,376,-1.0204687,-1.4659089,-0.014953313,0.12593897,0,1.0,-1.0497869,-1.6608135,-0.012434534,0.41386703,0
16,377,-1.0497869,-1.6608135,-0.012434534,0.41386703,1,1.0,-1.0830032,-1.4655175,-0.004157193,0.11729006,0
16,378,-1.0830032,-1.4655175,-0.004157193,0.11729006,1,1.0,-1.1123135,-1.2703363,-0.0018113917,-0.17670153,0
16,379,-1.1123135,-1.2703363,-0.0018113917,-0.17670153,0,1.0,-1.1377202,-1.4654322,-0.0053454223,0.11540942,0
16,380,-1.1377202,-1.4654322,-0.0053454223,0.11540942,1,1.0,-1.1670289,-1.2702341,-0.0030372338,-0.17895514,0
16,381,-1.1670289,-1.2702341,-0.0030372338,-0.17895514,0,1.0,-1.1924336,-1.4653125,-0.0066163368,0.1127681,0
16,382,-1.1924336,-1.4653125,-0.0066163368,0.1127681,0,1.0,-1.2217398,-1.660339,-0.0043609748,0.40335628,0
16,383,-1.2217398,-1.660339,-0.0043609748,0.40335628,1,1.0,-1.2549466,-1.4651554,0.003706151,0.10930166,0
16,384,-1.2549466,-1.4651554,0.003706151,0.10930166,1,1.0,-1.2842497,-1.2700868,0.005892184,-0.1822097,0
16,385,-1.2842497,-1.2700868,0.005892184,-0.1822097,0,1.0,-1.3096514,-1.4652926,0.00224799,0.11232616,0
16,386,-1.3096514,-1.4652926,0.00224799,0.11232616,1,1.0,-1.3389573,-1.2702029,0.0044945134,-0.1796467,0
16,387,-1.3389573,-1.2702029,0.0044945134,-0.1796467,0,1.0,-1.3643613,-1.4653889,0.0009015793,0.11445069,0
16,388,-1.3643613,-1.4653889,0.0009015793,0.11445069,1,1.0,-1.3936691,-1.2702799,0.0031905933,-0.17794766,0
16,389,-1.3936691,-1.2702799,0.0031905933,-0.17794766,0,1.0,-1.4190747,-1.4654473,-0.00036835982,0.11574009,0
16,390,-1.4190747,-1.4654473,-0.00036835982,0.11574009,0,1.0,-1.4483837,-1.660564,0.001946442,0.40830678,0
16,391,-1.4483837,-1.660564,0.001946442,0.40830678,1,1.0,-1.4815949,-1.4654697,0.010112577,0.11623814,0
16,392,-1.4815949,-1.4654697,0.010112577,0.11623814,1,1.0,-1.5109043,-1.2704941,0.01243734,-0.17323726,0
16,393,-1.5109043,-1.2704941,0.01243734,-0.17323726,0,1.0,-1.5363141,-1.4657918,0.0089725945,0.12334315,0
16,394,-1.5363141,-1.4657918,0.0089725945,0.12334315,1,1.0,-1.5656301,-1.2707995,0.011439458,-0.16649556,0
16,395,-1.5656301,-1.2707995,0.011439458,-0.16649556,0,1.0,-1.591046,-1.4660833,0.008109546,0.12977412,0
16,396,-1.591046,-1.4660833,0.008109546,0.12977412,1,1.0,-1.6203676,-1.2710785,0.010705029,-0.16033936,0
16,397,-1.6203676,-1.2710785,0.010705029,-0.16033936,0,1.0,-1.6457893,-1.4663521,0.007498242,0.13570142,0
16,398,-1.6457893,-1.4663521,0.007498242,0.13570142,1,1.0,-1.6751163,-1.2713383,0.010212271,-0.15460652,0
16,399,-1.6751163,-1.2713383,0.010212271,-0.15460652,0,1.0,-1.700543,-1.466605,0.00712014,0.14128056,0
16,400,-1.700543,-1.466605,0.00712014,0.14128056,0,1.0,-1.7298752,-1.6618282,0.009945751,0.43620124,0
16,401,-1.7298752,-1.6618282,0.009945751,0.43620124,1,1.0,-1.7631117,-1.4668484,0.018669777,0.14667007,0
16,402,-1.7631117,-1.4668484,0.018669777,0.14667007,1,1.0,-1.7924486,-1.2719988,0.021603178,-0.14006492,0
16,403,-1.7924486,-1.2719988,0.021603178,-0.14006492,0,1.0,-1.8178886,-1.4674233,0.01880188,0.1593544,0
16,404,-1.8178886,-1.4674233,0.01880188,0.1593544,1,1.0,-1.8472371,-1.2725755,0.021988967,-0.1273382,0
16,405,-1.8472371,-1.2725755,0.021988967,-0.1273382,0,1.0,-1.8726887,-1.4680054,0.019442203,0.17220008,0
16,406,-1.8726887,-1.4680054,0.019442203,0.17220008,1,1.0,-1.9020487,-1.2731671,0.022886205,-0.11428659,0
16,407,-1.9020487,-1.2731671,0.022886205,-0.11428659,0,1.0,-1.927512,-1.4686093,0.020600474,0.18552801,0
16,408,-1.927512,-1.4686093,0.020600474,0.18552801,1,1.0,-1.9568843,-1.2737881,0.024311034,-0.10058572,0
16,409,-1.9568843,-1.2737881,0.024311034,-0.10058572,0,1.0,-1.98236,-1.46925,0.02229932,0.19966705,0
16,410,-1.98236,-1.46925,0.02229932,0.19966705,1,1.0,-2.011745,-1.2744539,0.02629266,-0.085898906,0
16,411,-2.011745,-1.2744539,0.02629266,-0.085898906,0,1.0,-2.037234,-1.4699427,0.024574682,0.21496207,0
16,412,-2.037234,-1.4699427,0.024574682,0.21496207,1,1.0,-2.066633,-1.2751805,0.028873922,-0.069868736,0
16,413,-2.066633,-1.2751805,0.028873922,-0.069868736,0,1.0,-2.0921366,-1.4707042,0.02747655,0.2317824,0
16,414,-2.0921366,-1.4707042,0.02747655,0.2317824,1,1.0,-2.1215506,-1.2759855,0.032112196,-0.052108437,0
16,415,-2.1215506,-1.2759855,0.032112196,-0.052108437,1,1.0,-2.1470704,-1.0813383,0.031070028,-0.33448926,0
16,416,-2.1470704,-1.0813383,0.031070028,-0.33448926,0,1.0,-2.168697,-1.2768884,0.024380242,-0.032172617,0
16,417,-2.168697,-1.2768884,0.024380242,-0.032172617,0,1.0,-2.1942348,-1.4723513,0.02373679,0.26810172,0
16,418,-2.1942348,-1.4723513,0.02373679,0.26810172,1,1.0,-2.223682,-1.2775761,0.029098826,-0.017000942,0
16,419,-2.223682,-1.2775761,0.029098826,-0.017000942,1,1.0,-2.2492335,-1.0828832,0.028758805,-0.30036268,0
16,420,-2.2492335,-1.0828832,0.028758805,-0.30036268,0,1.0,-2.2708912,-1.278403,0.022751553,0.0012496761,0
16,421,-2.2708912,-1.278403,0.022751553,0.0012496761,0,1.0,-2.2964592,-1.4738438,0.022776546,0.30102327,0
16,422,-2.2964592,-1.4738438,0.022776546,0.30102327,1,1.0,-2.325936,-1.2790537,0.028797012,0.015609733,0
16,423,-2.325936,-1.2790537,0.028797012,0.015609733,1,1.0,-2.3515172,-1.0843563,0.029109206,-0.2678501,0
16,424,-2.3515172,-1.0843563,0.029109206,-0.2678501,0,1.0,-2.3732042,-1.2798814,0.023752203,0.033870082,0
16,425,-2.3732042,-1.2798814,0.023752203,0.033870082,1,1.0,-2.3988018,-1.0851079,0.024429606,-0.25122514,0
16,426,-2.3988018,-1.0851079,0.024429606,-0.25122514,0,1.0,-2.420504,-1.28057,0.019405102,0.049062144,1
17,0,0.041835174,0.032133188,0.047257937,0.009962173,1,1.0,0.04247784,0.22654666,0.04745718,-0.26744378,0
17,1,0.04247784,0.22654666,0.04745718,-0.26744378,1,1.0,0.04700877,0.4209603,0.04210831,-0.5447888,0
17,2,0.04700877,0.4209603,0.04210831,-0.5447888,0,1.0,0.05542798,0.22527274,0.031212531,-0.23914143,0
17,3,0.05542798,0.22527274,0.031212531,-0.23914143,0,1.0,0.059933435,0.029719135,0.026429703,0.06322111,0
17,4,0.059933435,0.029719135,0.026429703,0.06322111,1,1.0,0.060527816,0.22445238,0.027694125,-0.2210073,0
17,5,0.060527816,0.22445238,0.027694125,-0.2210073,0,1.0,0.065016866,0.028945738,0.023273978,0.08028123,0
17,6,0.065016866,0.028945738,0.023273978,0.08028123,1,1.0,0.065595776,0.22372645,0.024879603,-0.2049688,0
17,7,0.065595776,0.22372645,0.024879603,-0.2049688,0,1.0,0.07007031,0.028257713,0.020780228,0.095457435,0
17,8,0.07007031,0.028257713,0.020780228,0.095457435,1,1.0,0.07063546,0.22307576,0.022689376,-0.1905976,0
17,9,0.07063546,0.22307576,0.022689376,-0.1905976,0,1.0,0.07509698,0.027636688,0.018877424,0.109155655,0
17,10,0.07509698,0.027636688,0.018877424,0.109155655,1,1.0,0.07564971,0.22248311,0.021060538,-0.17751227,0
17,11,0.07564971,0.22248311,0.021060538,-0.17751227,0,1.0,0.080099374,0.027066201,0.017510291,0.12173943,0
17,12,0.080099374,0.027066201,0.017510291,0.12173943,1,1.0,0.080640696,0.22193296,0.019945081,-0.16536814,0
17,13,0.080640696,0.22193296,0.019945081,-0.16536814,0,1.0,0.08507936,0.026531264,0.016637718,0.13353957,0
17,14,0.08507936,0.026531264,0.016637718,0.13353957,1,1.0,0.08560998,0.22141099,0.01930851,-0.15384829,0
17,15,0.08560998,0.22141099,0.01930851,-0.15384829,0,1.0,0.0900382,0.026017973,0.016231544,0.14486295,0
17,16,0.0900382,0.026017973,0.016231544,0.14486295,1,1.0,0.09055856,0.22090375,0.019128803,-0.14265536,0
17,17,0.09055856,0.22090375,0.019128803,-0.14265536,0,1.0,0.094976634,0.025513148,0.016275695,0.15600047,0
17,18,0.094976634,0.025513148,0.016275695,0.15600047,1,1.0,0.0954869,0.22039834,0.019395705,-0.13150375,0
17,19,0.0954869,0.22039834,0.019395705,-0.13150375,0,1.0,0.09989487,0.025003992,0.01676563,0.16723461,0
17,20,0.09989487,0.025003992,0.01676563,0.16723461,1,1.0,0.10039495,0.219882,0.020110322,-0.12011245,0
17,21,0.10039495,0.219882,0.020110322,-0.12011245,0,1.0,0.10479259,0.024477774,0.017708072,0.17884666,0
17,22,0.10479259,0.024477774,0.017708072,0.17884666,1,1.0,0.10528214,0.2193419,0.021285007,-0.10819781,0
17,23,0.10528214,0.2193419,0.021285007,-0.10819781,0,1.0,0.10966898,0.023921505,0.01912105,0.19112371,0
17,24,0.10966898,0.023921505,0.01912105,0.19112371,1,1.0,0.11014741,0.21876477,0.022943525,-0.09546652,0
17,25,0.11014741,0.21876477,0.022943525,-0.09546652,0,1.0,0.1145227,0.02332162,0.021034194,0.20436585,0
17,26,0.1145227,0.02332162,0.021034194,0.20436585,1,1.0,0.11498914,0.21813655,0.02512151,-0.0816083,0
17,27,0.11498914,0.21813655,0.02512151,-0.0816083,1,1.0,0.11935187,0.41288954,0.023489345,-0.36626068,0
17,28,0.11935187,0.41288954,0.023489345,-0.36626068,0,1.0,0.12760966,0.21744181,0.016164131,-0.06626471,0
17,29,0.12760966,0.21744181,0.016164131,-0.06626471,0,1.0,0.1319585,0.022091884,0.014838837,0.23147394,0
17,30,0.1319585,0.022091884,0.014838837,0.23147394,1,1.0,0.13240033,0.2169987,0.019468317,-0.056491625,0
17,31,0.13240033,0.2169987,0.019468317,-0.056491625,0,1.0,0.13674031,0.021603087,0.018338483,0.24226956,0
17,32,0.13674031,0.021603087,0.018338483,0.24226956,1,1.0,0.13717237,0.21645835,0.023183875,-0.04457297,0
17,33,0.13717237,0.21645835,0.023183875,-0.04457297,1,1.0,0.14150153,0.4112403,0.022292415,-0.32985196,0
17,34,0.14150153,0.4112403,0.022292415,-0.32985196,0,1.0,0.14972635,0.21580824,0.015695376,-0.030223245,0
17,35,0.14972635,0.21580824,0.015695376,-0.030223245,0,1.0,0.15404251,0.020464763,0.015090912,0.26737013,0
17,36,0.15404251,0.020464763,0.015090912,0.26737013,1,1.0,0.1544518,0.21536812,0.020438313,-0.02051507,0
17,37,0.1544518,0.21536812,0.020438313,-0.02051507,1,1.0,0.15875916,0.4101911,0.020028012,-0.30668005,0
17,38,0.15875916,0.4101911,0.020028012,-0.30668005,0,1.0,0.16696298,0.21478957,0.013894412,-0.007748687,0
17,39,0.16696298,0.21478957,0.013894412,-0.007748687,0,1.0,0.17125878,0.019471133,0.013739438,0.2892855,0
17,40,0.17125878,0.019471133,0.013739438,0.2892855,1,1.0,0.1716482,0.2143945,0.019525148,0.0009673283,0
17,41,0.1716482,0.2143945,0.019525148,0.0009673283,1,1.0,0.17593609,0.40923107,0.019544495,-0.2854918,0
17,42,0.17593609,0.40923107,0.019544495,-0.2854918,0,1.0,0.18412071,0.2138359,0.013834659,0.013290691,0
17,43,0.18412071,0.2138359,0.013834659,0.013290691,0,1.0,0.18839742,0.018518304,0.014100472,0.3103063,0
17,44,0.18839742,0.018518304,0.014100472,0.3103063,1,1.0,0.18876779,0.21343654,0.020306598,0.022103408,0
17,45,0.18876779,0.21343654,0.020306598,0.022103408,1,1.0,0.19303653,0.40826148,0.020748667,-0.264104,0
17,46,0.19303653,0.40826148,0.020748667,-0.264104,0,1.0,0.20120175,0.21284962,0.015466587,0.035050362,0
17,47,0.20120175,0.21284962,0.015466587,0.035050362,1,1.0,0.20545875,0.4077464,0.016167594,-0.25271285,0
17,48,0.20545875,0.4077464,0.016167594,-0.25271285,0,1.0,0.21361367,0.21239737,0.011113337,0.04502547,0
17,49,0.21361367,0.21239737,0.011113337,0.04502547,0,1.0,0.21786162,0.017117834,0.012013846,0.34119394,0
17,50,0.21786162,0.017117834,0.012013846,0.34119394,1,1.0,0.21820398,0.21206681,0.018837726,0.05232356,0
17,51,0.21820398,0.21206681,0.018837726,0.05232356,1,1.0,0.22244532,0.40691367,0.019884197,-0.2343569,0
17,52,0.22244532,0.40691367,0.019884197,-0.2343569,0,1.0,0.2305836,0.21151333,0.015197058,0.06453123,0
17,53,0.2305836,0.21151333,0.015197058,0.06453123,1,1.0,0.23481385,0.40641412,0.016487684,-0.22331846,0
17,54,0.23481385,0.40641412,0.016487684,-0.22331846,0,1.0,0.24294214,0.21106046,0.012021314,0.07451939,0
17,55,0.24294214,0.21106046,0.012021314,0.07451939,1,1.0,0.24716336,0.40600803,0.0135117015,-0.21434665,0
17,56,0.24716336,0.40600803,0.0135117015,-0.21434665,0,1.0,0.2552835,0.21069553,0.009224769,0.08256766,0
17,57,0.2552835,0.21069553,0.009224769,0.08256766,0,1.0,0.25949743,0.0154425725,0.010876122,0.37814668,0
17,58,0.25949743,0.0154425725,0.010876122,0.37814668,1,1.0,0.25980628,0.21040839,0.018439056,0.08891278,0
17,59,0.25980628,0.21040839,0.018439056,0.08891278,1,1.0,0.26401445,0.40526125,0.02021731,-0.19789605,0
17,60,0.26401445,0.40526125,0.02021731,-0.19789605,0,1.0,0.27211967,0.20985605,0.01625939,0.10109533,0
17,61,0.27211967,0.20985605,0.01625939,0.10109533,1,1.0,0.2763168,0.40474126,0.018281298,-0.18641378,0
17,62,0.2763168,0.40474126,0.018281298,-0.18641378,0,1.0,0.2844116,0.20936257,0.014553022,0.11197967,0
17,63,0.2844116,0.20936257,0.014553022,0.11197967,1,1.0,0.28859887,0.404273,0.016792614,-0.17607658,0
17,64,0.28859887,0.404273,0.016792614,-0.17607658,0,1.0,0.29668432,0.2089148,0.013271083,0.121856205,0
17,65,0.29668432,0.2089148,0.013271083,0.121856205,1,1.0,0.3008626,0.40384412,0.015708208,-0.16661045,0
17,66,0.3008626,0.40384412,0.015708208,-0.16661045,0,1.0,0.3089395,0.20850089,0.012375998,0.13098627,0
17,67,0.3089395,0.20850089,0.012375998,0.13098627,1,1.0,0.31310952,0.4034434,0.014995724,-0.15776663,0
17,68,0.31310952,0.4034434,0.014995724,-0.15776663,0,1.0,0.32117838,0.20810999,0.011840391,0.13960911,0
17,69,0.32117838,0.20810999,0.011840391,0.13960911,1,1.0,0.3253406,0.40306038,0.014632573,-0.14931497,0
17,70,0.3253406,0.40306038,0.014632573,-0.14931497,0,1.0,0.3334018,0.20773198,0.011646274,0.14794807,0
17,71,0.3334018,0.20773198,0.011646274,0.14794807,1,1.0,0.33755642,0.40268523,0.014605235,-0.14103805,0
17,72,0.33755642,0.40268523,0.014605235,-0.14103805,0,1.0,0.34561014,0.20735718,0.011784474,0.15621656,0
17,73,0.34561014,0.20735718,0.011784474,0.15621656,1,1.0,0.34975728,0.40230843,0.0149088055,-0.13272546,0
17,74,0.34975728,0.40230843,0.0149088055,-0.13272546,0,1.0,0.35780346,0.20697615,0.012254296,0.16462345,0
17,75,0.35780346,0.20697615,0.012254296,0.16462345,1,1.0,0.36194298,0.40192056,0.015546765,-0.12416853,0
17,76,0.36194298,0.40192056,0.015546765,-0.12416853,0,1.0,0.36998138,0.20657936,0.013063394,0.17337841,0
17,77,0.36998138,0.20657936,0.013063394,0.17337841,1,1.0,0.37411296,0.40151194,0.016530963,-0.115154974,0
17,78,0.37411296,0.40151194,0.016530963,-0.115154974,0,1.0,0.3821432,0.20615706,0.014227863,0.18269716,0
17,79,0.3821432,0.20615706,0.014227863,0.18269716,1,1.0,0.38626635,0.40107256,0.017881807,-0.10546365,0
17,80,0.38626635,0.40107256,0.017881807,-0.10546365,1,1.0,0.3942878,0.59593374,0.015772533,-0.39245173,0
17,81,0.3942878,0.59593374,0.015772533,-0.39245173,0,1.0,0.4062065,0.40059158,0.007923499,-0.09483796,0
17,82,0.4062065,0.40059158,0.007923499,-0.09483796,0,1.0,0.4142183,0.20535696,0.0060267397,0.20033425,0
17,83,0.4142183,0.20535696,0.0060267397,0.20033425,1,1.0,0.41832545,0.4003922,0.010033425,-0.09044144,0
17,84,0.41832545,0.4003922,0.010033425,-0.09044144,0,1.0,0.42633328,0.20512788,0.008224595,0.20539007,0
17,85,0.42633328,0.20512788,0.008224595,0.20539007,1,1.0,0.43043584,0.40013126,0.0123323975,-0.0846871,0
17,86,0.43043584,0.40013126,0.0123323975,-0.0846871,0,1.0,0.43843848,0.20483471,0.010638655,0.21186106,0
17,87,0.43843848,0.20483471,0.010638655,0.21186106,1,1.0,0.44253516,0.39980295,0.014875876,-0.07744704,0
17,88,0.44253516,0.39980295,0.014875876,-0.07744704,1,1.0,0.4505312,0.5947085,0.0133269355,-0.36539972,0
17,89,0.4505312,0.5947085,0.0133269355,-0.36539972,0,1.0,0.4624254,0.39939976,0.0060189413,-0.068544544,0
17,90,0.4624254,0.39939976,0.0060189413,-0.068544544,0,1.0,0.4704134,0.20419203,0.0046480503,0.22603129,0
17,91,0.4704134,0.20419203,0.0046480503,0.22603129,1,1.0,0.47449723,0.39924723,0.009168676,-0.065181844,0
17,92,0.47449723,0.39924723,0.009168676,-0.065181844,0,1.0,0.48248217,0.20399503,0.00786504,0.23037969,0
17,93,0.48248217,0.20399503,0.00786504,0.23037969,1,1.0,0.48656207,0.3990037,0.012472633,-0.05981199,0
17,94,0.48656207,0.3990037,0.012472633,-0.05981199,1,1.0,0.49454215,0.59394467,0.011276393,-0.34853375,0
17,95,0.49454215,0.59394467,0.011276393,-0.34853375,0,1.0,0.506421,0.39866415,0.004305718,-0.052316442,0
17,96,0.506421,0.39866415,0.004305718,-0.052316442,0,1.0,0.51439434,0.20348072,0.0032593892,0.24172185,0
17,97,0.51439434,0.20348072,0.0032593892,0.24172185,1,1.0,0.51846397,0.39855596,0.0080938265,-0.04993119,0
17,98,0.51846397,0.39855596,0.0080938265,-0.04993119,1,1.0,0.5264351,0.59356093,0.007095203,-0.3400495,0
17,99,0.5264351,0.59356093,0.007095203,-0.3400495,0,1.0,0.5383063,0.39833874,0.00029421266,-0.045137618,0
17,100,0.5383063,0.39833874,0.00029421266,-0.045137618,0,1.0,0.54627305,0.20321257,-0.00060853973,0.24763812,0
17,101,0.54627305,0.20321257,-0.00060853973,0.24763812,1,1.0,0.5503373,0.3983432,0.0043442226,-0.04523669,0
17,102,0.5503373,0.3983432,0.0043442226,-0.04523669,0,1.0,0.5583042,0.20315923,0.0034394888,0.2488137,0
17,103,0.5583042,0.20315923,0.0034394888,0.2488137,1,1.0,0.5623674,0.3982319,0.008415763,-0.04278235,0
17,104,0.5623674,0.3982319,0.008415763,-0.04278235,1,1.0,0.570332,0.59323215,0.007560116,-0.33279818,0
17,105,0.570332,0.59323215,0.007560116,-0.33279818,0,1.0,0.58219665,0.39800343,0.0009041521,-0.0377408,0
17,106,0.58219665,0.39800343,0.0009041521,-0.0377408,0,1.0,0.59015673,0.20286852,0.00014933613,0.25522727,0
17,107,0.59015673,0.20286852,0.00014933613,0.25522727,1,1.0,0.5942141,0.39798835,0.005253881,-0.03740856,0
17,108,0.5942141,0.39798835,0.005253881,-0.03740856,1,1.0,0.60217386,0.59303457,0.00450571,-0.32842922,0
17,109,0.60217386,0.59303457,0.00450571,-0.32842922,0,1.0,0.61403453,0.39784876,-0.0020628741,-0.034328807,0
17,110,0.61403453,0.39784876,-0.0020628741,-0.034328807,0,1.0,0.6219915,0.20275643,-0.0027494503,0.25770256,0
17,111,0.6219915,0.20275643,-0.0027494503,0.25770256,1,1.0,0.62604666,0.39791754,0.0024046006,-0.035846327,0
17,112,0.62604666,0.39791754,0.0024046006,-0.035846327,1,1.0,0.634005,0.59300494,0.0016876742,-0.3277696,0
17,113,0.634005,0.59300494,0.0016876742,-0.3277696,0,1.0,0.6458651,0.39785898,-0.004867718,-0.03455494,0
17,114,0.6458651,0.39785898,-0.004867718,-0.03455494,0,1.0,0.65382224,0.20280717,-0.0055588167,0.2565882,0
17,115,0.65382224,0.20280717,-0.0055588167,0.2565882,1,1.0,0.6578784,0.39800805,-0.0004270527,-0.037842866,0
17,116,0.6578784,0.39800805,-0.0004270527,-0.037842866,1,1.0,0.6658386,0.59313613,-0.0011839101,-0.3306605,0
17,117,0.6658386,0.59313613,-0.0011839101,-0.3306605,0,1.0,0.6777013,0.39803106,-0.00779712,-0.03835116,0
17,118,0.6777013,0.39803106,-0.00779712,-0.03835116,0,1.0,0.6856619,0.20302176,-0.008564143,0.25186154,0
17,119,0.6856619,0.20302176,-0.008564143,0.25186154,1,1.0,0.68972236,0.39826494,-0.0035269125,-0.043510336,0
17,120,0.68972236,0.39826494,-0.0035269125,-0.043510336,0,1.0,0.6976876,0.20319375,-0.0043971194,0.24805774,0
17,121,0.6976876,0.20319375,-0.0043971194,0.24805774,1,1.0,0.70175153,0.39837822,0.0005640355,-0.046008892,0
17,122,0.70175153,0.39837822,0.0005640355,-0.046008892,1,1.0,0.70971906,0.5934921,-0.00035614238,-0.33851382,0
17,123,0.70971906,0.5934921,-0.00035614238,-0.33851382,0,1.0,0.7215889,0.3983752,-0.0071264184,-0.045943208,0
17,124,0.7215889,0.3983752,-0.0071264184,-0.045943208,0,1.0,0.72955644,0.20335616,-0.008045283,0.24448277,0
17,125,0.72955644,0.20335616,-0.008045283,0.24448277,1,1.0,0.73362356,0.39859208,-0.0031556273,-0.050726935,0
17,126,0.73362356,0.39859208,-0.0031556273,-0.050726935,1,1.0,0.7415954,0.5937592,-0.004170166,-0.3444038,0
17,127,0.7415954,0.5937592,-0.004170166,-0.3444038,0,1.0,0.7534706,0.39869678,-0.011058242,-0.053038817,0
17,128,0.7534706,0.39869678,-0.011058242,-0.053038817,0,1.0,0.7614445,0.20373511,-0.0121190185,0.23613474,0
17,129,0.7614445,0.20373511,-0.0121190185,0.23613474,1,1.0,0.7655192,0.3990281,-0.0073963236,-0.060346127,0
17,130,0.7655192,0.3990281,-0.0073963236,-0.060346127,0,1.0,0.7734998,0.20401298,-0.008603246,0.22999406,0
17,131,0.7734998,0.20401298,-0.008603246,0.22999406,1,1.0,0.77758,0.3992568,-0.004003365,-0.06539016,0
17,132,0.77758,0.3992568,-0.004003365,-0.06539016,1,1.0,0.7855652,0.59443593,-0.0053111683,-0.3593335,0
17,133,0.7855652,0.59443593,-0.0053111683,-0.3593335,0,1.0,0.7974539,0.39938986,-0.012497839,-0.06833001,0
17,134,0.7974539,0.39938986,-0.012497839,-0.06833001,0,1.0,0.8054417,0.20444931,-0.013864438,0.22038372,0
17,135,0.8054417,0.20444931,-0.013864438,0.22038372,1,1.0,0.8095307,0.39976665,-0.009456764,-0.07664017,0
17,136,0.8095307,0.39976665,-0.009456764,-0.07664017,0,1.0,0.817526,0.20478155,-0.010989567,0.21304418,0
17,137,0.817526,0.20478155,-0.010989567,0.21304418,1,1.0,0.82162166,0.4000589,-0.0067286836,-0.083085,0
17,138,0.82162166,0.4000589,-0.0067286836,-0.083085,1,1.0,0.8296228,0.59527665,-0.008390384,-0.37788323,0
17,139,0.8296228,0.59527665,-0.008390384,-0.37788323,0,1.0,0.84152836,0.40027484,-0.015948048,-0.087857574,0
17,140,0.84152836,0.40027484,-0.015948048,-0.087857574,0,1.0,0.84953386,0.20538507,-0.0177052,0.19975136,0
17,141,0.84953386,0.20538507,-0.0177052,0.19975136,1,1.0,0.85364157,0.40075573,-0.013710173,-0.09846373,0
17,142,0.85364157,0.40075573,-0.013710173,-0.09846373,0,1.0,0.86165667,0.20583293,-0.015679447,0.18986233,0
17,143,0.86165667,0.20583293,-0.015679447,0.18986233,1,1.0,0.8657733,0.40117565,-0.011882201,-0.10772529,0
17,144,0.8657733,0.40117565,-0.011882201,-0.10772529,0,1.0,0.8737968,0.20622596,-0.014036707,0.18118529,0
17,145,0.8737968,0.20622596,-0.014036707,0.18118529,1,1.0,0.87792134,0.40154594,-0.010413,-0.11589245,0
17,146,0.87792134,0.40154594,-0.010413,-0.11589245,1,1.0,0.8859523,0.5968155,-0.012730849,-0.41184232,0
17,147,0.8859523,0.5968155,-0.012730849,-0.41184232,0,1.0,0.8978886,0.40187633,-0.020967696,-0.12320001,0
17,148,0.8978886,0.40187633,-0.020967696,-0.12320001,0,1.0,0.9059261,0.20706096,-0.023431696,0.16279477,0
17,149,0.9059261,0.20706096,-0.023431696,0.16279477,1,1.0,0.9100673,0.40251037,-0.0201758,-0.13718717,0
17,150,0.9100673,0.40251037,-0.0201758,-0.13718717,0,1.0,0.9181175,0.20768313,-0.022919543,0.14906295,0
17,151,0.9181175,0.20768313,-0.022919543,0.14906295,1,1.0,0.9222712,0.40312564,-0.019938285,-0.1507616,0
17,152,0.9222712,0.40312564,-0.019938285,-0.1507616,0,1.0,0.93033373,0.2082948,-0.022953516,0.13556513,0
17,153,0.93033373,0.2082948,-0.022953516,0.13556513,1,1.0,0.9344996,0.40373787,-0.020242214,-0.16427,0
17,154,0.9344996,0.40373787,-0.020242214,-0.16427,0,1.0,0.9425744,0.20891145,-0.023527615,0.121958956,0
17,155,0.9425744,0.20891145,-0.023527615,0.121958956,1,1.0,0.9467526,0.40436244,-0.021088434,-0.17805287,0
17,156,0.9467526,0.40436244,-0.021088434,-0.17805287,0,1.0,0.9548398,0.20954853,-0.024649493,0.10790348,0
17,157,0.9548398,0.20954853,-0.024649493,0.10790348,1,1.0,0.9590308,0.40501487,-0.022491423,-0.19245319,0
17,158,0.9590308,0.40501487,-0.022491423,-0.19245319,0,1.0,0.96713114,0.21022178,-0.026340486,0.093050644,0
17,159,0.96713114,0.21022178,-0.026340486,0.093050644,1,1.0,0.97133553,0.40571117,-0.024479473,-0.20782493,0
17,160,0.97133553,0.40571117,-0.024479473,-0.20782493,0,1.0,0.97944975,0.21094766,-0.028635973,0.07703656,0
17,161,0.97944975,0.21094766,-0.028635973,0.07703656,1,1.0,0.98366874,0.40646818,-0.027095241,-0.2245418,0
17,162,0.98366874,0.40646818,-0.027095241,-0.2245418,0,1.0,0.9917981,0.21174374,-0.031586077,0.059472613,0
17,163,0.9917981,0.21174374,-0.031586077,0.059472613,1,1.0,0.99603295,0.407304,-0.030396625,-0.24300621,0
17,164,0.99603295,0.407304,-0.030396625,-0.24300621,0,1.0,1.004179,0.21262912,-0.03525675,0.039935976,0
17,165,1.004179,0.21262912,-0.03525675,0.039935976,1,1.0,1.0084317,0.40823844,-0.03445803,-0.263659,0
17,166,1.0084317,0.40823844,-0.03445803,-0.263659,0,1.0,1.0165964,0.21362485,-0.03973121,0.017959446,0
17,167,1.0165964,0.21362485,-0.03973121,0.017959446,0,1.0,1.0208689,0.019094544,-0.03937202,0.2978467,0
17,168,1.0208689,0.019094544,-0.03937202,0.2978467,1,1.0,1.0212507,0.21475497,-0.033415087,-0.0069888667,0
17,169,1.0212507,0.21475497,-0.033415087,-0.0069888667,1,1.0,1.0255458,0.4103398,-0.033554863,-0.31002456,0
17,170,1.0255458,0.4103398,-0.033554863,-0.31002456,0,1.0,1.0337527,0.21571161,-0.039755356,-0.028109875,0
17,171,1.0337527,0.21571161,-0.039755356,-0.028109875,0,1.0,1.0380669,0.021181665,-0.040317554,0.25176948,0
17,172,1.0380669,0.021181665,-0.040317554,0.25176948,1,1.0,1.0384905,0.21685545,-0.03528216,-0.053352814,0
17,173,1.0384905,0.21685545,-0.03528216,-0.053352814,1,1.0,1.0428276,0.41246507,-0.03634922,-0.35695544,0
17,174,1.0428276,0.41246507,-0.03634922,-0.35695544,0,1.0,1.051077,0.21787825,-0.043488327,-0.07595233,0
17,175,1.051077,0.21787825,-0.043488327,-0.07595233,0,1.0,1.0554345,0.023405846,-0.045007374,0.20269893,0
17,176,1.0554345,0.023405846,-0.045007374,0.20269893,1,1.0,1.0559026,0.2191416,-0.040953398,-0.10383508,0
17,177,1.0559026,0.2191416,-0.040953398,-0.10383508,0,1.0,1.0602854,0.024629753,-0.043030098,0.17565112,0
17,178,1.0602854,0.024629753,-0.043030098,0.17565112,1,1.0,1.060778,0.22034027,-0.039517075,-0.13028985,0
17,179,1.060778,0.22034027,-0.039517075,-0.13028985,0,1.0,1.0651848,0.025806017,-0.04212287,0.14966871,0
17,180,1.0651848,0.025806017,-0.04212287,0.14966871,1,1.0,1.065701,0.22150505,-0.0391295,-0.1559999,0
17,181,1.065701,0.22150505,-0.0391295,-0.1559999,0,1.0,1.0701311,0.02696455,-0.042249497,0.12408633,0
17,182,1.0701311,0.02696455,-0.042249497,0.12408633,1,1.0,1.0706704,0.22266552,-0.03976777,-0.18162082,0
17,183,1.0706704,0.22266552,-0.03976777,-0.18162082,0,1.0,1.0751237,0.028134516,-0.043400187,0.098256335,0
17,184,1.0751237,0.028134516,-0.043400187,0.098256335,1,1.0,1.0756863,0.22385074,-0.04143506,-0.20779721,0
17,185,1.0756863,0.22385074,-0.04143506,-0.20779721,0,1.0,1.0801634,0.029345026,-0.045591004,0.071532525,0
17,186,1.0801634,0.029345026,-0.045591004,0.071532525,1,1.0,1.0807503,0.22508994,-0.04416035,-0.23517886,0
17,187,1.0807503,0.22508994,-0.04416035,-0.23517886,0,1.0,1.085252,0.030625833,-0.04886393,0.04325399,0
17,188,1.085252,0.030625833,-0.04886393,0.04325399,1,1.0,1.0858647,0.22641319,-0.04799885,-0.26443678,0
17,189,1.0858647,0.22641319,-0.04799885,-0.26443678,0,1.0,1.0903928,0.032008022,-0.053287584,0.012728874,0
17,190,1.0903928,0.032008022,-0.053287584,0.012728874,0,1.0,1.091033,-0.16231082,-0.05303301,0.28813428,0
17,191,1.091033,-0.16231082,-0.05303301,0.28813428,1,1.0,1.0877868,0.033525713,-0.047270324,-0.02079194,0
17,192,1.0877868,0.033525713,-0.047270324,-0.02079194,0,1.0,1.0884573,-0.16088758,-0.047686163,0.25660995,0
17,193,1.0884573,-0.16088758,-0.047686163,0.25660995,1,1.0,1.0852395,0.034881614,-0.04255396,-0.050724443,0
17,194,1.0852395,0.034881614,-0.04255396,-0.050724443,1,1.0,1.0859373,0.2305871,-0.04356845,-0.356524,0
17,195,1.0859373,0.2305871,-0.04356845,-0.356524,0,1.0,1.090549,0.03611078,-0.050698932,-0.077891424,0
17,196,1.090549,0.03611078,-0.050698932,-0.077891424,0,1.0,1.0912712,-0.1582491,-0.05225676,0.19837469,0
17,197,1.0912712,-0.1582491,-0.05225676,0.19837469,1,1.0,1.0881062,0.03757983,-0.048289265,-0.11032422,0
17,198,1.0881062,0.03757983,-0.048289265,-0.11032422,0,1.0,1.0888578,-0.15681809,-0.05049575,0.16674122,0
17,199,1.0888578,-0.15681809,-0.05049575,0.16674122,1,1.0,1.0857214,0.038988948,-0.047160927,-0.1414344,0
17,200,1.0857214,0.038988948,-0.047160927,-0.1414344,0,1.0,1.0865012,-0.15542695,-0.049989615,0.13600503,0
17,201,1.0865012,-0.15542695,-0.049989615,0.13600503,1,1.0,1.0833926,0.04037405,-0.047269512,-0.1720204,0
17,202,1.0833926,0.04037405,-0.047269512,-0.1720204,0,1.0,1.0842001,-0.15404059,-0.050709922,0.10538376,0
17,203,1.0842001,-0.15404059,-0.050709922,0.10538376,1,1.0,1.0811193,0.041770004,-0.048602246,-0.2028569,0
17,204,1.0811193,0.041770004,-0.048602246,-0.2028569,0,1.0,1.0819547,-0.1526244,-0.052659385,0.07410693,0
17,205,1.0819547,-0.1526244,-0.052659385,0.07410693,0,1.0,1.0789022,-0.34695342,-0.051177245,0.3497217,0
17,206,1.0789022,-0.34695342,-0.051177245,0.3497217,1,1.0,1.0719632,-0.15114239,-0.04418281,0.041350164,0
17,207,1.0719632,-0.15114239,-0.04418281,0.041350164,1,1.0,1.0689403,0.04458437,-0.043355808,-0.26493898,0
17,208,1.0689403,0.04458437,-0.043355808,-0.26493898,0,1.0,1.069832,-0.1498928,-0.04865459,0.013760042,0
17,209,1.069832,-0.1498928,-0.04865459,0.013760042,1,1.0,1.0668342,0.045891926,-0.048379388,-0.29386833,0
17,210,1.0668342,0.045891926,-0.048379388,-0.29386833,0,1.0,1.067752,-0.14850809,-0.054256756,-0.016827492,0
17,211,1.067752,-0.14850809,-0.054256756,-0.016827492,0,1.0,1.0647818,-0.34281164,-0.054593302,0.2582553,0
17,212,1.0647818,-0.34281164,-0.054593302,0.2582553,1,1.0,1.0579256,-0.14695452,-0.0494282,-0.051135153,0
17,213,1.0579256,-0.14695452,-0.0494282,-0.051135153,0,1.0,1.0549865,-0.34133416,-0.050450902,0.22555223,0
17,214,1.0549865,-0.34133416,-0.050450902,0.22555223,1,1.0,1.0481598,-0.14552884,-0.045939855,-0.08260832,0
17,215,1.0481598,-0.14552884,-0.045939855,-0.08260832,0,1.0,1.0452492,-0.33996317,-0.04759202,0.19523391,0
17,216,1.0452492,-0.33996317,-0.04759202,0.19523391,1,1.0,1.03845,-0.1441939,-0.043687344,-0.11207427,0
17,217,1.03845,-0.1441939,-0.043687344,-0.11207427,0,1.0,1.0355661,-0.3386635,-0.045928832,0.1665118,0
17,218,1.0355661,-0.3386635,-0.045928832,0.1665118,1,1.0,1.0287929,-0.14291522,-0.042598594,-0.1402993,0
17,219,1.0287929,-0.14291522,-0.042598594,-0.1402993,0,1.0,1.0259346,-0.337402,-0.04540458,0.138646,0
17,220,1.0259346,-0.337402,-0.04540458,0.138646,1,1.0,1.0191865,-0.14166012,-0.04263166,-0.16800855,0
17,221,1.0191865,-0.14166012,-0.04263166,-0.16800855,0,1.0,1.0163532,-0.33614674,-0.04599183,0.1109264,0
17,222,1.0163532,-0.33614674,-0.04599183,0.1109264,1,1.0,1.0096303,-0.14039697,-0.043773305,-0.19590461,0
17,223,1.0096303,-0.14039697,-0.043773305,-0.19590461,0,1.0,1.0068225,-0.33486634,-0.047691394,0.082654774,0
17,224,1.0068225,-0.33486634,-0.047691394,0.082654774,1,1.0,1.000125,-0.13909432,-0.0460383,-0.2246853,0
17,225,1.000125,-0.13909432,-0.0460383,-0.2246853,0,1.0,0.9973432,-0.33352908,-0.050532006,0.053127337,0
17,226,0.9973432,-0.33352908,-0.050532006,0.053127337,0,1.0,0.99067265,-0.5278914,-0.04946946,0.3294486,0
17,227,0.99067265,-0.5278914,-0.04946946,0.3294486,1,1.0,0.9801148,-0.33210143,-0.042880487,0.021584814,0
17,228,0.9801148,-0.33210143,-0.042880487,0.021584814,1,1.0,0.9734728,-0.1363916,-0.04244879,-0.28431308,0
17,229,0.9734728,-0.1363916,-0.04244879,-0.28431308,0,1.0,0.97074497,-0.33088323,-0.048135053,-0.005314643,0
17,230,0.97074497,-0.33088323,-0.048135053,-0.005314643,0,1.0,0.9641273,-0.525283,-0.048241343,0.271801,0
17,231,0.9641273,-0.525283,-0.048241343,0.271801,1,1.0,0.9536216,-0.32950705,-0.042805325,-0.03569872,0
17,232,0.9536216,-0.32950705,-0.042805325,-0.03569872,1,1.0,0.9470315,-0.13379823,-0.0435193,-0.34157395,0
17,233,0.9470315,-0.13379823,-0.0435193,-0.34157395,0,1.0,0.9443555,-0.32827485,-0.050350778,-0.06292585,0
17,234,0.9443555,-0.32827485,-0.050350778,-0.06292585,0,1.0,0.93779004,-0.5226401,-0.051609296,0.21345563,0
17,235,0.93779004,-0.5226401,-0.051609296,0.21345563,1,1.0,0.9273372,-0.32681972,-0.047340184,-0.09505022,0
17,236,0.9273372,-0.32681972,-0.047340184,-0.09505022,0,1.0,0.9208008,-0.5212323,-0.04924119,0.18232915,0
17,237,0.9208008,-0.5212323,-0.04924119,0.18232915,1,1.0,0.9103762,-0.32544163,-0.045594603,-0.12547198,0
17,238,0.9103762,-0.32544163,-0.045594603,-0.12547198,0,1.0,0.90386736,-0.5198817,-0.048104044,0.15248491,0
17,239,0.90386736,-0.5198817,-0.048104044,0.15248491,1,1.0,0.8934697,-0.32410517,-0.045054346,-0.15497737,0
17,240,0.8934697,-0.32410517,-0.045054346,-0.15497737,0,1.0,0.8869876,-0.51855403,-0.048153892,0.12315847,0
17,241,0.8869876,-0.51855403,-0.048153892,0.12315847,1,1.0,0.87661654,-0.32277647,-0.045690723,-0.18431926,0
17,242,0.87661654,-0.32277647,-0.045690723,-0.18431926,0,1.0,0.870161,-0.5172159,-0.04937711,0.09360709,0
17,243,0.870161,-0.5172159,-0.04937711,0.09360709,1,1.0,0.8598167,-0.32142228,-0.04750497,-0.21423636,0
17,244,0.8598167,-0.32142228,-0.04750497,-0.21423636,0,1.0,0.85338825,-0.51583403,-0.051789694,0.06309105,0
17,245,0.85338825,-0.51583403,-0.051789694,0.06309105,0,1.0,0.8430715,-0.71017665,-0.050527874,0.33899477,0
17,246,0.8430715,-0.71017665,-0.050527874,0.33899477,1,1.0,0.82886803,-0.5143735,-0.043747976,0.030816013,0
17,247,0.82886803,-0.5143735,-0.043747976,0.030816013,1,1.0,0.81858057,-0.31865236,-0.043131657,-0.27534258,0
17,248,0.81858057,-0.31865236,-0.043131657,-0.27534258,0,1.0,0.8122075,-0.5131332,-0.048638508,0.0034306464,0
17,249,0.8122075,-0.5131332,-0.048638508,0.0034306464,0,1.0,0.80194485,-0.70752513,-0.048569895,0.28037953,0
17,250,0.80194485,-0.70752513,-0.048569895,0.28037953,1,1.0,0.78779435,-0.5117452,-0.042962305,-0.027217962,0
17,251,0.78779435,-0.5117452,-0.042962305,-0.027217962,0,1.0,0.7775594,-0.7062255,-0.043506663,0.25160635,0
17,252,0.7775594,-0.7062255,-0.043506663,0.25160635,1,1.0,0.7634349,-0.5105102,-0.038474537,-0.054475788,0
17,253,0.7634349,-0.5105102,-0.038474537,-0.054475788,0,1.0,0.75322473,-0.70505995,-0.039564054,0.22582416,0
17,254,0.75322473,-0.70505995,-0.039564054,0.22582416,1,1.0,0.7391235,-0.50939554,-0.035047572,-0.07907155,0
17,255,0.7391235,-0.50939554,-0.035047572,-0.07907155,0,1.0,0.7289356,-0.703998,-0.036629003,0.202351,0
17,256,0.7289356,-0.703998,-0.036629003,0.202351,1,1.0,0.7148556,-0.5083719,-0.03258198,-0.10165789,0
17,257,0.7148556,-0.5083719,-0.03258198,-0.10165789,0,1.0,0.7046882,-0.7030121,-0.03461514,0.18057008,0
17,258,0.7046882,-0.7030121,-0.03461514,0.18057008,1,1.0,0.69062793,-0.5074124,-0.031003738,-0.122828595,0
17,259,0.69062793,-0.5074124,-0.031003738,-0.122828595,0,1.0,0.6804797,-0.70207673,-0.033460308,0.15991399,0
17,260,0.6804797,-0.70207673,-0.033460308,0.15991399,1,1.0,0.66643816,-0.50649214,-0.030262029,-0.1431342,0
17,261,0.66643816,-0.50649214,-0.030262029,-0.1431342,0,1.0,0.65630835,-0.7011679,-0.033124715,0.13985008,0
17,262,0.65630835,-0.7011679,-0.033124715,0.13985008,1,1.0,0.642285,-0.5055876,-0.030327711,-0.16309637,0
17,263,0.642285,-0.5055876,-0.030327711,-0.16309637,0,1.0,0.63217324,-0.70026255,-0.03358964,0.11986682,0
17,264,0.63217324,-0.70026255,-0.03358964,0.11986682,1,1.0,0.618168,-0.5046758,-0.031192303,-0.18322124,0
17,265,0.618168,-0.5046758,-0.031192303,-0.18322124,0,1.0,0.6080745,-0.6993379,-0.03485673,0.099460766,0
17,266,0.6080745,-0.6993379,-0.03485673,0.099460766,1,1.0,0.5940877,-0.5037342,-0.032867514,-0.2040124,0
17,267,0.5940877,-0.5037342,-0.032867514,-0.2040124,0,1.0,0.58401304,-0.69837105,-0.03694776,0.07812393,0
17,268,0.58401304,-0.69837105,-0.03694776,0.07812393,1,1.0,0.5700456,-0.5027394,-0.03538528,-0.22598337,0
17,269,0.5700456,-0.5027394,-0.03538528,-0.22598337,0,1.0,0.5599908,-0.6973383,-0.03990495,0.055331063,0
17,270,0.5599908,-0.6973383,-0.03990495,0.055331063,1,1.0,0.54604405,-0.50166756,-0.03879833,-0.24967033,0
17,271,0.54604405,-0.50166756,-0.03879833,-0.24967033,0,1.0,0.5360107,-0.69621456,-0.043791734,0.03052676,0
17,272,0.5360107,-0.69621456,-0.043791734,0.03052676,0,1.0,0.5220864,-0.89068204,-0.0431812,0.30907768,0
17,273,0.5220864,-0.89068204,-0.0431812,0.30907768,1,1.0,0.50427276,-0.69497234,-0.036999647,0.0030953682,0
17,274,0.50427276,-0.69497234,-0.036999647,0.0030953682,0,1.0,0.4903733,-0.88954467,-0.03693774,0.28387868,0
17,275,0.4903733,-0.88954467,-0.03693774,0.28387868,1,1.0,0.47258243,-0.69391584,-0.031260163,-0.020221548,0
17,276,0.47258243,-0.69391584,-0.031260163,-0.020221548,0,1.0,0.4587041,-0.88857585,-0.031664595,0.26243684,0
17,277,0.4587041,-0.88857585,-0.031664595,0.26243684,1,1.0,0.44093257,-0.6930166,-0.026415858,-0.04006289,0
17,278,0.44093257,-0.6930166,-0.026415858,-0.04006289,0,1.0,0.42707226,-0.88774997,-0.027217116,0.24416992,0
17,279,0.42707226,-0.88774997,-0.027217116,0.24416992,1,1.0,0.40931726,-0.6922501,-0.022333717,-0.056972183,0
17,280,0.40931726,-0.6922501,-0.022333717,-0.056972183,1,1.0,0.39547226,-0.49681512,-0.02347316,-0.35661706,0
17,281,0.39547226,-0.49681512,-0.02347316,-0.35661706,0,1.0,0.38553596,-0.6915956,-0.030605502,-0.07142727,0
17,282,0.38553596,-0.6915956,-0.030605502,-0.07142727,0,1.0,0.37170404,-0.8862657,-0.032034047,0.21144453,0
17,283,0.37170404,-0.8862657,-0.032034047,0.21144453,1,1.0,0.35397872,-0.69070077,-0.027805157,-0.09116883,0
17,284,0.35397872,-0.69070077,-0.027805157,-0.09116883,0,1.0,0.34016472,-0.88541335,-0.029628534,0.19261351,0
17,285,0.34016472,-0.88541335,-0.029628534,0.19261351,1,1.0,0.32245645,-0.6898804,-0.025776263,-0.10926676,0
17,286,0.32245645,-0.6898804,-0.025776263,-0.10926676,0,1.0,0.30865884,-0.88462365,-0.027961599,0.17517374,0
17,287,0.30865884,-0.88462365,-0.027961599,0.17517374,1,1.0,0.29096636,-0.6891129,-0.024458123,-0.12619735,0
17,288,0.29096636,-0.6891129,-0.024458123,-0.12619735,0,1.0,0.2771841,-0.8838761,-0.02698207,0.15867007,0
17,289,0.2771841,-0.8838761,-0.02698207,0.15867007,1,1.0,0.25950658,-0.68837845,-0.02380867,-0.14240144,0
17,290,0.25950658,-0.68837845,-0.02380867,-0.14240144,0,1.0,0.24573901,-0.8831515,-0.026656698,0.1426762,0
17,291,0.24573901,-0.8831515,-0.026656698,0.1426762,1,1.0,0.22807598,-0.6876581,-0.023803174,-0.15829581,0
17,292,0.22807598,-0.6876581,-0.023803174,-0.15829581,0,1.0,0.21432282,-0.8824313,-0.02696909,0.12678377,0
17,293,0.21432282,-0.8824313,-0.02696909,0.12678377,1,1.0,0.1966742,-0.6869336,-0.024433415,-0.17428412,0
17,294,0.1966742,-0.6869336,-0.024433415,-0.17428412,0,1.0,0.18293552,-0.8816975,-0.027919097,0.11059182,0
17,295,0.18293552,-0.8816975,-0.027919097,0.11059182,1,1.0,0.16530158,-0.6861868,-0.02570726,-0.19076703,0
17,296,0.16530158,-0.6861868,-0.02570726,-0.19076703,0,1.0,0.15157783,-0.88093174,-0.029522602,0.09369675,0
17,297,0.15157783,-0.88093174,-0.029522602,0.09369675,1,1.0,0.1339592,-0.68539935,-0.027648667,-0.2081524,0
17,298,0.1339592,-0.68539935,-0.027648667,-0.2081524,0,1.0,0.120251216,-0.8801153,-0.031811714,0.07568216,0
17,299,0.120251216,-0.8801153,-0.031811714,0.07568216,1,1.0,0.10264891,-0.6845521,-0.030298071,-0.2268653,0
17,300,0.10264891,-0.6845521,-0.030298071,-0.2268653,0,1.0,0.08895787,-0.87922823,-0.034835376,0.056108616,0
17,301,0.08895787,-0.87922823,-0.034835376,0.056108616,1,1.0,0.071373306,-0.68362457,-0.033713203,-0.24735841,0
17,302,0.071373306,-0.68362457,-0.033713203,-0.24735841,0,1.0,0.057700813,-0.87824917,-0.038660374,0.034502875,0
17,303,0.057700813,-0.87824917,-0.038660374,0.034502875,0,1.0,0.040135827,-1.072796,-0.037970316,0.31474176,0
17,304,0.040135827,-1.072796,-0.037970316,0.31474176,1,1.0,0.018679908,-0.87715435,-0.03167548,0.010330172,0
17,305,0.018679908,-0.87715435,-0.03167548,0.010330172,1,1.0,0.0011368206,-0.68159276,-0.031468876,-0.29217607,0
17,306,0.0011368206,-0.68159276,-0.031468876,-0.29217607,0,1.0,-0.012495035,-0.87625223,-0.0373124,-0.00958176,0
17,307,-0.012495035,-0.87625223,-0.0373124,-0.00958176,0,1.0,-0.03002008,-1.0708197,-0.037504032,0.2710991,0
17,308,-0.03002008,-1.0708197,-0.037504032,0.2710991,1,1.0,-0.051436476,-0.8751833,-0.03208205,-0.033172898,0
17,309,-0.051436476,-0.8751833,-0.03208205,-0.033172898,0,1.0,-0.06894014,-1.0698308,-0.03274551,0.24921767,0
17,310,-0.06894014,-1.0698308,-0.03274551,0.24921767,1,1.0,-0.090336755,-0.8742569,-0.027761156,-0.05361139,0
17,311,-0.090336755,-0.8742569,-0.027761156,-0.05361139,0,1.0,-0.1078219,-1.0689701,-0.028833384,0.23018502,0
17,312,-0.1078219,-1.0689701,-0.028833384,0.23018502,1,1.0,-0.1292013,-0.8734482,-0.024229683,-0.0714517,0
17,313,-0.1292013,-0.8734482,-0.024229683,-0.0714517,0,1.0,-0.14667025,-1.0682145,-0.025658717,0.21348925,0
17,314,-0.14667025,-1.0682145,-0.025658717,0.21348925,1,1.0,-0.16803455,-0.8727353,-0.021388933,-0.08717589,0
17,315,-0.16803455,-0.8727353,-0.021388933,-0.08717589,0,1.0,-0.18548925,-1.0675442,-0.02313245,0.1986828,0
17,316,-0.18548925,-1.0675442,-0.02313245,0.1986828,1,1.0,-0.20684014,-0.8720992,-0.019158794,-0.10120666,0
17,317,-0.20684014,-0.8720992,-0.019158794,-0.10120666,0,1.0,-0.22428213,-1.0669414,-0.021182928,0.18537068,0
17,318,-0.22428213,-1.0669414,-0.021182928,0.18537068,1,1.0,-0.24562095,-0.8715229,-0.017475514,-0.11391867,0
17,319,-0.24562095,-0.8715229,-0.017475514,-0.11391867,0,1.0,-0.26305142,-1.0663902,-0.019753886,0.17320003,0
17,320,-0.26305142,-1.0663902,-0.019753886,0.17320003,1,1.0,-0.2843792,-0.8709911,-0.016289886,-0.12564859,0
17,321,-0.2843792,-0.8709911,-0.016289886,-0.12564859,0,1.0,-0.30179903,-1.0658759,-0.018802859,0.16185087,0
17,322,-0.30179903,-1.0658759,-0.018802859,0.16185087,1,1.0,-0.32311654,-0.87048995,-0.0155658405,-0.13670406,0
17,323,-0.32311654,-0.87048995,-0.0155658405,-0.13670406,0,1.0,-0.34052634,-1.0653855,-0.018299922,0.15102772,0
17,324,-0.34052634,-1.0653855,-0.018299922,0.15102772,1,1.0,-0.36183405,-0.8700064,-0.015279368,-0.1473718,0
17,325,-0.36183405,-0.8700064,-0.015279368,-0.1473718,0,1.0,-0.3792342,-1.0649062,-0.018226802,0.1404519,0
17,326,-0.3792342,-1.0649062,-0.018226802,0.1404519,1,1.0,-0.4005323,-0.869528,-0.015417766,-0.1579251,0
17,327,-0.4005323,-0.869528,-0.015417766,-0.1579251,0,1.0,-0.41792288,-1.0644258,-0.018576268,0.1298543,0
17,328,-0.41792288,-1.0644258,-0.018576268,0.1298543,1,1.0,-0.4392114,-0.8690428,-0.015979182,-0.16863084,0
17,329,-0.4392114,-0.8690428,-0.015979182,-0.16863084,0,1.0,-0.45659226,-1.0639324,-0.019351797,0.118968606,0
17,330,-0.45659226,-1.0639324,-0.019351797,0.118968606,1,1.0,-0.4778709,-0.8685387,-0.016972426,-0.17975628,0
17,331,-0.4778709,-0.8685387,-0.016972426,-0.17975628,0,1.0,-0.49524167,-1.0634136,-0.020567551,0.107524484,0
17,332,-0.49524167,-1.0634136,-0.020567551,0.107524484,1,1.0,-0.51650995,-0.86800313,-0.018417062,-0.19157578,0
17,333,-0.51650995,-0.86800313,-0.018417062,-0.19157578,0,1.0,-0.53387,-1.0628568,-0.022248577,0.0952409,0
17,334,-0.53387,-1.0628568,-0.022248577,0.0952409,1,1.0,-0.55512714,-0.8674232,-0.02034376,-0.20437756,0
17,335,-0.55512714,-0.8674232,-0.02034376,-0.20437756,0,1.0,-0.5724756,-1.0622483,-0.02443131,0.08181911,0
17,336,-0.5724756,-1.0622483,-0.02443131,0.08181911,1,1.0,-0.59372056,-0.8667849,-0.022794928,-0.21847072,0
17,337,-0.59372056,-0.8667849,-0.022794928,-0.21847072,0,1.0,-0.61105627,-1.0615737,-0.027164344,0.06693545,0
17,338,-0.61105627,-1.0615737,-0.027164344,0.06693545,0,1.0,-0.63228774,-1.2562958,-0.025825635,0.35092562,0
17,339,-0.63228774,-1.2562958,-0.025825635,0.35092562,1,1.0,-0.65741366,-1.0608163,-0.018807122,0.050212216,0
17,340,-0.65741366,-1.0608163,-0.018807122,0.050212216,0,1.0,-0.67863,-1.2556636,-0.017802877,0.3369025,0
17,341,-0.67863,-1.2556636,-0.017802877,0.3369025,1,1.0,-0.7037433,-1.060293,-0.011064827,0.038659103,0
17,342,-0.7037433,-1.060293,-0.011064827,0.038659103,1,1.0,-0.7249491,-0.8650141,-0.010291645,-0.25749424,0
17,343,-0.7249491,-0.8650141,-0.010291645,-0.25749424,0,1.0,-0.7422494,-1.0599875,-0.01544153,0.031924855,0
17,344,-0.7422494,-1.0599875,-0.01544153,0.031924855,0,1.0,-0.76344913,-1.2548847,-0.014803033,0.3196961,0
17,345,-0.76344913,-1.2548847,-0.014803033,0.3196961,1,1.0,-0.78854686,-1.0595552,-0.008409112,0.022381848,0
17,346,-0.78854686,-1.0595552,-0.008409112,0.022381848,1,1.0,-0.809738,-0.8643136,-0.007961474,-0.27294233,0
17,347,-0.809738,-0.8643136,-0.007961474,-0.27294233,0,1.0,-0.8270242,-1.059321,-0.013420321,0.017218914,0
17,348,-0.8270242,-1.059321,-0.013420321,0.017218914,0,1.0,-0.84821063,-1.254248,-0.013075943,0.30563754,0
17,349,-0.84821063,-1.254248,-0.013075943,0.30563754,1,1.0,-0.8732956,-1.0589422,-0.006963192,0.008859634,0
17,350,-0.8732956,-1.0589422,-0.006963192,0.008859634,0,1.0,-0.89447445,-1.2539636,-0.0067859995,0.29933748,0
17,351,-0.89447445,-1.2539636,-0.0067859995,0.29933748,1,1.0,-0.9195537,-1.0587455,-0.0007992498,0.0045221285,0
17,352,-0.9195537,-1.0587455,-0.0007992498,0.0045221285,1,1.0,-0.9407286,-0.8636121,-0.00070880726,-0.28841287,0
17,353,-0.9407286,-0.8636121,-0.00070880726,-0.28841287,0,1.0,-0.9580009,-1.0587239,-0.0064770645,0.004046427,0
17,354,-0.9580009,-1.0587239,-0.0064770645,0.004046427,0,1.0,-0.9791753,-1.2537525,-0.006396136,0.29467875,0
17,355,-0.9791753,-1.2537525,-0.006396136,0.29467875,1,1.0,-1.0042504,-1.0585399,-0.0005025611,-1.4546109e-05,0
17,356,-1.0042504,-1.0585399,-0.0005025611,-1.4546109e-05,0,1.0,-1.0254211,-1.2536546,-0.000502852,0.29250976,0
17,357,-1.0254211,-1.2536546,-0.000502852,0.29250976,1,1.0,-1.0504943,-1.0585256,0.0053473436,-0.0003317032,0
17,358,-1.0504943,-1.0585256,0.0053473436,-0.0003317032,1,1.0,-1.0716648,-0.8634806,0.0053407094,-0.29132268,0
17,359,-1.0716648,-0.8634806,0.0053407094,-0.29132268,0,1.0,-1.0889344,-1.0586784,-0.00048574447,0.0030398334,0
17,360,-1.0889344,-1.0586784,-0.00048574447,0.0030398334,0,1.0,-1.110108,-1.2537934,-0.00042494782,0.29556945,0
17,361,-1.110108,-1.2537934,-0.00042494782,0.29556945,1,1.0,-1.1351838,-1.0586653,0.0054864413,0.002752544,0
17,362,-1.1351838,-1.0586653,0.0054864413,0.002752544,0,1.0,-1.1563572,-1.2538655,0.0055414923,0.29716146,0
17,363,-1.1563572,-1.2538655,0.0055414923,0.29716146,1,1.0,-1.1814345,-1.058823,0.011484722,0.0062313518,0
17,364,-1.1814345,-1.058823,0.011484722,0.0062313518,1,1.0,-1.202611,-0.86386764,0.0116093485,-0.282806,0
17,365,-1.202611,-0.86386764,0.0116093485,-0.282806,0,1.0,-1.2198883,-1.0591532,0.0059532286,0.013515737,0
17,366,-1.2198883,-1.0591532,0.0059532286,0.013515737,0,1.0,-1.2410713,-1.2543601,0.006223543,0.30807102,0
17,367,-1.2410713,-1.2543601,0.006223543,0.30807102,1,1.0,-1.2661586,-1.0593274,0.012384963,0.017357308,0
17,368,-1.2661586,-1.0593274,0.012384963,0.017357308,1,1.0,-1.287345,-0.8643851,0.01273211,-0.27139243,0
17,369,-1.287345,-0.8643851,0.01273211,-0.27139243,0,1.0,-1.3046328,-1.0596864,0.007304261,0.025278911,0
17,370,-1.3046328,-1.0596864,0.007304261,0.025278911,0,1.0,-1.3258265,-1.2549124,0.007809839,0.32025743,0
17,371,-1.3258265,-1.2549124,0.007809839,0.32025743,1,1.0,-1.3509247,-1.0599025,0.014214988,0.030047633,0
17,372,-1.3509247,-1.0599025,0.014214988,0.030047633,1,1.0,-1.3721228,-0.86498725,0.0148159405,-0.25811663,0
17,373,-1.3721228,-0.86498725,0.0148159405,-0.25811663,0,1.0,-1.3894225,-1.0603176,0.009653608,0.039202392,0
17,374,-1.3894225,-1.0603176,0.009653608,0.039202392,0,1.0,-1.4106289,-1.2555766,0.010437656,0.33491543,0
17,375,-1.4106289,-1.2555766,0.010437656,0.33491543,1,1.0,-1.4357405,-1.0606048,0.017135965,0.045542184,0
17,376,-1.4357405,-1.0606048,0.017135965,0.045542184,1,1.0,-1.4569526,-0.86573267,0.018046807,-0.24168532,0
17,377,-1.4569526,-0.86573267,0.018046807,-0.24168532,0,1.0,-1.4742672,-1.0611078,0.013213102,0.05663498,0
17,378,-1.4742672,-1.0611078,0.013213102,0.05663498,0,1.0,-1.4954894,-1.2564166,0.014345801,0.35345727,0
17,379,-1.4954894,-1.2564166,0.014345801,0.35345727,1,1.0,-1.5206177,-1.0615015,0.021414947,0.06533231,0
17,380,-1.5206177,-1.0615015,0.021414947,0.06533231,1,1.0,-1.5418477,-0.8666931,0.022721592,-0.22051789,0
17,381,-1.5418477,-0.8666931,0.022721592,-0.22051789,0,1.0,-1.5591816,-1.0621324,0.018311236,0.07924487,0
17,382,-1.5591816,-1.0621324,0.018311236,0.07924487,1,1.0,-1.5804242,-0.86727756,0.019896133,-0.20760502,0
17,383,-1.5804242,-0.86727756,0.019896133,-0.20760502,0,1.0,-1.5977697,-1.0626783,0.015744032,0.09128712,0
17,384,-1.5977697,-1.0626783,0.015744032,0.09128712,0,1.0,-1.6190233,-1.2580223,0.017569775,0.38889542,0
17,385,-1.6190233,-1.2580223,0.017569775,0.38889542,1,1.0,-1.6441838,-1.0631541,0.025347684,0.10180345,0
17,386,-1.6441838,-1.0631541,0.025347684,0.10180345,1,1.0,-1.6654469,-0.86840445,0.027383752,-0.18277583,0
17,387,-1.6654469,-0.86840445,0.027383752,-0.18277583,0,1.0,-1.682815,-1.0639073,0.023728235,0.11841834,0
17,388,-1.682815,-1.0639073,0.023728235,0.11841834,1,1.0,-1.7040931,-0.8691332,0.026096603,-0.16668509,0
17,389,-1.7040931,-0.8691332,0.026096603,-0.16668509,0,1.0,-1.7214757,-1.0646188,0.0227629,0.134115,0
17,390,-1.7214757,-1.0646188,0.0227629,0.134115,1,1.0,-1.7427682,-0.8698302,0.0254452,-0.15130053,0
17,391,-1.7427682,-0.8698302,0.0254452,-0.15130053,0,1.0,-1.7601647,-1.065307,0.02241919,0.14929996,0
17,392,-1.7601647,-1.065307,0.02241919,0.14929996,1,1.0,-1.7814709,-0.8705132,0.025405189,-0.13622671,0
17,393,-1.7814709,-0.8705132,0.025405189,-0.13622671,0,1.0,-1.7988812,-1.0659896,0.022680655,0.16436167,0
17,394,-1.7988812,-1.0659896,0.022680655,0.16436167,1,1.0,-1.8202009,-0.8711996,0.025967889,-0.12108073,0
17,395,-1.8202009,-0.8711996,0.025967889,-0.12108073,0,1.0,-1.8376249,-1.0666838,0.023546273,0.17968039,0
17,396,-1.8376249,-1.0666838,0.023546273,0.17968039,1,1.0,-1.8589586,-0.8719066,0.027139882,-0.1054825,0
17,397,-1.8589586,-0.8719066,0.027139882,-0.1054825,0,1.0,-1.8763968,-1.0674067,0.025030231,0.1956379,0
17,398,-1.8763968,-1.0674067,0.025030231,0.1956379,1,1.0,-1.8977449,-0.8726516,0.02894299,-0.08904519,0
17,399,-1.8977449,-0.8726516,0.02894299,-0.08904519,0,1.0,-1.9151978,-1.0681762,0.027162086,0.21262693,0
17,400,-1.9151978,-1.0681762,0.027162086,0.21262693,1,1.0,-1.9365615,-0.8734529,0.031414624,-0.071365595,0
17,401,-1.9365615,-0.8734529,0.031414624,-0.071365595,0,1.0,-1.9540305,-1.0690109,0.029987313,0.23106092,0
17,402,-1.9540305,-1.0690109,0.029987313,0.23106092,1,1.0,-1.9754107,-0.87432986,0.03460853,-0.05201419,0
17,403,-1.9754107,-0.87432986,0.03460853,-0.05201419,0,1.0,-1.9928973,-1.0699306,0.03356825,0.251384,0
17,404,-1.9928973,-1.0699306,0.03356825,0.251384,1,1.0,-2.0142958,-0.8753036,0.038595926,-0.030524714,0
17,405,-2.0142958,-0.8753036,0.038595926,-0.030524714,0,1.0,-2.031802,-1.0709572,0.037985433,0.27408147,0
17,406,-2.031802,-1.0709572,0.037985433,0.27408147,1,1.0,-2.0532212,-0.87639725,0.043467063,-0.0063829194,0
17,407,-2.0532212,-0.87639725,0.043467063,-0.0063829194,0,1.0,-2.070749,-1.0721147,0.043339405,0.29969135,0
17,408,-2.070749,-1.0721147,0.043339405,0.29969135,1,1.0,-2.0921915,-0.8776365,0.04933323,0.020985661,0
17,409,-2.0921915,-0.8776365,0.04933323,0.020985661,0,1.0,-2.109744,-1.07343,0.049752943,0.32881662,0
17,410,-2.109744,-1.07343,0.049752943,0.32881662,1,1.0,-2.1312127,-0.87905025,0.056329276,0.05222924,0
17,411,-2.1312127,-0.87905025,0.056329276,0.05222924,1,1.0,-2.1487937,-0.68477935,0.05737386,-0.22216287,0
17,412,-2.1487937,-0.68477935,0.05737386,-0.22216287,0,1.0,-2.1624892,-0.88067245,0.052930605,0.088051915,0
17,413,-2.1624892,-0.88067245,0.052930605,0.088051915,1,1.0,-2.1801028,-0.6863476,0.054691643,-0.18747284,0
17,414,-2.1801028,-0.6863476,0.054691643,-0.18747284,0,1.0,-2.1938298,-0.88220763,0.050942186,0.12194929,0
17,415,-2.1938298,-0.88220763,0.050942186,0.12194929,1,1.0,-2.211474,-0.68785113,0.05338117,-0.15423672,0
17,416,-2.211474,-0.68785113,0.05338117,-0.15423672,0,1.0,-2.225231,-0.8836952,0.050296437,0.15479748,0
17,417,-2.225231,-0.8836952,0.050296437,0.15479748,1,1.0,-2.2429047,-0.6893281,0.053392384,-0.12160352,0
17,418,-2.2429047,-0.6893281,0.053392384,-0.12160352,0,1.0,-2.2566912,-0.8851727,0.050960314,0.18743472,0
17,419,-2.2566912,-0.8851727,0.050960314,0.18743472,1,1.0,-2.2743948,-0.6908155,0.05470901,-0.088746786,0
17,420,-2.2743948,-0.6908155,0.05470901,-0.088746786,0,1.0,-2.288211,-0.88667727,0.052934073,0.22068267,0
17,421,-2.288211,-0.88667727,0.052934073,0.22068267,1,1.0,-2.3059447,-0.6923503,0.057347726,-0.054844093,0
17,422,-2.3059447,-0.6923503,0.057347726,-0.054844093,0,1.0,-2.3197916,-0.88824564,0.056250844,0.25536686,0
17,423,-2.3197916,-0.88824564,0.056250844,0.25536686,1,1.0,-2.3375566,-0.6939701,0.061358184,-0.019056562,0
17,424,-2.3375566,-0.6939701,0.061358184,-0.019056562,0,1.0,-2.351436,-0.8899159,0.060977053,0.292337,0
17,425,-2.351436,-0.8899159,0.060977053,0.292337,1,1.0,-2.3692343,-0.69571394,0.06682379,0.019491637,0
17,426,-2.3692343,-0.69571394,0.06682379,0.019491637,1,1.0,-2.3831487,-0.50161076,0.067213625,-0.2513817,0
17,427,-2.3831487,-0.50161076,0.067213625,-0.2513817,0,1.0,-2.3931808,-0.6976249,0.06218599,0.06172158,0
17,428,-2.3931808,-0.6976249,0.06218599,0.06172158,1,1.0,-2.4071333,-0.5034472,0.06342042,-0.21071118,1
18,0,0.009397545,-0.0045040925,0.03715139,0.03143884,1,1.0,0.009307463,0.19006594,0.037780166,-0.24929482,0
18,1,0.009307463,0.19006594,0.037780166,-0.24929482,0,1.0,0.013108782,-0.0055746073,0.03279427,0.055061314,0
18,2,0.013108782,-0.0055746073,0.03279427,0.055061314,1,1.0,0.01299729,0.18906215,0.033895496,-0.22709705,0
18,3,0.01299729,0.18906215,0.033895496,-0.22709705,0,1.0,0.016778532,-0.006527399,0.029353553,0.07608212,0
18,4,0.016778532,-0.006527399,0.029353553,0.07608212,1,1.0,0.016647985,0.18816172,0.030875197,-0.20719704,0
18,5,0.016647985,0.18816172,0.030875197,-0.20719704,0,1.0,0.02041122,-0.007387821,0.026731256,0.09506333,0
18,6,0.02041122,-0.007387821,0.026731256,0.09506333,1,1.0,0.020263463,0.187341,0.028632522,-0.18906751,0
18,7,0.020263463,0.187341,0.028632522,-0.18906751,0,1.0,0.024010282,-0.008178631,0.024851171,0.11250855,0
18,8,0.024010282,-0.008178631,0.024851171,0.11250855,1,1.0,0.02384671,0.18657857,0.027101343,-0.17223155,0
18,9,0.02384671,0.18657857,0.027101343,-0.17223155,0,1.0,0.027578281,-0.008920573,0.023656711,0.12887628,0
18,10,0.027578281,-0.008920573,0.023656711,0.12887628,1,1.0,0.02739987,0.18585464,0.026234237,-0.15625036,0
18,11,0.02739987,0.18585464,0.026234237,-0.15625036,0,1.0,0.031116962,-0.009632907,0.023109231,0.14459205,0
18,12,0.031116962,-0.009632907,0.023109231,0.14459205,1,1.0,0.030924305,0.18515061,0.026001072,-0.1407117,0
18,13,0.030924305,0.18515061,0.026001072,-0.1407117,0,1.0,0.03462732,-0.010333903,0.023186838,0.1600594,0
18,14,0.03462732,-0.010333903,0.023186838,0.1600594,1,1.0,0.03442064,0.18444856,0.026388025,-0.12521942,0
18,15,0.03442064,0.18444856,0.026388025,-0.12521942,0,1.0,0.038109608,-0.011041305,0.023883637,0.17567046,0
18,16,0.038109608,-0.011041305,0.023883637,0.17567046,1,1.0,0.037888784,0.18373084,0.027397046,-0.10938332,0
18,17,0.037888784,0.18373084,0.027397046,-0.10938332,0,1.0,0.0415634,-0.011772772,0.02520938,0.19181578,0
18,18,0.0415634,-0.011772772,0.02520938,0.19181578,1,1.0,0.041327946,0.18297964,0.029045695,-0.09280926,0
18,19,0.041327946,0.18297964,0.029045695,-0.09280926,1,1.0,0.044987537,0.3776735,0.02718951,-0.37618864,0
18,20,0.044987537,0.3776735,0.02718951,-0.37618864,0,1.0,0.052541006,0.18217613,0.019665737,-0.07505823,0
18,21,0.052541006,0.18217613,0.019665737,-0.07505823,0,1.0,0.05618453,-0.013222148,0.018164573,0.22376387,0
18,22,0.05618453,-0.013222148,0.018164573,0.22376387,1,1.0,0.055920087,0.18163554,0.02263985,-0.06313435,0
18,23,0.055920087,0.18163554,0.02263985,-0.06313435,0,1.0,0.0595528,-0.013803575,0.021377163,0.23660474,0
18,24,0.0595528,-0.013803575,0.021377163,0.23660474,1,1.0,0.059276726,0.18100655,0.026109258,-0.049259268,0
18,25,0.059276726,0.18100655,0.026109258,-0.049259268,1,1.0,0.062896855,0.37574458,0.025124073,-0.3335915,0
18,26,0.062896855,0.37574458,0.025124073,-0.3335915,0,1.0,0.07041175,0.1802742,0.018452242,-0.03309279,0
18,27,0.07041175,0.1802742,0.018452242,-0.03309279,0,1.0,0.074017234,-0.015107427,0.017790386,0.26535442,0
18,28,0.074017234,-0.015107427,0.017790386,0.26535442,1,1.0,0.07371508,0.17975615,0.023097476,-0.021664586,0
18,29,0.07371508,0.17975615,0.023097476,-0.021664586,1,1.0,0.077310205,0.37453938,0.022664184,-0.30697143,0
18,30,0.077310205,0.37453938,0.022664184,-0.30697143,0,1.0,0.084800996,0.17910193,0.016524754,-0.0072278525,0
18,31,0.084800996,0.17910193,0.016524754,-0.0072278525,0,1.0,0.088383034,-0.016253069,0.016380198,0.29062268,0
18,32,0.088383034,-0.016253069,0.016380198,0.29062268,1,1.0,0.08805797,0.17863153,0.022192651,0.0031505642,0
18,33,0.08805797,0.17863153,0.022192651,0.0031505642,1,1.0,0.0916306,0.3734283,0.022255663,-0.28244853,0
18,34,0.0916306,0.3734283,0.022255663,-0.28244853,0,1.0,0.09909917,0.17799608,0.016606692,0.01716982,0
18,35,0.09909917,0.17799608,0.016606692,0.01716982,0,1.0,0.10265909,-0.017360043,0.01695009,0.31504574,0
18,36,0.10265909,-0.017360043,0.01695009,0.31504574,1,1.0,0.10231189,0.17751642,0.023251005,0.027756143,0
18,37,0.10231189,0.17751642,0.023251005,0.027756143,1,1.0,0.105862215,0.37229735,0.023806127,-0.2575011,0
18,38,0.105862215,0.37229735,0.023806127,-0.2575011,0,1.0,0.11330816,0.17684375,0.018656105,0.042594552,0
18,39,0.11330816,0.17684375,0.018656105,0.042594552,1,1.0,0.11684504,0.37169328,0.019507995,-0.2441443,0
18,40,0.11684504,0.37169328,0.019507995,-0.2441443,0,1.0,0.1242789,0.1762982,0.01462511,0.054627534,0
18,41,0.1242789,0.1762982,0.01462511,0.054627534,0,1.0,0.12780488,-0.019030368,0.015717661,0.3518887,0
18,42,0.12780488,-0.019030368,0.015717661,0.3518887,1,1.0,0.12742426,0.17586458,0.022755435,0.064203165,0
18,43,0.12742426,0.17586458,0.022755435,0.064203165,1,1.0,0.13094155,0.370653,0.024039498,-0.22121431,0
18,44,0.13094155,0.370653,0.024039498,-0.22121431,0,1.0,0.13835461,0.17519584,0.01961521,0.07895366,0
18,45,0.13835461,0.17519584,0.01961521,0.07895366,1,1.0,0.14185853,0.37003118,0.021194285,-0.20747663,0
18,46,0.14185853,0.37003118,0.021194285,-0.20747663,0,1.0,0.14925915,0.17461269,0.017044751,0.09181594,0
18,47,0.14925915,0.17461269,0.017044751,0.09181594,1,1.0,0.1527514,0.36948624,0.01888107,-0.19544101,0
18,48,0.1527514,0.36948624,0.01888107,-0.19544101,0,1.0,0.16014113,0.17409937,0.01497225,0.10313776,0
18,49,0.16014113,0.17409937,0.01497225,0.10313776,1,1.0,0.16362312,0.3690036,0.017035006,-0.18478411,0
18,50,0.16362312,0.3690036,0.017035006,-0.18478411,0,1.0,0.1710032,0.17364208,0.013339323,0.11322366,0
18,51,0.1710032,0.17364208,0.013339323,0.11322366,1,1.0,0.17447603,0.3685704,0.015603796,-0.17522113,0
18,52,0.17447603,0.3685704,0.015603796,-0.17522113,0,1.0,0.18184744,0.17322864,0.012099373,0.122343145,0
18,53,0.18184744,0.17322864,0.012099373,0.122343145,1,1.0,0.18531202,0.36817518,0.014546236,-0.16649812,0
18,54,0.18531202,0.36817518,0.014546236,-0.16649812,0,1.0,0.19267552,0.17284805,0.0112162735,0.130738,0
18,55,0.19267552,0.17284805,0.0112162735,0.130738,1,1.0,0.19613248,0.36780754,0.013831034,-0.15838534,0
18,56,0.19613248,0.36780754,0.013831034,-0.15838534,0,1.0,0.20348863,0.17249034,0.010663328,0.13862865,0
18,57,0.20348863,0.17249034,0.010663328,0.13862865,1,1.0,0.20693843,0.36745796,0.0134359,-0.15067118,0
18,58,0.20693843,0.36745796,0.0134359,-0.15067118,0,1.0,0.2142876,0.17214622,0.010422477,0.14622003,0
18,59,0.2142876,0.17214622,0.010422477,0.14622003,1,1.0,0.21773052,0.36711738,0.013346877,-0.14315668,0
18,60,0.21773052,0.36711738,0.013346877,-0.14315668,0,1.0,0.22507286,0.17180684,0.010483744,0.1537069,0
18,61,0.22507286,0.17180684,0.010483744,0.1537069,1,1.0,0.22850901,0.36677712,0.013557882,-0.13565029,0
18,62,0.22850901,0.36677712,0.013557882,-0.13565029,0,1.0,0.23584455,0.17146362,0.010844876,0.16127892,0
18,63,0.23584455,0.17146362,0.010844876,0.16127892,1,1.0,0.23927382,0.36642864,0.014070454,-0.1279631,0
18,64,0.23927382,0.36642864,0.014070454,-0.1279631,0,1.0,0.24660239,0.17110799,0.011511193,0.16912547,0
18,65,0.24660239,0.17110799,0.011511193,0.16912547,1,1.0,0.25002456,0.3660633,0.014893701,-0.11990391,0
18,66,0.25002456,0.3660633,0.014893701,-0.11990391,0,1.0,0.25734583,0.17073117,0.012495624,0.17744039,0
18,67,0.25734583,0.17073117,0.012495624,0.17744039,1,1.0,0.26076043,0.36567208,0.016044432,-0.11127454,0
18,68,0.26076043,0.36567208,0.016044432,-0.11127454,0,1.0,0.2680739,0.17032395,0.01381894,0.18642682,0
18,69,0.2680739,0.17032395,0.01381894,0.18642682,1,1.0,0.27148035,0.3652455,0.017547477,-0.10186494,0
18,70,0.27148035,0.3652455,0.017547477,-0.10186494,0,1.0,0.27878526,0.1698765,0.015510178,0.1963021,0
18,71,0.27878526,0.1698765,0.015510178,0.1963021,1,1.0,0.2821828,0.3647732,0.01943622,-0.09144797,0
18,72,0.2821828,0.3647732,0.01943622,-0.09144797,0,1.0,0.28947827,0.16937815,0.01760726,0.20730315,0
18,73,0.28947827,0.16937815,0.01760726,0.20730315,1,1.0,0.29286584,0.36424395,0.021753324,-0.079773985,0
18,74,0.29286584,0.36424395,0.021753324,-0.079773985,1,1.0,0.30015072,0.5590474,0.020157844,-0.36551508,0
18,75,0.30015072,0.5590474,0.020157844,-0.36551508,0,1.0,0.31133166,0.3636449,0.012847543,-0.06654482,0
18,76,0.31133166,0.3636449,0.012847543,-0.06654482,0,1.0,0.31860456,0.16834112,0.0115166465,0.23016372,0
18,77,0.31860456,0.16834112,0.0115166465,0.23016372,1,1.0,0.3219714,0.36329663,0.016119922,-0.058864314,0
18,78,0.3219714,0.36329663,0.016119922,-0.058864314,0,1.0,0.3292373,0.16794729,0.014942635,0.23886065,0
18,79,0.3292373,0.16794729,0.014942635,0.23886065,1,1.0,0.33259624,0.36285263,0.019719848,-0.049071733,0
18,80,0.33259624,0.36285263,0.019719848,-0.049071733,1,1.0,0.33985332,0.5576863,0.018738413,-0.33546823,0
18,81,0.33985332,0.5576863,0.018738413,-0.33546823,0,1.0,0.35100704,0.36230278,0.012029048,-0.036935583,0
18,82,0.35100704,0.36230278,0.012029048,-0.036935583,0,1.0,0.3582531,0.16701043,0.011290337,0.25951824,0
18,83,0.3582531,0.16701043,0.011290337,0.25951824,1,1.0,0.3615933,0.3619694,0.016480701,-0.029582301,0
18,84,0.3615933,0.3619694,0.016480701,-0.029582301,1,1.0,0.36883268,0.55685115,0.015889056,-0.31702015,0
18,85,0.36883268,0.55685115,0.015889056,-0.31702015,0,1.0,0.37996972,0.36150655,0.009548652,-0.019369036,0
18,86,0.37996972,0.36150655,0.009548652,-0.019369036,0,1.0,0.38719985,0.16624898,0.009161271,0.27631125,0
18,87,0.38719985,0.16624898,0.009161271,0.27631125,1,1.0,0.39052483,0.36123905,0.014687496,-0.013468195,0
18,88,0.39052483,0.36123905,0.014687496,-0.013468195,1,1.0,0.3977496,0.5561473,0.014418133,-0.3014811,0
18,89,0.3977496,0.5561473,0.014418133,-0.3014811,0,1.0,0.40887254,0.36082286,0.00838851,-0.004286087,0
18,90,0.40887254,0.36082286,0.00838851,-0.004286087,0,1.0,0.416089,0.16558161,0.008302788,0.29103166,0
18,91,0.416089,0.16558161,0.008302788,0.29103166,1,1.0,0.41940063,0.3605842,0.014123422,0.0009788637,0
18,92,0.41940063,0.3605842,0.014123422,0.0009788637,1,1.0,0.42661232,0.5555008,0.014142999,-0.2872147,0
18,93,0.42661232,0.5555008,0.014142999,-0.2872147,0,1.0,0.43772233,0.36018002,0.008398705,0.009895037,0
18,94,0.43772233,0.36018002,0.008398705,0.009895037,0,1.0,0.44492593,0.16493863,0.008596606,0.30521598,0
18,95,0.44492593,0.16493863,0.008596606,0.30521598,1,1.0,0.44822472,0.35993704,0.014700925,0.015256563,0
18,96,0.44822472,0.35993704,0.014700925,0.015256563,1,1.0,0.45542344,0.5548451,0.015006057,-0.27275205,0
18,97,0.45542344,0.5548451,0.015006057,-0.27275205,0,1.0,0.46652034,0.35951227,0.009551016,0.024625823,0
18,98,0.46652034,0.35951227,0.009551016,0.024625823,1,1.0,0.4737106,0.554496,0.010043533,-0.26502842,0
18,99,0.4737106,0.554496,0.010043533,-0.26502842,0,1.0,0.48480052,0.35923213,0.004742964,0.03080534,0
18,100,0.48480052,0.35923213,0.004742964,0.03080534,0,1.0,0.49198517,0.16404247,0.005359071,0.32498094,0
18,101,0.49198517,0.16404247,0.005359071,0.32498094,1,1.0,0.49526602,0.3590877,0.01185869,0.033992846,0
18,102,0.49526602,0.3590877,0.01185869,0.033992846,1,1.0,0.5024478,0.55403763,0.012538547,-0.25492507,0
18,103,0.5024478,0.55403763,0.012538547,-0.25492507,0,1.0,0.5135285,0.3587389,0.007440045,0.0416862,0
18,104,0.5135285,0.3587389,0.007440045,0.0416862,1,1.0,0.5207033,0.5537534,0.008273769,-0.24864006,0
18,105,0.5207033,0.5537534,0.008273769,-0.24864006,0,1.0,0.53177834,0.35851425,0.0033009679,0.046641063,0
18,106,0.53177834,0.35851425,0.0033009679,0.046641063,1,1.0,0.53894866,0.5535887,0.004233789,-0.24499856,0
18,107,0.53894866,0.5535887,0.004233789,-0.24499856,0,1.0,0.5500204,0.35840654,-0.00066618196,0.0490168,0
18,108,0.5500204,0.35840654,-0.00066618196,0.0490168,0,1.0,0.5571886,0.16329415,0.000314154,0.34148946,0
18,109,0.5571886,0.16329415,0.000314154,0.34148946,1,1.0,0.5604544,0.35841164,0.007143943,0.048905622,0
18,110,0.5604544,0.35841164,0.007143943,0.048905622,1,1.0,0.56762266,0.55343044,0.008122056,-0.2415148,0
18,111,0.56762266,0.55343044,0.008122056,-0.2415148,0,1.0,0.57869124,0.3581934,0.0032917599,0.05371894,0
18,112,0.57869124,0.3581934,0.0032917599,0.05371894,1,1.0,0.5858551,0.553268,0.0043661385,-0.23792359,0
18,113,0.5858551,0.553268,0.0043661385,-0.23792359,0,1.0,0.5969205,0.35808393,-0.00039233337,0.056133334,0
18,114,0.5969205,0.35808393,-0.00039233337,0.056133334,1,1.0,0.60408217,0.5532115,0.0007303333,-0.23667336,0
18,115,0.60408217,0.5532115,0.0007303333,-0.23667336,0,1.0,0.6151464,0.35807914,-0.0040031336,0.056239855,0
18,116,0.6151464,0.35807914,-0.0040031336,0.056239855,0,1.0,0.622308,0.16301481,-0.0028783367,0.34765708,0
18,117,0.622308,0.16301481,-0.0028783367,0.34765708,1,1.0,0.6255683,0.35817757,0.004074805,0.054067902,0
18,118,0.6255683,0.35817757,0.004074805,0.054067902,1,1.0,0.63273185,0.5532409,0.005156163,-0.2373266,0
18,119,0.63273185,0.5532409,0.005156163,-0.2373266,0,1.0,0.6437967,0.35804564,0.00040963085,0.056978256,0
18,120,0.6437967,0.35804564,0.00040963085,0.056978256,1,1.0,0.6509576,0.55316174,0.001549196,-0.23557541,0
18,121,0.6509576,0.55316174,0.001549196,-0.23557541,0,1.0,0.6620208,0.35801765,-0.003162312,0.057595786,0
18,122,0.6620208,0.35801765,-0.003162312,0.057595786,1,1.0,0.66918117,0.5531848,-0.0020103964,-0.2360832,0
18,123,0.66918117,0.5531848,-0.0020103964,-0.2360832,0,1.0,0.68024486,0.35809165,-0.00673206,0.055964913,0
18,124,0.68024486,0.35809165,-0.00673206,0.055964913,0,1.0,0.68740666,0.16306686,-0.005612762,0.34651625,0
18,125,0.68740666,0.16306686,-0.005612762,0.34651625,1,1.0,0.69066805,0.3582682,0.0013175629,0.052068707,0
18,126,0.69066805,0.3582682,0.0013175629,0.052068707,1,1.0,0.6978334,0.55337125,0.002358937,-0.24019822,0
18,127,0.6978334,0.55337125,0.002358937,-0.24019822,0,1.0,0.7089008,0.35821566,-0.0024450275,0.05322784,0
18,128,0.7089008,0.35821566,-0.0024450275,0.05322784,1,1.0,0.7160651,0.55337256,-0.0013804707,-0.24022551,0
18,129,0.7160651,0.55337256,-0.0013804707,-0.24022551,0,1.0,0.72713256,0.35827038,-0.0061849807,0.05202166,0
18,130,0.72713256,0.35827038,-0.0061849807,0.05202166,1,1.0,0.734298,0.55348045,-0.0051445477,-0.24260624,0
18,131,0.734298,0.55348045,-0.0051445477,-0.24260624,0,1.0,0.7453676,0.35843238,-0.009996672,0.04844953,0
18,132,0.7453676,0.35843238,-0.009996672,0.04844953,0,1.0,0.75253624,0.16345519,-0.009027682,0.33796173,0
18,133,0.75253624,0.16345519,-0.009027682,0.33796173,1,1.0,0.7558054,0.35870445,-0.0022684473,0.042445697,0
18,134,0.7558054,0.35870445,-0.0022684473,0.042445697,1,1.0,0.76297945,0.5538588,-0.0014195334,-0.2509521,0
18,135,0.76297945,0.5538588,-0.0014195334,-0.2509521,0,1.0,0.7740566,0.3587572,-0.006438575,0.041282754,0
18,136,0.7740566,0.3587572,-0.006438575,0.041282754,1,1.0,0.78123176,0.5539709,-0.00561292,-0.2534246,0
18,137,0.78123176,0.5539709,-0.00561292,-0.2534246,0,1.0,0.7923112,0.3589295,-0.010681412,0.037482608,0
18,138,0.7923112,0.3589295,-0.010681412,0.037482608,1,1.0,0.79948974,0.554203,-0.009931761,-0.25855118,0
18,139,0.79948974,0.554203,-0.009931761,-0.25855118,0,1.0,0.8105738,0.35922423,-0.015102784,0.030982653,0
18,140,0.8105738,0.35922423,-0.015102784,0.030982653,0,1.0,0.8177583,0.1643221,-0.014483131,0.3188625,0
18,141,0.8177583,0.1643221,-0.014483131,0.3188625,1,1.0,0.82104474,0.35964727,-0.0081058815,0.021647528,0
18,142,0.82104474,0.35964727,-0.0081058815,0.021647528,1,1.0,0.8282377,0.55488455,-0.0076729306,-0.27358183,0
18,143,0.8282377,0.55488455,-0.0076729306,-0.27358183,0,1.0,0.8393354,0.3598729,-0.013144568,0.016671186,0
18,144,0.8393354,0.3598729,-0.013144568,0.016671186,1,1.0,0.8465328,0.55518085,-0.012811144,-0.28012985,0
18,145,0.8465328,0.55518085,-0.012811144,-0.28012985,0,1.0,0.85763645,0.360244,-0.018413741,0.008485102,0
18,146,0.85763645,0.360244,-0.018413741,0.008485102,0,1.0,0.86484134,0.1653909,-0.01824404,0.29530185,0
18,147,0.86484134,0.1653909,-0.01824404,0.29530185,1,1.0,0.86814916,0.3607681,-0.012338001,-0.0030786565,0
18,148,0.86814916,0.3607681,-0.012338001,-0.0030786565,1,1.0,0.87536454,0.55606484,-0.012399575,-0.2996287,0
18,149,0.87536454,0.55606484,-0.012399575,-0.2996287,0,1.0,0.8864858,0.3611218,-0.018392147,-0.010882003,0
18,150,0.8864858,0.3611218,-0.018392147,-0.010882003,0,1.0,0.8937082,0.16626838,-0.018609788,0.2759417,0
18,151,0.8937082,0.16626838,-0.018609788,0.2759417,1,1.0,0.89703363,0.36165082,-0.013090954,-0.02255218,0
18,152,0.89703363,0.36165082,-0.013090954,-0.02255218,1,1.0,0.90426666,0.556958,-0.013541997,-0.31933653,0
18,153,0.90426666,0.556958,-0.013541997,-0.31933653,0,1.0,0.9154058,0.36203155,-0.01992873,-0.030954828,0
18,154,0.9154058,0.36203155,-0.01992873,-0.030954828,0,1.0,0.9226464,0.16720097,-0.020547826,0.25537434,0
18,155,0.9226464,0.16720097,-0.020547826,0.25537434,1,1.0,0.92599046,0.3626102,-0.015440338,-0.043718226,0
18,156,0.92599046,0.3626102,-0.015440338,-0.043718226,1,1.0,0.9332427,0.5579501,-0.016314702,-0.34123245,0
18,157,0.9332427,0.5579501,-0.016314702,-0.34123245,0,1.0,0.9444017,0.36306402,-0.023139352,-0.053738557,0
18,158,0.9444017,0.36306402,-0.023139352,-0.053738557,0,1.0,0.95166296,0.16828136,-0.024214122,0.23155484,0
18,159,0.95166296,0.16828136,-0.024214122,0.23155484,1,1.0,0.9550286,0.3637408,-0.019583026,-0.068666615,0
18,160,0.9550286,0.3637408,-0.019583026,-0.068666615,0,1.0,0.9623034,0.168905,-0.020956358,0.217774,0
18,161,0.9623034,0.168905,-0.020956358,0.217774,1,1.0,0.9656815,0.36432016,-0.016600879,-0.08144509,0
18,162,0.9656815,0.36432016,-0.016600879,-0.08144509,1,1.0,0.97296786,0.5596761,-0.01822978,-0.37931907,0
18,163,0.97296786,0.5596761,-0.01822978,-0.37931907,0,1.0,0.9841614,0.3648177,-0.025816161,-0.0924393,0
18,164,0.9841614,0.3648177,-0.025816161,-0.0924393,0,1.0,0.99145776,0.17007512,-0.027664946,0.19198814,0
18,165,0.99145776,0.17007512,-0.027664946,0.19198814,1,1.0,0.9948593,0.3655817,-0.023825184,-0.10929194,0
18,166,0.9948593,0.3655817,-0.023825184,-0.10929194,0,1.0,1.0021709,0.1708091,-0.026011024,0.17578007,0
18,167,1.0021709,0.1708091,-0.026011024,0.17578007,1,1.0,1.0055871,0.36629346,-0.022495423,-0.12499366,0
18,168,1.0055871,0.36629346,-0.022495423,-0.12499366,0,1.0,1.012913,0.17150089,-0.024995295,0.16050819,0
18,169,1.012913,0.17150089,-0.024995295,0.16050819,1,1.0,1.016343,0.36697158,-0.02178513,-0.13995415,0
18,170,1.016343,0.36697158,-0.02178513,-0.13995415,1,1.0,1.0236824,0.5623987,-0.024584215,-0.43942952,0
18,171,1.0236824,0.5623987,-0.024584215,-0.43942952,0,1.0,1.0349303,0.36763313,-0.033372805,-0.15459654,0
18,172,1.0349303,0.36763313,-0.033372805,-0.15459654,0,1.0,1.042283,0.17300452,-0.036464736,0.12737404,0
18,173,1.042283,0.17300452,-0.036464736,0.12737404,1,1.0,1.0457431,0.36862937,-0.033917256,-0.1765864,0
18,174,1.0457431,0.36862937,-0.033917256,-0.1765864,0,1.0,1.0531157,0.17400882,-0.037448984,0.105206765,0
18,175,1.0531157,0.17400882,-0.037448984,0.105206765,1,1.0,1.0565959,0.36964685,-0.035344847,-0.19905199,0
18,176,1.0565959,0.36964685,-0.035344847,-0.19905199,0,1.0,1.0639888,0.1750478,-0.03932589,0.08227507,0
18,177,1.0639888,0.1750478,-0.03932589,0.08227507,1,1.0,1.0674897,0.37071076,-0.037680387,-0.2225513,0
18,178,1.0674897,0.37071076,-0.037680387,-0.2225513,0,1.0,1.074904,0.17614709,-0.042131413,0.058011662,0
18,179,1.074904,0.17614709,-0.042131413,0.058011662,1,1.0,1.078427,0.371847,-0.04097118,-0.2476607,0
18,180,1.078427,0.371847,-0.04097118,-0.2476607,0,1.0,1.0858638,0.17733341,-0.04592439,0.031822685,0
18,181,1.0858638,0.17733341,-0.04592439,0.031822685,0,1.0,1.0894105,-0.017100904,-0.04528794,0.30966964,0
18,182,1.0894105,-0.017100904,-0.04528794,0.30966964,1,1.0,1.0890685,0.17863606,-0.039094545,0.0030551178,0
18,183,1.0890685,0.17863606,-0.039094545,0.0030551178,1,1.0,1.0926412,0.37429625,-0.039033443,-0.30170178,0
18,184,1.0926412,0.37429625,-0.039033443,-0.30170178,0,1.0,1.1001272,0.17975174,-0.045067478,-0.021580203,0
18,185,1.1001272,0.17975174,-0.045067478,-0.021580203,0,1.0,1.1037222,-0.014695899,-0.045499083,0.25654975,0
18,186,1.1037222,-0.014695899,-0.045499083,0.25654975,1,1.0,1.1034282,0.18104513,-0.040368088,-0.05013005,0
18,187,1.1034282,0.18104513,-0.040368088,-0.05013005,1,1.0,1.1070492,0.37672198,-0.04137069,-0.3552712,0
18,188,1.1070492,0.37672198,-0.04137069,-0.3552712,0,1.0,1.1145836,0.1822119,-0.048476115,-0.07591526,0
18,189,1.1145836,0.1822119,-0.048476115,-0.07591526,0,1.0,1.1182278,-0.012182787,-0.04999442,0.20108785,0
18,190,1.1182278,-0.012182787,-0.04999442,0.20108785,1,1.0,1.1179842,0.18361722,-0.04597266,-0.10693742,0
18,191,1.1179842,0.18361722,-0.04597266,-0.10693742,0,1.0,1.1216565,-0.010816817,-0.04811141,0.17089427,0
18,192,1.1216565,-0.010816817,-0.04811141,0.17089427,1,1.0,1.1214402,0.18495956,-0.044693526,-0.13656978,0
18,193,1.1214402,0.18495956,-0.044693526,-0.13656978,0,1.0,1.1251394,-0.00949469,-0.04742492,0.1416848,0
18,194,1.1251394,-0.00949469,-0.04742492,0.1416848,1,1.0,1.1249496,0.18627326,-0.044591226,-0.16557467,0
18,195,1.1249496,0.18627326,-0.044591226,-0.16557467,0,1.0,1.128675,-0.008182952,-0.04790272,0.11271424,0
18,196,1.128675,-0.008182952,-0.04790272,0.11271424,1,1.0,1.1285113,0.18759151,-0.045648433,-0.19468859,0
18,197,1.1285113,0.18759151,-0.045648433,-0.19468859,0,1.0,1.1322632,-0.006848752,-0.049542204,0.08325199,0
18,198,1.1322632,-0.006848752,-0.049542204,0.08325199,1,1.0,1.1321262,0.18894708,-0.047877166,-0.22464085,0
18,199,1.1321262,0.18894708,-0.047877166,-0.22464085,0,1.0,1.1359051,-0.0054590707,-0.052369982,0.052563705,0
18,200,1.1359051,-0.0054590707,-0.052369982,0.052563705,1,1.0,1.135796,0.19037317,-0.05131871,-0.25617167,0
18,201,1.135796,0.19037317,-0.05131871,-0.25617167,0,1.0,1.1396034,-0.0039799563,-0.05644214,0.01989314,0
18,202,1.1396034,-0.0039799563,-0.05644214,0.01989314,0,1.0,1.1395239,-0.19824895,-0.056044277,0.29424742,0
18,203,1.1395239,-0.19824895,-0.056044277,0.29424742,1,1.0,1.1355588,-0.0023746234,-0.05015933,-0.01557117,0
18,204,1.1355588,-0.0023746234,-0.05015933,-0.01557117,1,1.0,1.1355113,0.19342946,-0.050470755,-0.32364854,0
18,205,1.1355113,0.19342946,-0.050470755,-0.32364854,0,1.0,1.13938,-0.000938862,-0.056943726,-0.047299433,0
18,206,1.13938,-0.000938862,-0.056943726,-0.047299433,0,1.0,1.1393611,-0.19520001,-0.057889715,0.22688757,0
18,207,1.1393611,-0.19520001,-0.057889715,0.22688757,1,1.0,1.1354572,0.0006994278,-0.05335196,-0.08347941,0
18,208,1.1354572,0.0006994278,-0.05335196,-0.08347941,0,1.0,1.1354711,-0.19361876,-0.05502155,0.1919051,0
18,209,1.1354711,-0.19361876,-0.05502155,0.1919051,1,1.0,1.1315987,0.0022453717,-0.051183447,-0.11761467,0
18,210,1.1315987,0.0022453717,-0.051183447,-0.11761467,0,1.0,1.1316437,-0.19210729,-0.05353574,0.15849116,0
18,211,1.1316437,-0.19210729,-0.05353574,0.15849116,1,1.0,1.1278015,0.0037386392,-0.050365917,-0.15058883,0
18,212,1.1278015,0.0037386392,-0.050365917,-0.15058883,0,1.0,1.1278763,-0.19062728,-0.053377695,0.12578902,0
18,213,1.1278763,-0.19062728,-0.053377695,0.12578902,1,1.0,1.1240637,0.005217119,-0.050861914,-0.18324478,0
18,214,1.1240637,0.005217119,-0.050861914,-0.18324478,0,1.0,1.124168,-0.18914156,-0.05452681,0.092969276,0
18,215,1.124168,-0.18914156,-0.05452681,0.092969276,1,1.0,1.1203853,0.0067178076,-0.052667424,-0.21640609,0
18,216,1.1203853,0.0067178076,-0.052667424,-0.21640609,0,1.0,1.1205196,-0.1876132,-0.05699555,0.059209187,0
18,217,1.1205196,-0.1876132,-0.05699555,0.059209187,0,1.0,1.1167674,-0.3818736,-0.055811364,0.333379,0
18,218,1.1167674,-0.3818736,-0.055811364,0.333379,1,1.0,1.1091299,-0.18600354,-0.049143784,0.023631344,0
18,219,1.1091299,-0.18600354,-0.049143784,0.023631344,1,1.0,1.1054099,0.009787472,-0.048671156,-0.28414306,0
18,220,1.1054099,0.009787472,-0.048671156,-0.28414306,0,1.0,1.1056056,-0.18460773,-0.054354016,-0.007199236,0
18,221,1.1056056,-0.18460773,-0.054354016,-0.007199236,0,1.0,1.1019135,-0.37890974,-0.054498002,0.26785114,0
18,222,1.1019135,-0.37890974,-0.054498002,0.26785114,1,1.0,1.0943352,-0.18305409,-0.04914098,-0.041510653,0
18,223,1.0943352,-0.18305409,-0.04914098,-0.041510653,1,1.0,1.0906742,0.012736833,-0.049971193,-0.34928414,0
18,224,1.0906742,0.012736833,-0.049971193,-0.34928414,0,1.0,1.0909289,-0.1816401,-0.056956876,-0.0727681,0
18,225,1.0909289,-0.1816401,-0.056956876,-0.0727681,0,1.0,1.087296,-0.37590122,-0.058412235,0.20141476,0
18,226,1.087296,-0.37590122,-0.058412235,0.20141476,0,1.0,1.0797781,-0.5701412,-0.05438394,0.47511443,0
18,227,1.0797781,-0.5701412,-0.05438394,0.47511443,1,1.0,1.0683752,-0.37429518,-0.044881653,0.16579868,0
18,228,1.0683752,-0.37429518,-0.044881653,0.16579868,1,1.0,1.0608894,-0.17856045,-0.04156568,-0.14069852,0
18,229,1.0608894,-0.17856045,-0.04156568,-0.14069852,1,1.0,1.0573181,0.017131396,-0.044379648,-0.44619954,0
18,230,1.0573181,0.017131396,-0.044379648,-0.44619954,0,1.0,1.0576607,-0.17733553,-0.05330364,-0.1678297,0
18,231,1.0576607,-0.17733553,-0.05330364,-0.1678297,0,1.0,1.054114,-0.37165558,-0.056660235,0.10757253,0
18,232,1.054114,-0.37165558,-0.056660235,0.10757253,0,1.0,1.0466809,-0.5659217,-0.054508783,0.38185495,0
18,233,1.0466809,-0.5659217,-0.054508783,0.38185495,1,1.0,1.0353625,-0.3700699,-0.046871684,0.07249584,0
18,234,1.0353625,-0.3700699,-0.046871684,0.07249584,1,1.0,1.027961,-0.17430839,-0.045421768,-0.23459913,0
18,235,1.027961,-0.17430839,-0.045421768,-0.23459913,0,1.0,1.0244749,-0.36875293,-0.050113752,0.04341745,0
18,236,1.0244749,-0.36875293,-0.050113752,0.04341745,1,1.0,1.0170999,-0.17294952,-0.049245402,-0.2646462,0
18,237,1.0170999,-0.17294952,-0.049245402,-0.2646462,0,1.0,1.0136409,-0.36733526,-0.054538324,0.012106615,0
18,238,1.0136409,-0.36733526,-0.054538324,0.012106615,0,1.0,1.0062941,-0.56163436,-0.054296196,0.2870956,0
18,239,1.0062941,-0.56163436,-0.054296196,0.2870956,1,1.0,0.99506146,-0.3657818,-0.048554283,-0.0222055,0
18,240,0.99506146,-0.3657818,-0.048554283,-0.0222055,0,1.0,0.9877458,-0.56017506,-0.048998393,0.25477132,0
18,241,0.9877458,-0.56017506,-0.048998393,0.25477132,1,1.0,0.97654235,-0.36438897,-0.043902963,-0.05295506,0
18,242,0.97654235,-0.36438897,-0.043902963,-0.05295506,1,1.0,0.96925455,-0.16866592,-0.044962067,-0.3591601,0
18,243,0.96925455,-0.16866592,-0.044962067,-0.3591601,0,1.0,0.9658812,-0.36312082,-0.05214527,-0.08098691,0
18,244,0.9658812,-0.36312082,-0.05214527,-0.08098691,0,1.0,0.9586188,-0.557458,-0.053765006,0.19479886,0
18,245,0.9586188,-0.557458,-0.053765006,0.19479886,1,1.0,0.94746965,-0.36160982,-0.04986903,-0.11434819,0
18,246,0.94746965,-0.36160982,-0.04986903,-0.11434819,0,1.0,0.94023746,-0.55598307,-0.052155994,0.16219378,0
18,247,0.94023746,-0.55598307,-0.052155994,0.16219378,1,1.0,0.9291178,-0.36015475,-0.04891212,-0.14647615,0
18,248,0.9291178,-0.36015475,-0.04891212,-0.14647615,0,1.0,0.9219147,-0.5545434,-0.05184164,0.13038363,0
18,249,0.9219147,-0.5545434,-0.05184164,0.13038363,1,1.0,0.9108238,-0.3587186,-0.04923397,-0.17819352,0
18,250,0.9108238,-0.3587186,-0.04923397,-0.17819352,0,1.0,0.90364945,-0.5531027,-0.05279784,0.09856035,0
18,251,0.90364945,-0.5531027,-0.05279784,0.09856035,0,1.0,0.8925874,-0.7474297,-0.05082663,0.37412938,0
18,252,0.8925874,-0.7474297,-0.05082663,0.37412938,1,1.0,0.8776388,-0.55162406,-0.043344043,0.06586353,0
18,253,0.8776388,-0.55162406,-0.043344043,0.06586353,1,1.0,0.86660635,-0.35590833,-0.042026773,-0.24017347,0
18,254,0.86660635,-0.35590833,-0.042026773,-0.24017347,0,1.0,0.8594882,-0.5504055,-0.046830244,0.038962442,0
18,255,0.8594882,-0.5504055,-0.046830244,0.038962442,1,1.0,0.84848005,-0.3546444,-0.046050992,-0.26812038,0
18,256,0.84848005,-0.3546444,-0.046050992,-0.26812038,0,1.0,0.84138715,-0.5490799,-0.051413402,0.009689507,0
18,257,0.84138715,-0.5490799,-0.051413402,0.009689507,0,1.0,0.8304056,-0.74342823,-0.051219612,0.28571793,0
18,258,0.8304056,-0.74342823,-0.051219612,0.28571793,1,1.0,0.815537,-0.54761463,-0.04550525,-0.022669239,0
18,259,0.815537,-0.54761463,-0.04550525,-0.022669239,0,1.0,0.8045847,-0.7420555,-0.04595864,0.25531614,0
18,260,0.8045847,-0.7420555,-0.04595864,0.25531614,1,1.0,0.7897436,-0.5463085,-0.040852316,-0.05150138,0
18,261,0.7897436,-0.5463085,-0.040852316,-0.05150138,0,1.0,0.7788174,-0.7408216,-0.04188234,0.22801758,0
18,262,0.7788174,-0.7408216,-0.04188234,0.22801758,1,1.0,0.764001,-0.5451269,-0.03732199,-0.07757683,0
18,263,0.764001,-0.5451269,-0.03732199,-0.07757683,0,1.0,0.7530985,-0.7396945,-0.038873527,0.2031012,0
18,264,0.7530985,-0.7396945,-0.038873527,0.2031012,1,1.0,0.73830456,-0.5440388,-0.034811504,-0.10158657,0
18,265,0.73830456,-0.5440388,-0.034811504,-0.10158657,0,1.0,0.7274238,-0.738645,-0.036843233,0.17991337,0
18,266,0.7274238,-0.738645,-0.036843233,0.17991337,1,1.0,0.7126509,-0.5430157,-0.033244967,-0.12416086,0
18,267,0.7126509,-0.5430157,-0.033244967,-0.12416086,0,1.0,0.7017906,-0.737646,-0.035728183,0.15785103,0
18,268,0.7017906,-0.737646,-0.035728183,0.15785103,1,1.0,0.68703765,-0.5420312,-0.032571163,-0.14588574,0
18,269,0.68703765,-0.5420312,-0.032571163,-0.14588574,0,1.0,0.67619705,-0.736672,-0.035488877,0.1363463,0
18,270,0.67619705,-0.736672,-0.035488877,0.1363463,1,1.0,0.6614636,-0.54106015,-0.032761954,-0.16731822,0
18,271,0.6614636,-0.54106015,-0.032761954,-0.16731822,0,1.0,0.6506424,-0.7356982,-0.036108315,0.11485188,0
18,272,0.6506424,-0.7356982,-0.036108315,0.11485188,1,1.0,0.63592845,-0.540078,-0.03381128,-0.18900074,0
18,273,0.63592845,-0.540078,-0.03381128,-0.18900074,0,1.0,0.6251269,-0.73470026,-0.037591293,0.09282727,0
18,274,0.6251269,-0.73470026,-0.037591293,0.09282727,1,1.0,0.61043286,-0.53906024,-0.035734747,-0.21147469,0
18,275,0.61043286,-0.53906024,-0.035734747,-0.21147469,0,1.0,0.59965163,-0.73365355,-0.039964244,0.06972512,0
18,276,0.59965163,-0.73365355,-0.039964244,0.06972512,1,1.0,0.5849786,-0.5379821,-0.03856974,-0.23529406,0
18,277,0.5849786,-0.5379821,-0.03856974,-0.23529406,0,1.0,0.5742189,-0.7325324,-0.04327562,0.044977624,0
18,278,0.5742189,-0.7325324,-0.04327562,0.044977624,0,1.0,0.5595683,-0.9270079,-0.042376067,0.32369876,0
18,279,0.5595683,-0.9270079,-0.042376067,0.32369876,1,1.0,0.54102814,-0.731309,-0.035902094,0.017959058,0
18,280,0.54102814,-0.731309,-0.035902094,0.017959058,1,1.0,0.52640194,-0.535691,-0.035542913,-0.28583172,0
18,281,0.52640194,-0.535691,-0.035542913,-0.28583172,0,1.0,0.5156881,-0.73028857,-0.041259546,-0.004567249,0
18,282,0.5156881,-0.73028857,-0.041259546,-0.004567249,0,1.0,0.50108236,-0.9247952,-0.04135089,0.27481762,0
18,283,0.50108236,-0.9247952,-0.04135089,0.27481762,1,1.0,0.48258647,-0.72910845,-0.03585454,-0.030615358,0
18,284,0.48258647,-0.72910845,-0.03585454,-0.030615358,0,1.0,0.4680043,-0.92369837,-0.036466844,0.25054294,0
18,285,0.4680043,-0.92369837,-0.036466844,0.25054294,1,1.0,0.44953033,-0.72807515,-0.031455986,-0.05341566,0
18,286,0.44953033,-0.72807515,-0.031455986,-0.05341566,0,1.0,0.43496883,-0.92273223,-0.0325243,0.22917904,0
18,287,0.43496883,-0.92273223,-0.0325243,0.22917904,1,1.0,0.4165142,-0.727161,-0.02794072,-0.07358317,0
18,288,0.4165142,-0.727161,-0.02794072,-0.07358317,0,1.0,0.40197095,-0.9218715,-0.029412383,0.21015504,0
18,289,0.40197095,-0.9218715,-0.029412383,0.21015504,1,1.0,0.38353354,-0.7263416,-0.025209282,-0.09165892,0
18,290,0.38353354,-0.7263416,-0.025209282,-0.09165892,0,1.0,0.3690067,-0.9210933,-0.02704246,0.19296509,0
18,291,0.3690067,-0.9210933,-0.02704246,0.19296509,1,1.0,0.35058483,-0.7255952,-0.02318316,-0.10812443,0
18,292,0.35058483,-0.7255952,-0.02318316,-0.10812443,0,1.0,0.33607292,-0.9203774,-0.025345648,0.1771551,0
18,293,0.33607292,-0.9203774,-0.025345648,0.1771551,1,1.0,0.3176654,-0.72490203,-0.021802545,-0.123414524,0
18,294,0.3176654,-0.72490203,-0.021802545,-0.123414524,0,1.0,0.30316734,-0.9197049,-0.024270836,0.16231097,0
18,295,0.30316734,-0.9197049,-0.024270836,0.16231097,1,1.0,0.28477323,-0.7242441,-0.021024616,-0.13792887,0
18,296,0.28477323,-0.7242441,-0.021024616,-0.13792887,0,1.0,0.27028835,-0.9190587,-0.023783194,0.14804767,0
18,297,0.27028835,-0.9190587,-0.023783194,0.14804767,1,1.0,0.2519072,-0.7236044,-0.02082224,-0.1520425,0
18,298,0.2519072,-0.7236044,-0.02082224,-0.1520425,0,1.0,0.2374351,-0.9184221,-0.02386309,0.13399942,0
18,299,0.2374351,-0.9184221,-0.02386309,0.13399942,1,1.0,0.21906666,-0.7229666,-0.021183101,-0.16611542,0
18,300,0.21906666,-0.7229666,-0.021183101,-0.16611542,0,1.0,0.20460732,-0.917779,-0.02450541,0.11981028,0
18,301,0.20460732,-0.917779,-0.02450541,0.11981028,1,1.0,0.18625174,-0.7223147,-0.022109205,-0.18050204,0
18,302,0.18625174,-0.7223147,-0.022109205,-0.18050204,0,1.0,0.17180546,-0.9171134,-0.025719246,0.10512504,0
18,303,0.17180546,-0.9171134,-0.025719246,0.10512504,1,1.0,0.15346318,-0.7216325,-0.023616744,-0.19555996,0
18,304,0.15346318,-0.7216325,-0.023616744,-0.19555996,0,1.0,0.13903053,-0.91640884,-0.027527943,0.08958035,0
18,305,0.13903053,-0.91640884,-0.027527943,0.08958035,1,1.0,0.120702356,-0.72090334,-0.025736338,-0.21165897,0
18,306,0.120702356,-0.72090334,-0.025736338,-0.21165897,0,1.0,0.10628429,-0.91564804,-0.029969515,0.072795704,0
18,307,0.10628429,-0.91564804,-0.029969515,0.072795704,1,1.0,0.08797133,-0.7201095,-0.028513603,-0.22919005,0
18,308,0.08797133,-0.7201095,-0.028513603,-0.22919005,0,1.0,0.07356914,-0.9148127,-0.0330974,0.05436406,0
18,309,0.07356914,-0.9148127,-0.0330974,0.05436406,1,1.0,0.05527289,-0.71923214,-0.032010123,-0.24857488,0
18,310,0.05527289,-0.71923214,-0.032010123,-0.24857488,0,1.0,0.040888242,-0.9138827,-0.03698162,0.03384197,0
18,311,0.040888242,-0.9138827,-0.03698162,0.03384197,1,1.0,0.02261059,-0.71825045,-0.03630478,-0.27027586,0
18,312,0.02261059,-0.71825045,-0.03630478,-0.27027586,0,1.0,0.00824558,-0.912836,-0.0417103,0.0107389195,0
18,313,0.00824558,-0.912836,-0.0417103,0.0107389195,0,1.0,-0.01001114,-1.1073358,-0.04149552,0.28997546,0
18,314,-0.01001114,-1.1073358,-0.04149552,0.28997546,1,1.0,-0.032157857,-0.91164744,-0.03569601,-0.015500525,0
18,315,-0.032157857,-0.91164744,-0.03569601,-0.015500525,0,1.0,-0.050390802,-1.1062398,-0.03600602,0.2657096,0
18,316,-0.050390802,-1.1062398,-0.03600602,0.2657096,1,1.0,-0.0725156,-0.9106229,-0.030691827,-0.03810896,0
18,317,-0.0725156,-0.9106229,-0.030691827,-0.03810896,0,1.0,-0.09072806,-1.1052916,-0.031454008,0.24473457,0
18,318,-0.09072806,-1.1052916,-0.031454008,0.24473457,1,1.0,-0.11283389,-0.90973485,-0.026559316,-0.057701424,0
18,319,-0.11283389,-0.90973485,-0.026559316,-0.057701424,0,1.0,-0.1310286,-1.1044661,-0.027713344,0.22648494,0
18,320,-0.1310286,-1.1044661,-0.027713344,0.22648494,1,1.0,-0.15311791,-0.90895927,-0.023183646,-0.07480937,0
18,321,-0.15311791,-0.90895927,-0.023183646,-0.07480937,0,1.0,-0.17129709,-1.1037413,-0.024679832,0.21046981,0
18,322,-0.17129709,-1.1037413,-0.024679832,0.21046981,1,1.0,-0.19337192,-0.90827537,-0.020470437,-0.089895,0
18,323,-0.19337192,-0.90827537,-0.020470437,-0.089895,0,1.0,-0.21153742,-1.103098,-0.022268336,0.19625986,0
18,324,-0.21153742,-1.103098,-0.022268336,0.19625986,1,1.0,-0.23359938,-0.9076647,-0.01834314,-0.10336374,0
18,325,-0.23359938,-0.9076647,-0.01834314,-0.10336374,0,1.0,-0.25175267,-1.102519,-0.020410413,0.18347602,0
18,326,-0.25175267,-1.102519,-0.020410413,0.18347602,1,1.0,-0.27380306,-0.9071111,-0.016740894,-0.11557511,0
18,327,-0.27380306,-0.9071111,-0.016740894,-0.11557511,0,1.0,-0.29194528,-1.1019893,-0.019052396,0.17177953,0
18,328,-0.29194528,-1.1019893,-0.019052396,0.17177953,1,1.0,-0.31398508,-0.9065998,-0.015616805,-0.12685242,0
18,329,-0.31398508,-0.9065998,-0.015616805,-0.12685242,0,1.0,-0.33211705,-1.1014947,-0.018153854,0.16086295,0
18,330,-0.33211705,-1.1014947,-0.018153854,0.16086295,1,1.0,-0.35414696,-0.90611756,-0.014936594,-0.13749132,0
18,331,-0.35414696,-0.90611756,-0.014936594,-0.13749132,0,1.0,-0.3722693,-1.1010224,-0.017686421,0.15044217,0
18,332,-0.3722693,-1.1010224,-0.017686421,0.15044217,1,1.0,-0.39428976,-0.90565175,-0.014677578,-0.14776756,0
18,333,-0.39428976,-0.90565175,-0.014677578,-0.14776756,0,1.0,-0.41240278,-1.1005604,-0.017632928,0.14024898,0
18,334,-0.41240278,-1.1005604,-0.017632928,0.14024898,1,1.0,-0.434414,-0.90519047,-0.014827949,-0.15794426,0
18,335,-0.434414,-0.90519047,-0.014827949,-0.15794426,0,1.0,-0.4525178,-1.100097,-0.017986834,0.13002416,0
18,336,-0.4525178,-1.100097,-0.017986834,0.13002416,1,1.0,-0.47451976,-0.9047221,-0.01538635,-0.16827866,0
18,337,-0.47451976,-0.9047221,-0.01538635,-0.16827866,0,1.0,-0.49261418,-1.0996205,-0.018751925,0.119510874,0
18,338,-0.49261418,-1.0996205,-0.018751925,0.119510874,1,1.0,-0.5146066,-0.9042349,-0.016361706,-0.17902863,0
18,339,-0.5146066,-0.9042349,-0.016361706,-0.17902863,0,1.0,-0.5326913,-1.099119,-0.01994228,0.10844816,0
18,340,-0.5326913,-1.099119,-0.01994228,0.10844816,1,1.0,-0.5546737,-0.903717,-0.017773315,-0.19045915,0
18,341,-0.5546737,-0.903717,-0.017773315,-0.19045915,0,1.0,-0.572748,-1.0985802,-0.0215825,0.096564464,0
18,342,-0.572748,-1.0985802,-0.0215825,0.096564464,1,1.0,-0.5947196,-0.9031557,-0.01965121,-0.2028488,0
18,343,-0.5947196,-0.9031557,-0.01965121,-0.2028488,0,1.0,-0.6127827,-1.0979912,-0.023708185,0.0835709,0
18,344,-0.6127827,-1.0979912,-0.023708185,0.0835709,1,1.0,-0.63474256,-0.9025375,-0.022036767,-0.21649672,0
18,345,-0.63474256,-0.9025375,-0.022036767,-0.21649672,0,1.0,-0.6527933,-1.0973376,-0.026366701,0.0691542,0
18,346,-0.6527933,-1.0973376,-0.026366701,0.0691542,0,1.0,-0.6747401,-1.2920718,-0.024983618,0.35340306,0
18,347,-0.6747401,-1.2920718,-0.024983618,0.35340306,1,1.0,-0.7005815,-1.0966038,-0.017915556,0.052947957,0
18,348,-0.7005815,-1.0966038,-0.017915556,0.052947957,0,1.0,-0.72251356,-1.2914642,-0.016856598,0.33992496,0
18,349,-0.72251356,-1.2914642,-0.016856598,0.33992496,1,1.0,-0.7483429,-1.0961065,-0.010058098,0.041974463,0
18,350,-0.7483429,-1.0961065,-0.010058098,0.041974463,1,1.0,-0.770265,-0.90084183,-0.009218609,-0.25386485,0
18,351,-0.770265,-0.90084183,-0.009218609,-0.25386485,0,1.0,-0.7882818,-1.0958309,-0.014295906,0.03589617,0
18,352,-0.7882818,-1.0958309,-0.014295906,0.03589617,0,1.0,-0.8101984,-1.290745,-0.013577982,0.32403454,0
18,353,-0.8101984,-1.290745,-0.013577982,0.32403454,1,1.0,-0.8360133,-1.0954324,-0.0070972913,0.027100787,0
18,354,-0.8360133,-1.0954324,-0.0070972913,0.027100787,1,1.0,-0.857922,-0.90020937,-0.0065552755,-0.26781294,0
18,355,-0.857922,-0.90020937,-0.0065552755,-0.26781294,0,1.0,-0.8759262,-1.0952371,-0.011911535,0.02279522,0
18,356,-0.8759262,-1.0952371,-0.011911535,0.02279522,0,1.0,-0.8978309,-1.2901863,-0.01145563,0.31169626,0
18,357,-0.8978309,-1.2901863,-0.01145563,0.31169626,1,1.0,-0.92363465,-1.094903,-0.005221705,0.015422688,0
18,358,-0.92363465,-1.094903,-0.005221705,0.015422688,0,1.0,-0.9455327,-1.2899497,-0.0049132514,0.30645356,0
18,359,-0.9455327,-1.2899497,-0.0049132514,0.30645356,1,1.0,-0.9713317,-1.094758,0.0012158196,0.0122251585,0
18,360,-0.9713317,-1.094758,0.0012158196,0.0122251585,1,1.0,-0.9932269,-0.89965355,0.0014603229,-0.2800739,0
18,361,-0.9932269,-0.89965355,0.0014603229,-0.2800739,0,1.0,-1.01122,-1.0947963,-0.0041411556,0.013069236,0
18,362,-1.01122,-1.0947963,-0.0041411556,0.013069236,0,1.0,-1.0331159,-1.2898587,-0.0038797709,0.3044427,0
18,363,-1.0331159,-1.2898587,-0.0038797709,0.3044427,1,1.0,-1.058913,-1.0946816,0.0022090834,0.0105387205,0
18,364,-1.058913,-1.0946816,0.0022090834,0.0105387205,1,1.0,-1.0808066,-0.89959145,0.0024198578,-0.2814464,0
18,365,-1.0808066,-0.89959145,0.0024198578,-0.2814464,0,1.0,-1.0987985,-1.0947478,-0.00320907,0.011998762,0
18,366,-1.0987985,-1.0947478,-0.00320907,0.011998762,0,1.0,-1.1206934,-1.2898237,-0.0029690948,0.30366746,0
18,367,-1.1206934,-1.2898237,-0.0029690948,0.30366746,1,1.0,-1.14649,-1.0946594,0.0031042544,0.010049633,0
18,368,-1.14649,-1.0946594,0.0031042544,0.010049633,0,1.0,-1.1683831,-1.2898258,0.003305247,0.30371037,0
18,369,-1.1683831,-1.2898258,0.003305247,0.30371037,1,1.0,-1.1941797,-1.0947511,0.009379455,0.012071673,0
18,370,-1.1941797,-1.0947511,0.009379455,0.012071673,1,1.0,-1.2160747,-0.8997649,0.009620888,-0.2776372,0
18,371,-1.2160747,-0.8997649,0.009620888,-0.2776372,0,1.0,-1.23407,-1.0950228,0.004068143,0.018064527,0
18,372,-1.23407,-1.0950228,0.004068143,0.018064527,0,1.0,-1.2559704,-1.2902029,0.004429434,0.31202823,0
18,373,-1.2559704,-1.2902029,0.004429434,0.31202823,1,1.0,-1.2817744,-1.0951443,0.010669998,0.020745486,0
18,374,-1.2817744,-1.0951443,0.010669998,0.020745486,1,1.0,-1.3036773,-0.90017694,0.011084908,-0.26855192,0
18,375,-1.3036773,-0.90017694,0.011084908,-0.26855192,0,1.0,-1.3216809,-1.0954553,0.0057138694,0.027606538,0
18,376,-1.3216809,-1.0954553,0.0057138694,0.027606538,0,1.0,-1.34359,-1.2906587,0.006266,0.32208675,0
18,377,-1.34359,-1.2906587,0.006266,0.32208675,1,1.0,-1.3694031,-1.0956266,0.012707735,0.031386454,0
18,378,-1.3694031,-1.0956266,0.012707735,0.031386454,1,1.0,-1.3913157,-0.9006891,0.0133354645,-0.2572601,0
18,379,-1.3913157,-0.9006891,0.0133354645,-0.2572601,0,1.0,-1.4093295,-1.0959989,0.008190262,0.039599013,0
18,380,-1.4093295,-1.0959989,0.008190262,0.039599013,0,1.0,-1.4312495,-1.2912374,0.008982242,0.33485475,0
18,381,-1.4312495,-1.2912374,0.008982242,0.33485475,1,1.0,-1.4570742,-1.0962443,0.015679337,0.04501784,0
18,382,-1.4570742,-1.0962443,0.015679337,0.04501784,1,1.0,-1.4789991,-0.90135074,0.016579695,-0.24267717,0
18,383,-1.4789991,-0.90135074,0.016579695,-0.24267717,0,1.0,-1.4970261,-1.0967056,0.011726151,0.055188976,0
18,384,-1.4970261,-1.0967056,0.011726151,0.055188976,0,1.0,-1.5189602,-1.2919936,0.0128299305,0.3515484,0
18,385,-1.5189602,-1.2919936,0.0128299305,0.3515484,1,1.0,-1.5448,-1.0970565,0.0198609,0.06293861,0
18,386,-1.5448,-1.0970565,0.0198609,0.06293861,1,1.0,-1.5667412,-0.90222484,0.021119671,-0.2234125,0
18,387,-1.5667412,-0.90222484,0.021119671,-0.2234125,0,1.0,-1.5847857,-1.0976422,0.016651422,0.075856864,0
18,388,-1.5847857,-1.0976422,0.016651422,0.075856864,1,1.0,-1.6067386,-0.90276283,0.018168557,-0.21152632,0
18,389,-1.6067386,-0.90276283,0.018168557,-0.21152632,0,1.0,-1.6247938,-1.0981398,0.013938032,0.086832,0
18,390,-1.6247938,-1.0981398,0.013938032,0.086832,0,1.0,-1.6467566,-1.2934587,0.015674671,0.3838796,0
18,391,-1.6467566,-1.2934587,0.015674671,0.3838796,1,1.0,-1.6726258,-1.0985628,0.023352263,0.09617976,0
18,392,-1.6726258,-1.0985628,0.023352263,0.09617976,1,1.0,-1.694597,-0.9037832,0.02527586,-0.18904504,0
18,393,-1.694597,-0.9037832,0.02527586,-0.18904504,0,1.0,-1.7126727,-1.0992575,0.021494959,0.11150302,0
18,394,-1.7126727,-1.0992575,0.021494959,0.11150302,1,1.0,-1.7346579,-0.90445,0.023725018,-0.17432162,0
18,395,-1.7346579,-0.90445,0.023725018,-0.17432162,0,1.0,-1.7527468,-1.0999033,0.020238586,0.12575035,0
18,396,-1.7527468,-1.0999033,0.020238586,0.12575035,1,1.0,-1.7747449,-0.9050771,0.022753593,-0.16047944,0
18,397,-1.7747449,-0.9050771,0.022753593,-0.16047944,0,1.0,-1.7928464,-1.1005173,0.019544004,0.13929392,0
18,398,-1.7928464,-1.1005173,0.019544004,0.13929392,1,1.0,-1.8148568,-0.9056806,0.022329884,-0.14715967,0
18,399,-1.8148568,-0.9056806,0.022329884,-0.14715967,0,1.0,-1.8329704,-1.1011151,0.01938669,0.15248342,0
18,400,-1.8329704,-1.1011151,0.01938669,0.15248342,1,1.0,-1.8549927,-0.90627605,0.022436358,-0.13402094,0
18,401,-1.8549927,-0.90627605,0.022436358,-0.13402094,0,1.0,-1.8731183,-1.101712,0.019755939,0.16565505,0
18,402,-1.8731183,-1.101712,0.019755939,0.16565505,1,1.0,-1.8951524,-0.9068784,0.023069039,-0.12073054,0
18,403,-1.8951524,-0.9068784,0.023069039,-0.12073054,0,1.0,-1.91329,-1.1023232,0.020654429,0.17914025,0
18,404,-1.91329,-1.1023232,0.020654429,0.17914025,1,1.0,-1.9353365,-0.9075027,0.024237234,-0.10695602,0
18,405,-1.9353365,-0.9075027,0.024237234,-0.10695602,0,1.0,-1.9534866,-1.1029634,0.022098113,0.19327402,0
18,406,-1.9534866,-1.1029634,0.022098113,0.19327402,1,1.0,-1.9755459,-0.9081645,0.025963593,-0.092356786,0
18,407,-1.9755459,-0.9081645,0.025963593,-0.092356786,0,1.0,-1.9937091,-1.1036488,0.024116458,0.20840324,0
18,408,-1.9937091,-1.1036488,0.024116458,0.20840324,1,1.0,-2.015782,-0.9088798,0.028284524,-0.076575674,0
18,409,-2.015782,-0.9088798,0.028284524,-0.076575674,0,1.0,-2.0339596,-1.1043956,0.02675301,0.22489522,0
18,410,-2.0339596,-1.1043956,0.02675301,0.22489522,1,1.0,-2.0560477,-0.909666,0.031250913,-0.059230182,0
18,411,-2.0560477,-0.909666,0.031250913,-0.059230182,0,1.0,-2.074241,-1.1052217,0.030066311,0.24314651,0
18,412,-2.074241,-1.1052217,0.030066311,0.24314651,1,1.0,-2.0963454,-0.9105419,0.034929242,-0.039903156,0
18,413,-2.0963454,-0.9105419,0.034929242,-0.039903156,0,1.0,-2.1145563,-1.1061469,0.034131177,0.26359245,0
18,414,-2.1145563,-1.1061469,0.034131177,0.26359245,1,1.0,-2.1366792,-0.9115283,0.039403025,-0.018132774,0
18,415,-2.1366792,-0.9115283,0.039403025,-0.018132774,0,1.0,-2.1549096,-1.1071925,0.03904037,0.28671727,0
18,416,-2.1549096,-1.1071925,0.03904037,0.28671727,1,1.0,-2.1770535,-0.9126485,0.044774715,0.0065984665,0
18,417,-2.1770535,-0.9126485,0.044774715,0.0065984665,0,1.0,-2.1953065,-1.108383,0.044906687,0.31306538,0
18,418,-2.1953065,-1.108383,0.044906687,0.31306538,1,1.0,-2.2174742,-0.91392857,0.051167995,0.03487595,0
18,419,-2.2174742,-0.91392857,0.051167995,0.03487595,1,1.0,-2.2357528,-0.71957636,0.05186551,-0.24123406,0
18,420,-2.2357528,-0.71957636,0.05186551,-0.24123406,0,1.0,-2.2501442,-0.9153993,0.04704083,0.06734705,0
18,421,-2.2501442,-0.9153993,0.04704083,0.06734705,1,1.0,-2.2684522,-0.72098225,0.048387773,-0.21013103,0
18,422,-2.2684522,-0.72098225,0.048387773,-0.21013103,0,1.0,-2.282872,-0.91676146,0.04418515,0.09741452,0
18,423,-2.282872,-0.91676146,0.04418515,0.09741452,1,1.0,-2.301207,-0.72229975,0.04613344,-0.18100719,0
18,424,-2.301207,-0.72229975,0.04613344,-0.18100719,0,1.0,-2.315653,-0.9180504,0.0425133,0.12586486,0
18,425,-2.315653,-0.9180504,0.0425133,0.12586486,1,1.0,-2.3340142,-0.7235625,0.045030594,-0.1531083,0
18,426,-2.3340142,-0.7235625,0.045030594,-0.1531083,0,1.0,-2.3484855,-0.9192993,0.04196843,0.15343384,0
18,427,-2.3484855,-0.9192993,0.04196843,0.15343384,1,1.0,-2.3668714,-0.7248027,0.045037106,-0.12571919,0
18,428,-2.3668714,-0.7248027,0.045037106,-0.12571919,0,1.0,-2.3813674,-0.9205399,0.04252272,0.18082541,0
18,429,-2.3813674,-0.9205399,0.04252272,0.18082541,1,1.0,-2.3997781,-0.7260514,0.046139233,-0.09814569,0
18,430,-2.3997781,-0.7260514,0.046139233,-0.09814569,0,1.0,-2.4142992,-0.92180324,0.044176318,0.20872965,1
19,0,-0.028307315,-0.0104004955,-0.0033115835,0.032875195,0,1.0,-0.028515324,-0.2054748,-0.0026540796,0.32451144,0
19,1,-0.028515324,-0.2054748,-0.0026540796,0.32451144,1,1.0,-0.03262482,-0.010315159,0.0038361491,0.030992717,0
19,2,-0.03262482,-0.010315159,0.0038361491,0.030992717,0,1.0,-0.032831125,-0.20549192,0.0044560037,0.32488352,0
19,3,-0.032831125,-0.20549192,0.0044560037,0.32488352,1,1.0,-0.036940962,-0.010433691,0.010953674,0.033609148,0
19,4,-0.036940962,-0.010433691,0.010953674,0.033609148,0,1.0,-0.037149634,-0.20571099,0.011625857,0.32972786,0
19,5,-0.037149634,-0.20571099,0.011625857,0.32972786,1,1.0,-0.041263856,-0.010756455,0.018220413,0.040733725,0
19,6,-0.041263856,-0.010756455,0.018220413,0.040733725,1,1.0,-0.041478984,0.18409954,0.019035088,-0.24614525,0
19,7,-0.041478984,0.18409954,0.019035088,-0.24614525,0,1.0,-0.037796993,-0.011289028,0.014112183,0.05248049,0
19,8,-0.037796993,-0.011289028,0.014112183,0.05248049,1,1.0,-0.038022775,0.18362775,0.015161793,-0.23571673,0
19,9,-0.038022775,0.18362775,0.015161793,-0.23571673,0,1.0,-0.03435022,-0.011707495,0.010447458,0.061709866,0
19,10,-0.03435022,-0.011707495,0.010447458,0.061709866,0,1.0,-0.03458437,-0.20697767,0.011681655,0.35767063,0
19,11,-0.03458437,-0.20697767,0.011681655,0.35767063,1,1.0,-0.038723923,-0.012023723,0.018835068,0.068694,0
19,12,-0.038723923,-0.012023723,0.018835068,0.068694,1,1.0,-0.0389644,0.1828232,0.02020895,-0.21798736,0
19,13,-0.0389644,0.1828232,0.02020895,-0.21798736,0,1.0,-0.035307933,-0.012581724,0.015849201,0.0810012,0
19,14,-0.035307933,-0.012581724,0.015849201,0.0810012,1,1.0,-0.03555957,0.18230948,0.017469225,-0.20663942,0
19,15,-0.03555957,0.18230948,0.017469225,-0.20663942,0,1.0,-0.031913377,-0.013057861,0.013336437,0.09150257,0
19,16,-0.031913377,-0.013057861,0.013336437,0.09150257,1,1.0,-0.032174535,0.18187042,0.0151664885,-0.19694306,0
19,17,-0.032174535,0.18187042,0.0151664885,-0.19694306,0,1.0,-0.028537126,-0.013465145,0.011227627,0.10048537,0
19,18,-0.028537126,-0.013465145,0.011227627,0.10048537,1,1.0,-0.02880643,0.18149412,0.013237335,-0.18863423,0
19,19,-0.02880643,0.18149412,0.013237335,-0.18863423,0,1.0,-0.025176547,-0.013814696,0.00946465,0.108194984,0
19,20,-0.025176547,-0.013814696,0.00946465,0.108194984,0,1.0,-0.025452841,-0.209071,0.01162855,0.40384886,0
19,21,-0.025452841,-0.209071,0.01162855,0.40384886,1,1.0,-0.02963426,-0.014115871,0.019705527,0.11485468,0
19,22,-0.02963426,-0.014115871,0.019705527,0.11485468,1,1.0,-0.029916577,0.18071827,0.02200262,-0.17154674,0
19,23,-0.029916577,0.18071827,0.02200262,-0.17154674,0,1.0,-0.026302213,-0.01471158,0.018571686,0.12799533,0
19,24,-0.026302213,-0.01471158,0.018571686,0.12799533,1,1.0,-0.026596444,0.18013947,0.021131592,-0.15877108,0
19,25,-0.026596444,0.18013947,0.021131592,-0.15877108,0,1.0,-0.022993654,-0.015278548,0.017956171,0.14050272,0
19,26,-0.022993654,-0.015278548,0.017956171,0.14050272,1,1.0,-0.023299227,0.17958169,0.020766225,-0.14646168,0
19,27,-0.023299227,0.17958169,0.020766225,-0.14646168,0,1.0,-0.019707592,-0.015831394,0.017836992,0.15269957,0
19,28,-0.019707592,-0.015831394,0.017836992,0.15269957,1,1.0,-0.02002422,0.17903067,0.020890983,-0.13430323,0
19,29,-0.02002422,0.17903067,0.020890983,-0.13430323,0,1.0,-0.016443606,-0.016384192,0.018204918,0.1648966,0
19,30,-0.016443606,-0.016384192,0.018204918,0.1648966,1,1.0,-0.01677129,0.17847249,0.02150285,-0.121988036,0
19,31,-0.01677129,0.17847249,0.02150285,-0.121988036,0,1.0,-0.01320184,-0.016950825,0.019063089,0.17740053,0
19,32,-0.01320184,-0.016950825,0.019063089,0.17740053,1,1.0,-0.013540857,0.1778932,0.0226111,-0.10920821,0
19,33,-0.013540857,0.1778932,0.0226111,-0.10920821,0,1.0,-0.009982993,-0.017545339,0.020426936,0.19052176,0
19,34,-0.009982993,-0.017545339,0.020426936,0.19052176,1,1.0,-0.010333899,0.17727852,0.024237372,-0.095647946,0
19,35,-0.010333899,0.17727852,0.024237372,-0.095647946,0,1.0,-0.006788329,-0.018182281,0.022324413,0.20458223,0
19,36,-0.006788329,-0.018182281,0.022324413,0.20458223,1,1.0,-0.007151975,0.17661342,0.026416058,-0.08097569,0
19,37,-0.007151975,0.17661342,0.026416058,-0.08097569,0,1.0,-0.0036197065,-0.018877052,0.024796544,0.21992314,0
19,38,-0.0036197065,-0.018877052,0.024796544,0.21992314,1,1.0,-0.0039972477,0.17588183,0.029195005,-0.06483595,0
19,39,-0.0039972477,0.17588183,0.029195005,-0.06483595,1,1.0,-0.0004796108,0.3705733,0.027898287,-0.34816658,0
19,40,-0.0004796108,0.3705733,0.027898287,-0.34816658,0,1.0,0.0069318553,0.17506589,0.020934954,-0.046818558,0
19,41,0.0069318553,0.17506589,0.020934954,-0.046818558,0,1.0,0.010433173,-0.0203499,0.019998584,0.25239533,0
19,42,0.010433173,-0.0203499,0.019998584,0.25239533,1,1.0,0.0100261755,0.17448086,0.02504649,-0.033913188,0
19,43,0.0100261755,0.17448086,0.02504649,-0.033913188,0,1.0,0.013515793,-0.020991145,0.024368227,0.26656577,0
19,44,0.013515793,-0.020991145,0.024368227,0.26656577,1,1.0,0.013095969,0.1737747,0.029699542,-0.018332722,0
19,45,0.013095969,0.1737747,0.029699542,-0.018332722,1,1.0,0.016571464,0.36845842,0.029332887,-0.30149913,0
19,46,0.016571464,0.36845842,0.029332887,-0.30149913,0,1.0,0.023940632,0.17293094,0.023302905,0.00028855365,0
19,47,0.023940632,0.17293094,0.023302905,0.00028855365,1,1.0,0.027399251,0.36771107,0.023308676,-0.2849519,0
19,48,0.027399251,0.36771107,0.023308676,-0.2849519,0,1.0,0.03475347,0.17226458,0.017609637,0.0149903465,0
19,49,0.03475347,0.17226458,0.017609637,0.0149903465,0,1.0,0.03819876,-0.023105437,0.017909445,0.3131769,0
19,50,0.03819876,-0.023105437,0.017909445,0.3131769,1,1.0,0.037736654,0.17175686,0.024172982,0.026195413,0
19,51,0.037736654,0.17175686,0.024172982,0.026195413,1,1.0,0.041171793,0.36652395,0.02469689,-0.25876373,0
19,52,0.041171793,0.36652395,0.02469689,-0.25876373,0,1.0,0.04850227,0.1710583,0.019521616,0.041605506,0
19,53,0.04850227,0.1710583,0.019521616,0.041605506,1,1.0,0.05192344,0.36589494,0.020353727,-0.2448548,0
19,54,0.05192344,0.36589494,0.020353727,-0.2448548,0,1.0,0.059241336,0.1704883,0.015456631,0.054178063,0
19,55,0.059241336,0.1704883,0.015456631,0.054178063,0,1.0,0.062651105,-0.02485183,0.016540192,0.35169733,0
19,56,0.062651105,-0.02485183,0.016540192,0.35169733,1,1.0,0.062154066,0.17003104,0.023574138,0.064275585,0
19,57,0.062154066,0.17003104,0.023574138,0.064275585,1,1.0,0.065554686,0.36480722,0.02485965,-0.22087733,0
19,58,0.065554686,0.36480722,0.02485965,-0.22087733,0,1.0,0.07285083,0.16933891,0.020442104,0.079542525,0
19,59,0.07285083,0.16933891,0.020442104,0.079542525,1,1.0,0.07623761,0.36416194,0.022032954,-0.20662141,0
19,60,0.07623761,0.36416194,0.022032954,-0.20662141,0,1.0,0.083520845,0.16873196,0.017900527,0.092929564,0
19,61,0.083520845,0.16873196,0.017900527,0.092929564,1,1.0,0.08689549,0.36359283,0.019759117,-0.19405243,0
19,62,0.08689549,0.36359283,0.019759117,-0.19405243,0,1.0,0.094167344,0.16819389,0.015878068,0.10479757,0
19,63,0.094167344,0.16819389,0.015878068,0.10479757,1,1.0,0.09753122,0.36308473,0.017974019,-0.1828339,0
19,64,0.09753122,0.36308473,0.017974019,-0.1828339,0,1.0,0.104792915,0.16771027,0.014317342,0.11546454,0
19,65,0.104792915,0.16771027,0.014317342,0.11546454,1,1.0,0.10814712,0.36262417,0.016626632,-0.1726672,0
19,66,0.10814712,0.36262417,0.016626632,-0.1726672,0,1.0,0.11539961,0.16726826,0.013173289,0.12521417,0
19,67,0.11539961,0.16726826,0.013173289,0.12521417,1,1.0,0.11874497,0.36219904,0.015677571,-0.16328378,0
19,68,0.11874497,0.36219904,0.015677571,-0.16328378,0,1.0,0.12598895,0.1668562,0.012411897,0.13430348,0
19,69,0.12598895,0.1668562,0.012411897,0.13430348,1,1.0,0.12932608,0.3617982,0.015097966,-0.15443797,0
19,70,0.12932608,0.3617982,0.015097966,-0.15443797,0,1.0,0.13656203,0.16646335,0.012009207,0.14296952,0
19,71,0.13656203,0.16646335,0.012009207,0.14296952,1,1.0,0.13989131,0.36141127,0.0148685975,-0.14590065,0
19,72,0.13989131,0.36141127,0.0148685975,-0.14590065,0,1.0,0.14711954,0.16607958,0.011950584,0.1514357,0
19,73,0.14711954,0.16607958,0.011950584,0.1514357,1,1.0,0.15044113,0.3610284,0.014979298,-0.13745324,0
19,74,0.15044113,0.3610284,0.014979298,-0.13745324,0,1.0,0.15766169,0.16569513,0.012230233,0.15991753,0
19,75,0.15766169,0.16569513,0.012230233,0.15991753,1,1.0,0.16097559,0.36063987,0.015428584,-0.12888211,0
19,76,0.16097559,0.36063987,0.015428584,-0.12888211,0,1.0,0.1681884,0.16530034,0.012850942,0.16862814,0
19,77,0.1681884,0.16530034,0.012850942,0.16862814,1,1.0,0.1714944,0.36023602,0.016223505,-0.11997315,0
19,78,0.1714944,0.36023602,0.016223505,-0.11997315,0,1.0,0.17869912,0.16488542,0.013824042,0.17778367,0
19,79,0.17869912,0.16488542,0.013824042,0.17778367,1,1.0,0.18199682,0.35980684,0.017379714,-0.110506386,0
19,80,0.18199682,0.35980684,0.017379714,-0.110506386,0,1.0,0.18919297,0.16444021,0.015169587,0.18760867,0
19,81,0.18919297,0.16444021,0.015169587,0.18760867,1,1.0,0.19248177,0.3593419,0.01892176,-0.100250505,0
19,82,0.19248177,0.3593419,0.01892176,-0.100250505,0,1.0,0.1996686,0.16395393,0.01691675,0.19834162,0
19,83,0.1996686,0.16395393,0.01691675,0.19834162,1,1.0,0.20294768,0.3588299,0.020883583,-0.0889572,0
19,84,0.20294768,0.3588299,0.020883583,-0.0889572,0,1.0,0.21012428,0.16341493,0.01910444,0.21024066,0
19,85,0.21012428,0.16341493,0.01910444,0.21024066,1,1.0,0.21339259,0.35825858,0.023309253,-0.076355115,0
19,86,0.21339259,0.35825858,0.023309253,-0.076355115,0,1.0,0.22055775,0.16281036,0.02178215,0.22358987,0
19,87,0.22055775,0.16281036,0.02178215,0.22358987,1,1.0,0.22381395,0.3576143,0.026253948,-0.06214331,0
19,88,0.22381395,0.3576143,0.026253948,-0.06214331,1,1.0,0.23096624,0.5523502,0.025011081,-0.3464287,0
19,89,0.23096624,0.5523502,0.025011081,-0.3464287,0,1.0,0.24201325,0.3568816,0.018082507,-0.045964975,0
19,90,0.24201325,0.3568816,0.018082507,-0.045964975,0,1.0,0.24915089,0.16150507,0.017163208,0.25236785,0
19,91,0.24915089,0.16150507,0.017163208,0.25236785,1,1.0,0.25238097,0.35637778,0.022210564,-0.03485244,0
19,92,0.25238097,0.35637778,0.022210564,-0.03485244,1,1.0,0.25950855,0.5511743,0.021513516,-0.32044578,0
19,93,0.25950855,0.5511743,0.021513516,-0.32044578,0,1.0,0.270532,0.35575268,0.0151046,-0.021056704,0
19,94,0.270532,0.35575268,0.0151046,-0.021056704,0,1.0,0.27764708,0.16041741,0.014683466,0.27635336,0
19,95,0.27764708,0.16041741,0.014683466,0.27635336,1,1.0,0.28085542,0.35532683,0.020210534,-0.01166246,0
19,96,0.28085542,0.35532683,0.020210534,-0.01166246,1,1.0,0.28796196,0.5501532,0.019977285,-0.29790083,0
19,97,0.28796196,0.5501532,0.019977285,-0.29790083,0,1.0,0.29896504,0.35475224,0.014019268,0.001015033,0
19,98,0.29896504,0.35475224,0.014019268,0.001015033,0,1.0,0.30606008,0.15943208,0.014039569,0.29808804,0
19,99,0.30606008,0.15943208,0.014039569,0.29808804,1,1.0,0.30924872,0.3543511,0.02000133,0.009865791,0
19,100,0.30924872,0.3543511,0.02000133,0.009865791,1,1.0,0.31633574,0.54918057,0.020198645,-0.27643996,0
19,101,0.31633574,0.54918057,0.020198645,-0.27643996,0,1.0,0.32731935,0.3537764,0.014669846,0.022544552,0
19,102,0.32731935,0.3537764,0.014669846,0.022544552,1,1.0,0.33439487,0.5486849,0.015120736,-0.26547402,0
19,103,0.33439487,0.5486849,0.015120736,-0.26547402,0,1.0,0.34536856,0.35335046,0.009811256,0.03193952,0
19,104,0.34536856,0.35335046,0.009811256,0.03193952,0,1.0,0.3524356,0.15808919,0.0104500465,0.32770178,0
19,105,0.3524356,0.15808919,0.0104500465,0.32770178,1,1.0,0.35559738,0.3530608,0.017004082,0.038332563,0
19,106,0.35559738,0.3530608,0.017004082,0.038332563,1,1.0,0.3626586,0.54793483,0.017770734,-0.24893728,0
19,107,0.3626586,0.54793483,0.017770734,-0.24893728,0,1.0,0.3736173,0.35256368,0.012791988,0.049297526,0
19,108,0.3736173,0.35256368,0.012791988,0.049297526,1,1.0,0.38066855,0.5474999,0.013777939,-0.23932213,0
19,109,0.38066855,0.5474999,0.013777939,-0.23932213,0,1.0,0.39161855,0.35218385,0.008991496,0.057674713,0
19,110,0.39161855,0.35218385,0.008991496,0.057674713,0,1.0,0.39866224,0.15693414,0.010144991,0.35318092,0
19,111,0.39866224,0.15693414,0.010144991,0.35318092,1,1.0,0.4018009,0.35191038,0.017208608,0.063714184,0
19,112,0.4018009,0.35191038,0.017208608,0.063714184,1,1.0,0.4088391,0.5467814,0.018482892,-0.22349003,0
19,113,0.4088391,0.5467814,0.018482892,-0.22349003,0,1.0,0.41977474,0.35140026,0.014013091,0.074965335,0
19,114,0.41977474,0.35140026,0.014013091,0.074965335,1,1.0,0.42680275,0.54631853,0.015512398,-0.21326368,0
19,115,0.42680275,0.54631853,0.015512398,-0.21326368,0,1.0,0.43772912,0.35097829,0.0112471245,0.08427193,0
19,116,0.43772912,0.35097829,0.0112471245,0.08427193,1,1.0,0.4447487,0.54593724,0.012932563,-0.2048414,0
19,117,0.4447487,0.54593724,0.012932563,-0.2048414,0,1.0,0.45566744,0.35063273,0.008835736,0.0918929,0
19,118,0.45566744,0.35063273,0.008835736,0.0918929,1,1.0,0.46268007,0.54562694,0.010673594,-0.19798931,0
19,119,0.46268007,0.54562694,0.010673594,-0.19798931,0,1.0,0.47359264,0.35035396,0.006713807,0.098041445,0
19,120,0.47359264,0.35035396,0.006713807,0.098041445,1,1.0,0.4805997,0.54537904,0.008674636,-0.19251575,0
19,121,0.4805997,0.54537904,0.008674636,-0.19251575,0,1.0,0.4915073,0.35013407,0.004824321,0.10289099,0
19,122,0.4915073,0.35013407,0.004824321,0.10289099,1,1.0,0.49850997,0.5451866,0.006882141,-0.18826598,0
19,123,0.49850997,0.5451866,0.006882141,-0.18826598,0,1.0,0.5094137,0.34996682,0.003116821,0.10658001,0
19,124,0.5094137,0.34996682,0.003116821,0.10658001,1,1.0,0.51641303,0.54504395,0.0052484213,-0.18511795,0
19,125,0.51641303,0.54504395,0.0052484213,-0.18511795,0,1.0,0.5273139,0.34984732,0.0015460624,0.10921603,0
19,126,0.5273139,0.34984732,0.0015460624,0.10921603,1,1.0,0.5343109,0.5449471,0.003730383,-0.18297872,0
19,127,0.5343109,0.5449471,0.003730383,-0.18297872,0,1.0,0.5452098,0.34977195,7.080855e-05,0.11087867,0
19,128,0.5452098,0.34977195,7.080855e-05,0.11087867,0,1.0,0.55220526,0.15464899,0.0022883818,0.40358394,0
19,129,0.55220526,0.15464899,0.0022883818,0.40358394,1,1.0,0.5552982,0.34973842,0.01036006,0.11162335,0
19,130,0.5552982,0.34973842,0.01036006,0.11162335,1,1.0,0.562293,0.5447104,0.012592527,-0.17777312,0
19,131,0.562293,0.5447104,0.012592527,-0.17777312,1,1.0,0.5731872,0.7396499,0.009037065,-0.4664571,0
19,132,0.5731872,0.7396499,0.009037065,-0.4664571,0,1.0,0.5879802,0.5444014,-0.00029207664,-0.17093949,0
19,133,0.5879802,0.5444014,-0.00029207664,-0.17093949,0,1.0,0.59886825,0.34928367,-0.0037108664,0.121651284,0
19,134,0.59886825,0.34928367,-0.0037108664,0.121651284,0,1.0,0.6058539,0.15421507,-0.0012778407,0.41316116,0
19,135,0.6058539,0.15421507,-0.0012778407,0.41316116,1,1.0,0.6089382,0.3493551,0.0069853826,0.12007565,0
19,136,0.6089382,0.3493551,0.0069853826,0.12007565,1,1.0,0.6159253,0.5443763,0.009386895,-0.17039528,0
19,137,0.6159253,0.5443763,0.009386895,-0.17039528,1,1.0,0.6268128,0.73936266,0.00597899,-0.4601022,0
19,138,0.6268128,0.73936266,0.00597899,-0.4601022,0,1.0,0.6416001,0.5441567,-0.0032230543,-0.16554071,0
19,139,0.6416001,0.5441567,-0.0032230543,-0.16554071,0,1.0,0.6524832,0.349081,-0.0065338686,0.1261237,0
19,140,0.6524832,0.349081,-0.0065338686,0.1261237,0,1.0,0.65946484,0.15405327,-0.0040113945,0.41673812,0
19,141,0.65946484,0.15405327,-0.0040113945,0.41673812,1,1.0,0.6625459,0.34923184,0.004323368,0.12279327,0
19,142,0.6625459,0.34923184,0.004323368,0.12279327,1,1.0,0.6695305,0.5442916,0.006779233,-0.16852255,0
19,143,0.6695305,0.5442916,0.006779233,-0.16852255,1,1.0,0.68041635,0.73931587,0.0034087822,-0.45905915,0
19,144,0.68041635,0.73931587,0.0034087822,-0.45905915,0,1.0,0.6952027,0.5441459,-0.0057724006,-0.1653037,0
19,145,0.6952027,0.5441459,-0.0057724006,-0.1653037,0,1.0,0.7060856,0.34910703,-0.009078475,0.12555262,0
19,146,0.7060856,0.34910703,-0.009078475,0.12555262,0,1.0,0.71306777,0.1541163,-0.0065674223,0.41535762,0
19,147,0.71306777,0.1541163,-0.0065674223,0.41535762,1,1.0,0.71615005,0.34933072,0.0017397301,0.1206115,0
19,148,0.71615005,0.34933072,0.0017397301,0.1206115,1,1.0,0.72313666,0.5444277,0.00415196,-0.17152205,0
19,149,0.72313666,0.5444277,0.00415196,-0.17152205,1,1.0,0.73402524,0.73949,0.0007215191,-0.46289226,0
19,150,0.73402524,0.73949,0.0007215191,-0.46289226,0,1.0,0.74881506,0.54435784,-0.008536327,-0.16998202,0
19,151,0.74881506,0.54435784,-0.008536327,-0.16998202,0,1.0,0.7597022,0.3493591,-0.011935967,0.11999578,0
19,152,0.7597022,0.3493591,-0.011935967,0.11999578,0,1.0,0.76668936,0.15441018,-0.009536051,0.40888923,0
19,153,0.76668936,0.15441018,-0.009536051,0.40888923,1,1.0,0.7697776,0.34966603,-0.001358266,0.11321523,0
19,154,0.7697776,0.34966603,-0.001358266,0.11321523,1,1.0,0.7767709,0.54480743,0.0009060387,-0.17989591,0
19,155,0.7767709,0.54480743,0.0009060387,-0.17989591,1,1.0,0.78766704,0.7399164,-0.0026918794,-0.47229287,0
19,156,0.78766704,0.7399164,-0.0026918794,-0.47229287,0,1.0,0.8024654,0.5448326,-0.012137737,-0.1804596,0
19,157,0.8024654,0.5448326,-0.012137737,-0.1804596,0,1.0,0.813362,0.3498864,-0.015746929,0.10836972,0
19,158,0.813362,0.3498864,-0.015746929,0.10836972,0,1.0,0.82035977,0.1549936,-0.013579534,0.39604327,0
19,159,0.82035977,0.1549936,-0.013579534,0.39604327,1,1.0,0.8234596,0.35030556,-0.0056586694,0.099110074,0
19,160,0.8234596,0.35030556,-0.0056586694,0.099110074,1,1.0,0.83046573,0.54550815,-0.0036764678,-0.19535276,0
19,161,0.83046573,0.54550815,-0.0036764678,-0.19535276,0,1.0,0.8413759,0.35043898,-0.007583523,0.09616813,0
19,162,0.8413759,0.35043898,-0.007583523,0.09616813,1,1.0,0.8483847,0.5456688,-0.0056601604,-0.1988977,0
19,163,0.8483847,0.5456688,-0.0056601604,-0.1988977,0,1.0,0.85929805,0.35062826,-0.009638115,0.09199434,0
19,164,0.85929805,0.35062826,-0.009638115,0.09199434,1,1.0,0.8663106,0.545887,-0.007798228,-0.20371376,0
19,165,0.8663106,0.545887,-0.007798228,-0.20371376,0,1.0,0.8772284,0.35087743,-0.011872503,0.086499035,0
19,166,0.8772284,0.35087743,-0.011872503,0.086499035,1,1.0,0.88424593,0.54616755,-0.010142522,-0.20990591,0
19,167,0.88424593,0.54616755,-0.010142522,-0.20990591,0,1.0,0.89516926,0.3511921,-0.01434064,0.07956041,0
19,168,0.89516926,0.3511921,-0.01434064,0.07956041,1,1.0,0.9021931,0.54651666,-0.012749433,-0.21761231,0
19,169,0.9021931,0.54651666,-0.012749433,-0.21761231,0,1.0,0.9131234,0.35157925,-0.017101679,0.07102179,0
19,170,0.9131234,0.35157925,-0.017101679,0.07102179,1,1.0,0.92015505,0.5469422,-0.015681243,-0.22700736,0
19,171,0.92015505,0.5469422,-0.015681243,-0.22700736,0,1.0,0.9310939,0.35204777,-0.02022139,0.060688164,0
19,172,0.9310939,0.35204777,-0.02022139,0.060688164,1,1.0,0.9381348,0.5474537,-0.019007627,-0.23830554,0
19,173,0.9381348,0.5474537,-0.019007627,-0.23830554,0,1.0,0.94908386,0.3526084,-0.023773737,0.04832175,0
19,174,0.94908386,0.3526084,-0.023773737,0.04832175,1,1.0,0.95613605,0.54806304,-0.022807302,-0.25176618,0
19,175,0.95613605,0.54806304,-0.022807302,-0.25176618,0,1.0,0.96709734,0.35327408,-0.027842626,0.033636525,0
19,176,0.96709734,0.35327408,-0.027842626,0.033636525,0,1.0,0.9741628,0.15856223,-0.027169896,0.31740642,0
19,177,0.9741628,0.15856223,-0.027169896,0.31740642,1,1.0,0.977334,0.3540604,-0.020821767,0.016280398,0
19,178,0.977334,0.3540604,-0.020821767,0.016280398,1,1.0,0.98441523,0.5494747,-0.02049616,-0.28289863,0
19,179,0.98441523,0.5494747,-0.02049616,-0.28289863,0,1.0,0.9954047,0.354651,-0.026154133,0.0032500864,0
19,180,0.9954047,0.354651,-0.026154133,0.0032500864,1,1.0,1.0024978,0.55013806,-0.02608913,-0.2975687,0
19,181,1.0024978,0.55013806,-0.02608913,-0.2975687,0,1.0,1.0135006,0.35539755,-0.032040503,-0.013226654,0
19,182,1.0135006,0.35539755,-0.032040503,-0.013226654,0,1.0,1.0206084,0.1607494,-0.032305036,0.2691774,0
19,183,1.0206084,0.1607494,-0.032305036,0.2691774,1,1.0,1.0238235,0.35631713,-0.026921488,-0.033517133,0
19,184,1.0238235,0.35631713,-0.026921488,-0.033517133,1,1.0,1.0309498,0.5518146,-0.027591832,-0.33457103,0
19,185,1.0309498,0.5518146,-0.027591832,-0.33457103,0,1.0,1.0419861,0.357096,-0.03428325,-0.050715253,0
19,186,1.0419861,0.357096,-0.03428325,-0.050715253,0,1.0,1.049128,0.16248195,-0.035297558,0.23095694,0
19,187,1.049128,0.16248195,-0.035297558,0.23095694,1,1.0,1.0523777,0.35809004,-0.03067842,-0.07264775,0
19,188,1.0523777,0.35809004,-0.03067842,-0.07264775,0,1.0,1.0595394,0.16342103,-0.032131374,0.21020032,0
19,189,1.0595394,0.16342103,-0.032131374,0.21020032,1,1.0,1.0628079,0.35898733,-0.027927367,-0.0924427,0
19,190,1.0628079,0.35898733,-0.027927367,-0.0924427,1,1.0,1.0699877,0.5544982,-0.029776221,-0.39380422,0
19,191,1.0699877,0.5544982,-0.029776221,-0.39380422,0,1.0,1.0810776,0.35981116,-0.037652306,-0.11065603,0
19,192,1.0810776,0.35981116,-0.037652306,-0.11065603,0,1.0,1.0882738,0.16524841,-0.039865427,0.16991408,0
19,193,1.0882738,0.16524841,-0.039865427,0.16991408,1,1.0,1.0915788,0.36091763,-0.036467146,-0.13507387,0
19,194,1.0915788,0.36091763,-0.036467146,-0.13507387,0,1.0,1.0987971,0.16633646,-0.039168622,0.14588484,0
19,195,1.0987971,0.16633646,-0.039168622,0.14588484,1,1.0,1.1021239,0.36199683,-0.036250927,-0.15889321,0
19,196,1.1021239,0.36199683,-0.036250927,-0.15889321,0,1.0,1.1093638,0.1674121,-0.03942879,0.12213665,0
19,197,1.1093638,0.1674121,-0.03942879,0.12213665,1,1.0,1.112712,0.36307612,-0.036986057,-0.18272032,0
19,198,1.112712,0.36307612,-0.036986057,-0.18272032,0,1.0,1.1199735,0.16850239,-0.040640462,0.09806926,0
19,199,1.1199735,0.16850239,-0.040640462,0.09806926,1,1.0,1.1233436,0.36418253,-0.03867908,-0.20715359,0
19,200,1.1233436,0.36418253,-0.03867908,-0.20715359,0,1.0,1.1306273,0.1696344,-0.04282215,0.073081516,0
19,201,1.1306273,0.1696344,-0.04282215,0.073081516,1,1.0,1.13402,0.36534327,-0.04136052,-0.23279853,0
19,202,1.13402,0.36534327,-0.04136052,-0.23279853,0,1.0,1.1413268,0.17083596,-0.04601649,0.046556387,0
19,203,1.1413268,0.17083596,-0.04601649,0.046556387,1,1.0,1.1447436,0.3665865,-0.045085363,-0.2602827,0
19,204,1.1447436,0.3665865,-0.045085363,-0.2602827,0,1.0,1.1520753,0.1721362,-0.050291017,0.01784577,0
19,205,1.1520753,0.1721362,-0.050291017,0.01784577,0,1.0,1.1555179,-0.022229798,-0.0499341,0.29424682,0
19,206,1.1555179,-0.022229798,-0.0499341,0.29424682,1,1.0,1.1550734,0.17356718,-0.044049162,-0.013757096,0
19,207,1.1550734,0.17356718,-0.044049162,-0.013757096,1,1.0,1.1585448,0.36929226,-0.044324305,-0.32000622,0
19,208,1.1585448,0.36929226,-0.044324305,-0.32000622,0,1.0,1.1659306,0.17482866,-0.050724432,-0.041624382,0
19,209,1.1659306,0.17482866,-0.050724432,-0.041624382,0,1.0,1.1694272,-0.01953059,-0.05155692,0.23463294,0
19,210,1.1694272,-0.01953059,-0.05155692,0.23463294,1,1.0,1.1690365,0.17628863,-0.04686426,-0.073856615,0
19,211,1.1690365,0.17628863,-0.04686426,-0.073856615,1,1.0,1.1725624,0.37205002,-0.04834139,-0.38094935,0
19,212,1.1725624,0.37205002,-0.04834139,-0.38094935,0,1.0,1.1800033,0.17764665,-0.05596038,-0.10389178,0
19,213,1.1800033,0.17764665,-0.05596038,-0.10389178,0,1.0,1.1835562,-0.016630545,-0.058038212,0.17062406,0
19,214,1.1835562,-0.016630545,-0.058038212,0.17062406,0,1.0,1.1832236,-0.21087584,-0.05462573,0.44444776,0
19,215,1.1832236,-0.21087584,-0.05462573,0.44444776,1,1.0,1.1790061,-0.015025272,-0.04573678,0.13505813,0
19,216,1.1790061,-0.015025272,-0.04573678,0.13505813,1,1.0,1.1787056,0.18072094,-0.043035615,-0.17169607,0
19,217,1.1787056,0.18072094,-0.043035615,-0.17169607,1,1.0,1.18232,0.37643158,-0.046469536,-0.47763878,0
19,218,1.18232,0.37643158,-0.046469536,-0.47763878,0,1.0,1.1898487,0.18199548,-0.056022312,-0.1999566,0
19,219,1.1898487,0.18199548,-0.056022312,-0.1999566,0,1.0,1.1934886,-0.012282331,-0.060021445,0.07454098,0
19,220,1.1934886,-0.012282331,-0.060021445,0.07454098,0,1.0,1.1932429,-0.20649475,-0.058530625,0.3476993,0
19,221,1.1932429,-0.20649475,-0.058530625,0.3476993,1,1.0,1.189113,-0.010591244,-0.051576637,0.03714908,0
19,222,1.189113,-0.010591244,-0.051576637,0.03714908,1,1.0,1.1889012,0.18523093,-0.050833657,-0.27135038,0
19,223,1.1889012,0.18523093,-0.050833657,-0.27135038,0,1.0,1.1926059,-0.009130181,-0.056260664,0.0048760152,0
19,224,1.1926059,-0.009130181,-0.056260664,0.0048760152,0,1.0,1.1924232,-0.20340203,-0.056163143,0.2792908,0
19,225,1.1924232,-0.20340203,-0.056163143,0.2792908,1,1.0,1.1883552,-0.0075257407,-0.050577328,-0.030563643,0
19,226,1.1883552,-0.0075257407,-0.050577328,-0.030563643,1,1.0,1.1882046,0.18828367,-0.0511886,-0.33876556,0
19,227,1.1882046,0.18828367,-0.0511886,-0.33876556,0,1.0,1.1919703,-0.0060739494,-0.05796391,-0.062653884,0
19,228,1.1919703,-0.0060739494,-0.05796391,-0.062653884,0,1.0,1.1918489,-0.20031899,-0.05921699,0.2111925,0
19,229,1.1918489,-0.20031899,-0.05921699,0.2111925,1,1.0,1.1878425,-0.0044025565,-0.054993138,-0.09956667,0
19,230,1.1878425,-0.0044025565,-0.054993138,-0.09956667,0,1.0,1.1877544,-0.19869499,-0.056984473,0.17527157,0
19,231,1.1877544,-0.19869499,-0.056984473,0.17527157,1,1.0,1.1837806,-0.0028057718,-0.053479042,-0.13482969,0
19,232,1.1837806,-0.0028057718,-0.053479042,-0.13482969,0,1.0,1.1837244,-0.19712254,-0.056175634,0.1405134,0
19,233,1.1837244,-0.19712254,-0.056175634,0.1405134,1,1.0,1.1797819,-0.0012429045,-0.05336537,-0.1693495,0
19,234,1.1797819,-0.0012429045,-0.05336537,-0.1693495,0,1.0,1.1797571,-0.195562,-0.056752358,0.10603222,0
19,235,1.1797571,-0.195562,-0.056752358,0.10603222,1,1.0,1.1758459,0.00032536994,-0.054631714,-0.20400202,0
19,236,1.1758459,0.00032536994,-0.054631714,-0.20400202,0,1.0,1.1758524,-0.19397447,-0.058711752,0.07095918,0
19,237,1.1758524,-0.19397447,-0.058711752,0.07095918,0,1.0,1.1719729,-0.3882077,-0.05729257,0.34455568,0
19,238,1.1719729,-0.3882077,-0.05729257,0.34455568,1,1.0,1.1642088,-0.19231951,-0.050401457,0.0343707,0
19,239,1.1642088,-0.19231951,-0.050401457,0.0343707,1,1.0,1.1603624,0.0034876263,-0.049714044,-0.27377877,0
19,240,1.1603624,0.0034876263,-0.049714044,-0.27377877,0,1.0,1.1604321,-0.19089104,-0.055189617,0.0028190813,0
19,241,1.1604321,-0.19089104,-0.055189617,0.0028190813,0,1.0,1.1566143,-0.38517985,-0.055133235,0.27759105,0
19,242,1.1566143,-0.38517985,-0.055133235,0.27759105,1,1.0,1.1489106,-0.18931647,-0.049581416,-0.031958576,0
19,243,1.1489106,-0.18931647,-0.049581416,-0.031958576,1,1.0,1.1451243,0.0064801574,-0.050220586,-0.33986354,0
19,244,1.1451243,0.0064801574,-0.050220586,-0.33986354,0,1.0,1.1452539,-0.18789259,-0.05701786,-0.063430674,0
19,245,1.1452539,-0.18789259,-0.05701786,-0.063430674,0,1.0,1.1414961,-0.38215265,-0.05828647,0.21073173,0
19,246,1.1414961,-0.38215265,-0.05828647,0.21073173,1,1.0,1.1338531,-0.18624784,-0.054071836,-0.09975298,0
19,247,1.1338531,-0.18624784,-0.054071836,-0.09975298,0,1.0,1.1301281,-0.38055483,-0.056066897,0.17539215,0
19,248,1.1301281,-0.38055483,-0.056066897,0.17539215,1,1.0,1.122517,-0.18467717,-0.05255905,-0.13443768,0
19,249,1.122517,-0.18467717,-0.05255905,-0.13443768,0,1.0,1.1188234,-0.3790084,-0.055247806,0.1412114,0
19,250,1.1188234,-0.3790084,-0.055247806,0.1412114,1,1.0,1.1112432,-0.18314052,-0.052423578,-0.16837676,0
19,251,1.1112432,-0.18314052,-0.052423578,-0.16837676,0,1.0,1.1075804,-0.37747443,-0.055791114,0.107318155,0
19,252,1.1075804,-0.37747443,-0.055791114,0.107318155,1,1.0,1.100031,-0.1815992,-0.05364475,-0.20243162,0
19,253,1.100031,-0.1815992,-0.05364475,-0.20243162,0,1.0,1.096399,-0.37591454,-0.057693385,0.072858125,0
19,254,1.096399,-0.37591454,-0.057693385,0.072858125,0,1.0,1.0888807,-0.57016397,-0.05623622,0.34679502,0
19,255,1.0888807,-0.57016397,-0.05623622,0.34679502,1,1.0,1.0774775,-0.37428907,-0.04930032,0.036922418,0
19,256,1.0774775,-0.37428907,-0.04930032,0.036922418,1,1.0,1.0699917,-0.1784961,-0.04856187,-0.27089864,0
19,257,1.0699917,-0.1784961,-0.04856187,-0.27089864,0,1.0,1.0664217,-0.37289265,-0.053979844,0.006080845,0
19,258,1.0664217,-0.37289265,-0.053979844,0.006080845,0,1.0,1.0589639,-0.56720054,-0.053858228,0.2812558,0
19,259,1.0589639,-0.56720054,-0.053858228,0.2812558,1,1.0,1.0476198,-0.3713534,-0.04823311,-0.027915645,0
19,260,1.0476198,-0.3713534,-0.04823311,-0.027915645,1,1.0,1.0401928,-0.17557411,-0.048791423,-0.33541805,0
19,261,1.0401928,-0.17557411,-0.048791423,-0.33541805,0,1.0,1.0366813,-0.36996895,-0.055499785,-0.058511805,0
19,262,1.0366813,-0.36996895,-0.055499785,-0.058511805,0,1.0,1.029282,-0.56425303,-0.05667002,0.21615703,0
19,263,1.029282,-0.56425303,-0.05667002,0.21615703,1,1.0,1.0179969,-0.36836866,-0.05234688,-0.09384992,0
19,264,1.0179969,-0.36836866,-0.05234688,-0.09384992,0,1.0,1.0106295,-0.5627028,-0.05422388,0.181869,0
19,265,1.0106295,-0.5627028,-0.05422388,0.181869,1,1.0,0.99937546,-0.36684853,-0.0505865,-0.12741457,0
19,266,0.99937546,-0.36684853,-0.0505865,-0.12741457,0,1.0,0.9920385,-0.5612107,-0.05313479,0.1488896,0
19,267,0.9920385,-0.5612107,-0.05313479,0.1488896,1,1.0,0.9808143,-0.36536968,-0.050157,-0.16007155,0
19,268,0.9808143,-0.36536968,-0.050157,-0.16007155,0,1.0,0.97350687,-0.55973905,-0.05335843,0.11637582,0
19,269,0.97350687,-0.55973905,-0.05335843,0.11637582,1,1.0,0.9623121,-0.36389476,-0.05103091,-0.19265243,0
19,270,0.9623121,-0.36389476,-0.05103091,-0.19265243,0,1.0,0.9550342,-0.55825096,-0.05488396,0.08350579,0
19,271,0.9550342,-0.55825096,-0.05488396,0.08350579,0,1.0,0.9438692,-0.75254494,-0.053213846,0.35838017,0
19,272,0.9438692,-0.75254494,-0.053213846,0.35838017,1,1.0,0.9288183,-0.5567085,-0.046046242,0.049403794,0
19,273,0.9288183,-0.5567085,-0.046046242,0.049403794,1,1.0,0.9176841,-0.36095756,-0.045058165,-0.25744417,0
19,274,0.9176841,-0.36095756,-0.045058165,-0.25744417,0,1.0,0.91046494,-0.55540824,-0.05020705,0.020693164,0
19,275,0.91046494,-0.55540824,-0.05020705,0.020693164,0,1.0,0.8993568,-0.7497755,-0.049793188,0.2971221,0
19,276,0.8993568,-0.7497755,-0.049793188,0.2971221,1,1.0,0.88436127,-0.55398047,-0.043850746,-0.010839704,0
19,277,0.88436127,-0.55398047,-0.043850746,-0.010839704,1,1.0,0.87328166,-0.35825795,-0.04406754,-0.31702924,0
19,278,0.87328166,-0.35825795,-0.04406754,-0.31702924,0,1.0,0.8661165,-0.55272543,-0.050408125,-0.03856286,0
19,279,0.8661165,-0.55272543,-0.050408125,-0.03856286,0,1.0,0.855062,-0.7470896,-0.05117938,0.23779942,0
19,280,0.855062,-0.7470896,-0.05117938,0.23779942,1,1.0,0.8401202,-0.5512753,-0.046423394,-0.07057766,0
19,281,0.8401202,-0.5512753,-0.046423394,-0.07057766,0,1.0,0.8290947,-0.745702,-0.047834944,0.20710464,0
19,282,0.8290947,-0.745702,-0.047834944,0.20710464,1,1.0,0.8141807,-0.54992986,-0.043692853,-0.10027584,0
19,283,0.8141807,-0.54992986,-0.043692853,-0.10027584,0,1.0,0.80318207,-0.74439925,-0.04569837,0.17830828,0
19,284,0.80318207,-0.74439925,-0.04569837,0.17830828,1,1.0,0.7882941,-0.54865414,-0.042132206,-0.12843351,0
19,285,0.7882941,-0.54865414,-0.042132206,-0.12843351,0,1.0,0.777321,-0.743148,-0.044700876,0.15066518,0
19,286,0.777321,-0.743148,-0.044700876,0.15066518,1,1.0,0.762458,-0.54741544,-0.04168757,-0.15577811,0
19,287,0.762458,-0.54741544,-0.04168757,-0.15577811,0,1.0,0.7515097,-0.7419165,-0.04480313,0.1234674,0
19,288,0.7515097,-0.7419165,-0.04480313,0.1234674,1,1.0,0.7366714,-0.5461822,-0.042333785,-0.18300705,0
19,289,0.7366714,-0.5461822,-0.042333785,-0.18300705,0,1.0,0.72574776,-0.74067366,-0.045993924,0.096026324,0
19,290,0.72574776,-0.74067366,-0.045993924,0.096026324,1,1.0,0.7109343,-0.5449237,-0.0440734,-0.21080552,0
19,291,0.7109343,-0.5449237,-0.0440734,-0.21080552,0,1.0,0.7000358,-0.7393887,-0.04828951,0.067655295,0
19,292,0.7000358,-0.7393887,-0.04828951,0.067655295,1,1.0,0.685248,-0.5436089,-0.046936404,-0.2398637,0
19,293,0.685248,-0.5436089,-0.046936404,-0.2398637,0,1.0,0.67437583,-0.73803,-0.051733676,0.037652563,0
19,294,0.67437583,-0.73803,-0.051733676,0.037652563,0,1.0,0.6596153,-0.9323734,-0.050980628,0.3135747,0
19,295,0.6596153,-0.9323734,-0.050980628,0.3135747,1,1.0,0.6409678,-0.7365637,-0.04470913,0.0052599073,0
19,296,0.6409678,-0.7365637,-0.04470913,0.0052599073,0,1.0,0.6262365,-0.93101686,-0.044603933,0.28350812,0
19,297,0.6262365,-0.93101686,-0.044603933,0.28350812,1,1.0,0.6076162,-0.735288,-0.038933773,-0.022902317,0
19,298,0.6076162,-0.735288,-0.038933773,-0.022902317,1,1.0,0.5929104,-0.53963,-0.03939182,-0.3276106,0
19,299,0.5929104,-0.53963,-0.03939182,-0.3276106,0,1.0,0.5821178,-0.7341696,-0.04594403,-0.047605712,0
19,300,0.5821178,-0.7341696,-0.04594403,-0.047605712,0,1.0,0.56743443,-0.9286037,-0.046896145,0.23023483,0
19,301,0.56743443,-0.9286037,-0.046896145,0.23023483,1,1.0,0.54886234,-0.73284405,-0.042291448,-0.07686418,0
19,302,0.54886234,-0.73284405,-0.042291448,-0.07686418,0,1.0,0.5342055,-0.927335,-0.043828733,0.20218141,0
19,303,0.5342055,-0.927335,-0.043828733,0.20218141,1,1.0,0.5156588,-0.73161453,-0.039785102,-0.103998885,0
19,304,0.5156588,-0.73161453,-0.039785102,-0.103998885,0,1.0,0.50102645,-0.9261444,-0.04186508,0.1758713,0
19,305,0.50102645,-0.9261444,-0.04186508,0.1758713,1,1.0,0.4825036,-0.73044914,-0.038347654,-0.1297192,0
19,306,0.4825036,-0.73044914,-0.038347654,-0.1297192,0,1.0,0.4678946,-0.9250014,-0.04094204,0.15062316,0
19,307,0.4678946,-0.9250014,-0.04094204,0.15062316,1,1.0,0.44939458,-0.7293178,-0.037929576,-0.15468982,0
19,308,0.44939458,-0.7293178,-0.037929576,-0.15468982,0,1.0,0.43480822,-0.9238767,-0.041023374,0.12579003,0
19,309,0.43480822,-0.9238767,-0.041023374,0.12579003,1,1.0,0.4163307,-0.7281918,-0.038507573,-0.17954786,0
19,310,0.4163307,-0.7281918,-0.038507573,-0.17954786,0,1.0,0.40176687,-0.9227421,-0.04209853,0.10074291,0
19,311,0.40176687,-0.9227421,-0.04209853,0.10074291,1,1.0,0.38331202,-0.7270429,-0.040083673,-0.20491914,0
19,312,0.38331202,-0.7270429,-0.040083673,-0.20491914,0,1.0,0.36877117,-0.9215694,-0.044182055,0.074854776,0
19,313,0.36877117,-0.9215694,-0.044182055,0.074854776,1,1.0,0.35033977,-0.72584283,-0.042684957,-0.23143388,0
19,314,0.35033977,-0.72584283,-0.042684957,-0.23143388,0,1.0,0.3358229,-0.9203297,-0.047313634,0.047485087,0
19,315,0.3358229,-0.9203297,-0.047313634,0.047485087,1,1.0,0.3174163,-0.72456235,-0.046363935,-0.25974232,0
19,316,0.3174163,-0.72456235,-0.046363935,-0.25974232,0,1.0,0.30292505,-0.9189928,-0.05155878,0.01796386,0
19,317,0.30292505,-0.9189928,-0.05155878,0.01796386,0,1.0,0.2845452,-1.113339,-0.051199503,0.29394403,0
19,318,0.2845452,-1.113339,-0.051199503,0.29394403,1,1.0,0.26227844,-0.9175258,-0.045320623,-0.014436818,0
19,319,0.26227844,-0.9175258,-0.045320623,-0.014436818,0,1.0,0.24392791,-1.1119695,-0.04560936,0.26360953,0
19,320,0.24392791,-1.1119695,-0.04560936,0.26360953,1,1.0,0.22168852,-0.9162272,-0.040337168,-0.043103073,0
19,321,0.22168852,-0.9162272,-0.040337168,-0.043103073,0,1.0,0.20336398,-1.1107482,-0.04119923,0.23658518,0
19,322,0.20336398,-1.1107482,-0.04119923,0.23658518,1,1.0,0.18114902,-0.9150626,-0.036467526,-0.06880328,0
19,323,0.18114902,-0.9150626,-0.036467526,-0.06880328,0,1.0,0.16284776,-1.1096432,-0.037843592,0.21215458,0
19,324,0.16284776,-1.1096432,-0.037843592,0.21215458,1,1.0,0.14065489,-0.9140013,-0.0336005,-0.09222169,0
19,325,0.14065489,-0.9140013,-0.0336005,-0.09222169,0,1.0,0.12237487,-1.1086259,-0.035444934,0.1896738,0
19,326,0.12237487,-1.1086259,-0.035444934,0.1896738,1,1.0,0.10020235,-0.91301525,-0.03165146,-0.11397649,0
19,327,0.10020235,-0.91301525,-0.03165146,-0.11397649,0,1.0,0.08194205,-1.1076697,-0.033930987,0.16855499,0
19,328,0.08194205,-1.1076697,-0.033930987,0.16855499,1,1.0,0.059788655,-0.9120789,-0.030559888,-0.13463612,0
19,329,0.059788655,-0.9120789,-0.030559888,-0.13463612,0,1.0,0.04154708,-1.1067501,-0.03325261,0.14825112,0
19,330,0.04154708,-1.1067501,-0.03325261,0.14825112,1,1.0,0.019412074,-0.91116816,-0.030287588,-0.1547341,0
19,331,0.019412074,-0.91116816,-0.030287588,-0.1547341,0,1.0,0.0011887114,-1.1058437,-0.03338227,0.12824202,0
19,332,0.0011887114,-1.1058437,-0.03338227,0.12824202,1,1.0,-0.020928161,-0.9102598,-0.03081743,-0.1747829,0
19,333,-0.020928161,-0.9102598,-0.03081743,-0.1747829,0,1.0,-0.03913336,-1.1049274,-0.03431309,0.10802105,0
19,334,-0.03913336,-1.1049274,-0.03431309,0.10802105,1,1.0,-0.061231907,-0.909331,-0.032152668,-0.19528696,0
19,335,-0.061231907,-0.909331,-0.032152668,-0.19528696,0,1.0,-0.079418525,-1.1039786,-0.036058407,0.08708232,0
19,336,-0.079418525,-1.1039786,-0.036058407,0.08708232,1,1.0,-0.1014981,-0.9083589,-0.03431676,-0.21675546,0
19,337,-0.1014981,-0.9083589,-0.03431676,-0.21675546,0,1.0,-0.11966528,-1.1029739,-0.03865187,0.06490801,0
19,338,-0.11966528,-1.1029739,-0.03865187,0.06490801,1,1.0,-0.14172475,-0.90731966,-0.03735371,-0.23971489,0
19,339,-0.14172475,-0.90731966,-0.03735371,-0.23971489,0,1.0,-0.15987115,-1.1018887,-0.04214801,0.04095555,0
19,340,-0.15987115,-1.1018887,-0.04214801,0.04095555,1,1.0,-0.18190892,-0.9061885,-0.041328896,-0.2647219,0
19,341,-0.18190892,-0.9061885,-0.041328896,-0.2647219,0,1.0,-0.2000327,-1.1006969,-0.046623334,0.014644374,0
19,342,-0.2000327,-1.1006969,-0.046623334,0.014644374,1,1.0,-0.22204663,-0.9049384,-0.04633045,-0.29237658,0
19,343,-0.22204663,-0.9049384,-0.04633045,-0.29237658,0,1.0,-0.2401454,-1.0993702,-0.05217798,-0.014658125,0
19,344,-0.2401454,-1.0993702,-0.05217798,-0.014658125,0,1.0,-0.2621328,-1.2937065,-0.052471142,0.2611163,0
19,345,-0.2621328,-1.2937065,-0.052471142,0.2611163,1,1.0,-0.28800693,-1.0978763,-0.047248814,-0.047644146,0
19,346,-0.28800693,-1.0978763,-0.047248814,-0.047644146,0,1.0,-0.30996445,-1.2922901,-0.0482017,0.22976498,0
19,347,-0.30996445,-1.2922901,-0.0482017,0.22976498,1,1.0,-0.33581027,-1.0965136,-0.0436064,-0.07772438,0
19,348,-0.33581027,-1.0965136,-0.0436064,-0.07772438,0,1.0,-0.35774052,-1.2909843,-0.045160886,0.20088798,0
19,349,-0.35774052,-1.2909843,-0.045160886,0.20088798,1,1.0,-0.3835602,-1.0952464,-0.041143127,-0.105692126,0
19,350,-0.3835602,-1.0952464,-0.041143127,-0.105692126,0,1.0,-0.40546516,-1.2897553,-0.04325697,0.1737317,0
19,351,-0.40546516,-1.2897553,-0.04325697,0.1737317,1,1.0,-0.43126026,-1.094042,-0.039782334,-0.1322775,0
19,352,-0.43126026,-1.094042,-0.039782334,-0.1322775,0,1.0,-0.4531411,-1.2885721,-0.042427886,0.14759398,0
19,353,-0.4531411,-1.2885721,-0.042427886,0.14759398,1,1.0,-0.47891253,-1.092869,-0.039476007,-0.15816645,0
19,354,-0.47891253,-1.092869,-0.039476007,-0.15816645,0,1.0,-0.5007699,-1.2874042,-0.042639334,0.121806055,0
19,355,-0.5007699,-1.2874042,-0.042639334,0.121806055,1,1.0,-0.526518,-1.0916982,-0.040203214,-0.18401842,0
19,356,-0.526518,-1.0916982,-0.040203214,-0.18401842,0,1.0,-0.54835194,-1.2862225,-0.04388358,0.09571575,0
19,357,-0.54835194,-1.2862225,-0.04388358,0.09571575,1,1.0,-0.5740764,-1.0904999,-0.041969266,-0.21048306,0
19,358,-0.5740764,-1.0904999,-0.041969266,-0.21048306,0,1.0,-0.5958864,-1.2849975,-0.04617893,0.068670966,0
19,359,-0.5958864,-1.2849975,-0.04617893,0.068670966,1,1.0,-0.6215864,-1.0892448,-0.044805508,-0.23821661,0
19,360,-0.6215864,-1.0892448,-0.044805508,-0.23821661,0,1.0,-0.6433713,-1.283699,-0.04956984,0.0400035,0
19,361,-0.6433713,-1.283699,-0.04956984,0.0400035,0,1.0,-0.6690452,-1.4780765,-0.048769772,0.31664383,0
19,362,-0.6690452,-1.4780765,-0.048769772,0.31664383,1,1.0,-0.6986068,-1.282295,-0.042436894,0.00898821,0
19,363,-0.6986068,-1.282295,-0.042436894,0.00898821,0,1.0,-0.72425264,-1.4767834,-0.04225713,0.28798556,0
19,364,-0.72425264,-1.4767834,-0.04225713,0.28798556,1,1.0,-0.75378835,-1.2810851,-0.036497418,-0.017719723,0
19,365,-0.75378835,-1.2810851,-0.036497418,-0.017719723,0,1.0,-0.77941006,-1.4756652,-0.036851812,0.26322812,0
19,366,-0.77941006,-1.4756652,-0.036851812,0.26322812,1,1.0,-0.80892336,-1.2800372,-0.03158725,-0.040846728,0
19,367,-0.80892336,-1.2800372,-0.03158725,-0.040846728,0,1.0,-0.8345241,-1.4746922,-0.032404188,0.24170515,0
19,368,-0.8345241,-1.4746922,-0.032404188,0.24170515,1,1.0,-0.8640179,-1.2791227,-0.027570084,-0.061020236,0
19,369,-0.8640179,-1.2791227,-0.027570084,-0.061020236,0,1.0,-0.8896004,-1.4738388,-0.028790489,0.22283824,0
19,370,-0.8896004,-1.4738388,-0.028790489,0.22283824,1,1.0,-0.91907716,-1.2783175,-0.024333723,-0.07878552,0
19,371,-0.91907716,-1.2783175,-0.024333723,-0.07878552,0,1.0,-0.9446435,-1.4730822,-0.025909433,0.20612182,0
19,372,-0.9446435,-1.4730822,-0.025909433,0.20612182,0,1.0,-0.9741052,-1.6678243,-0.021786997,0.49052033,0
19,373,-0.9741052,-1.6678243,-0.021786997,0.49052033,1,1.0,-1.0074617,-1.4724019,-0.011976591,0.19105141,0
19,374,-1.0074617,-1.4724019,-0.011976591,0.19105141,1,1.0,-1.0369097,-1.2771107,-0.008155563,-0.10538545,0
19,375,-1.0369097,-1.2771107,-0.008155563,-0.10538545,0,1.0,-1.0624518,-1.4721148,-0.010263273,0.1847133,0
19,376,-1.0624518,-1.4721148,-0.010263273,0.1847133,1,1.0,-1.0918941,-1.2768475,-0.006569006,-0.11118954,0
19,377,-1.0918941,-1.2768475,-0.006569006,-0.11118954,0,1.0,-1.1174312,-1.4718747,-0.008792797,0.17941369,0
19,378,-1.1174312,-1.4718747,-0.008792797,0.17941369,1,1.0,-1.1468686,-1.276628,-0.005204523,-0.11603004,0
19,379,-1.1468686,-1.276628,-0.005204523,-0.11603004,0,1.0,-1.1724012,-1.471675,-0.0075251237,0.17500636,0
19,380,-1.1724012,-1.471675,-0.0075251237,0.17500636,1,1.0,-1.2018347,-1.2764462,-0.0040249964,-0.12004096,0
19,381,-1.2018347,-1.2764462,-0.0040249964,-0.12004096,0,1.0,-1.2273636,-1.4715103,-0.0064258156,0.1713694,0
19,382,-1.2273636,-1.4715103,-0.0064258156,0.1713694,0,1.0,-1.2567939,-1.6665397,-0.0029984275,0.46201828,0
19,383,-1.2567939,-1.6665397,-0.0029984275,0.46201828,1,1.0,-1.2901247,-1.4713755,0.006241938,0.16839176,0
19,384,-1.2901247,-1.4713755,0.006241938,0.16839176,1,1.0,-1.3195521,-1.2763433,0.009609773,-0.1223155,0
19,385,-1.3195521,-1.2763433,0.009609773,-0.1223155,0,1.0,-1.345079,-1.4716017,0.007163463,0.17338365,0
19,386,-1.345079,-1.4716017,0.007163463,0.17338365,1,1.0,-1.374511,-1.276583,0.010631136,-0.117030844,0
19,387,-1.374511,-1.276583,0.010631136,-0.117030844,0,1.0,-1.4000427,-1.4718556,0.008290519,0.17898707,0
19,388,-1.4000427,-1.4718556,0.008290519,0.17898707,1,1.0,-1.4294798,-1.2768533,0.01187026,-0.111069,0
19,389,-1.4294798,-1.2768533,0.01187026,-0.111069,0,1.0,-1.4550169,-1.4721433,0.009648881,0.18533516,0
19,390,-1.4550169,-1.4721433,0.009648881,0.18533516,1,1.0,-1.4844598,-1.2771608,0.013355584,-0.10428836,0
19,391,-1.4844598,-1.2771608,0.013355584,-0.10428836,0,1.0,-1.510003,-1.4724715,0.011269816,0.1925781,0
19,392,-1.510003,-1.4724715,0.011269816,0.1925781,1,1.0,-1.5394523,-1.2775126,0.015121379,-0.09652848,0
19,393,-1.5394523,-1.2775126,0.015121379,-0.09652848,0,1.0,-1.5650026,-1.4728479,0.013190809,0.2008866,0
19,394,-1.5650026,-1.4728479,0.013190809,0.2008866,1,1.0,-1.5944595,-1.2779171,0.01720854,-0.08760622,0
19,395,-1.5944595,-1.2779171,0.01720854,-0.08760622,0,1.0,-1.6200179,-1.4732815,0.015456417,0.21045595,0
19,396,-1.6200179,-1.4732815,0.015456417,0.21045595,1,1.0,-1.6494836,-1.2783839,0.019665536,-0.07731149,0
19,397,-1.6494836,-1.2783839,0.019665536,-0.07731149,0,1.0,-1.6750512,-1.4737822,0.018119305,0.22151053,0
19,398,-1.6750512,-1.4737822,0.018119305,0.22151053,1,1.0,-1.7045269,-1.2789237,0.022549517,-0.06540221,0
19,399,-1.7045269,-1.2789237,0.022549517,-0.06540221,1,1.0,-1.7301054,-1.0841323,0.021241473,-0.3508862,0
19,400,-1.7301054,-1.0841323,0.021241473,-0.3508862,0,1.0,-1.751788,-1.2795498,0.014223748,-0.051581573,0
19,401,-1.751788,-1.2795498,0.014223748,-0.051581573,0,1.0,-1.777379,-1.4748727,0.013192117,0.24555491,0
19,402,-1.777379,-1.4748727,0.013192117,0.24555491,1,1.0,-1.8068764,-1.2799417,0.018103216,-0.042937886,0
19,403,-1.8068764,-1.2799417,0.018103216,-0.042937886,0,1.0,-1.8324753,-1.4753186,0.017244456,0.25540134,0
19,404,-1.8324753,-1.4753186,0.017244456,0.25540134,1,1.0,-1.8619816,-1.280447,0.022352485,-0.03179289,0
19,405,-1.8619816,-1.280447,0.022352485,-0.03179289,0,1.0,-1.8875905,-1.4758822,0.021716626,0.26785782,0
19,406,-1.8875905,-1.4758822,0.021716626,0.26785782,1,1.0,-1.9171082,-1.2810768,0.027073784,-0.01789718,0
19,407,-1.9171082,-1.2810768,0.027073784,-0.01789718,1,1.0,-1.9427297,-1.0863534,0.02671584,-0.30191657,0
19,408,-1.9427297,-1.0863534,0.02671584,-0.30191657,0,1.0,-1.9644568,-1.2818457,0.020677509,-0.00092918746,0
19,409,-1.9644568,-1.2818457,0.020677509,-0.00092918746,0,1.0,-1.9900937,-1.477258,0.020658925,0.29820535,0
19,410,-1.9900937,-1.477258,0.020658925,0.29820535,1,1.0,-2.019639,-1.2824365,0.026623031,0.012108808,0
19,411,-2.019639,-1.2824365,0.026623031,0.012108808,1,1.0,-2.0452876,-1.0877063,0.026865209,-0.27205676,0
19,412,-2.0452876,-1.0877063,0.026865209,-0.27205676,0,1.0,-2.0670419,-1.2832011,0.021424072,0.02897702,0
19,413,-2.0670419,-1.2832011,0.021424072,0.02897702,1,1.0,-2.0927057,-1.0883929,0.022003613,-0.25687012,0
19,414,-2.0927057,-1.0883929,0.022003613,-0.25687012,0,1.0,-2.1144736,-1.283822,0.01686621,0.042671062,0
19,415,-2.1144736,-1.283822,0.01686621,0.042671062,0,1.0,-2.14015,-1.4791816,0.017719632,0.34062734,0
19,416,-2.14015,-1.4791816,0.017719632,0.34062734,1,1.0,-2.1697338,-1.2843162,0.024532178,0.05358443,0
19,417,-2.1697338,-1.2843162,0.024532178,0.05358443,1,1.0,-2.19542,-1.0895544,0.025603866,-0.23125857,0
19,418,-2.19542,-1.0895544,0.025603866,-0.23125857,0,1.0,-2.217211,-1.2850327,0.020978697,0.06938946,0
19,419,-2.217211,-1.2850327,0.020978697,0.06938946,1,1.0,-2.2429118,-1.0902177,0.022366485,-0.21660146,0
19,420,-2.2429118,-1.0902177,0.022366485,-0.21660146,0,1.0,-2.2647161,-1.2856522,0.018034456,0.08305208,0
19,421,-2.2647161,-1.2856522,0.018034456,0.08305208,0,1.0,-2.290429,-1.481028,0.019695498,0.38136992,0
19,422,-2.290429,-1.481028,0.019695498,0.38136992,1,1.0,-2.3200498,-1.2861911,0.027322896,0.09496145,0
19,423,-2.3200498,-1.2861911,0.027322896,0.09496145,1,1.0,-2.3457735,-1.0914712,0.029222125,-0.18897745,0
19,424,-2.3457735,-1.0914712,0.029222125,-0.18897745,0,1.0,-2.367603,-1.2869987,0.025442576,0.11277877,0
19,425,-2.367603,-1.2869987,0.025442576,0.11277877,1,1.0,-2.393343,-1.0922505,0.027698152,-0.17176986,0
19,426,-2.393343,-1.0922505,0.027698152,-0.17176986,0,1.0,-2.415188,-1.2877576,0.024262754,0.12952068,1
