seed,episode,agent,return
0,1,Baseline FQL,11.0
0,1,Improved FQL-GTA,11.0
0,2,Baseline FQL,13.0
0,2,Improved FQL-GTA,14.0
0,3,Baseline FQL,9.0
0,3,Improved FQL-GTA,27.0
0,4,Baseline FQL,9.0
0,4,Improved FQL-GTA,13.0
0,5,Baseline FQL,8.0
0,5,Improved FQL-GTA,23.0
0,6,Baseline FQL,13.0
0,6,Improved FQL-GTA,27.0
0,7,Baseline FQL,10.0
0,7,Improved FQL-GTA,63.0
0,8,Baseline FQL,9.0
0,8,Improved FQL-GTA,32.0
0,9,Baseline FQL,10.0
0,9,Improved FQL-GTA,102.0
0,10,Baseline FQL,9.0
0,10,Improved FQL-GTA,85.0
0,11,Baseline FQL,13.0
0,11,Improved FQL-GTA,123.0
0,12,Baseline FQL,9.0
0,12,Improved FQL-GTA,39.0
0,13,Baseline FQL,10.0
0,13,Improved FQL-GTA,120.0
0,14,Baseline FQL,9.0
0,14,Improved FQL-GTA,145.0
0,15,Baseline FQL,11.0
0,15,Improved FQL-GTA,23.0
0,16,Baseline FQL,10.0
0,16,Improved FQL-GTA,209.0
0,17,Baseline FQL,10.0
0,17,Improved FQL-GTA,20.0
0,18,Baseline FQL,9.0
0,18,Improved FQL-GTA,124.0
0,19,Baseline FQL,13.0
0,19,Improved FQL-GTA,296.0
0,20,Baseline FQL,12.0
0,20,Improved FQL-GTA,145.0
0,21,Baseline FQL,10.0
0,21,Improved FQL-GTA,72.0
0,22,Baseline FQL,10.0
0,22,Improved FQL-GTA,379.0
0,23,Baseline FQL,11.0
0,23,Improved FQL-GTA,120.0
0,24,Baseline FQL,11.0
0,24,Improved FQL-GTA,74.0
0,25,Baseline FQL,9.0
0,25,Improved FQL-GTA,328.0
0,26,Baseline FQL,10.0
0,26,Improved FQL-GTA,263.0
0,27,Baseline FQL,11.0
0,27,Improved FQL-GTA,35.0
0,28,Baseline FQL,10.0
0,28,Improved FQL-GTA,299.0
0,29,Baseline FQL,9.0
0,29,Improved FQL-GTA,168.0
0,30,Baseline FQL,9.0
0,30,Improved FQL-GTA,202.0
0,31,Baseline FQL,10.0
0,31,Improved FQL-GTA,260.0
0,32,Baseline FQL,9.0
0,32,Improved FQL-GTA,328.0
0,33,Baseline FQL,12.0
0,33,Improved FQL-GTA,240.0
0,34,Baseline FQL,8.0
0,34,Improved FQL-GTA,170.0
0,35,Baseline FQL,12.0
0,35,Improved FQL-GTA,30.0
0,36,Baseline FQL,8.0
0,36,Improved FQL-GTA,264.0
0,37,Baseline FQL,8.0
0,37,Improved FQL-GTA,322.0
0,38,Baseline FQL,10.0
0,38,Improved FQL-GTA,65.0
0,39,Baseline FQL,9.0
0,39,Improved FQL-GTA,454.0
0,40,Baseline FQL,10.0
0,40,Improved FQL-GTA,279.0
0,41,Baseline FQL,8.0
0,41,Improved FQL-GTA,29.0
0,42,Baseline FQL,10.0
0,42,Improved FQL-GTA,258.0
0,43,Baseline FQL,8.0
0,43,Improved FQL-GTA,316.0
0,44,Baseline FQL,10.0
0,44,Improved FQL-GTA,311.0
0,45,Baseline FQL,9.0
0,45,Improved FQL-GTA,500.0
0,46,Baseline FQL,12.0
0,46,Improved FQL-GTA,319.0
0,47,Baseline FQL,10.0
0,47,Improved FQL-GTA,137.0
0,48,Baseline FQL,10.0
0,48,Improved FQL-GTA,294.0
0,49,Baseline FQL,11.0
0,49,Improved FQL-GTA,248.0
0,50,Baseline FQL,10.0
0,50,Improved FQL-GTA,427.0
0,51,Baseline FQL,9.0
0,51,Improved FQL-GTA,500.0
0,52,Baseline FQL,10.0
0,52,Improved FQL-GTA,500.0
0,53,Baseline FQL,10.0
0,53,Improved FQL-GTA,500.0
0,54,Baseline FQL,10.0
0,54,Improved FQL-GTA,297.0
0,55,Baseline FQL,10.0
0,55,Improved FQL-GTA,329.0
0,56,Baseline FQL,10.0
0,56,Improved FQL-GTA,287.0
0,57,Baseline FQL,9.0
0,57,Improved FQL-GTA,291.0
0,58,Baseline FQL,9.0
0,58,Improved FQL-GTA,500.0
0,59,Baseline FQL,10.0
0,59,Improved FQL-GTA,229.0
0,60,Baseline FQL,10.0
0,60,Improved FQL-GTA,81.0
0,61,Baseline FQL,10.0
0,61,Improved FQL-GTA,500.0
0,62,Baseline FQL,9.0
0,62,Improved FQL-GTA,500.0
0,63,Baseline FQL,9.0
0,63,Improved FQL-GTA,229.0
0,64,Baseline FQL,10.0
0,64,Improved FQL-GTA,455.0
0,65,Baseline FQL,10.0
0,65,Improved FQL-GTA,500.0
0,66,Baseline FQL,10.0
0,66,Improved FQL-GTA,277.0
0,67,Baseline FQL,10.0
0,67,Improved FQL-GTA,500.0
0,68,Baseline FQL,10.0
0,68,Improved FQL-GTA,500.0
0,69,Baseline FQL,9.0
0,69,Improved FQL-GTA,162.0
0,70,Baseline FQL,8.0
0,70,Improved FQL-GTA,500.0
0,71,Baseline FQL,10.0
0,71,Improved FQL-GTA,331.0
0,72,Baseline FQL,9.0
0,72,Improved FQL-GTA,500.0
0,73,Baseline FQL,12.0
0,73,Improved FQL-GTA,260.0
0,74,Baseline FQL,10.0
0,74,Improved FQL-GTA,500.0
0,75,Baseline FQL,13.0
0,75,Improved FQL-GTA,320.0
0,76,Baseline FQL,12.0
0,76,Improved FQL-GTA,229.0
0,77,Baseline FQL,15.0
0,77,Improved FQL-GTA,242.0
0,78,Baseline FQL,11.0
0,78,Improved FQL-GTA,301.0
0,79,Baseline FQL,9.0
0,79,Improved FQL-GTA,261.0
0,80,Baseline FQL,11.0
0,80,Improved FQL-GTA,48.0
0,81,Baseline FQL,12.0
0,81,Improved FQL-GTA,300.0
0,82,Baseline FQL,11.0
0,82,Improved FQL-GTA,458.0
0,83,Baseline FQL,10.0
0,83,Improved FQL-GTA,500.0
0,84,Baseline FQL,13.0
0,84,Improved FQL-GTA,500.0
0,85,Baseline FQL,13.0
0,85,Improved FQL-GTA,500.0
0,86,Baseline FQL,9.0
0,86,Improved FQL-GTA,491.0
0,87,Baseline FQL,13.0
0,87,Improved FQL-GTA,279.0
0,88,Baseline FQL,12.0
0,88,Improved FQL-GTA,500.0
0,89,Baseline FQL,15.0
0,89,Improved FQL-GTA,229.0
0,90,Baseline FQL,11.0
0,90,Improved FQL-GTA,178.0
0,91,Baseline FQL,15.0
0,91,Improved FQL-GTA,352.0
0,92,Baseline FQL,13.0
0,92,Improved FQL-GTA,500.0
0,93,Baseline FQL,18.0
0,93,Improved FQL-GTA,361.0
0,94,Baseline FQL,15.0
0,94,Improved FQL-GTA,301.0
0,95,Baseline FQL,14.0
0,95,Improved FQL-GTA,500.0
0,96,Baseline FQL,16.0
0,96,Improved FQL-GTA,497.0
0,97,Baseline FQL,15.0
0,97,Improved FQL-GTA,500.0
0,98,Baseline FQL,15.0
0,98,Improved FQL-GTA,500.0
0,99,Baseline FQL,18.0
0,99,Improved FQL-GTA,329.0
0,100,Baseline FQL,15.0
0,100,Improved FQL-GTA,219.0
0,101,Baseline FQL,16.0
0,101,Improved FQL-GTA,457.0
0,102,Baseline FQL,13.0
0,102,Improved FQL-GTA,500.0
0,103,Baseline FQL,13.0
0,103,Improved FQL-GTA,216.0
0,104,Baseline FQL,18.0
0,104,Improved FQL-GTA,474.0
0,105,Baseline FQL,20.0
0,105,Improved FQL-GTA,500.0
0,106,Baseline FQL,23.0
0,106,Improved FQL-GTA,500.0
0,107,Baseline FQL,21.0
0,107,Improved FQL-GTA,500.0
0,108,Baseline FQL,20.0
0,108,Improved FQL-GTA,500.0
0,109,Baseline FQL,20.0
0,109,Improved FQL-GTA,500.0
0,110,Baseline FQL,15.0
0,110,Improved FQL-GTA,500.0
0,111,Baseline FQL,14.0
0,111,Improved FQL-GTA,500.0
0,112,Baseline FQL,17.0
0,112,Improved FQL-GTA,246.0
0,113,Baseline FQL,11.0
0,113,Improved FQL-GTA,500.0
0,114,Baseline FQL,20.0
0,114,Improved FQL-GTA,388.0
0,115,Baseline FQL,18.0
0,115,Improved FQL-GTA,444.0
0,116,Baseline FQL,15.0
0,116,Improved FQL-GTA,500.0
0,117,Baseline FQL,11.0
0,117,Improved FQL-GTA,214.0
0,118,Baseline FQL,15.0
0,118,Improved FQL-GTA,500.0
0,119,Baseline FQL,19.0
0,119,Improved FQL-GTA,500.0
0,120,Baseline FQL,13.0
0,120,Improved FQL-GTA,500.0
0,121,Baseline FQL,20.0
0,121,Improved FQL-GTA,435.0
0,122,Baseline FQL,13.0
0,122,Improved FQL-GTA,235.0
0,123,Baseline FQL,17.0
0,123,Improved FQL-GTA,430.0
0,124,Baseline FQL,23.0
0,124,Improved FQL-GTA,459.0
0,125,Baseline FQL,11.0
0,125,Improved FQL-GTA,500.0
0,126,Baseline FQL,19.0
0,126,Improved FQL-GTA,500.0
0,127,Baseline FQL,22.0
0,127,Improved FQL-GTA,214.0
0,128,Baseline FQL,17.0
0,128,Improved FQL-GTA,234.0
0,129,Baseline FQL,17.0
0,129,Improved FQL-GTA,465.0
0,130,Baseline FQL,11.0
0,130,Improved FQL-GTA,500.0
0,131,Baseline FQL,21.0
0,131,Improved FQL-GTA,500.0
0,132,Baseline FQL,19.0
0,132,Improved FQL-GTA,476.0
0,133,Baseline FQL,13.0
0,133,Improved FQL-GTA,160.0
0,134,Baseline FQL,16.0
0,134,Improved FQL-GTA,500.0
0,135,Baseline FQL,15.0
0,135,Improved FQL-GTA,500.0
0,136,Baseline FQL,11.0
0,136,Improved FQL-GTA,500.0
0,137,Baseline FQL,25.0
0,137,Improved FQL-GTA,500.0
0,138,Baseline FQL,19.0
0,138,Improved FQL-GTA,485.0
0,139,Baseline FQL,21.0
0,139,Improved FQL-GTA,500.0
0,140,Baseline FQL,16.0
0,140,Improved FQL-GTA,500.0
0,141,Baseline FQL,15.0
0,141,Improved FQL-GTA,500.0
0,142,Baseline FQL,29.0
0,142,Improved FQL-GTA,486.0
0,143,Baseline FQL,13.0
0,143,Improved FQL-GTA,500.0
0,144,Baseline FQL,15.0
0,144,Improved FQL-GTA,429.0
0,145,Baseline FQL,21.0
0,145,Improved FQL-GTA,500.0
0,146,Baseline FQL,15.0
0,146,Improved FQL-GTA,500.0
0,147,Baseline FQL,19.0
0,147,Improved FQL-GTA,500.0
0,148,Baseline FQL,17.0
0,148,Improved FQL-GTA,500.0
0,149,Baseline FQL,14.0
0,149,Improved FQL-GTA,500.0
0,150,Baseline FQL,19.0
0,150,Improved FQL-GTA,478.0
0,151,Baseline FQL,13.0
0,151,Improved FQL-GTA,500.0
0,152,Baseline FQL,13.0
0,152,Improved FQL-GTA,500.0
0,153,Baseline FQL,24.0
0,153,Improved FQL-GTA,500.0
0,154,Baseline FQL,21.0
0,154,Improved FQL-GTA,500.0
0,155,Baseline FQL,22.0
0,155,Improved FQL-GTA,500.0
0,156,Baseline FQL,18.0
0,156,Improved FQL-GTA,500.0
0,157,Baseline FQL,24.0
0,157,Improved FQL-GTA,408.0
0,158,Baseline FQL,18.0
0,158,Improved FQL-GTA,500.0
0,159,Baseline FQL,15.0
0,159,Improved FQL-GTA,455.0
0,160,Baseline FQL,18.0
0,160,Improved FQL-GTA,388.0
0,161,Baseline FQL,17.0
0,161,Improved FQL-GTA,500.0
0,162,Baseline FQL,20.0
0,162,Improved FQL-GTA,417.0
0,163,Baseline FQL,13.0
0,163,Improved FQL-GTA,500.0
0,164,Baseline FQL,15.0
0,164,Improved FQL-GTA,500.0
0,165,Baseline FQL,17.0
0,165,Improved FQL-GTA,500.0
0,166,Baseline FQL,11.0
0,166,Improved FQL-GTA,500.0
0,167,Baseline FQL,14.0
0,167,Improved FQL-GTA,500.0
0,168,Baseline FQL,15.0
0,168,Improved FQL-GTA,500.0
0,169,Baseline FQL,13.0
0,169,Improved FQL-GTA,500.0
0,170,Baseline FQL,15.0
0,170,Improved FQL-GTA,474.0
0,171,Baseline FQL,11.0
0,171,Improved FQL-GTA,396.0
0,172,Baseline FQL,14.0
0,172,Improved FQL-GTA,500.0
0,173,Baseline FQL,14.0
0,173,Improved FQL-GTA,500.0
0,174,Baseline FQL,21.0
0,174,Improved FQL-GTA,500.0
0,175,Baseline FQL,13.0
0,175,Improved FQL-GTA,500.0
0,176,Baseline FQL,27.0
0,176,Improved FQL-GTA,385.0
0,177,Baseline FQL,18.0
0,177,Improved FQL-GTA,477.0
0,178,Baseline FQL,19.0
0,178,Improved FQL-GTA,392.0
0,179,Baseline FQL,29.0
0,179,Improved FQL-GTA,500.0
0,180,Baseline FQL,13.0
0,180,Improved FQL-GTA,500.0
0,181,Baseline FQL,16.0
0,181,Improved FQL-GTA,500.0
0,182,Baseline FQL,19.0
0,182,Improved FQL-GTA,500.0
0,183,Baseline FQL,23.0
0,183,Improved FQL-GTA,497.0
0,184,Baseline FQL,25.0
0,184,Improved FQL-GTA,500.0
0,185,Baseline FQL,17.0
0,185,Improved FQL-GTA,500.0
0,186,Baseline FQL,25.0
0,186,Improved FQL-GTA,500.0
0,187,Baseline FQL,17.0
0,187,Improved FQL-GTA,432.0
0,188,Baseline FQL,25.0
0,188,Improved FQL-GTA,328.0
0,189,Baseline FQL,17.0
0,189,Improved FQL-GTA,500.0
0,190,Baseline FQL,21.0
0,190,Improved FQL-GTA,500.0
0,191,Baseline FQL,16.0
0,191,Improved FQL-GTA,500.0
0,192,Baseline FQL,21.0
0,192,Improved FQL-GTA,500.0
0,193,Baseline FQL,27.0
0,193,Improved FQL-GTA,499.0
0,194,Baseline FQL,15.0
0,194,Improved FQL-GTA,500.0
0,195,Baseline FQL,19.0
0,195,Improved FQL-GTA,500.0
0,196,Baseline FQL,13.0
0,196,Improved FQL-GTA,500.0
0,197,Baseline FQL,17.0
0,197,Improved FQL-GTA,330.0
0,198,Baseline FQL,19.0
0,198,Improved FQL-GTA,453.0
0,199,Baseline FQL,33.0
0,199,Improved FQL-GTA,500.0
0,200,Baseline FQL,30.0
0,200,Improved FQL-GTA,500.0
0,201,Baseline FQL,32.0
0,201,Improved FQL-GTA,500.0
0,202,Baseline FQL,22.0
0,202,Improved FQL-GTA,500.0
0,203,Baseline FQL,17.0
0,203,Improved FQL-GTA,500.0
0,204,Baseline FQL,27.0
0,204,Improved FQL-GTA,462.0
0,205,Baseline FQL,24.0
0,205,Improved FQL-GTA,500.0
0,206,Baseline FQL,20.0
0,206,Improved FQL-GTA,404.0
0,207,Baseline FQL,16.0
0,207,Improved FQL-GTA,482.0
0,208,Baseline FQL,19.0
0,208,Improved FQL-GTA,368.0
0,209,Baseline FQL,27.0
0,209,Improved FQL-GTA,500.0
0,210,Baseline FQL,23.0
0,210,Improved FQL-GTA,500.0
0,211,Baseline FQL,24.0
0,211,Improved FQL-GTA,500.0
0,212,Baseline FQL,28.0
0,212,Improved FQL-GTA,500.0
0,213,Baseline FQL,24.0
0,213,Improved FQL-GTA,500.0
0,214,Baseline FQL,24.0
0,214,Improved FQL-GTA,412.0
0,215,Baseline FQL,26.0
0,215,Improved FQL-GTA,500.0
0,216,Baseline FQL,15.0
0,216,Improved FQL-GTA,476.0
0,217,Baseline FQL,24.0
0,217,Improved FQL-GTA,500.0
0,218,Baseline FQL,20.0
0,218,Improved FQL-GTA,500.0
0,219,Baseline FQL,17.0
0,219,Improved FQL-GTA,459.0
0,220,Baseline FQL,20.0
0,220,Improved FQL-GTA,442.0
0,221,Baseline FQL,18.0
0,221,Improved FQL-GTA,456.0
0,222,Baseline FQL,20.0
0,222,Improved FQL-GTA,500.0
0,223,Baseline FQL,21.0
0,223,Improved FQL-GTA,500.0
0,224,Baseline FQL,24.0
0,224,Improved FQL-GTA,500.0
0,225,Baseline FQL,24.0
0,225,Improved FQL-GTA,500.0
0,226,Baseline FQL,18.0
0,226,Improved FQL-GTA,500.0
0,227,Baseline FQL,16.0
0,227,Improved FQL-GTA,456.0
0,228,Baseline FQL,31.0
0,228,Improved FQL-GTA,500.0
0,229,Baseline FQL,42.0
0,229,Improved FQL-GTA,500.0
0,230,Baseline FQL,22.0
0,230,Improved FQL-GTA,500.0
0,231,Baseline FQL,15.0
0,231,Improved FQL-GTA,445.0
0,232,Baseline FQL,27.0
0,232,Improved FQL-GTA,458.0
0,233,Baseline FQL,38.0
0,233,Improved FQL-GTA,287.0
0,234,Baseline FQL,29.0
0,234,Improved FQL-GTA,479.0
0,235,Baseline FQL,28.0
0,235,Improved FQL-GTA,500.0
0,236,Baseline FQL,29.0
0,236,Improved FQL-GTA,346.0
0,237,Baseline FQL,17.0
0,237,Improved FQL-GTA,420.0
0,238,Baseline FQL,25.0
0,238,Improved FQL-GTA,319.0
0,239,Baseline FQL,16.0
0,239,Improved FQL-GTA,500.0
0,240,Baseline FQL,22.0
0,240,Improved FQL-GTA,500.0
0,241,Baseline FQL,42.0
0,241,Improved FQL-GTA,500.0
0,242,Baseline FQL,44.0
0,242,Improved FQL-GTA,500.0
0,243,Baseline FQL,25.0
0,243,Improved FQL-GTA,500.0
0,244,Baseline FQL,18.0
0,244,Improved FQL-GTA,500.0
0,245,Baseline FQL,26.0
0,245,Improved FQL-GTA,500.0
0,246,Baseline FQL,55.0
0,246,Improved FQL-GTA,500.0
0,247,Baseline FQL,22.0
0,247,Improved FQL-GTA,378.0
0,248,Baseline FQL,40.0
0,248,Improved FQL-GTA,426.0
0,249,Baseline FQL,32.0
0,249,Improved FQL-GTA,441.0
0,250,Baseline FQL,22.0
0,250,Improved FQL-GTA,500.0
0,251,Baseline FQL,74.0
0,251,Improved FQL-GTA,391.0
0,252,Baseline FQL,28.0
0,252,Improved FQL-GTA,426.0
0,253,Baseline FQL,34.0
0,253,Improved FQL-GTA,500.0
0,254,Baseline FQL,30.0
0,254,Improved FQL-GTA,500.0
0,255,Baseline FQL,42.0
0,255,Improved FQL-GTA,500.0
0,256,Baseline FQL,18.0
0,256,Improved FQL-GTA,500.0
0,257,Baseline FQL,16.0
0,257,Improved FQL-GTA,500.0
0,258,Baseline FQL,40.0
0,258,Improved FQL-GTA,500.0
0,259,Baseline FQL,23.0
0,259,Improved FQL-GTA,500.0
0,260,Baseline FQL,56.0
0,260,Improved FQL-GTA,500.0
0,261,Baseline FQL,41.0
0,261,Improved FQL-GTA,500.0
0,262,Baseline FQL,17.0
0,262,Improved FQL-GTA,500.0
0,263,Baseline FQL,26.0
0,263,Improved FQL-GTA,500.0
0,264,Baseline FQL,75.0
0,264,Improved FQL-GTA,415.0
0,265,Baseline FQL,107.0
0,265,Improved FQL-GTA,500.0
0,266,Baseline FQL,42.0
0,266,Improved FQL-GTA,500.0
0,267,Baseline FQL,41.0
0,267,Improved FQL-GTA,500.0
0,268,Baseline FQL,45.0
0,268,Improved FQL-GTA,500.0
0,269,Baseline FQL,101.0
0,269,Improved FQL-GTA,500.0
0,270,Baseline FQL,102.0
0,270,Improved FQL-GTA,500.0
0,271,Baseline FQL,40.0
0,271,Improved FQL-GTA,351.0
0,272,Baseline FQL,50.0
0,272,Improved FQL-GTA,399.0
0,273,Baseline FQL,224.0
0,273,Improved FQL-GTA,407.0
0,274,Baseline FQL,55.0
0,274,Improved FQL-GTA,377.0
0,275,Baseline FQL,74.0
0,275,Improved FQL-GTA,440.0
0,276,Baseline FQL,42.0
0,276,Improved FQL-GTA,500.0
0,277,Baseline FQL,37.0
0,277,Improved FQL-GTA,500.0
0,278,Baseline FQL,135.0
0,278,Improved FQL-GTA,500.0
0,279,Baseline FQL,37.0
0,279,Improved FQL-GTA,500.0
0,280,Baseline FQL,119.0
0,280,Improved FQL-GTA,500.0
0,281,Baseline FQL,78.0
0,281,Improved FQL-GTA,500.0
0,282,Baseline FQL,58.0
0,282,Improved FQL-GTA,500.0
0,283,Baseline FQL,60.0
0,283,Improved FQL-GTA,500.0
0,284,Baseline FQL,92.0
0,284,Improved FQL-GTA,500.0
0,285,Baseline FQL,119.0
0,285,Improved FQL-GTA,500.0
0,286,Baseline FQL,36.0
0,286,Improved FQL-GTA,500.0
0,287,Baseline FQL,225.0
0,287,Improved FQL-GTA,500.0
0,288,Baseline FQL,143.0
0,288,Improved FQL-GTA,363.0
0,289,Baseline FQL,47.0
0,289,Improved FQL-GTA,366.0
0,290,Baseline FQL,47.0
0,290,Improved FQL-GTA,391.0
0,291,Baseline FQL,47.0
0,291,Improved FQL-GTA,500.0
0,292,Baseline FQL,79.0
0,292,Improved FQL-GTA,500.0
0,293,Baseline FQL,78.0
0,293,Improved FQL-GTA,500.0
0,294,Baseline FQL,137.0
0,294,Improved FQL-GTA,500.0
0,295,Baseline FQL,55.0
0,295,Improved FQL-GTA,500.0
0,296,Baseline FQL,201.0
0,296,Improved FQL-GTA,500.0
0,297,Baseline FQL,155.0
0,297,Improved FQL-GTA,500.0
0,298,Baseline FQL,96.0
0,298,Improved FQL-GTA,500.0
0,299,Baseline FQL,113.0
0,299,Improved FQL-GTA,500.0
0,300,Baseline FQL,321.0
0,300,Improved FQL-GTA,500.0
0,301,Baseline FQL,234.0
0,301,Improved FQL-GTA,500.0
0,302,Baseline FQL,271.0
0,302,Improved FQL-GTA,401.0
0,303,Baseline FQL,134.0
0,303,Improved FQL-GTA,377.0
0,304,Baseline FQL,110.0
0,304,Improved FQL-GTA,500.0
0,305,Baseline FQL,131.0
0,305,Improved FQL-GTA,500.0
0,306,Baseline FQL,156.0
0,306,Improved FQL-GTA,500.0
0,307,Baseline FQL,205.0
0,307,Improved FQL-GTA,500.0
0,308,Baseline FQL,142.0
0,308,Improved FQL-GTA,500.0
0,309,Baseline FQL,191.0
0,309,Improved FQL-GTA,500.0
0,310,Baseline FQL,224.0
0,310,Improved FQL-GTA,500.0
0,311,Baseline FQL,226.0
0,311,Improved FQL-GTA,500.0
0,312,Baseline FQL,223.0
0,312,Improved FQL-GTA,378.0
0,313,Baseline FQL,300.0
0,313,Improved FQL-GTA,418.0
0,314,Baseline FQL,260.0
0,314,Improved FQL-GTA,500.0
0,315,Baseline FQL,217.0
0,315,Improved FQL-GTA,500.0
0,316,Baseline FQL,238.0
0,316,Improved FQL-GTA,500.0
0,317,Baseline FQL,230.0
0,317,Improved FQL-GTA,500.0
0,318,Baseline FQL,234.0
0,318,Improved FQL-GTA,500.0
0,319,Baseline FQL,255.0
0,319,Improved FQL-GTA,500.0
0,320,Baseline FQL,294.0
0,320,Improved FQL-GTA,500.0
0,321,Baseline FQL,219.0
0,321,Improved FQL-GTA,500.0
0,322,Baseline FQL,128.0
0,322,Improved FQL-GTA,500.0
0,323,Baseline FQL,304.0
0,323,Improved FQL-GTA,425.0
0,324,Baseline FQL,225.0
0,324,Improved FQL-GTA,437.0
0,325,Baseline FQL,159.0
0,325,Improved FQL-GTA,373.0
0,326,Baseline FQL,100.0
0,326,Improved FQL-GTA,500.0
0,327,Baseline FQL,257.0
0,327,Improved FQL-GTA,413.0
0,328,Baseline FQL,145.0
0,328,Improved FQL-GTA,455.0
0,329,Baseline FQL,306.0
0,329,Improved FQL-GTA,500.0
0,330,Baseline FQL,393.0
0,330,Improved FQL-GTA,500.0
0,331,Baseline FQL,213.0
0,331,Improved FQL-GTA,500.0
0,332,Baseline FQL,266.0
0,332,Improved FQL-GTA,500.0
0,333,Baseline FQL,222.0
0,333,Improved FQL-GTA,500.0
0,334,Baseline FQL,211.0
0,334,Improved FQL-GTA,500.0
0,335,Baseline FQL,334.0
0,335,Improved FQL-GTA,500.0
0,336,Baseline FQL,267.0
0,336,Improved FQL-GTA,500.0
0,337,Baseline FQL,244.0
0,337,Improved FQL-GTA,500.0
0,338,Baseline FQL,209.0
0,338,Improved FQL-GTA,500.0
0,339,Baseline FQL,215.0
0,339,Improved FQL-GTA,433.0
0,340,Baseline FQL,200.0
0,340,Improved FQL-GTA,389.0
0,341,Baseline FQL,209.0
0,341,Improved FQL-GTA,500.0
0,342,Baseline FQL,264.0
0,342,Improved FQL-GTA,500.0
0,343,Baseline FQL,321.0
0,343,Improved FQL-GTA,500.0
0,344,Baseline FQL,355.0
0,344,Improved FQL-GTA,500.0
0,345,Baseline FQL,222.0
0,345,Improved FQL-GTA,500.0
0,346,Baseline FQL,249.0
0,346,Improved FQL-GTA,500.0
0,347,Baseline FQL,149.0
0,347,Improved FQL-GTA,500.0
0,348,Baseline FQL,237.0
0,348,Improved FQL-GTA,500.0
0,349,Baseline FQL,250.0
0,349,Improved FQL-GTA,500.0
0,350,Baseline FQL,235.0
0,350,Improved FQL-GTA,500.0
0,351,Baseline FQL,282.0
0,351,Improved FQL-GTA,500.0
0,352,Baseline FQL,241.0
0,352,Improved FQL-GTA,500.0
0,353,Baseline FQL,220.0
0,353,Improved FQL-GTA,500.0
0,354,Baseline FQL,247.0
0,354,Improved FQL-GTA,500.0
0,355,Baseline FQL,257.0
0,355,Improved FQL-GTA,500.0
0,356,Baseline FQL,239.0
0,356,Improved FQL-GTA,413.0
0,357,Baseline FQL,274.0
0,357,Improved FQL-GTA,314.0
0,358,Baseline FQL,302.0
0,358,Improved FQL-GTA,450.0
0,359,Baseline FQL,239.0
0,359,Improved FQL-GTA,500.0
0,360,Baseline FQL,247.0
0,360,Improved FQL-GTA,481.0
0,361,Baseline FQL,208.0
0,361,Improved FQL-GTA,500.0
0,362,Baseline FQL,275.0
0,362,Improved FQL-GTA,221.0
0,363,Baseline FQL,363.0
0,363,Improved FQL-GTA,213.0
0,364,Baseline FQL,231.0
0,364,Improved FQL-GTA,401.0
0,365,Baseline FQL,347.0
0,365,Improved FQL-GTA,424.0
0,366,Baseline FQL,230.0
0,366,Improved FQL-GTA,444.0
0,367,Baseline FQL,255.0
0,367,Improved FQL-GTA,500.0
0,368,Baseline FQL,222.0
0,368,Improved FQL-GTA,418.0
0,369,Baseline FQL,239.0
0,369,Improved FQL-GTA,500.0
0,370,Baseline FQL,298.0
0,370,Improved FQL-GTA,500.0
0,371,Baseline FQL,223.0
0,371,Improved FQL-GTA,500.0
0,372,Baseline FQL,241.0
0,372,Improved FQL-GTA,457.0
0,373,Baseline FQL,338.0
0,373,Improved FQL-GTA,500.0
0,374,Baseline FQL,233.0
0,374,Improved FQL-GTA,402.0
0,375,Baseline FQL,234.0
0,375,Improved FQL-GTA,500.0
0,376,Baseline FQL,291.0
0,376,Improved FQL-GTA,400.0
0,377,Baseline FQL,357.0
0,377,Improved FQL-GTA,368.0
0,378,Baseline FQL,379.0
0,378,Improved FQL-GTA,363.0
0,379,Baseline FQL,35.0
0,379,Improved FQL-GTA,351.0
0,380,Baseline FQL,42.0
0,380,Improved FQL-GTA,500.0
0,381,Baseline FQL,302.0
0,381,Improved FQL-GTA,500.0
0,382,Baseline FQL,234.0
0,382,Improved FQL-GTA,500.0
0,383,Baseline FQL,225.0
0,383,Improved FQL-GTA,500.0
0,384,Baseline FQL,206.0
0,384,Improved FQL-GTA,500.0
0,385,Baseline FQL,219.0
0,385,Improved FQL-GTA,500.0
0,386,Baseline FQL,288.0
0,386,Improved FQL-GTA,500.0
0,387,Baseline FQL,271.0
0,387,Improved FQL-GTA,500.0
0,388,Baseline FQL,243.0
0,388,Improved FQL-GTA,500.0
0,389,Baseline FQL,250.0
0,389,Improved FQL-GTA,500.0
0,390,Baseline FQL,265.0
0,390,Improved FQL-GTA,500.0
0,391,Baseline FQL,220.0
0,391,Improved FQL-GTA,500.0
0,392,Baseline FQL,217.0
0,392,Improved FQL-GTA,500.0
0,393,Baseline FQL,245.0
0,393,Improved FQL-GTA,500.0
0,394,Baseline FQL,246.0
0,394,Improved FQL-GTA,500.0
0,395,Baseline FQL,291.0
0,395,Improved FQL-GTA,500.0
0,396,Baseline FQL,230.0
0,396,Improved FQL-GTA,500.0
0,397,Baseline FQL,295.0
0,397,Improved FQL-GTA,500.0
0,398,Baseline FQL,239.0
0,398,Improved FQL-GTA,500.0
0,399,Baseline FQL,309.0
0,399,Improved FQL-GTA,500.0
0,400,Baseline FQL,252.0
0,400,Improved FQL-GTA,434.0
0,401,Baseline FQL,263.0
0,401,Improved FQL-GTA,500.0
0,402,Baseline FQL,296.0
0,402,Improved FQL-GTA,500.0
0,403,Baseline FQL,237.0
0,403,Improved FQL-GTA,500.0
0,404,Baseline FQL,241.0
0,404,Improved FQL-GTA,500.0
0,405,Baseline FQL,290.0
0,405,Improved FQL-GTA,500.0
0,406,Baseline FQL,345.0
0,406,Improved FQL-GTA,500.0
0,407,Baseline FQL,500.0
0,407,Improved FQL-GTA,500.0
0,408,Baseline FQL,240.0
0,408,Improved FQL-GTA,500.0
0,409,Baseline FQL,146.0
0,409,Improved FQL-GTA,372.0
0,410,Baseline FQL,227.0
0,410,Improved FQL-GTA,380.0
0,411,Baseline FQL,211.0
0,411,Improved FQL-GTA,393.0
0,412,Baseline FQL,136.0
0,412,Improved FQL-GTA,500.0
0,413,Baseline FQL,289.0
0,413,Improved FQL-GTA,500.0
0,414,Baseline FQL,223.0
0,414,Improved FQL-GTA,500.0
0,415,Baseline FQL,303.0
0,415,Improved FQL-GTA,500.0
0,416,Baseline FQL,251.0
0,416,Improved FQL-GTA,500.0
0,417,Baseline FQL,361.0
0,417,Improved FQL-GTA,500.0
0,418,Baseline FQL,282.0
0,418,Improved FQL-GTA,500.0
0,419,Baseline FQL,300.0
0,419,Improved FQL-GTA,500.0
0,420,Baseline FQL,288.0
0,420,Improved FQL-GTA,500.0
0,421,Baseline FQL,225.0
0,421,Improved FQL-GTA,388.0
0,422,Baseline FQL,335.0
0,422,Improved FQL-GTA,500.0
0,423,Baseline FQL,256.0
0,423,Improved FQL-GTA,500.0
0,424,Baseline FQL,234.0
0,424,Improved FQL-GTA,500.0
0,425,Baseline FQL,323.0
0,425,Improved FQL-GTA,500.0
0,426,Baseline FQL,298.0
0,426,Improved FQL-GTA,500.0
0,427,Baseline FQL,290.0
0,427,Improved FQL-GTA,500.0
0,428,Baseline FQL,284.0
0,428,Improved FQL-GTA,356.0
0,429,Baseline FQL,239.0
0,429,Improved FQL-GTA,500.0
0,430,Baseline FQL,240.0
0,430,Improved FQL-GTA,500.0
0,431,Baseline FQL,230.0
0,431,Improved FQL-GTA,500.0
0,432,Baseline FQL,242.0
0,432,Improved FQL-GTA,500.0
0,433,Baseline FQL,269.0
0,433,Improved FQL-GTA,500.0
0,434,Baseline FQL,239.0
0,434,Improved FQL-GTA,500.0
0,435,Baseline FQL,265.0
0,435,Improved FQL-GTA,500.0
0,436,Baseline FQL,229.0
0,436,Improved FQL-GTA,500.0
0,437,Baseline FQL,248.0
0,437,Improved FQL-GTA,409.0
0,438,Baseline FQL,360.0
0,438,Improved FQL-GTA,500.0
0,439,Baseline FQL,233.0
0,439,Improved FQL-GTA,500.0
0,440,Baseline FQL,239.0
0,440,Improved FQL-GTA,500.0
0,441,Baseline FQL,273.0
0,441,Improved FQL-GTA,500.0
0,442,Baseline FQL,238.0
0,442,Improved FQL-GTA,500.0
0,443,Baseline FQL,296.0
0,443,Improved FQL-GTA,487.0
0,444,Baseline FQL,247.0
0,444,Improved FQL-GTA,435.0
0,445,Baseline FQL,263.0
0,445,Improved FQL-GTA,500.0
0,446,Baseline FQL,199.0
0,446,Improved FQL-GTA,500.0
0,447,Baseline FQL,273.0
0,447,Improved FQL-GTA,500.0
0,448,Baseline FQL,275.0
0,448,Improved FQL-GTA,461.0
0,449,Baseline FQL,287.0
0,449,Improved FQL-GTA,462.0
0,450,Baseline FQL,266.0
0,450,Improved FQL-GTA,500.0
0,451,Baseline FQL,290.0
0,451,Improved FQL-GTA,500.0
0,452,Baseline FQL,220.0
0,452,Improved FQL-GTA,482.0
0,453,Baseline FQL,257.0
0,453,Improved FQL-GTA,500.0
0,454,Baseline FQL,243.0
0,454,Improved FQL-GTA,500.0
0,455,Baseline FQL,339.0
0,455,Improved FQL-GTA,500.0
0,456,Baseline FQL,247.0
0,456,Improved FQL-GTA,500.0
0,457,Baseline FQL,295.0
0,457,Improved FQL-GTA,500.0
0,458,Baseline FQL,272.0
0,458,Improved FQL-GTA,500.0
0,459,Baseline FQL,271.0
0,459,Improved FQL-GTA,471.0
0,460,Baseline FQL,234.0
0,460,Improved FQL-GTA,500.0
0,461,Baseline FQL,374.0
0,461,Improved FQL-GTA,500.0
0,462,Baseline FQL,225.0
0,462,Improved FQL-GTA,475.0
0,463,Baseline FQL,296.0
0,463,Improved FQL-GTA,500.0
0,464,Baseline FQL,234.0
0,464,Improved FQL-GTA,420.0
0,465,Baseline FQL,96.0
0,465,Improved FQL-GTA,500.0
0,466,Baseline FQL,261.0
0,466,Improved FQL-GTA,440.0
0,467,Baseline FQL,322.0
0,467,Improved FQL-GTA,500.0
0,468,Baseline FQL,241.0
0,468,Improved FQL-GTA,500.0
0,469,Baseline FQL,273.0
0,469,Improved FQL-GTA,500.0
0,470,Baseline FQL,283.0
0,470,Improved FQL-GTA,500.0
0,471,Baseline FQL,259.0
0,471,Improved FQL-GTA,387.0
0,472,Baseline FQL,231.0
0,472,Improved FQL-GTA,500.0
0,473,Baseline FQL,248.0
0,473,Improved FQL-GTA,469.0
0,474,Baseline FQL,292.0
0,474,Improved FQL-GTA,428.0
0,475,Baseline FQL,345.0
0,475,Improved FQL-GTA,410.0
0,476,Baseline FQL,362.0
0,476,Improved FQL-GTA,500.0
0,477,Baseline FQL,347.0
0,477,Improved FQL-GTA,404.0
0,478,Baseline FQL,227.0
0,478,Improved FQL-GTA,449.0
0,479,Baseline FQL,500.0
0,479,Improved FQL-GTA,450.0
0,480,Baseline FQL,436.0
0,480,Improved FQL-GTA,402.0
0,481,Baseline FQL,500.0
0,481,Improved FQL-GTA,500.0
0,482,Baseline FQL,222.0
0,482,Improved FQL-GTA,413.0
0,483,Baseline FQL,272.0
0,483,Improved FQL-GTA,500.0
0,484,Baseline FQL,220.0
0,484,Improved FQL-GTA,500.0
0,485,Baseline FQL,304.0
0,485,Improved FQL-GTA,500.0
0,486,Baseline FQL,291.0
0,486,Improved FQL-GTA,500.0
0,487,Baseline FQL,350.0
0,487,Improved FQL-GTA,500.0
0,488,Baseline FQL,308.0
0,488,Improved FQL-GTA,500.0
0,489,Baseline FQL,244.0
0,489,Improved FQL-GTA,500.0
0,490,Baseline FQL,411.0
0,490,Improved FQL-GTA,500.0
0,491,Baseline FQL,230.0
0,491,Improved FQL-GTA,500.0
0,492,Baseline FQL,232.0
0,492,Improved FQL-GTA,500.0
0,493,Baseline FQL,234.0
0,493,Improved FQL-GTA,500.0
0,494,Baseline FQL,218.0
0,494,Improved FQL-GTA,500.0
0,495,Baseline FQL,222.0
0,495,Improved FQL-GTA,500.0
0,496,Baseline FQL,212.0
0,496,Improved FQL-GTA,500.0
0,497,Baseline FQL,271.0
0,497,Improved FQL-GTA,500.0
0,498,Baseline FQL,262.0
0,498,Improved FQL-GTA,500.0
0,499,Baseline FQL,424.0
0,499,Improved FQL-GTA,500.0
0,500,Baseline FQL,437.0
0,500,Improved FQL-GTA,500.0
1,1,Baseline FQL,10.0
1,1,Improved FQL-GTA,20.0
1,2,Baseline FQL,9.0
1,2,Improved FQL-GTA,10.0
1,3,Baseline FQL,9.0
1,3,Improved FQL-GTA,13.0
1,4,Baseline FQL,8.0
1,4,Improved FQL-GTA,9.0
1,5,Baseline FQL,9.0
1,5,Improved FQL-GTA,14.0
1,6,Baseline FQL,10.0
1,6,Improved FQL-GTA,36.0
1,7,Baseline FQL,10.0
1,7,Improved FQL-GTA,10.0
1,8,Baseline FQL,10.0
1,8,Improved FQL-GTA,12.0
1,9,Baseline FQL,9.0
1,9,Improved FQL-GTA,34.0
1,10,Baseline FQL,9.0
1,10,Improved FQL-GTA,10.0
1,11,Baseline FQL,9.0
1,11,Improved FQL-GTA,16.0
1,12,Baseline FQL,11.0
1,12,Improved FQL-GTA,10.0
1,13,Baseline FQL,9.0
1,13,Improved FQL-GTA,15.0
1,14,Baseline FQL,9.0
1,14,Improved FQL-GTA,21.0
1,15,Baseline FQL,10.0
1,15,Improved FQL-GTA,13.0
1,16,Baseline FQL,10.0
1,16,Improved FQL-GTA,27.0
1,17,Baseline FQL,9.0
1,17,Improved FQL-GTA,11.0
1,18,Baseline FQL,10.0
1,18,Improved FQL-GTA,18.0
1,19,Baseline FQL,10.0
1,19,Improved FQL-GTA,11.0
1,20,Baseline FQL,10.0
1,20,Improved FQL-GTA,15.0
1,21,Baseline FQL,9.0
1,21,Improved FQL-GTA,16.0
1,22,Baseline FQL,10.0
1,22,Improved FQL-GTA,15.0
1,23,Baseline FQL,13.0
1,23,Improved FQL-GTA,17.0
1,24,Baseline FQL,9.0
1,24,Improved FQL-GTA,18.0
1,25,Baseline FQL,11.0
1,25,Improved FQL-GTA,16.0
1,26,Baseline FQL,10.0
1,26,Improved FQL-GTA,15.0
1,27,Baseline FQL,10.0
1,27,Improved FQL-GTA,18.0
1,28,Baseline FQL,9.0
1,28,Improved FQL-GTA,13.0
1,29,Baseline FQL,12.0
1,29,Improved FQL-GTA,22.0
1,30,Baseline FQL,10.0
1,30,Improved FQL-GTA,16.0
1,31,Baseline FQL,11.0
1,31,Improved FQL-GTA,15.0
1,32,Baseline FQL,13.0
1,32,Improved FQL-GTA,19.0
1,33,Baseline FQL,8.0
1,33,Improved FQL-GTA,13.0
1,34,Baseline FQL,10.0
1,34,Improved FQL-GTA,16.0
1,35,Baseline FQL,8.0
1,35,Improved FQL-GTA,11.0
1,36,Baseline FQL,8.0
1,36,Improved FQL-GTA,11.0
1,37,Baseline FQL,10.0
1,37,Improved FQL-GTA,15.0
1,38,Baseline FQL,9.0
1,38,Improved FQL-GTA,16.0
1,39,Baseline FQL,10.0
1,39,Improved FQL-GTA,18.0
1,40,Baseline FQL,8.0
1,40,Improved FQL-GTA,24.0
1,41,Baseline FQL,12.0
1,41,Improved FQL-GTA,13.0
1,42,Baseline FQL,8.0
1,42,Improved FQL-GTA,13.0
1,43,Baseline FQL,10.0
1,43,Improved FQL-GTA,22.0
1,44,Baseline FQL,9.0
1,44,Improved FQL-GTA,39.0
1,45,Baseline FQL,9.0
1,45,Improved FQL-GTA,13.0
1,46,Baseline FQL,12.0
1,46,Improved FQL-GTA,21.0
1,47,Baseline FQL,10.0
1,47,Improved FQL-GTA,21.0
1,48,Baseline FQL,10.0
1,48,Improved FQL-GTA,17.0
1,49,Baseline FQL,10.0
1,49,Improved FQL-GTA,16.0
1,50,Baseline FQL,9.0
1,50,Improved FQL-GTA,17.0
1,51,Baseline FQL,10.0
1,51,Improved FQL-GTA,19.0
1,52,Baseline FQL,10.0
1,52,Improved FQL-GTA,17.0
1,53,Baseline FQL,10.0
1,53,Improved FQL-GTA,17.0
1,54,Baseline FQL,11.0
1,54,Improved FQL-GTA,19.0
1,55,Baseline FQL,12.0
1,55,Improved FQL-GTA,17.0
1,56,Baseline FQL,8.0
1,56,Improved FQL-GTA,10.0
1,57,Baseline FQL,9.0
1,57,Improved FQL-GTA,10.0
1,58,Baseline FQL,10.0
1,58,Improved FQL-GTA,18.0
1,59,Baseline FQL,11.0
1,59,Improved FQL-GTA,27.0
1,60,Baseline FQL,12.0
1,60,Improved FQL-GTA,22.0
1,61,Baseline FQL,9.0
1,61,Improved FQL-GTA,19.0
1,62,Baseline FQL,9.0
1,62,Improved FQL-GTA,18.0
1,63,Baseline FQL,10.0
1,63,Improved FQL-GTA,16.0
1,64,Baseline FQL,10.0
1,64,Improved FQL-GTA,17.0
1,65,Baseline FQL,10.0
1,65,Improved FQL-GTA,18.0
1,66,Baseline FQL,10.0
1,66,Improved FQL-GTA,25.0
1,67,Baseline FQL,9.0
1,67,Improved FQL-GTA,15.0
1,68,Baseline FQL,9.0
1,68,Improved FQL-GTA,14.0
1,69,Baseline FQL,9.0
1,69,Improved FQL-GTA,19.0
1,70,Baseline FQL,12.0
1,70,Improved FQL-GTA,30.0
1,71,Baseline FQL,11.0
1,71,Improved FQL-GTA,32.0
1,72,Baseline FQL,10.0
1,72,Improved FQL-GTA,32.0
1,73,Baseline FQL,11.0
1,73,Improved FQL-GTA,16.0
1,74,Baseline FQL,10.0
1,74,Improved FQL-GTA,19.0
1,75,Baseline FQL,9.0
1,75,Improved FQL-GTA,19.0
1,76,Baseline FQL,9.0
1,76,Improved FQL-GTA,24.0
1,77,Baseline FQL,10.0
1,77,Improved FQL-GTA,17.0
1,78,Baseline FQL,9.0
1,78,Improved FQL-GTA,33.0
1,79,Baseline FQL,11.0
1,79,Improved FQL-GTA,22.0
1,80,Baseline FQL,13.0
1,80,Improved FQL-GTA,36.0
1,81,Baseline FQL,8.0
1,81,Improved FQL-GTA,18.0
1,82,Baseline FQL,12.0
1,82,Improved FQL-GTA,27.0
1,83,Baseline FQL,9.0
1,83,Improved FQL-GTA,23.0
1,84,Baseline FQL,11.0
1,84,Improved FQL-GTA,19.0
1,85,Baseline FQL,11.0
1,85,Improved FQL-GTA,26.0
1,86,Baseline FQL,12.0
1,86,Improved FQL-GTA,23.0
1,87,Baseline FQL,11.0
1,87,Improved FQL-GTA,30.0
1,88,Baseline FQL,13.0
1,88,Improved FQL-GTA,25.0
1,89,Baseline FQL,12.0
1,89,Improved FQL-GTA,29.0
1,90,Baseline FQL,14.0
1,90,Improved FQL-GTA,26.0
1,91,Baseline FQL,12.0
1,91,Improved FQL-GTA,19.0
1,92,Baseline FQL,19.0
1,92,Improved FQL-GTA,30.0
1,93,Baseline FQL,14.0
1,93,Improved FQL-GTA,39.0
1,94,Baseline FQL,12.0
1,94,Improved FQL-GTA,21.0
1,95,Baseline FQL,19.0
1,95,Improved FQL-GTA,26.0
1,96,Baseline FQL,14.0
1,96,Improved FQL-GTA,26.0
1,97,Baseline FQL,15.0
1,97,Improved FQL-GTA,80.0
1,98,Baseline FQL,21.0
1,98,Improved FQL-GTA,48.0
1,99,Baseline FQL,13.0
1,99,Improved FQL-GTA,19.0
1,100,Baseline FQL,18.0
1,100,Improved FQL-GTA,31.0
1,101,Baseline FQL,13.0
1,101,Improved FQL-GTA,41.0
1,102,Baseline FQL,12.0
1,102,Improved FQL-GTA,17.0
1,103,Baseline FQL,19.0
1,103,Improved FQL-GTA,26.0
1,104,Baseline FQL,21.0
1,104,Improved FQL-GTA,115.0
1,105,Baseline FQL,22.0
1,105,Improved FQL-GTA,67.0
1,106,Baseline FQL,23.0
1,106,Improved FQL-GTA,91.0
1,107,Baseline FQL,15.0
1,107,Improved FQL-GTA,40.0
1,108,Baseline FQL,22.0
1,108,Improved FQL-GTA,34.0
1,109,Baseline FQL,15.0
1,109,Improved FQL-GTA,26.0
1,110,Baseline FQL,12.0
1,110,Improved FQL-GTA,223.0
1,111,Baseline FQL,14.0
1,111,Improved FQL-GTA,191.0
1,112,Baseline FQL,15.0
1,112,Improved FQL-GTA,34.0
1,113,Baseline FQL,21.0
1,113,Improved FQL-GTA,268.0
1,114,Baseline FQL,17.0
1,114,Improved FQL-GTA,160.0
1,115,Baseline FQL,14.0
1,115,Improved FQL-GTA,167.0
1,116,Baseline FQL,12.0
1,116,Improved FQL-GTA,78.0
1,117,Baseline FQL,14.0
1,117,Improved FQL-GTA,185.0
1,118,Baseline FQL,21.0
1,118,Improved FQL-GTA,163.0
1,119,Baseline FQL,12.0
1,119,Improved FQL-GTA,143.0
1,120,Baseline FQL,18.0
1,120,Improved FQL-GTA,16.0
1,121,Baseline FQL,12.0
1,121,Improved FQL-GTA,162.0
1,122,Baseline FQL,19.0
1,122,Improved FQL-GTA,125.0
1,123,Baseline FQL,23.0
1,123,Improved FQL-GTA,16.0
1,124,Baseline FQL,14.0
1,124,Improved FQL-GTA,13.0
1,125,Baseline FQL,18.0
1,125,Improved FQL-GTA,278.0
1,126,Baseline FQL,21.0
1,126,Improved FQL-GTA,190.0
1,127,Baseline FQL,17.0
1,127,Improved FQL-GTA,10.0
1,128,Baseline FQL,17.0
1,128,Improved FQL-GTA,217.0
1,129,Baseline FQL,11.0
1,129,Improved FQL-GTA,209.0
1,130,Baseline FQL,17.0
1,130,Improved FQL-GTA,163.0
1,131,Baseline FQL,17.0
1,131,Improved FQL-GTA,15.0
1,132,Baseline FQL,13.0
1,132,Improved FQL-GTA,218.0
1,133,Baseline FQL,17.0
1,133,Improved FQL-GTA,230.0
1,134,Baseline FQL,16.0
1,134,Improved FQL-GTA,207.0
1,135,Baseline FQL,11.0
1,135,Improved FQL-GTA,165.0
1,136,Baseline FQL,21.0
1,136,Improved FQL-GTA,263.0
1,137,Baseline FQL,17.0
1,137,Improved FQL-GTA,64.0
1,138,Baseline FQL,13.0
1,138,Improved FQL-GTA,231.0
1,139,Baseline FQL,23.0
1,139,Improved FQL-GTA,33.0
1,140,Baseline FQL,14.0
1,140,Improved FQL-GTA,317.0
1,141,Baseline FQL,24.0
1,141,Improved FQL-GTA,347.0
1,142,Baseline FQL,13.0
1,142,Improved FQL-GTA,259.0
1,143,Baseline FQL,17.0
1,143,Improved FQL-GTA,140.0
1,144,Baseline FQL,20.0
1,144,Improved FQL-GTA,15.0
1,145,Baseline FQL,13.0
1,145,Improved FQL-GTA,342.0
1,146,Baseline FQL,21.0
1,146,Improved FQL-GTA,360.0
1,147,Baseline FQL,15.0
1,147,Improved FQL-GTA,443.0
1,148,Baseline FQL,15.0
1,148,Improved FQL-GTA,241.0
1,149,Baseline FQL,21.0
1,149,Improved FQL-GTA,149.0
1,150,Baseline FQL,14.0
1,150,Improved FQL-GTA,286.0
1,151,Baseline FQL,13.0
1,151,Improved FQL-GTA,301.0
1,152,Baseline FQL,22.0
1,152,Improved FQL-GTA,328.0
1,153,Baseline FQL,20.0
1,153,Improved FQL-GTA,275.0
1,154,Baseline FQL,19.0
1,154,Improved FQL-GTA,64.0
1,155,Baseline FQL,17.0
1,155,Improved FQL-GTA,295.0
1,156,Baseline FQL,20.0
1,156,Improved FQL-GTA,348.0
1,157,Baseline FQL,21.0
1,157,Improved FQL-GTA,246.0
1,158,Baseline FQL,15.0
1,158,Improved FQL-GTA,228.0
1,159,Baseline FQL,17.0
1,159,Improved FQL-GTA,232.0
1,160,Baseline FQL,16.0
1,160,Improved FQL-GTA,235.0
1,161,Baseline FQL,20.0
1,161,Improved FQL-GTA,259.0
1,162,Baseline FQL,13.0
1,162,Improved FQL-GTA,227.0
1,163,Baseline FQL,17.0
1,163,Improved FQL-GTA,230.0
1,164,Baseline FQL,17.0
1,164,Improved FQL-GTA,284.0
1,165,Baseline FQL,13.0
1,165,Improved FQL-GTA,253.0
1,166,Baseline FQL,13.0
1,166,Improved FQL-GTA,293.0
1,167,Baseline FQL,14.0
1,167,Improved FQL-GTA,270.0
1,168,Baseline FQL,11.0
1,168,Improved FQL-GTA,228.0
1,169,Baseline FQL,15.0
1,169,Improved FQL-GTA,219.0
1,170,Baseline FQL,11.0
1,170,Improved FQL-GTA,209.0
1,171,Baseline FQL,14.0
1,171,Improved FQL-GTA,242.0
1,172,Baseline FQL,15.0
1,172,Improved FQL-GTA,216.0
1,173,Baseline FQL,19.0
1,173,Improved FQL-GTA,269.0
1,174,Baseline FQL,12.0
1,174,Improved FQL-GTA,243.0
1,175,Baseline FQL,25.0
1,175,Improved FQL-GTA,319.0
1,176,Baseline FQL,15.0
1,176,Improved FQL-GTA,280.0
1,177,Baseline FQL,19.0
1,177,Improved FQL-GTA,250.0
1,178,Baseline FQL,21.0
1,178,Improved FQL-GTA,304.0
1,179,Baseline FQL,11.0
1,179,Improved FQL-GTA,500.0
1,180,Baseline FQL,15.0
1,180,Improved FQL-GTA,328.0
1,181,Baseline FQL,18.0
1,181,Improved FQL-GTA,297.0
1,182,Baseline FQL,15.0
1,182,Improved FQL-GTA,295.0
1,183,Baseline FQL,14.0
1,183,Improved FQL-GTA,292.0
1,184,Baseline FQL,11.0
1,184,Improved FQL-GTA,267.0
1,185,Baseline FQL,23.0
1,185,Improved FQL-GTA,299.0
1,186,Baseline FQL,17.0
1,186,Improved FQL-GTA,272.0
1,187,Baseline FQL,24.0
1,187,Improved FQL-GTA,340.0
1,188,Baseline FQL,17.0
1,188,Improved FQL-GTA,286.0
1,189,Baseline FQL,19.0
1,189,Improved FQL-GTA,328.0
1,190,Baseline FQL,15.0
1,190,Improved FQL-GTA,297.0
1,191,Baseline FQL,31.0
1,191,Improved FQL-GTA,321.0
1,192,Baseline FQL,18.0
1,192,Improved FQL-GTA,392.0
1,193,Baseline FQL,22.0
1,193,Improved FQL-GTA,342.0
1,194,Baseline FQL,23.0
1,194,Improved FQL-GTA,305.0
1,195,Baseline FQL,19.0
1,195,Improved FQL-GTA,373.0
1,196,Baseline FQL,19.0
1,196,Improved FQL-GTA,263.0
1,197,Baseline FQL,19.0
1,197,Improved FQL-GTA,259.0
1,198,Baseline FQL,31.0
1,198,Improved FQL-GTA,259.0
1,199,Baseline FQL,35.0
1,199,Improved FQL-GTA,296.0
1,200,Baseline FQL,27.0
1,200,Improved FQL-GTA,342.0
1,201,Baseline FQL,36.0
1,201,Improved FQL-GTA,372.0
1,202,Baseline FQL,16.0
1,202,Improved FQL-GTA,322.0
1,203,Baseline FQL,23.0
1,203,Improved FQL-GTA,500.0
1,204,Baseline FQL,15.0
1,204,Improved FQL-GTA,371.0
1,205,Baseline FQL,13.0
1,205,Improved FQL-GTA,500.0
1,206,Baseline FQL,11.0
1,206,Improved FQL-GTA,371.0
1,207,Baseline FQL,18.0
1,207,Improved FQL-GTA,332.0
1,208,Baseline FQL,28.0
1,208,Improved FQL-GTA,345.0
1,209,Baseline FQL,24.0
1,209,Improved FQL-GTA,500.0
1,210,Baseline FQL,24.0
1,210,Improved FQL-GTA,500.0
1,211,Baseline FQL,26.0
1,211,Improved FQL-GTA,500.0
1,212,Baseline FQL,20.0
1,212,Improved FQL-GTA,500.0
1,213,Baseline FQL,23.0
1,213,Improved FQL-GTA,500.0
1,214,Baseline FQL,28.0
1,214,Improved FQL-GTA,500.0
1,215,Baseline FQL,15.0
1,215,Improved FQL-GTA,460.0
1,216,Baseline FQL,24.0
1,216,Improved FQL-GTA,500.0
1,217,Baseline FQL,18.0
1,217,Improved FQL-GTA,500.0
1,218,Baseline FQL,20.0
1,218,Improved FQL-GTA,500.0
1,219,Baseline FQL,18.0
1,219,Improved FQL-GTA,165.0
1,220,Baseline FQL,16.0
1,220,Improved FQL-GTA,500.0
1,221,Baseline FQL,17.0
1,221,Improved FQL-GTA,500.0
1,222,Baseline FQL,22.0
1,222,Improved FQL-GTA,487.0
1,223,Baseline FQL,22.0
1,223,Improved FQL-GTA,394.0
1,224,Baseline FQL,24.0
1,224,Improved FQL-GTA,13.0
1,225,Baseline FQL,17.0
1,225,Improved FQL-GTA,10.0
1,226,Baseline FQL,17.0
1,226,Improved FQL-GTA,500.0
1,227,Baseline FQL,30.0
1,227,Improved FQL-GTA,366.0
1,228,Baseline FQL,19.0
1,228,Improved FQL-GTA,336.0
1,229,Baseline FQL,27.0
1,229,Improved FQL-GTA,316.0
1,230,Baseline FQL,17.0
1,230,Improved FQL-GTA,27.0
1,231,Baseline FQL,27.0
1,231,Improved FQL-GTA,352.0
1,232,Baseline FQL,19.0
1,232,Improved FQL-GTA,500.0
1,233,Baseline FQL,35.0
1,233,Improved FQL-GTA,347.0
1,234,Baseline FQL,30.0
1,234,Improved FQL-GTA,324.0
1,235,Baseline FQL,31.0
1,235,Improved FQL-GTA,245.0
1,236,Baseline FQL,19.0
1,236,Improved FQL-GTA,339.0
1,237,Baseline FQL,29.0
1,237,Improved FQL-GTA,274.0
1,238,Baseline FQL,15.0
1,238,Improved FQL-GTA,307.0
1,239,Baseline FQL,22.0
1,239,Improved FQL-GTA,336.0
1,240,Baseline FQL,29.0
1,240,Improved FQL-GTA,349.0
1,241,Baseline FQL,40.0
1,241,Improved FQL-GTA,406.0
1,242,Baseline FQL,27.0
1,242,Improved FQL-GTA,425.0
1,243,Baseline FQL,18.0
1,243,Improved FQL-GTA,500.0
1,244,Baseline FQL,28.0
1,244,Improved FQL-GTA,353.0
1,245,Baseline FQL,35.0
1,245,Improved FQL-GTA,314.0
1,246,Baseline FQL,36.0
1,246,Improved FQL-GTA,385.0
1,247,Baseline FQL,22.0
1,247,Improved FQL-GTA,421.0
1,248,Baseline FQL,32.0
1,248,Improved FQL-GTA,374.0
1,249,Baseline FQL,17.0
1,249,Improved FQL-GTA,353.0
1,250,Baseline FQL,66.0
1,250,Improved FQL-GTA,290.0
1,251,Baseline FQL,36.0
1,251,Improved FQL-GTA,328.0
1,252,Baseline FQL,22.0
1,252,Improved FQL-GTA,270.0
1,253,Baseline FQL,48.0
1,253,Improved FQL-GTA,293.0
1,254,Baseline FQL,42.0
1,254,Improved FQL-GTA,383.0
1,255,Baseline FQL,20.0
1,255,Improved FQL-GTA,434.0
1,256,Baseline FQL,17.0
1,256,Improved FQL-GTA,500.0
1,257,Baseline FQL,34.0
1,257,Improved FQL-GTA,500.0
1,258,Baseline FQL,48.0
1,258,Improved FQL-GTA,337.0
1,259,Baseline FQL,37.0
1,259,Improved FQL-GTA,356.0
1,260,Baseline FQL,38.0
1,260,Improved FQL-GTA,332.0
1,261,Baseline FQL,20.0
1,261,Improved FQL-GTA,396.0
1,262,Baseline FQL,36.0
1,262,Improved FQL-GTA,482.0
1,263,Baseline FQL,65.0
1,263,Improved FQL-GTA,409.0
1,264,Baseline FQL,131.0
1,264,Improved FQL-GTA,500.0
1,265,Baseline FQL,32.0
1,265,Improved FQL-GTA,500.0
1,266,Baseline FQL,34.0
1,266,Improved FQL-GTA,500.0
1,267,Baseline FQL,32.0
1,267,Improved FQL-GTA,500.0
1,268,Baseline FQL,36.0
1,268,Improved FQL-GTA,500.0
1,269,Baseline FQL,68.0
1,269,Improved FQL-GTA,500.0
1,270,Baseline FQL,51.0
1,270,Improved FQL-GTA,416.0
1,271,Baseline FQL,47.0
1,271,Improved FQL-GTA,406.0
1,272,Baseline FQL,42.0
1,272,Improved FQL-GTA,500.0
1,273,Baseline FQL,44.0
1,273,Improved FQL-GTA,500.0
1,274,Baseline FQL,108.0
1,274,Improved FQL-GTA,500.0
1,275,Baseline FQL,82.0
1,275,Improved FQL-GTA,500.0
1,276,Baseline FQL,101.0
1,276,Improved FQL-GTA,500.0
1,277,Baseline FQL,99.0
1,277,Improved FQL-GTA,500.0
1,278,Baseline FQL,96.0
1,278,Improved FQL-GTA,406.0
1,279,Baseline FQL,46.0
1,279,Improved FQL-GTA,430.0
1,280,Baseline FQL,78.0
1,280,Improved FQL-GTA,500.0
1,281,Baseline FQL,100.0
1,281,Improved FQL-GTA,500.0
1,282,Baseline FQL,79.0
1,282,Improved FQL-GTA,375.0
1,283,Baseline FQL,276.0
1,283,Improved FQL-GTA,327.0
1,284,Baseline FQL,131.0
1,284,Improved FQL-GTA,500.0
1,285,Baseline FQL,281.0
1,285,Improved FQL-GTA,10.0
1,286,Baseline FQL,32.0
1,286,Improved FQL-GTA,500.0
1,287,Baseline FQL,94.0
1,287,Improved FQL-GTA,500.0
1,288,Baseline FQL,49.0
1,288,Improved FQL-GTA,500.0
1,289,Baseline FQL,87.0
1,289,Improved FQL-GTA,500.0
1,290,Baseline FQL,39.0
1,290,Improved FQL-GTA,500.0
1,291,Baseline FQL,195.0
1,291,Improved FQL-GTA,500.0
1,292,Baseline FQL,124.0
1,292,Improved FQL-GTA,500.0
1,293,Baseline FQL,147.0
1,293,Improved FQL-GTA,500.0
1,294,Baseline FQL,65.0
1,294,Improved FQL-GTA,500.0
1,295,Baseline FQL,239.0
1,295,Improved FQL-GTA,500.0
1,296,Baseline FQL,128.0
1,296,Improved FQL-GTA,500.0
1,297,Baseline FQL,74.0
1,297,Improved FQL-GTA,500.0
1,298,Baseline FQL,231.0
1,298,Improved FQL-GTA,500.0
1,299,Baseline FQL,167.0
1,299,Improved FQL-GTA,500.0
1,300,Baseline FQL,77.0
1,300,Improved FQL-GTA,500.0
1,301,Baseline FQL,254.0
1,301,Improved FQL-GTA,500.0
1,302,Baseline FQL,229.0
1,302,Improved FQL-GTA,500.0
1,303,Baseline FQL,169.0
1,303,Improved FQL-GTA,500.0
1,304,Baseline FQL,220.0
1,304,Improved FQL-GTA,500.0
1,305,Baseline FQL,211.0
1,305,Improved FQL-GTA,500.0
1,306,Baseline FQL,152.0
1,306,Improved FQL-GTA,500.0
1,307,Baseline FQL,215.0
1,307,Improved FQL-GTA,500.0
1,308,Baseline FQL,226.0
1,308,Improved FQL-GTA,500.0
1,309,Baseline FQL,267.0
1,309,Improved FQL-GTA,500.0
1,310,Baseline FQL,202.0
1,310,Improved FQL-GTA,500.0
1,311,Baseline FQL,201.0
1,311,Improved FQL-GTA,500.0
1,312,Baseline FQL,309.0
1,312,Improved FQL-GTA,500.0
1,313,Baseline FQL,213.0
1,313,Improved FQL-GTA,500.0
1,314,Baseline FQL,212.0
1,314,Improved FQL-GTA,491.0
1,315,Baseline FQL,222.0
1,315,Improved FQL-GTA,500.0
1,316,Baseline FQL,190.0
1,316,Improved FQL-GTA,95.0
1,317,Baseline FQL,188.0
1,317,Improved FQL-GTA,373.0
1,318,Baseline FQL,206.0
1,318,Improved FQL-GTA,12.0
1,319,Baseline FQL,138.0
1,319,Improved FQL-GTA,500.0
1,320,Baseline FQL,195.0
1,320,Improved FQL-GTA,500.0
1,321,Baseline FQL,174.0
1,321,Improved FQL-GTA,500.0
1,322,Baseline FQL,387.0
1,322,Improved FQL-GTA,500.0
1,323,Baseline FQL,120.0
1,323,Improved FQL-GTA,500.0
1,324,Baseline FQL,352.0
1,324,Improved FQL-GTA,500.0
1,325,Baseline FQL,261.0
1,325,Improved FQL-GTA,500.0
1,326,Baseline FQL,119.0
1,326,Improved FQL-GTA,500.0
1,327,Baseline FQL,66.0
1,327,Improved FQL-GTA,500.0
1,328,Baseline FQL,330.0
1,328,Improved FQL-GTA,500.0
1,329,Baseline FQL,114.0
1,329,Improved FQL-GTA,500.0
1,330,Baseline FQL,202.0
1,330,Improved FQL-GTA,500.0
1,331,Baseline FQL,233.0
1,331,Improved FQL-GTA,500.0
1,332,Baseline FQL,286.0
1,332,Improved FQL-GTA,500.0
1,333,Baseline FQL,208.0
1,333,Improved FQL-GTA,500.0
1,334,Baseline FQL,280.0
1,334,Improved FQL-GTA,500.0
1,335,Baseline FQL,241.0
1,335,Improved FQL-GTA,500.0
1,336,Baseline FQL,234.0
1,336,Improved FQL-GTA,500.0
1,337,Baseline FQL,216.0
1,337,Improved FQL-GTA,500.0
1,338,Baseline FQL,126.0
1,338,Improved FQL-GTA,500.0
1,339,Baseline FQL,185.0
1,339,Improved FQL-GTA,500.0
1,340,Baseline FQL,214.0
1,340,Improved FQL-GTA,500.0
1,341,Baseline FQL,220.0
1,341,Improved FQL-GTA,500.0
1,342,Baseline FQL,286.0
1,342,Improved FQL-GTA,500.0
1,343,Baseline FQL,449.0
1,343,Improved FQL-GTA,500.0
1,344,Baseline FQL,123.0
1,344,Improved FQL-GTA,500.0
1,345,Baseline FQL,220.0
1,345,Improved FQL-GTA,500.0
1,346,Baseline FQL,354.0
1,346,Improved FQL-GTA,500.0
1,347,Baseline FQL,223.0
1,347,Improved FQL-GTA,500.0
1,348,Baseline FQL,205.0
1,348,Improved FQL-GTA,500.0
1,349,Baseline FQL,257.0
1,349,Improved FQL-GTA,500.0
1,350,Baseline FQL,261.0
1,350,Improved FQL-GTA,500.0
1,351,Baseline FQL,234.0
1,351,Improved FQL-GTA,500.0
1,352,Baseline FQL,233.0
1,352,Improved FQL-GTA,500.0
1,353,Baseline FQL,254.0
1,353,Improved FQL-GTA,500.0
1,354,Baseline FQL,261.0
1,354,Improved FQL-GTA,500.0
1,355,Baseline FQL,245.0
1,355,Improved FQL-GTA,500.0
1,356,Baseline FQL,283.0
1,356,Improved FQL-GTA,97.0
1,357,Baseline FQL,287.0
1,357,Improved FQL-GTA,500.0
1,358,Baseline FQL,248.0
1,358,Improved FQL-GTA,500.0
1,359,Baseline FQL,234.0
1,359,Improved FQL-GTA,500.0
1,360,Baseline FQL,217.0
1,360,Improved FQL-GTA,500.0
1,361,Baseline FQL,262.0
1,361,Improved FQL-GTA,500.0
1,362,Baseline FQL,253.0
1,362,Improved FQL-GTA,500.0
1,363,Baseline FQL,241.0
1,363,Improved FQL-GTA,500.0
1,364,Baseline FQL,318.0
1,364,Improved FQL-GTA,500.0
1,365,Baseline FQL,247.0
1,365,Improved FQL-GTA,500.0
1,366,Baseline FQL,245.0
1,366,Improved FQL-GTA,500.0
1,367,Baseline FQL,233.0
1,367,Improved FQL-GTA,500.0
1,368,Baseline FQL,261.0
1,368,Improved FQL-GTA,500.0
1,369,Baseline FQL,234.0
1,369,Improved FQL-GTA,500.0
1,370,Baseline FQL,50.0
1,370,Improved FQL-GTA,500.0
1,371,Baseline FQL,256.0
1,371,Improved FQL-GTA,500.0
1,372,Baseline FQL,225.0
1,372,Improved FQL-GTA,500.0
1,373,Baseline FQL,226.0
1,373,Improved FQL-GTA,500.0
1,374,Baseline FQL,305.0
1,374,Improved FQL-GTA,500.0
1,375,Baseline FQL,219.0
1,375,Improved FQL-GTA,500.0
1,376,Baseline FQL,267.0
1,376,Improved FQL-GTA,500.0
1,377,Baseline FQL,283.0
1,377,Improved FQL-GTA,500.0
1,378,Baseline FQL,320.0
1,378,Improved FQL-GTA,500.0
1,379,Baseline FQL,255.0
1,379,Improved FQL-GTA,500.0
1,380,Baseline FQL,353.0
1,380,Improved FQL-GTA,500.0
1,381,Baseline FQL,159.0
1,381,Improved FQL-GTA,500.0
1,382,Baseline FQL,220.0
1,382,Improved FQL-GTA,500.0
1,383,Baseline FQL,212.0
1,383,Improved FQL-GTA,500.0
1,384,Baseline FQL,212.0
1,384,Improved FQL-GTA,500.0
1,385,Baseline FQL,152.0
1,385,Improved FQL-GTA,500.0
1,386,Baseline FQL,221.0
1,386,Improved FQL-GTA,500.0
1,387,Baseline FQL,224.0
1,387,Improved FQL-GTA,500.0
1,388,Baseline FQL,222.0
1,388,Improved FQL-GTA,500.0
1,389,Baseline FQL,278.0
1,389,Improved FQL-GTA,500.0
1,390,Baseline FQL,233.0
1,390,Improved FQL-GTA,500.0
1,391,Baseline FQL,227.0
1,391,Improved FQL-GTA,500.0
1,392,Baseline FQL,270.0
1,392,Improved FQL-GTA,500.0
1,393,Baseline FQL,326.0
1,393,Improved FQL-GTA,500.0
1,394,Baseline FQL,277.0
1,394,Improved FQL-GTA,15.0
1,395,Baseline FQL,235.0
1,395,Improved FQL-GTA,500.0
1,396,Baseline FQL,276.0
1,396,Improved FQL-GTA,500.0
1,397,Baseline FQL,244.0
1,397,Improved FQL-GTA,500.0
1,398,Baseline FQL,249.0
1,398,Improved FQL-GTA,500.0
1,399,Baseline FQL,232.0
1,399,Improved FQL-GTA,500.0
1,400,Baseline FQL,247.0
1,400,Improved FQL-GTA,500.0
1,401,Baseline FQL,243.0
1,401,Improved FQL-GTA,448.0
1,402,Baseline FQL,276.0
1,402,Improved FQL-GTA,493.0
1,403,Baseline FQL,322.0
1,403,Improved FQL-GTA,500.0
1,404,Baseline FQL,133.0
1,404,Improved FQL-GTA,428.0
1,405,Baseline FQL,116.0
1,405,Improved FQL-GTA,488.0
1,406,Baseline FQL,238.0
1,406,Improved FQL-GTA,422.0
1,407,Baseline FQL,328.0
1,407,Improved FQL-GTA,459.0
1,408,Baseline FQL,248.0
1,408,Improved FQL-GTA,348.0
1,409,Baseline FQL,208.0
1,409,Improved FQL-GTA,481.0
1,410,Baseline FQL,272.0
1,410,Improved FQL-GTA,500.0
1,411,Baseline FQL,150.0
1,411,Improved FQL-GTA,500.0
1,412,Baseline FQL,426.0
1,412,Improved FQL-GTA,459.0
1,413,Baseline FQL,208.0
1,413,Improved FQL-GTA,500.0
1,414,Baseline FQL,500.0
1,414,Improved FQL-GTA,500.0
1,415,Baseline FQL,209.0
1,415,Improved FQL-GTA,500.0
1,416,Baseline FQL,272.0
1,416,Improved FQL-GTA,500.0
1,417,Baseline FQL,232.0
1,417,Improved FQL-GTA,500.0
1,418,Baseline FQL,261.0
1,418,Improved FQL-GTA,500.0
1,419,Baseline FQL,261.0
1,419,Improved FQL-GTA,500.0
1,420,Baseline FQL,224.0
1,420,Improved FQL-GTA,500.0
1,421,Baseline FQL,280.0
1,421,Improved FQL-GTA,500.0
1,422,Baseline FQL,270.0
1,422,Improved FQL-GTA,500.0
1,423,Baseline FQL,244.0
1,423,Improved FQL-GTA,500.0
1,424,Baseline FQL,298.0
1,424,Improved FQL-GTA,460.0
1,425,Baseline FQL,315.0
1,425,Improved FQL-GTA,500.0
1,426,Baseline FQL,323.0
1,426,Improved FQL-GTA,472.0
1,427,Baseline FQL,210.0
1,427,Improved FQL-GTA,500.0
1,428,Baseline FQL,248.0
1,428,Improved FQL-GTA,500.0
1,429,Baseline FQL,278.0
1,429,Improved FQL-GTA,500.0
1,430,Baseline FQL,220.0
1,430,Improved FQL-GTA,500.0
1,431,Baseline FQL,231.0
1,431,Improved FQL-GTA,500.0
1,432,Baseline FQL,316.0
1,432,Improved FQL-GTA,500.0
1,433,Baseline FQL,282.0
1,433,Improved FQL-GTA,500.0
1,434,Baseline FQL,368.0
1,434,Improved FQL-GTA,500.0
1,435,Baseline FQL,351.0
1,435,Improved FQL-GTA,500.0
1,436,Baseline FQL,217.0
1,436,Improved FQL-GTA,500.0
1,437,Baseline FQL,333.0
1,437,Improved FQL-GTA,500.0
1,438,Baseline FQL,143.0
1,438,Improved FQL-GTA,273.0
1,439,Baseline FQL,349.0
1,439,Improved FQL-GTA,9.0
1,440,Baseline FQL,254.0
1,440,Improved FQL-GTA,500.0
1,441,Baseline FQL,295.0
1,441,Improved FQL-GTA,500.0
1,442,Baseline FQL,302.0
1,442,Improved FQL-GTA,500.0
1,443,Baseline FQL,211.0
1,443,Improved FQL-GTA,500.0
1,444,Baseline FQL,258.0
1,444,Improved FQL-GTA,500.0
1,445,Baseline FQL,251.0
1,445,Improved FQL-GTA,500.0
1,446,Baseline FQL,236.0
1,446,Improved FQL-GTA,500.0
1,447,Baseline FQL,225.0
1,447,Improved FQL-GTA,500.0
1,448,Baseline FQL,494.0
1,448,Improved FQL-GTA,500.0
1,449,Baseline FQL,380.0
1,449,Improved FQL-GTA,500.0
1,450,Baseline FQL,328.0
1,450,Improved FQL-GTA,500.0
1,451,Baseline FQL,285.0
1,451,Improved FQL-GTA,500.0
1,452,Baseline FQL,257.0
1,452,Improved FQL-GTA,500.0
1,453,Baseline FQL,448.0
1,453,Improved FQL-GTA,500.0
1,454,Baseline FQL,219.0
1,454,Improved FQL-GTA,500.0
1,455,Baseline FQL,299.0
1,455,Improved FQL-GTA,500.0
1,456,Baseline FQL,238.0
1,456,Improved FQL-GTA,500.0
1,457,Baseline FQL,248.0
1,457,Improved FQL-GTA,500.0
1,458,Baseline FQL,250.0
1,458,Improved FQL-GTA,500.0
1,459,Baseline FQL,214.0
1,459,Improved FQL-GTA,500.0
1,460,Baseline FQL,327.0
1,460,Improved FQL-GTA,500.0
1,461,Baseline FQL,285.0
1,461,Improved FQL-GTA,500.0
1,462,Baseline FQL,265.0
1,462,Improved FQL-GTA,500.0
1,463,Baseline FQL,303.0
1,463,Improved FQL-GTA,500.0
1,464,Baseline FQL,302.0
1,464,Improved FQL-GTA,500.0
1,465,Baseline FQL,333.0
1,465,Improved FQL-GTA,500.0
1,466,Baseline FQL,300.0
1,466,Improved FQL-GTA,500.0
1,467,Baseline FQL,270.0
1,467,Improved FQL-GTA,500.0
1,468,Baseline FQL,302.0
1,468,Improved FQL-GTA,500.0
1,469,Baseline FQL,341.0
1,469,Improved FQL-GTA,500.0
1,470,Baseline FQL,232.0
1,470,Improved FQL-GTA,500.0
1,471,Baseline FQL,78.0
1,471,Improved FQL-GTA,500.0
1,472,Baseline FQL,265.0
1,472,Improved FQL-GTA,500.0
1,473,Baseline FQL,232.0
1,473,Improved FQL-GTA,500.0
1,474,Baseline FQL,266.0
1,474,Improved FQL-GTA,500.0
1,475,Baseline FQL,317.0
1,475,Improved FQL-GTA,144.0
1,476,Baseline FQL,474.0
1,476,Improved FQL-GTA,500.0
1,477,Baseline FQL,235.0
1,477,Improved FQL-GTA,500.0
1,478,Baseline FQL,395.0
1,478,Improved FQL-GTA,500.0
1,479,Baseline FQL,258.0
1,479,Improved FQL-GTA,500.0
1,480,Baseline FQL,237.0
1,480,Improved FQL-GTA,500.0
1,481,Baseline FQL,258.0
1,481,Improved FQL-GTA,500.0
1,482,Baseline FQL,254.0
1,482,Improved FQL-GTA,500.0
1,483,Baseline FQL,346.0
1,483,Improved FQL-GTA,500.0
1,484,Baseline FQL,373.0
1,484,Improved FQL-GTA,500.0
1,485,Baseline FQL,351.0
1,485,Improved FQL-GTA,500.0
1,486,Baseline FQL,311.0
1,486,Improved FQL-GTA,500.0
1,487,Baseline FQL,278.0
1,487,Improved FQL-GTA,500.0
1,488,Baseline FQL,301.0
1,488,Improved FQL-GTA,500.0
1,489,Baseline FQL,281.0
1,489,Improved FQL-GTA,500.0
1,490,Baseline FQL,304.0
1,490,Improved FQL-GTA,500.0
1,491,Baseline FQL,322.0
1,491,Improved FQL-GTA,500.0
1,492,Baseline FQL,260.0
1,492,Improved FQL-GTA,500.0
1,493,Baseline FQL,271.0
1,493,Improved FQL-GTA,500.0
1,494,Baseline FQL,250.0
1,494,Improved FQL-GTA,500.0
1,495,Baseline FQL,254.0
1,495,Improved FQL-GTA,500.0
1,496,Baseline FQL,275.0
1,496,Improved FQL-GTA,500.0
1,497,Baseline FQL,237.0
1,497,Improved FQL-GTA,500.0
1,498,Baseline FQL,286.0
1,498,Improved FQL-GTA,500.0
1,499,Baseline FQL,248.0
1,499,Improved FQL-GTA,500.0
1,500,Baseline FQL,256.0
1,500,Improved FQL-GTA,500.0
2,1,Baseline FQL,9.0
2,1,Improved FQL-GTA,9.0
2,2,Baseline FQL,9.0
2,2,Improved FQL-GTA,11.0
2,3,Baseline FQL,9.0
2,3,Improved FQL-GTA,13.0
2,4,Baseline FQL,10.0
2,4,Improved FQL-GTA,12.0
2,5,Baseline FQL,10.0
2,5,Improved FQL-GTA,17.0
2,6,Baseline FQL,11.0
2,6,Improved FQL-GTA,10.0
2,7,Baseline FQL,11.0
2,7,Improved FQL-GTA,22.0
2,8,Baseline FQL,10.0
2,8,Improved FQL-GTA,9.0
2,9,Baseline FQL,9.0
2,9,Improved FQL-GTA,10.0
2,10,Baseline FQL,14.0
2,10,Improved FQL-GTA,11.0
2,11,Baseline FQL,13.0
2,11,Improved FQL-GTA,15.0
2,12,Baseline FQL,9.0
2,12,Improved FQL-GTA,11.0
2,13,Baseline FQL,9.0
2,13,Improved FQL-GTA,11.0
2,14,Baseline FQL,11.0
2,14,Improved FQL-GTA,13.0
2,15,Baseline FQL,13.0
2,15,Improved FQL-GTA,11.0
2,16,Baseline FQL,11.0
2,16,Improved FQL-GTA,11.0
2,17,Baseline FQL,11.0
2,17,Improved FQL-GTA,23.0
2,18,Baseline FQL,11.0
2,18,Improved FQL-GTA,11.0
2,19,Baseline FQL,11.0
2,19,Improved FQL-GTA,11.0
2,20,Baseline FQL,10.0
2,20,Improved FQL-GTA,9.0
2,21,Baseline FQL,11.0
2,21,Improved FQL-GTA,11.0
2,22,Baseline FQL,12.0
2,22,Improved FQL-GTA,14.0
2,23,Baseline FQL,10.0
2,23,Improved FQL-GTA,10.0
2,24,Baseline FQL,13.0
2,24,Improved FQL-GTA,11.0
2,25,Baseline FQL,11.0
2,25,Improved FQL-GTA,12.0
2,26,Baseline FQL,12.0
2,26,Improved FQL-GTA,13.0
2,27,Baseline FQL,10.0
2,27,Improved FQL-GTA,12.0
2,28,Baseline FQL,11.0
2,28,Improved FQL-GTA,12.0
2,29,Baseline FQL,11.0
2,29,Improved FQL-GTA,25.0
2,30,Baseline FQL,10.0
2,30,Improved FQL-GTA,15.0
2,31,Baseline FQL,12.0
2,31,Improved FQL-GTA,12.0
2,32,Baseline FQL,36.0
2,32,Improved FQL-GTA,12.0
2,33,Baseline FQL,43.0
2,33,Improved FQL-GTA,21.0
2,34,Baseline FQL,10.0
2,34,Improved FQL-GTA,8.0
2,35,Baseline FQL,9.0
2,35,Improved FQL-GTA,11.0
2,36,Baseline FQL,11.0
2,36,Improved FQL-GTA,14.0
2,37,Baseline FQL,40.0
2,37,Improved FQL-GTA,13.0
2,38,Baseline FQL,11.0
2,38,Improved FQL-GTA,15.0
2,39,Baseline FQL,36.0
2,39,Improved FQL-GTA,15.0
2,40,Baseline FQL,14.0
2,40,Improved FQL-GTA,15.0
2,41,Baseline FQL,11.0
2,41,Improved FQL-GTA,13.0
2,42,Baseline FQL,12.0
2,42,Improved FQL-GTA,18.0
2,43,Baseline FQL,11.0
2,43,Improved FQL-GTA,13.0
2,44,Baseline FQL,38.0
2,44,Improved FQL-GTA,13.0
2,45,Baseline FQL,60.0
2,45,Improved FQL-GTA,21.0
2,46,Baseline FQL,12.0
2,46,Improved FQL-GTA,10.0
2,47,Baseline FQL,115.0
2,47,Improved FQL-GTA,20.0
2,48,Baseline FQL,114.0
2,48,Improved FQL-GTA,15.0
2,49,Baseline FQL,107.0
2,49,Improved FQL-GTA,11.0
2,50,Baseline FQL,105.0
2,50,Improved FQL-GTA,15.0
2,51,Baseline FQL,97.0
2,51,Improved FQL-GTA,12.0
2,52,Baseline FQL,94.0
2,52,Improved FQL-GTA,26.0
2,53,Baseline FQL,95.0
2,53,Improved FQL-GTA,17.0
2,54,Baseline FQL,98.0
2,54,Improved FQL-GTA,24.0
2,55,Baseline FQL,89.0
2,55,Improved FQL-GTA,10.0
2,56,Baseline FQL,90.0
2,56,Improved FQL-GTA,13.0
2,57,Baseline FQL,55.0
2,57,Improved FQL-GTA,17.0
2,58,Baseline FQL,36.0
2,58,Improved FQL-GTA,14.0
2,59,Baseline FQL,25.0
2,59,Improved FQL-GTA,17.0
2,60,Baseline FQL,20.0
2,60,Improved FQL-GTA,13.0
2,61,Baseline FQL,21.0
2,61,Improved FQL-GTA,13.0
2,62,Baseline FQL,25.0
2,62,Improved FQL-GTA,20.0
2,63,Baseline FQL,32.0
2,63,Improved FQL-GTA,15.0
2,64,Baseline FQL,27.0
2,64,Improved FQL-GTA,15.0
2,65,Baseline FQL,27.0
2,65,Improved FQL-GTA,12.0
2,66,Baseline FQL,34.0
2,66,Improved FQL-GTA,22.0
2,67,Baseline FQL,23.0
2,67,Improved FQL-GTA,11.0
2,68,Baseline FQL,90.0
2,68,Improved FQL-GTA,12.0
2,69,Baseline FQL,30.0
2,69,Improved FQL-GTA,17.0
2,70,Baseline FQL,95.0
2,70,Improved FQL-GTA,14.0
2,71,Baseline FQL,105.0
2,71,Improved FQL-GTA,17.0
2,72,Baseline FQL,103.0
2,72,Improved FQL-GTA,15.0
2,73,Baseline FQL,97.0
2,73,Improved FQL-GTA,12.0
2,74,Baseline FQL,100.0
2,74,Improved FQL-GTA,14.0
2,75,Baseline FQL,96.0
2,75,Improved FQL-GTA,13.0
2,76,Baseline FQL,109.0
2,76,Improved FQL-GTA,24.0
2,77,Baseline FQL,99.0
2,77,Improved FQL-GTA,16.0
2,78,Baseline FQL,99.0
2,78,Improved FQL-GTA,11.0
2,79,Baseline FQL,118.0
2,79,Improved FQL-GTA,25.0
2,80,Baseline FQL,98.0
2,80,Improved FQL-GTA,13.0
2,81,Baseline FQL,102.0
2,81,Improved FQL-GTA,18.0
2,82,Baseline FQL,105.0
2,82,Improved FQL-GTA,18.0
2,83,Baseline FQL,97.0
2,83,Improved FQL-GTA,13.0
2,84,Baseline FQL,102.0
2,84,Improved FQL-GTA,15.0
2,85,Baseline FQL,102.0
2,85,Improved FQL-GTA,16.0
2,86,Baseline FQL,108.0
2,86,Improved FQL-GTA,19.0
2,87,Baseline FQL,100.0
2,87,Improved FQL-GTA,21.0
2,88,Baseline FQL,100.0
2,88,Improved FQL-GTA,23.0
2,89,Baseline FQL,106.0
2,89,Improved FQL-GTA,20.0
2,90,Baseline FQL,101.0
2,90,Improved FQL-GTA,21.0
2,91,Baseline FQL,109.0
2,91,Improved FQL-GTA,24.0
2,92,Baseline FQL,104.0
2,92,Improved FQL-GTA,19.0
2,93,Baseline FQL,102.0
2,93,Improved FQL-GTA,12.0
2,94,Baseline FQL,111.0
2,94,Improved FQL-GTA,27.0
2,95,Baseline FQL,102.0
2,95,Improved FQL-GTA,17.0
2,96,Baseline FQL,102.0
2,96,Improved FQL-GTA,13.0
2,97,Baseline FQL,108.0
2,97,Improved FQL-GTA,18.0
2,98,Baseline FQL,103.0
2,98,Improved FQL-GTA,16.0
2,99,Baseline FQL,106.0
2,99,Improved FQL-GTA,19.0
2,100,Baseline FQL,101.0
2,100,Improved FQL-GTA,14.0
2,101,Baseline FQL,108.0
2,101,Improved FQL-GTA,12.0
2,102,Baseline FQL,113.0
2,102,Improved FQL-GTA,17.0
2,103,Baseline FQL,107.0
2,103,Improved FQL-GTA,19.0
2,104,Baseline FQL,113.0
2,104,Improved FQL-GTA,19.0
2,105,Baseline FQL,118.0
2,105,Improved FQL-GTA,21.0
2,106,Baseline FQL,110.0
2,106,Improved FQL-GTA,21.0
2,107,Baseline FQL,117.0
2,107,Improved FQL-GTA,21.0
2,108,Baseline FQL,109.0
2,108,Improved FQL-GTA,13.0
2,109,Baseline FQL,106.0
2,109,Improved FQL-GTA,12.0
2,110,Baseline FQL,114.0
2,110,Improved FQL-GTA,15.0
2,111,Baseline FQL,108.0
2,111,Improved FQL-GTA,14.0
2,112,Baseline FQL,121.0
2,112,Improved FQL-GTA,22.0
2,113,Baseline FQL,113.0
2,113,Improved FQL-GTA,17.0
2,114,Baseline FQL,107.0
2,114,Improved FQL-GTA,15.0
2,115,Baseline FQL,102.0
2,115,Improved FQL-GTA,17.0
2,116,Baseline FQL,109.0
2,116,Improved FQL-GTA,20.0
2,117,Baseline FQL,110.0
2,117,Improved FQL-GTA,24.0
2,118,Baseline FQL,107.0
2,118,Improved FQL-GTA,19.0
2,119,Baseline FQL,119.0
2,119,Improved FQL-GTA,35.0
2,120,Baseline FQL,107.0
2,120,Improved FQL-GTA,19.0
2,121,Baseline FQL,116.0
2,121,Improved FQL-GTA,26.0
2,122,Baseline FQL,118.0
2,122,Improved FQL-GTA,27.0
2,123,Baseline FQL,104.0
2,123,Improved FQL-GTA,30.0
2,124,Baseline FQL,115.0
2,124,Improved FQL-GTA,41.0
2,125,Baseline FQL,114.0
2,125,Improved FQL-GTA,30.0
2,126,Baseline FQL,116.0
2,126,Improved FQL-GTA,27.0
2,127,Baseline FQL,116.0
2,127,Improved FQL-GTA,22.0
2,128,Baseline FQL,108.0
2,128,Improved FQL-GTA,14.0
2,129,Baseline FQL,117.0
2,129,Improved FQL-GTA,19.0
2,130,Baseline FQL,115.0
2,130,Improved FQL-GTA,23.0
2,131,Baseline FQL,107.0
2,131,Improved FQL-GTA,19.0
2,132,Baseline FQL,107.0
2,132,Improved FQL-GTA,27.0
2,133,Baseline FQL,111.0
2,133,Improved FQL-GTA,21.0
2,134,Baseline FQL,105.0
2,134,Improved FQL-GTA,15.0
2,135,Baseline FQL,126.0
2,135,Improved FQL-GTA,36.0
2,136,Baseline FQL,114.0
2,136,Improved FQL-GTA,26.0
2,137,Baseline FQL,109.0
2,137,Improved FQL-GTA,21.0
2,138,Baseline FQL,120.0
2,138,Improved FQL-GTA,29.0
2,139,Baseline FQL,112.0
2,139,Improved FQL-GTA,25.0
2,140,Baseline FQL,121.0
2,140,Improved FQL-GTA,35.0
2,141,Baseline FQL,112.0
2,141,Improved FQL-GTA,39.0
2,142,Baseline FQL,113.0
2,142,Improved FQL-GTA,26.0
2,143,Baseline FQL,118.0
2,143,Improved FQL-GTA,29.0
2,144,Baseline FQL,111.0
2,144,Improved FQL-GTA,19.0
2,145,Baseline FQL,115.0
2,145,Improved FQL-GTA,27.0
2,146,Baseline FQL,108.0
2,146,Improved FQL-GTA,37.0
2,147,Baseline FQL,107.0
2,147,Improved FQL-GTA,19.0
2,148,Baseline FQL,116.0
2,148,Improved FQL-GTA,30.0
2,149,Baseline FQL,106.0
2,149,Improved FQL-GTA,21.0
2,150,Baseline FQL,111.0
2,150,Improved FQL-GTA,22.0
2,151,Baseline FQL,126.0
2,151,Improved FQL-GTA,25.0
2,152,Baseline FQL,114.0
2,152,Improved FQL-GTA,26.0
2,153,Baseline FQL,119.0
2,153,Improved FQL-GTA,27.0
2,154,Baseline FQL,114.0
2,154,Improved FQL-GTA,27.0
2,155,Baseline FQL,128.0
2,155,Improved FQL-GTA,35.0
2,156,Baseline FQL,117.0
2,156,Improved FQL-GTA,29.0
2,157,Baseline FQL,107.0
2,157,Improved FQL-GTA,21.0
2,158,Baseline FQL,119.0
2,158,Improved FQL-GTA,29.0
2,159,Baseline FQL,119.0
2,159,Improved FQL-GTA,50.0
2,160,Baseline FQL,123.0
2,160,Improved FQL-GTA,42.0
2,161,Baseline FQL,114.0
2,161,Improved FQL-GTA,162.0
2,162,Baseline FQL,114.0
2,162,Improved FQL-GTA,38.0
2,163,Baseline FQL,120.0
2,163,Improved FQL-GTA,331.0
2,164,Baseline FQL,109.0
2,164,Improved FQL-GTA,108.0
2,165,Baseline FQL,117.0
2,165,Improved FQL-GTA,215.0
2,166,Baseline FQL,116.0
2,166,Improved FQL-GTA,44.0
2,167,Baseline FQL,115.0
2,167,Improved FQL-GTA,43.0
2,168,Baseline FQL,117.0
2,168,Improved FQL-GTA,253.0
2,169,Baseline FQL,107.0
2,169,Improved FQL-GTA,189.0
2,170,Baseline FQL,114.0
2,170,Improved FQL-GTA,206.0
2,171,Baseline FQL,115.0
2,171,Improved FQL-GTA,36.0
2,172,Baseline FQL,124.0
2,172,Improved FQL-GTA,133.0
2,173,Baseline FQL,109.0
2,173,Improved FQL-GTA,191.0
2,174,Baseline FQL,129.0
2,174,Improved FQL-GTA,203.0
2,175,Baseline FQL,112.0
2,175,Improved FQL-GTA,15.0
2,176,Baseline FQL,115.0
2,176,Improved FQL-GTA,164.0
2,177,Baseline FQL,125.0
2,177,Improved FQL-GTA,15.0
2,178,Baseline FQL,108.0
2,178,Improved FQL-GTA,211.0
2,179,Baseline FQL,115.0
2,179,Improved FQL-GTA,215.0
2,180,Baseline FQL,114.0
2,180,Improved FQL-GTA,173.0
2,181,Baseline FQL,119.0
2,181,Improved FQL-GTA,178.0
2,182,Baseline FQL,113.0
2,182,Improved FQL-GTA,132.0
2,183,Baseline FQL,112.0
2,183,Improved FQL-GTA,218.0
2,184,Baseline FQL,119.0
2,184,Improved FQL-GTA,243.0
2,185,Baseline FQL,106.0
2,185,Improved FQL-GTA,123.0
2,186,Baseline FQL,120.0
2,186,Improved FQL-GTA,161.0
2,187,Baseline FQL,110.0
2,187,Improved FQL-GTA,210.0
2,188,Baseline FQL,116.0
2,188,Improved FQL-GTA,86.0
2,189,Baseline FQL,112.0
2,189,Improved FQL-GTA,10.0
2,190,Baseline FQL,121.0
2,190,Improved FQL-GTA,310.0
2,191,Baseline FQL,137.0
2,191,Improved FQL-GTA,299.0
2,192,Baseline FQL,113.0
2,192,Improved FQL-GTA,230.0
2,193,Baseline FQL,114.0
2,193,Improved FQL-GTA,18.0
2,194,Baseline FQL,115.0
2,194,Improved FQL-GTA,335.0
2,195,Baseline FQL,110.0
2,195,Improved FQL-GTA,258.0
2,196,Baseline FQL,111.0
2,196,Improved FQL-GTA,216.0
2,197,Baseline FQL,117.0
2,197,Improved FQL-GTA,239.0
2,198,Baseline FQL,123.0
2,198,Improved FQL-GTA,209.0
2,199,Baseline FQL,126.0
2,199,Improved FQL-GTA,157.0
2,200,Baseline FQL,114.0
2,200,Improved FQL-GTA,149.0
2,201,Baseline FQL,109.0
2,201,Improved FQL-GTA,237.0
2,202,Baseline FQL,124.0
2,202,Improved FQL-GTA,256.0
2,203,Baseline FQL,115.0
2,203,Improved FQL-GTA,213.0
2,204,Baseline FQL,114.0
2,204,Improved FQL-GTA,15.0
2,205,Baseline FQL,112.0
2,205,Improved FQL-GTA,297.0
2,206,Baseline FQL,109.0
2,206,Improved FQL-GTA,305.0
2,207,Baseline FQL,120.0
2,207,Improved FQL-GTA,293.0
2,208,Baseline FQL,118.0
2,208,Improved FQL-GTA,279.0
2,209,Baseline FQL,123.0
2,209,Improved FQL-GTA,245.0
2,210,Baseline FQL,119.0
2,210,Improved FQL-GTA,247.0
2,211,Baseline FQL,115.0
2,211,Improved FQL-GTA,202.0
2,212,Baseline FQL,120.0
2,212,Improved FQL-GTA,17.0
2,213,Baseline FQL,124.0
2,213,Improved FQL-GTA,371.0
2,214,Baseline FQL,111.0
2,214,Improved FQL-GTA,349.0
2,215,Baseline FQL,116.0
2,215,Improved FQL-GTA,311.0
2,216,Baseline FQL,110.0
2,216,Improved FQL-GTA,259.0
2,217,Baseline FQL,109.0
2,217,Improved FQL-GTA,246.0
2,218,Baseline FQL,112.0
2,218,Improved FQL-GTA,239.0
2,219,Baseline FQL,112.0
2,219,Improved FQL-GTA,219.0
2,220,Baseline FQL,113.0
2,220,Improved FQL-GTA,244.0
2,221,Baseline FQL,110.0
2,221,Improved FQL-GTA,211.0
2,222,Baseline FQL,114.0
2,222,Improved FQL-GTA,223.0
2,223,Baseline FQL,121.0
2,223,Improved FQL-GTA,155.0
2,224,Baseline FQL,113.0
2,224,Improved FQL-GTA,238.0
2,225,Baseline FQL,105.0
2,225,Improved FQL-GTA,273.0
2,226,Baseline FQL,123.0
2,226,Improved FQL-GTA,291.0
2,227,Baseline FQL,118.0
2,227,Improved FQL-GTA,256.0
2,228,Baseline FQL,120.0
2,228,Improved FQL-GTA,260.0
2,229,Baseline FQL,111.0
2,229,Improved FQL-GTA,194.0
2,230,Baseline FQL,118.0
2,230,Improved FQL-GTA,235.0
2,231,Baseline FQL,116.0
2,231,Improved FQL-GTA,253.0
2,232,Baseline FQL,126.0
2,232,Improved FQL-GTA,257.0
2,233,Baseline FQL,123.0
2,233,Improved FQL-GTA,240.0
2,234,Baseline FQL,130.0
2,234,Improved FQL-GTA,215.0
2,235,Baseline FQL,112.0
2,235,Improved FQL-GTA,274.0
2,236,Baseline FQL,125.0
2,236,Improved FQL-GTA,326.0
2,237,Baseline FQL,110.0
2,237,Improved FQL-GTA,295.0
2,238,Baseline FQL,121.0
2,238,Improved FQL-GTA,339.0
2,239,Baseline FQL,128.0
2,239,Improved FQL-GTA,327.0
2,240,Baseline FQL,117.0
2,240,Improved FQL-GTA,279.0
2,241,Baseline FQL,128.0
2,241,Improved FQL-GTA,258.0
2,242,Baseline FQL,108.0
2,242,Improved FQL-GTA,216.0
2,243,Baseline FQL,122.0
2,243,Improved FQL-GTA,242.0
2,244,Baseline FQL,124.0
2,244,Improved FQL-GTA,283.0
2,245,Baseline FQL,114.0
2,245,Improved FQL-GTA,246.0
2,246,Baseline FQL,115.0
2,246,Improved FQL-GTA,255.0
2,247,Baseline FQL,120.0
2,247,Improved FQL-GTA,265.0
2,248,Baseline FQL,112.0
2,248,Improved FQL-GTA,233.0
2,249,Baseline FQL,129.0
2,249,Improved FQL-GTA,263.0
2,250,Baseline FQL,119.0
2,250,Improved FQL-GTA,247.0
2,251,Baseline FQL,116.0
2,251,Improved FQL-GTA,254.0
2,252,Baseline FQL,129.0
2,252,Improved FQL-GTA,278.0
2,253,Baseline FQL,121.0
2,253,Improved FQL-GTA,271.0
2,254,Baseline FQL,117.0
2,254,Improved FQL-GTA,263.0
2,255,Baseline FQL,111.0
2,255,Improved FQL-GTA,217.0
2,256,Baseline FQL,116.0
2,256,Improved FQL-GTA,230.0
2,257,Baseline FQL,114.0
2,257,Improved FQL-GTA,244.0
2,258,Baseline FQL,123.0
2,258,Improved FQL-GTA,241.0
2,259,Baseline FQL,120.0
2,259,Improved FQL-GTA,260.0
2,260,Baseline FQL,125.0
2,260,Improved FQL-GTA,241.0
2,261,Baseline FQL,115.0
2,261,Improved FQL-GTA,227.0
2,262,Baseline FQL,136.0
2,262,Improved FQL-GTA,292.0
2,263,Baseline FQL,125.0
2,263,Improved FQL-GTA,282.0
2,264,Baseline FQL,124.0
2,264,Improved FQL-GTA,251.0
2,265,Baseline FQL,118.0
2,265,Improved FQL-GTA,243.0
2,266,Baseline FQL,123.0
2,266,Improved FQL-GTA,274.0
2,267,Baseline FQL,117.0
2,267,Improved FQL-GTA,286.0
2,268,Baseline FQL,125.0
2,268,Improved FQL-GTA,298.0
2,269,Baseline FQL,124.0
2,269,Improved FQL-GTA,270.0
2,270,Baseline FQL,123.0
2,270,Improved FQL-GTA,260.0
2,271,Baseline FQL,125.0
2,271,Improved FQL-GTA,258.0
2,272,Baseline FQL,118.0
2,272,Improved FQL-GTA,231.0
2,273,Baseline FQL,126.0
2,273,Improved FQL-GTA,267.0
2,274,Baseline FQL,133.0
2,274,Improved FQL-GTA,332.0
2,275,Baseline FQL,131.0
2,275,Improved FQL-GTA,293.0
2,276,Baseline FQL,136.0
2,276,Improved FQL-GTA,270.0
2,277,Baseline FQL,131.0
2,277,Improved FQL-GTA,300.0
2,278,Baseline FQL,134.0
2,278,Improved FQL-GTA,500.0
2,279,Baseline FQL,119.0
2,279,Improved FQL-GTA,327.0
2,280,Baseline FQL,127.0
2,280,Improved FQL-GTA,16.0
2,281,Baseline FQL,123.0
2,281,Improved FQL-GTA,381.0
2,282,Baseline FQL,132.0
2,282,Improved FQL-GTA,500.0
2,283,Baseline FQL,127.0
2,283,Improved FQL-GTA,500.0
2,284,Baseline FQL,124.0
2,284,Improved FQL-GTA,500.0
2,285,Baseline FQL,133.0
2,285,Improved FQL-GTA,500.0
2,286,Baseline FQL,130.0
2,286,Improved FQL-GTA,500.0
2,287,Baseline FQL,116.0
2,287,Improved FQL-GTA,500.0
2,288,Baseline FQL,134.0
2,288,Improved FQL-GTA,500.0
2,289,Baseline FQL,134.0
2,289,Improved FQL-GTA,500.0
2,290,Baseline FQL,126.0
2,290,Improved FQL-GTA,500.0
2,291,Baseline FQL,119.0
2,291,Improved FQL-GTA,500.0
2,292,Baseline FQL,126.0
2,292,Improved FQL-GTA,500.0
2,293,Baseline FQL,124.0
2,293,Improved FQL-GTA,500.0
2,294,Baseline FQL,120.0
2,294,Improved FQL-GTA,500.0
2,295,Baseline FQL,133.0
2,295,Improved FQL-GTA,17.0
2,296,Baseline FQL,146.0
2,296,Improved FQL-GTA,500.0
2,297,Baseline FQL,123.0
2,297,Improved FQL-GTA,432.0
2,298,Baseline FQL,135.0
2,298,Improved FQL-GTA,284.0
2,299,Baseline FQL,133.0
2,299,Improved FQL-GTA,303.0
2,300,Baseline FQL,125.0
2,300,Improved FQL-GTA,269.0
2,301,Baseline FQL,117.0
2,301,Improved FQL-GTA,467.0
2,302,Baseline FQL,128.0
2,302,Improved FQL-GTA,500.0
2,303,Baseline FQL,126.0
2,303,Improved FQL-GTA,500.0
2,304,Baseline FQL,125.0
2,304,Improved FQL-GTA,500.0
2,305,Baseline FQL,134.0
2,305,Improved FQL-GTA,366.0
2,306,Baseline FQL,121.0
2,306,Improved FQL-GTA,500.0
2,307,Baseline FQL,124.0
2,307,Improved FQL-GTA,443.0
2,308,Baseline FQL,126.0
2,308,Improved FQL-GTA,344.0
2,309,Baseline FQL,119.0
2,309,Improved FQL-GTA,500.0
2,310,Baseline FQL,125.0
2,310,Improved FQL-GTA,500.0
2,311,Baseline FQL,133.0
2,311,Improved FQL-GTA,500.0
2,312,Baseline FQL,127.0
2,312,Improved FQL-GTA,500.0
2,313,Baseline FQL,118.0
2,313,Improved FQL-GTA,500.0
2,314,Baseline FQL,127.0
2,314,Improved FQL-GTA,500.0
2,315,Baseline FQL,127.0
2,315,Improved FQL-GTA,368.0
2,316,Baseline FQL,122.0
2,316,Improved FQL-GTA,500.0
2,317,Baseline FQL,117.0
2,317,Improved FQL-GTA,500.0
2,318,Baseline FQL,131.0
2,318,Improved FQL-GTA,500.0
2,319,Baseline FQL,131.0
2,319,Improved FQL-GTA,372.0
2,320,Baseline FQL,127.0
2,320,Improved FQL-GTA,500.0
2,321,Baseline FQL,144.0
2,321,Improved FQL-GTA,15.0
2,322,Baseline FQL,118.0
2,322,Improved FQL-GTA,500.0
2,323,Baseline FQL,129.0
2,323,Improved FQL-GTA,358.0
2,324,Baseline FQL,140.0
2,324,Improved FQL-GTA,377.0
2,325,Baseline FQL,122.0
2,325,Improved FQL-GTA,500.0
2,326,Baseline FQL,135.0
2,326,Improved FQL-GTA,469.0
2,327,Baseline FQL,129.0
2,327,Improved FQL-GTA,500.0
2,328,Baseline FQL,139.0
2,328,Improved FQL-GTA,487.0
2,329,Baseline FQL,137.0
2,329,Improved FQL-GTA,500.0
2,330,Baseline FQL,150.0
2,330,Improved FQL-GTA,500.0
2,331,Baseline FQL,129.0
2,331,Improved FQL-GTA,500.0
2,332,Baseline FQL,130.0
2,332,Improved FQL-GTA,500.0
2,333,Baseline FQL,162.0
2,333,Improved FQL-GTA,500.0
2,334,Baseline FQL,144.0
2,334,Improved FQL-GTA,500.0
2,335,Baseline FQL,131.0
2,335,Improved FQL-GTA,500.0
2,336,Baseline FQL,132.0
2,336,Improved FQL-GTA,500.0
2,337,Baseline FQL,129.0
2,337,Improved FQL-GTA,500.0
2,338,Baseline FQL,119.0
2,338,Improved FQL-GTA,500.0
2,339,Baseline FQL,133.0
2,339,Improved FQL-GTA,392.0
2,340,Baseline FQL,137.0
2,340,Improved FQL-GTA,294.0
2,341,Baseline FQL,152.0
2,341,Improved FQL-GTA,285.0
2,342,Baseline FQL,176.0
2,342,Improved FQL-GTA,276.0
2,343,Baseline FQL,132.0
2,343,Improved FQL-GTA,500.0
2,344,Baseline FQL,143.0
2,344,Improved FQL-GTA,500.0
2,345,Baseline FQL,163.0
2,345,Improved FQL-GTA,500.0
2,346,Baseline FQL,143.0
2,346,Improved FQL-GTA,500.0
2,347,Baseline FQL,142.0
2,347,Improved FQL-GTA,500.0
2,348,Baseline FQL,134.0
2,348,Improved FQL-GTA,347.0
2,349,Baseline FQL,146.0
2,349,Improved FQL-GTA,17.0
2,350,Baseline FQL,171.0
2,350,Improved FQL-GTA,500.0
2,351,Baseline FQL,139.0
2,351,Improved FQL-GTA,500.0
2,352,Baseline FQL,153.0
2,352,Improved FQL-GTA,500.0
2,353,Baseline FQL,163.0
2,353,Improved FQL-GTA,500.0
2,354,Baseline FQL,140.0
2,354,Improved FQL-GTA,500.0
2,355,Baseline FQL,169.0
2,355,Improved FQL-GTA,500.0
2,356,Baseline FQL,161.0
2,356,Improved FQL-GTA,500.0
2,357,Baseline FQL,160.0
2,357,Improved FQL-GTA,500.0
2,358,Baseline FQL,151.0
2,358,Improved FQL-GTA,500.0
2,359,Baseline FQL,138.0
2,359,Improved FQL-GTA,500.0
2,360,Baseline FQL,356.0
2,360,Improved FQL-GTA,500.0
2,361,Baseline FQL,179.0
2,361,Improved FQL-GTA,500.0
2,362,Baseline FQL,177.0
2,362,Improved FQL-GTA,500.0
2,363,Baseline FQL,202.0
2,363,Improved FQL-GTA,500.0
2,364,Baseline FQL,155.0
2,364,Improved FQL-GTA,500.0
2,365,Baseline FQL,179.0
2,365,Improved FQL-GTA,500.0
2,366,Baseline FQL,155.0
2,366,Improved FQL-GTA,500.0
2,367,Baseline FQL,178.0
2,367,Improved FQL-GTA,500.0
2,368,Baseline FQL,210.0
2,368,Improved FQL-GTA,469.0
2,369,Baseline FQL,175.0
2,369,Improved FQL-GTA,500.0
2,370,Baseline FQL,177.0
2,370,Improved FQL-GTA,500.0
2,371,Baseline FQL,203.0
2,371,Improved FQL-GTA,500.0
2,372,Baseline FQL,172.0
2,372,Improved FQL-GTA,500.0
2,373,Baseline FQL,180.0
2,373,Improved FQL-GTA,500.0
2,374,Baseline FQL,170.0
2,374,Improved FQL-GTA,500.0
2,375,Baseline FQL,199.0
2,375,Improved FQL-GTA,500.0
2,376,Baseline FQL,181.0
2,376,Improved FQL-GTA,376.0
2,377,Baseline FQL,239.0
2,377,Improved FQL-GTA,366.0
2,378,Baseline FQL,196.0
2,378,Improved FQL-GTA,500.0
2,379,Baseline FQL,187.0
2,379,Improved FQL-GTA,500.0
2,380,Baseline FQL,163.0
2,380,Improved FQL-GTA,100.0
2,381,Baseline FQL,165.0
2,381,Improved FQL-GTA,500.0
2,382,Baseline FQL,172.0
2,382,Improved FQL-GTA,500.0
2,383,Baseline FQL,171.0
2,383,Improved FQL-GTA,500.0
2,384,Baseline FQL,167.0
2,384,Improved FQL-GTA,500.0
2,385,Baseline FQL,194.0
2,385,Improved FQL-GTA,500.0
2,386,Baseline FQL,205.0
2,386,Improved FQL-GTA,500.0
2,387,Baseline FQL,183.0
2,387,Improved FQL-GTA,500.0
2,388,Baseline FQL,186.0
2,388,Improved FQL-GTA,500.0
2,389,Baseline FQL,174.0
2,389,Improved FQL-GTA,500.0
2,390,Baseline FQL,165.0
2,390,Improved FQL-GTA,500.0
2,391,Baseline FQL,197.0
2,391,Improved FQL-GTA,500.0
2,392,Baseline FQL,198.0
2,392,Improved FQL-GTA,500.0
2,393,Baseline FQL,188.0
2,393,Improved FQL-GTA,500.0
2,394,Baseline FQL,173.0
2,394,Improved FQL-GTA,500.0
2,395,Baseline FQL,196.0
2,395,Improved FQL-GTA,500.0
2,396,Baseline FQL,173.0
2,396,Improved FQL-GTA,500.0
2,397,Baseline FQL,191.0
2,397,Improved FQL-GTA,500.0
2,398,Baseline FQL,183.0
2,398,Improved FQL-GTA,500.0
2,399,Baseline FQL,175.0
2,399,Improved FQL-GTA,500.0
2,400,Baseline FQL,198.0
2,400,Improved FQL-GTA,500.0
2,401,Baseline FQL,170.0
2,401,Improved FQL-GTA,500.0
2,402,Baseline FQL,176.0
2,402,Improved FQL-GTA,500.0
2,403,Baseline FQL,229.0
2,403,Improved FQL-GTA,500.0
2,404,Baseline FQL,185.0
2,404,Improved FQL-GTA,500.0
2,405,Baseline FQL,202.0
2,405,Improved FQL-GTA,500.0
2,406,Baseline FQL,194.0
2,406,Improved FQL-GTA,500.0
2,407,Baseline FQL,268.0
2,407,Improved FQL-GTA,500.0
2,408,Baseline FQL,183.0
2,408,Improved FQL-GTA,500.0
2,409,Baseline FQL,167.0
2,409,Improved FQL-GTA,500.0
2,410,Baseline FQL,174.0
2,410,Improved FQL-GTA,443.0
2,411,Baseline FQL,228.0
2,411,Improved FQL-GTA,159.0
2,412,Baseline FQL,264.0
2,412,Improved FQL-GTA,500.0
2,413,Baseline FQL,204.0
2,413,Improved FQL-GTA,17.0
2,414,Baseline FQL,186.0
2,414,Improved FQL-GTA,500.0
2,415,Baseline FQL,223.0
2,415,Improved FQL-GTA,500.0
2,416,Baseline FQL,192.0
2,416,Improved FQL-GTA,500.0
2,417,Baseline FQL,198.0
2,417,Improved FQL-GTA,500.0
2,418,Baseline FQL,200.0
2,418,Improved FQL-GTA,500.0
2,419,Baseline FQL,158.0
2,419,Improved FQL-GTA,500.0
2,420,Baseline FQL,216.0
2,420,Improved FQL-GTA,500.0
2,421,Baseline FQL,196.0
2,421,Improved FQL-GTA,500.0
2,422,Baseline FQL,173.0
2,422,Improved FQL-GTA,500.0
2,423,Baseline FQL,225.0
2,423,Improved FQL-GTA,500.0
2,424,Baseline FQL,265.0
2,424,Improved FQL-GTA,500.0
2,425,Baseline FQL,59.0
2,425,Improved FQL-GTA,500.0
2,426,Baseline FQL,178.0
2,426,Improved FQL-GTA,500.0
2,427,Baseline FQL,58.0
2,427,Improved FQL-GTA,500.0
2,428,Baseline FQL,232.0
2,428,Improved FQL-GTA,500.0
2,429,Baseline FQL,162.0
2,429,Improved FQL-GTA,500.0
2,430,Baseline FQL,194.0
2,430,Improved FQL-GTA,500.0
2,431,Baseline FQL,218.0
2,431,Improved FQL-GTA,500.0
2,432,Baseline FQL,181.0
2,432,Improved FQL-GTA,500.0
2,433,Baseline FQL,125.0
2,433,Improved FQL-GTA,500.0
2,434,Baseline FQL,45.0
2,434,Improved FQL-GTA,500.0
2,435,Baseline FQL,287.0
2,435,Improved FQL-GTA,500.0
2,436,Baseline FQL,189.0
2,436,Improved FQL-GTA,500.0
2,437,Baseline FQL,154.0
2,437,Improved FQL-GTA,500.0
2,438,Baseline FQL,158.0
2,438,Improved FQL-GTA,500.0
2,439,Baseline FQL,199.0
2,439,Improved FQL-GTA,443.0
2,440,Baseline FQL,164.0
2,440,Improved FQL-GTA,500.0
2,441,Baseline FQL,184.0
2,441,Improved FQL-GTA,500.0
2,442,Baseline FQL,182.0
2,442,Improved FQL-GTA,500.0
2,443,Baseline FQL,189.0
2,443,Improved FQL-GTA,500.0
2,444,Baseline FQL,204.0
2,444,Improved FQL-GTA,369.0
2,445,Baseline FQL,196.0
2,445,Improved FQL-GTA,458.0
2,446,Baseline FQL,181.0
2,446,Improved FQL-GTA,500.0
2,447,Baseline FQL,236.0
2,447,Improved FQL-GTA,445.0
2,448,Baseline FQL,188.0
2,448,Improved FQL-GTA,500.0
2,449,Baseline FQL,192.0
2,449,Improved FQL-GTA,500.0
2,450,Baseline FQL,171.0
2,450,Improved FQL-GTA,500.0
2,451,Baseline FQL,183.0
2,451,Improved FQL-GTA,500.0
2,452,Baseline FQL,180.0
2,452,Improved FQL-GTA,500.0
2,453,Baseline FQL,226.0
2,453,Improved FQL-GTA,500.0
2,454,Baseline FQL,198.0
2,454,Improved FQL-GTA,500.0
2,455,Baseline FQL,201.0
2,455,Improved FQL-GTA,112.0
2,456,Baseline FQL,189.0
2,456,Improved FQL-GTA,500.0
2,457,Baseline FQL,228.0
2,457,Improved FQL-GTA,500.0
2,458,Baseline FQL,214.0
2,458,Improved FQL-GTA,500.0
2,459,Baseline FQL,185.0
2,459,Improved FQL-GTA,500.0
2,460,Baseline FQL,297.0
2,460,Improved FQL-GTA,500.0
2,461,Baseline FQL,192.0
2,461,Improved FQL-GTA,500.0
2,462,Baseline FQL,195.0
2,462,Improved FQL-GTA,500.0
2,463,Baseline FQL,176.0
2,463,Improved FQL-GTA,500.0
2,464,Baseline FQL,204.0
2,464,Improved FQL-GTA,500.0
2,465,Baseline FQL,189.0
2,465,Improved FQL-GTA,500.0
2,466,Baseline FQL,182.0
2,466,Improved FQL-GTA,500.0
2,467,Baseline FQL,212.0
2,467,Improved FQL-GTA,500.0
2,468,Baseline FQL,185.0
2,468,Improved FQL-GTA,500.0
2,469,Baseline FQL,248.0
2,469,Improved FQL-GTA,500.0
2,470,Baseline FQL,251.0
2,470,Improved FQL-GTA,500.0
2,471,Baseline FQL,199.0
2,471,Improved FQL-GTA,500.0
2,472,Baseline FQL,207.0
2,472,Improved FQL-GTA,500.0
2,473,Baseline FQL,196.0
2,473,Improved FQL-GTA,500.0
2,474,Baseline FQL,202.0
2,474,Improved FQL-GTA,500.0
2,475,Baseline FQL,192.0
2,475,Improved FQL-GTA,500.0
2,476,Baseline FQL,187.0
2,476,Improved FQL-GTA,500.0
2,477,Baseline FQL,230.0
2,477,Improved FQL-GTA,500.0
2,478,Baseline FQL,206.0
2,478,Improved FQL-GTA,500.0
2,479,Baseline FQL,177.0
2,479,Improved FQL-GTA,500.0
2,480,Baseline FQL,198.0
2,480,Improved FQL-GTA,500.0
2,481,Baseline FQL,179.0
2,481,Improved FQL-GTA,500.0
2,482,Baseline FQL,202.0
2,482,Improved FQL-GTA,500.0
2,483,Baseline FQL,183.0
2,483,Improved FQL-GTA,482.0
2,484,Baseline FQL,201.0
2,484,Improved FQL-GTA,500.0
2,485,Baseline FQL,186.0
2,485,Improved FQL-GTA,260.0
2,486,Baseline FQL,194.0
2,486,Improved FQL-GTA,17.0
2,487,Baseline FQL,213.0
2,487,Improved FQL-GTA,500.0
2,488,Baseline FQL,185.0
2,488,Improved FQL-GTA,500.0
2,489,Baseline FQL,206.0
2,489,Improved FQL-GTA,500.0
2,490,Baseline FQL,196.0
2,490,Improved FQL-GTA,500.0
2,491,Baseline FQL,212.0
2,491,Improved FQL-GTA,500.0
2,492,Baseline FQL,198.0
2,492,Improved FQL-GTA,500.0
2,493,Baseline FQL,182.0
2,493,Improved FQL-GTA,500.0
2,494,Baseline FQL,191.0
2,494,Improved FQL-GTA,500.0
2,495,Baseline FQL,23.0
2,495,Improved FQL-GTA,500.0
2,496,Baseline FQL,186.0
2,496,Improved FQL-GTA,500.0
2,497,Baseline FQL,201.0
2,497,Improved FQL-GTA,500.0
2,498,Baseline FQL,210.0
2,498,Improved FQL-GTA,500.0
2,499,Baseline FQL,178.0
2,499,Improved FQL-GTA,500.0
2,500,Baseline FQL,181.0
2,500,Improved FQL-GTA,500.0
3,1,Baseline FQL,9.0
3,1,Improved FQL-GTA,10.0
3,2,Baseline FQL,8.0
3,2,Improved FQL-GTA,9.0
3,3,Baseline FQL,9.0
3,3,Improved FQL-GTA,18.0
3,4,Baseline FQL,14.0
3,4,Improved FQL-GTA,23.0
3,5,Baseline FQL,9.0
3,5,Improved FQL-GTA,12.0
3,6,Baseline FQL,10.0
3,6,Improved FQL-GTA,12.0
3,7,Baseline FQL,9.0
3,7,Improved FQL-GTA,11.0
3,8,Baseline FQL,10.0
3,8,Improved FQL-GTA,9.0
3,9,Baseline FQL,9.0
3,9,Improved FQL-GTA,13.0
3,10,Baseline FQL,10.0
3,10,Improved FQL-GTA,18.0
3,11,Baseline FQL,10.0
3,11,Improved FQL-GTA,14.0
3,12,Baseline FQL,10.0
3,12,Improved FQL-GTA,11.0
3,13,Baseline FQL,10.0
3,13,Improved FQL-GTA,10.0
3,14,Baseline FQL,10.0
3,14,Improved FQL-GTA,14.0
3,15,Baseline FQL,9.0
3,15,Improved FQL-GTA,14.0
3,16,Baseline FQL,10.0
3,16,Improved FQL-GTA,10.0
3,17,Baseline FQL,10.0
3,17,Improved FQL-GTA,10.0
3,18,Baseline FQL,10.0
3,18,Improved FQL-GTA,10.0
3,19,Baseline FQL,9.0
3,19,Improved FQL-GTA,13.0
3,20,Baseline FQL,10.0
3,20,Improved FQL-GTA,11.0
3,21,Baseline FQL,11.0
3,21,Improved FQL-GTA,19.0
3,22,Baseline FQL,9.0
3,22,Improved FQL-GTA,9.0
3,23,Baseline FQL,12.0
3,23,Improved FQL-GTA,11.0
3,24,Baseline FQL,10.0
3,24,Improved FQL-GTA,12.0
3,25,Baseline FQL,10.0
3,25,Improved FQL-GTA,34.0
3,26,Baseline FQL,10.0
3,26,Improved FQL-GTA,17.0
3,27,Baseline FQL,9.0
3,27,Improved FQL-GTA,12.0
3,28,Baseline FQL,10.0
3,28,Improved FQL-GTA,18.0
3,29,Baseline FQL,9.0
3,29,Improved FQL-GTA,13.0
3,30,Baseline FQL,10.0
3,30,Improved FQL-GTA,18.0
3,31,Baseline FQL,10.0
3,31,Improved FQL-GTA,9.0
3,32,Baseline FQL,14.0
3,32,Improved FQL-GTA,26.0
3,33,Baseline FQL,10.0
3,33,Improved FQL-GTA,13.0
3,34,Baseline FQL,8.0
3,34,Improved FQL-GTA,11.0
3,35,Baseline FQL,12.0
3,35,Improved FQL-GTA,12.0
3,36,Baseline FQL,9.0
3,36,Improved FQL-GTA,11.0
3,37,Baseline FQL,11.0
3,37,Improved FQL-GTA,14.0
3,38,Baseline FQL,8.0
3,38,Improved FQL-GTA,11.0
3,39,Baseline FQL,15.0
3,39,Improved FQL-GTA,14.0
3,40,Baseline FQL,8.0
3,40,Improved FQL-GTA,10.0
3,41,Baseline FQL,12.0
3,41,Improved FQL-GTA,16.0
3,42,Baseline FQL,9.0
3,42,Improved FQL-GTA,18.0
3,43,Baseline FQL,9.0
3,43,Improved FQL-GTA,14.0
3,44,Baseline FQL,10.0
3,44,Improved FQL-GTA,17.0
3,45,Baseline FQL,11.0
3,45,Improved FQL-GTA,15.0
3,46,Baseline FQL,11.0
3,46,Improved FQL-GTA,15.0
3,47,Baseline FQL,10.0
3,47,Improved FQL-GTA,15.0
3,48,Baseline FQL,11.0
3,48,Improved FQL-GTA,17.0
3,49,Baseline FQL,13.0
3,49,Improved FQL-GTA,16.0
3,50,Baseline FQL,10.0
3,50,Improved FQL-GTA,14.0
3,51,Baseline FQL,10.0
3,51,Improved FQL-GTA,13.0
3,52,Baseline FQL,12.0
3,52,Improved FQL-GTA,19.0
3,53,Baseline FQL,10.0
3,53,Improved FQL-GTA,14.0
3,54,Baseline FQL,10.0
3,54,Improved FQL-GTA,19.0
3,55,Baseline FQL,10.0
3,55,Improved FQL-GTA,10.0
3,56,Baseline FQL,10.0
3,56,Improved FQL-GTA,23.0
3,57,Baseline FQL,10.0
3,57,Improved FQL-GTA,17.0
3,58,Baseline FQL,10.0
3,58,Improved FQL-GTA,18.0
3,59,Baseline FQL,13.0
3,59,Improved FQL-GTA,15.0
3,60,Baseline FQL,9.0
3,60,Improved FQL-GTA,13.0
3,61,Baseline FQL,10.0
3,61,Improved FQL-GTA,11.0
3,62,Baseline FQL,10.0
3,62,Improved FQL-GTA,14.0
3,63,Baseline FQL,10.0
3,63,Improved FQL-GTA,22.0
3,64,Baseline FQL,10.0
3,64,Improved FQL-GTA,17.0
3,65,Baseline FQL,16.0
3,65,Improved FQL-GTA,19.0
3,66,Baseline FQL,15.0
3,66,Improved FQL-GTA,12.0
3,67,Baseline FQL,11.0
3,67,Improved FQL-GTA,19.0
3,68,Baseline FQL,10.0
3,68,Improved FQL-GTA,21.0
3,69,Baseline FQL,12.0
3,69,Improved FQL-GTA,21.0
3,70,Baseline FQL,14.0
3,70,Improved FQL-GTA,17.0
3,71,Baseline FQL,17.0
3,71,Improved FQL-GTA,23.0
3,72,Baseline FQL,14.0
3,72,Improved FQL-GTA,13.0
3,73,Baseline FQL,13.0
3,73,Improved FQL-GTA,11.0
3,74,Baseline FQL,13.0
3,74,Improved FQL-GTA,14.0
3,75,Baseline FQL,17.0
3,75,Improved FQL-GTA,21.0
3,76,Baseline FQL,16.0
3,76,Improved FQL-GTA,16.0
3,77,Baseline FQL,10.0
3,77,Improved FQL-GTA,9.0
3,78,Baseline FQL,21.0
3,78,Improved FQL-GTA,22.0
3,79,Baseline FQL,12.0
3,79,Improved FQL-GTA,11.0
3,80,Baseline FQL,18.0
3,80,Improved FQL-GTA,19.0
3,81,Baseline FQL,15.0
3,81,Improved FQL-GTA,18.0
3,82,Baseline FQL,15.0
3,82,Improved FQL-GTA,13.0
3,83,Baseline FQL,16.0
3,83,Improved FQL-GTA,17.0
3,84,Baseline FQL,15.0
3,84,Improved FQL-GTA,13.0
3,85,Baseline FQL,19.0
3,85,Improved FQL-GTA,18.0
3,86,Baseline FQL,13.0
3,86,Improved FQL-GTA,13.0
3,87,Baseline FQL,11.0
3,87,Improved FQL-GTA,14.0
3,88,Baseline FQL,15.0
3,88,Improved FQL-GTA,23.0
3,89,Baseline FQL,14.0
3,89,Improved FQL-GTA,14.0
3,90,Baseline FQL,19.0
3,90,Improved FQL-GTA,21.0
3,91,Baseline FQL,17.0
3,91,Improved FQL-GTA,17.0
3,92,Baseline FQL,12.0
3,92,Improved FQL-GTA,12.0
3,93,Baseline FQL,21.0
3,93,Improved FQL-GTA,20.0
3,94,Baseline FQL,15.0
3,94,Improved FQL-GTA,21.0
3,95,Baseline FQL,15.0
3,95,Improved FQL-GTA,20.0
3,96,Baseline FQL,23.0
3,96,Improved FQL-GTA,19.0
3,97,Baseline FQL,16.0
3,97,Improved FQL-GTA,14.0
3,98,Baseline FQL,18.0
3,98,Improved FQL-GTA,29.0
3,99,Baseline FQL,13.0
3,99,Improved FQL-GTA,13.0
3,100,Baseline FQL,10.0
3,100,Improved FQL-GTA,15.0
3,101,Baseline FQL,20.0
3,101,Improved FQL-GTA,21.0
3,102,Baseline FQL,20.0
3,102,Improved FQL-GTA,44.0
3,103,Baseline FQL,23.0
3,103,Improved FQL-GTA,22.0
3,104,Baseline FQL,21.0
3,104,Improved FQL-GTA,31.0
3,105,Baseline FQL,15.0
3,105,Improved FQL-GTA,51.0
3,106,Baseline FQL,18.0
3,106,Improved FQL-GTA,35.0
3,107,Baseline FQL,14.0
3,107,Improved FQL-GTA,19.0
3,108,Baseline FQL,13.0
3,108,Improved FQL-GTA,21.0
3,109,Baseline FQL,15.0
3,109,Improved FQL-GTA,19.0
3,110,Baseline FQL,15.0
3,110,Improved FQL-GTA,13.0
3,111,Baseline FQL,23.0
3,111,Improved FQL-GTA,22.0
3,112,Baseline FQL,17.0
3,112,Improved FQL-GTA,21.0
3,113,Baseline FQL,15.0
3,113,Improved FQL-GTA,19.0
3,114,Baseline FQL,11.0
3,114,Improved FQL-GTA,15.0
3,115,Baseline FQL,15.0
3,115,Improved FQL-GTA,24.0
3,116,Baseline FQL,21.0
3,116,Improved FQL-GTA,18.0
3,117,Baseline FQL,16.0
3,117,Improved FQL-GTA,13.0
3,118,Baseline FQL,21.0
3,118,Improved FQL-GTA,17.0
3,119,Baseline FQL,11.0
3,119,Improved FQL-GTA,11.0
3,120,Baseline FQL,19.0
3,120,Improved FQL-GTA,27.0
3,121,Baseline FQL,21.0
3,121,Improved FQL-GTA,25.0
3,122,Baseline FQL,14.0
3,122,Improved FQL-GTA,17.0
3,123,Baseline FQL,21.0
3,123,Improved FQL-GTA,25.0
3,124,Baseline FQL,20.0
3,124,Improved FQL-GTA,25.0
3,125,Baseline FQL,17.0
3,125,Improved FQL-GTA,26.0
3,126,Baseline FQL,19.0
3,126,Improved FQL-GTA,27.0
3,127,Baseline FQL,11.0
3,127,Improved FQL-GTA,16.0
3,128,Baseline FQL,19.0
3,128,Improved FQL-GTA,30.0
3,129,Baseline FQL,19.0
3,129,Improved FQL-GTA,31.0
3,130,Baseline FQL,13.0
3,130,Improved FQL-GTA,28.0
3,131,Baseline FQL,17.0
3,131,Improved FQL-GTA,27.0
3,132,Baseline FQL,15.0
3,132,Improved FQL-GTA,26.0
3,133,Baseline FQL,11.0
3,133,Improved FQL-GTA,18.0
3,134,Baseline FQL,24.0
3,134,Improved FQL-GTA,51.0
3,135,Baseline FQL,22.0
3,135,Improved FQL-GTA,21.0
3,136,Baseline FQL,15.0
3,136,Improved FQL-GTA,22.0
3,137,Baseline FQL,28.0
3,137,Improved FQL-GTA,31.0
3,138,Baseline FQL,15.0
3,138,Improved FQL-GTA,34.0
3,139,Baseline FQL,24.0
3,139,Improved FQL-GTA,40.0
3,140,Baseline FQL,13.0
3,140,Improved FQL-GTA,22.0
3,141,Baseline FQL,15.0
3,141,Improved FQL-GTA,26.0
3,142,Baseline FQL,18.0
3,142,Improved FQL-GTA,29.0
3,143,Baseline FQL,12.0
3,143,Improved FQL-GTA,19.0
3,144,Baseline FQL,18.0
3,144,Improved FQL-GTA,31.0
3,145,Baseline FQL,16.0
3,145,Improved FQL-GTA,23.0
3,146,Baseline FQL,15.0
3,146,Improved FQL-GTA,19.0
3,147,Baseline FQL,19.0
3,147,Improved FQL-GTA,27.0
3,148,Baseline FQL,13.0
3,148,Improved FQL-GTA,22.0
3,149,Baseline FQL,16.0
3,149,Improved FQL-GTA,19.0
3,150,Baseline FQL,21.0
3,150,Improved FQL-GTA,37.0
3,151,Baseline FQL,25.0
3,151,Improved FQL-GTA,33.0
3,152,Baseline FQL,21.0
3,152,Improved FQL-GTA,31.0
3,153,Baseline FQL,17.0
3,153,Improved FQL-GTA,24.0
3,154,Baseline FQL,22.0
3,154,Improved FQL-GTA,37.0
3,155,Baseline FQL,19.0
3,155,Improved FQL-GTA,29.0
3,156,Baseline FQL,16.0
3,156,Improved FQL-GTA,23.0
3,157,Baseline FQL,19.0
3,157,Improved FQL-GTA,29.0
3,158,Baseline FQL,17.0
3,158,Improved FQL-GTA,29.0
3,159,Baseline FQL,22.0
3,159,Improved FQL-GTA,67.0
3,160,Baseline FQL,13.0
3,160,Improved FQL-GTA,87.0
3,161,Baseline FQL,13.0
3,161,Improved FQL-GTA,210.0
3,162,Baseline FQL,19.0
3,162,Improved FQL-GTA,83.0
3,163,Baseline FQL,13.0
3,163,Improved FQL-GTA,132.0
3,164,Baseline FQL,13.0
3,164,Improved FQL-GTA,40.0
3,165,Baseline FQL,15.0
3,165,Improved FQL-GTA,36.0
3,166,Baseline FQL,10.0
3,166,Improved FQL-GTA,317.0
3,167,Baseline FQL,16.0
3,167,Improved FQL-GTA,170.0
3,168,Baseline FQL,11.0
3,168,Improved FQL-GTA,24.0
3,169,Baseline FQL,15.0
3,169,Improved FQL-GTA,40.0
3,170,Baseline FQL,17.0
3,170,Improved FQL-GTA,253.0
3,171,Baseline FQL,17.0
3,171,Improved FQL-GTA,256.0
3,172,Baseline FQL,11.0
3,172,Improved FQL-GTA,28.0
3,173,Baseline FQL,25.0
3,173,Improved FQL-GTA,14.0
3,174,Baseline FQL,22.0
3,174,Improved FQL-GTA,176.0
3,175,Baseline FQL,26.0
3,175,Improved FQL-GTA,215.0
3,176,Baseline FQL,30.0
3,176,Improved FQL-GTA,213.0
3,177,Baseline FQL,17.0
3,177,Improved FQL-GTA,220.0
3,178,Baseline FQL,23.0
3,178,Improved FQL-GTA,137.0
3,179,Baseline FQL,21.0
3,179,Improved FQL-GTA,228.0
3,180,Baseline FQL,26.0
3,180,Improved FQL-GTA,165.0
3,181,Baseline FQL,19.0
3,181,Improved FQL-GTA,159.0
3,182,Baseline FQL,20.0
3,182,Improved FQL-GTA,153.0
3,183,Baseline FQL,29.0
3,183,Improved FQL-GTA,183.0
3,184,Baseline FQL,19.0
3,184,Improved FQL-GTA,172.0
3,185,Baseline FQL,23.0
3,185,Improved FQL-GTA,234.0
3,186,Baseline FQL,24.0
3,186,Improved FQL-GTA,164.0
3,187,Baseline FQL,22.0
3,187,Improved FQL-GTA,276.0
3,188,Baseline FQL,16.0
3,188,Improved FQL-GTA,98.0
3,189,Baseline FQL,29.0
3,189,Improved FQL-GTA,277.0
3,190,Baseline FQL,29.0
3,190,Improved FQL-GTA,170.0
3,191,Baseline FQL,22.0
3,191,Improved FQL-GTA,282.0
3,192,Baseline FQL,25.0
3,192,Improved FQL-GTA,240.0
3,193,Baseline FQL,24.0
3,193,Improved FQL-GTA,130.0
3,194,Baseline FQL,20.0
3,194,Improved FQL-GTA,239.0
3,195,Baseline FQL,20.0
3,195,Improved FQL-GTA,259.0
3,196,Baseline FQL,40.0
3,196,Improved FQL-GTA,257.0
3,197,Baseline FQL,31.0
3,197,Improved FQL-GTA,250.0
3,198,Baseline FQL,33.0
3,198,Improved FQL-GTA,26.0
3,199,Baseline FQL,25.0
3,199,Improved FQL-GTA,312.0
3,200,Baseline FQL,18.0
3,200,Improved FQL-GTA,257.0
3,201,Baseline FQL,32.0
3,201,Improved FQL-GTA,271.0
3,202,Baseline FQL,26.0
3,202,Improved FQL-GTA,234.0
3,203,Baseline FQL,22.0
3,203,Improved FQL-GTA,226.0
3,204,Baseline FQL,15.0
3,204,Improved FQL-GTA,211.0
3,205,Baseline FQL,19.0
3,205,Improved FQL-GTA,13.0
3,206,Baseline FQL,32.0
3,206,Improved FQL-GTA,330.0
3,207,Baseline FQL,22.0
3,207,Improved FQL-GTA,312.0
3,208,Baseline FQL,26.0
3,208,Improved FQL-GTA,262.0
3,209,Baseline FQL,28.0
3,209,Improved FQL-GTA,267.0
3,210,Baseline FQL,36.0
3,210,Improved FQL-GTA,241.0
3,211,Baseline FQL,24.0
3,211,Improved FQL-GTA,254.0
3,212,Baseline FQL,38.0
3,212,Improved FQL-GTA,243.0
3,213,Baseline FQL,17.0
3,213,Improved FQL-GTA,219.0
3,214,Baseline FQL,52.0
3,214,Improved FQL-GTA,224.0
3,215,Baseline FQL,22.0
3,215,Improved FQL-GTA,222.0
3,216,Baseline FQL,20.0
3,216,Improved FQL-GTA,228.0
3,217,Baseline FQL,16.0
3,217,Improved FQL-GTA,210.0
3,218,Baseline FQL,17.0
3,218,Improved FQL-GTA,15.0
3,219,Baseline FQL,18.0
3,219,Improved FQL-GTA,322.0
3,220,Baseline FQL,26.0
3,220,Improved FQL-GTA,319.0
3,221,Baseline FQL,44.0
3,221,Improved FQL-GTA,333.0
3,222,Baseline FQL,56.0
3,222,Improved FQL-GTA,324.0
3,223,Baseline FQL,18.0
3,223,Improved FQL-GTA,321.0
3,224,Baseline FQL,18.0
3,224,Improved FQL-GTA,282.0
3,225,Baseline FQL,80.0
3,225,Improved FQL-GTA,300.0
3,226,Baseline FQL,48.0
3,226,Improved FQL-GTA,291.0
3,227,Baseline FQL,27.0
3,227,Improved FQL-GTA,289.0
3,228,Baseline FQL,28.0
3,228,Improved FQL-GTA,255.0
3,229,Baseline FQL,32.0
3,229,Improved FQL-GTA,257.0
3,230,Baseline FQL,42.0
3,230,Improved FQL-GTA,220.0
3,231,Baseline FQL,54.0
3,231,Improved FQL-GTA,232.0
3,232,Baseline FQL,118.0
3,232,Improved FQL-GTA,256.0
3,233,Baseline FQL,163.0
3,233,Improved FQL-GTA,299.0
3,234,Baseline FQL,16.0
3,234,Improved FQL-GTA,238.0
3,235,Baseline FQL,289.0
3,235,Improved FQL-GTA,21.0
3,236,Baseline FQL,17.0
3,236,Improved FQL-GTA,272.0
3,237,Baseline FQL,44.0
3,237,Improved FQL-GTA,339.0
3,238,Baseline FQL,339.0
3,238,Improved FQL-GTA,384.0
3,239,Baseline FQL,317.0
3,239,Improved FQL-GTA,448.0
3,240,Baseline FQL,198.0
3,240,Improved FQL-GTA,304.0
3,241,Baseline FQL,27.0
3,241,Improved FQL-GTA,259.0
3,242,Baseline FQL,153.0
3,242,Improved FQL-GTA,301.0
3,243,Baseline FQL,58.0
3,243,Improved FQL-GTA,331.0
3,244,Baseline FQL,17.0
3,244,Improved FQL-GTA,264.0
3,245,Baseline FQL,57.0
3,245,Improved FQL-GTA,262.0
3,246,Baseline FQL,35.0
3,246,Improved FQL-GTA,269.0
3,247,Baseline FQL,29.0
3,247,Improved FQL-GTA,237.0
3,248,Baseline FQL,33.0
3,248,Improved FQL-GTA,263.0
3,249,Baseline FQL,78.0
3,249,Improved FQL-GTA,236.0
3,250,Baseline FQL,165.0
3,250,Improved FQL-GTA,245.0
3,251,Baseline FQL,203.0
3,251,Improved FQL-GTA,264.0
3,252,Baseline FQL,236.0
3,252,Improved FQL-GTA,244.0
3,253,Baseline FQL,169.0
3,253,Improved FQL-GTA,269.0
3,254,Baseline FQL,130.0
3,254,Improved FQL-GTA,250.0
3,255,Baseline FQL,198.0
3,255,Improved FQL-GTA,242.0
3,256,Baseline FQL,195.0
3,256,Improved FQL-GTA,251.0
3,257,Baseline FQL,228.0
3,257,Improved FQL-GTA,236.0
3,258,Baseline FQL,140.0
3,258,Improved FQL-GTA,363.0
3,259,Baseline FQL,87.0
3,259,Improved FQL-GTA,332.0
3,260,Baseline FQL,104.0
3,260,Improved FQL-GTA,311.0
3,261,Baseline FQL,25.0
3,261,Improved FQL-GTA,422.0
3,262,Baseline FQL,86.0
3,262,Improved FQL-GTA,283.0
3,263,Baseline FQL,94.0
3,263,Improved FQL-GTA,288.0
3,264,Baseline FQL,224.0
3,264,Improved FQL-GTA,293.0
3,265,Baseline FQL,99.0
3,265,Improved FQL-GTA,287.0
3,266,Baseline FQL,45.0
3,266,Improved FQL-GTA,354.0
3,267,Baseline FQL,227.0
3,267,Improved FQL-GTA,391.0
3,268,Baseline FQL,269.0
3,268,Improved FQL-GTA,255.0
3,269,Baseline FQL,228.0
3,269,Improved FQL-GTA,259.0
3,270,Baseline FQL,258.0
3,270,Improved FQL-GTA,319.0
3,271,Baseline FQL,116.0
3,271,Improved FQL-GTA,250.0
3,272,Baseline FQL,240.0
3,272,Improved FQL-GTA,245.0
3,273,Baseline FQL,134.0
3,273,Improved FQL-GTA,230.0
3,274,Baseline FQL,121.0
3,274,Improved FQL-GTA,268.0
3,275,Baseline FQL,213.0
3,275,Improved FQL-GTA,294.0
3,276,Baseline FQL,233.0
3,276,Improved FQL-GTA,311.0
3,277,Baseline FQL,247.0
3,277,Improved FQL-GTA,254.0
3,278,Baseline FQL,245.0
3,278,Improved FQL-GTA,13.0
3,279,Baseline FQL,204.0
3,279,Improved FQL-GTA,500.0
3,280,Baseline FQL,198.0
3,280,Improved FQL-GTA,500.0
3,281,Baseline FQL,263.0
3,281,Improved FQL-GTA,500.0
3,282,Baseline FQL,264.0
3,282,Improved FQL-GTA,500.0
3,283,Baseline FQL,240.0
3,283,Improved FQL-GTA,500.0
3,284,Baseline FQL,123.0
3,284,Improved FQL-GTA,387.0
3,285,Baseline FQL,198.0
3,285,Improved FQL-GTA,500.0
3,286,Baseline FQL,211.0
3,286,Improved FQL-GTA,500.0
3,287,Baseline FQL,500.0
3,287,Improved FQL-GTA,500.0
3,288,Baseline FQL,227.0
3,288,Improved FQL-GTA,500.0
3,289,Baseline FQL,252.0
3,289,Improved FQL-GTA,500.0
3,290,Baseline FQL,153.0
3,290,Improved FQL-GTA,500.0
3,291,Baseline FQL,73.0
3,291,Improved FQL-GTA,500.0
3,292,Baseline FQL,187.0
3,292,Improved FQL-GTA,500.0
3,293,Baseline FQL,199.0
3,293,Improved FQL-GTA,500.0
3,294,Baseline FQL,265.0
3,294,Improved FQL-GTA,500.0
3,295,Baseline FQL,302.0
3,295,Improved FQL-GTA,500.0
3,296,Baseline FQL,296.0
3,296,Improved FQL-GTA,500.0
3,297,Baseline FQL,331.0
3,297,Improved FQL-GTA,406.0
3,298,Baseline FQL,275.0
3,298,Improved FQL-GTA,296.0
3,299,Baseline FQL,260.0
3,299,Improved FQL-GTA,500.0
3,300,Baseline FQL,203.0
3,300,Improved FQL-GTA,256.0
3,301,Baseline FQL,225.0
3,301,Improved FQL-GTA,325.0
3,302,Baseline FQL,221.0
3,302,Improved FQL-GTA,500.0
3,303,Baseline FQL,225.0
3,303,Improved FQL-GTA,500.0
3,304,Baseline FQL,261.0
3,304,Improved FQL-GTA,500.0
3,305,Baseline FQL,223.0
3,305,Improved FQL-GTA,500.0
3,306,Baseline FQL,221.0
3,306,Improved FQL-GTA,500.0
3,307,Baseline FQL,281.0
3,307,Improved FQL-GTA,330.0
3,308,Baseline FQL,221.0
3,308,Improved FQL-GTA,219.0
3,309,Baseline FQL,223.0
3,309,Improved FQL-GTA,241.0
3,310,Baseline FQL,275.0
3,310,Improved FQL-GTA,399.0
3,311,Baseline FQL,239.0
3,311,Improved FQL-GTA,500.0
3,312,Baseline FQL,228.0
3,312,Improved FQL-GTA,370.0
3,313,Baseline FQL,243.0
3,313,Improved FQL-GTA,418.0
3,314,Baseline FQL,268.0
3,314,Improved FQL-GTA,275.0
3,315,Baseline FQL,254.0
3,315,Improved FQL-GTA,13.0
3,316,Baseline FQL,232.0
3,316,Improved FQL-GTA,429.0
3,317,Baseline FQL,241.0
3,317,Improved FQL-GTA,480.0
3,318,Baseline FQL,245.0
3,318,Improved FQL-GTA,500.0
3,319,Baseline FQL,216.0
3,319,Improved FQL-GTA,500.0
3,320,Baseline FQL,493.0
3,320,Improved FQL-GTA,500.0
3,321,Baseline FQL,208.0
3,321,Improved FQL-GTA,500.0
3,322,Baseline FQL,277.0
3,322,Improved FQL-GTA,500.0
3,323,Baseline FQL,250.0
3,323,Improved FQL-GTA,500.0
3,324,Baseline FQL,210.0
3,324,Improved FQL-GTA,500.0
3,325,Baseline FQL,230.0
3,325,Improved FQL-GTA,500.0
3,326,Baseline FQL,233.0
3,326,Improved FQL-GTA,500.0
3,327,Baseline FQL,180.0
3,327,Improved FQL-GTA,500.0
3,328,Baseline FQL,315.0
3,328,Improved FQL-GTA,500.0
3,329,Baseline FQL,231.0
3,329,Improved FQL-GTA,500.0
3,330,Baseline FQL,283.0
3,330,Improved FQL-GTA,500.0
3,331,Baseline FQL,321.0
3,331,Improved FQL-GTA,500.0
3,332,Baseline FQL,283.0
3,332,Improved FQL-GTA,500.0
3,333,Baseline FQL,221.0
3,333,Improved FQL-GTA,500.0
3,334,Baseline FQL,213.0
3,334,Improved FQL-GTA,500.0
3,335,Baseline FQL,236.0
3,335,Improved FQL-GTA,500.0
3,336,Baseline FQL,291.0
3,336,Improved FQL-GTA,500.0
3,337,Baseline FQL,228.0
3,337,Improved FQL-GTA,500.0
3,338,Baseline FQL,225.0
3,338,Improved FQL-GTA,500.0
3,339,Baseline FQL,241.0
3,339,Improved FQL-GTA,500.0
3,340,Baseline FQL,296.0
3,340,Improved FQL-GTA,500.0
3,341,Baseline FQL,201.0
3,341,Improved FQL-GTA,500.0
3,342,Baseline FQL,266.0
3,342,Improved FQL-GTA,500.0
3,343,Baseline FQL,240.0
3,343,Improved FQL-GTA,500.0
3,344,Baseline FQL,211.0
3,344,Improved FQL-GTA,500.0
3,345,Baseline FQL,275.0
3,345,Improved FQL-GTA,500.0
3,346,Baseline FQL,362.0
3,346,Improved FQL-GTA,163.0
3,347,Baseline FQL,294.0
3,347,Improved FQL-GTA,500.0
3,348,Baseline FQL,269.0
3,348,Improved FQL-GTA,500.0
3,349,Baseline FQL,500.0
3,349,Improved FQL-GTA,500.0
3,350,Baseline FQL,239.0
3,350,Improved FQL-GTA,500.0
3,351,Baseline FQL,251.0
3,351,Improved FQL-GTA,500.0
3,352,Baseline FQL,242.0
3,352,Improved FQL-GTA,500.0
3,353,Baseline FQL,355.0
3,353,Improved FQL-GTA,500.0
3,354,Baseline FQL,249.0
3,354,Improved FQL-GTA,500.0
3,355,Baseline FQL,234.0
3,355,Improved FQL-GTA,500.0
3,356,Baseline FQL,270.0
3,356,Improved FQL-GTA,500.0
3,357,Baseline FQL,350.0
3,357,Improved FQL-GTA,500.0
3,358,Baseline FQL,500.0
3,358,Improved FQL-GTA,500.0
3,359,Baseline FQL,258.0
3,359,Improved FQL-GTA,500.0
3,360,Baseline FQL,226.0
3,360,Improved FQL-GTA,500.0
3,361,Baseline FQL,282.0
3,361,Improved FQL-GTA,500.0
3,362,Baseline FQL,229.0
3,362,Improved FQL-GTA,500.0
3,363,Baseline FQL,285.0
3,363,Improved FQL-GTA,500.0
3,364,Baseline FQL,242.0
3,364,Improved FQL-GTA,500.0
3,365,Baseline FQL,293.0
3,365,Improved FQL-GTA,500.0
3,366,Baseline FQL,264.0
3,366,Improved FQL-GTA,500.0
3,367,Baseline FQL,244.0
3,367,Improved FQL-GTA,500.0
3,368,Baseline FQL,281.0
3,368,Improved FQL-GTA,446.0
3,369,Baseline FQL,307.0
3,369,Improved FQL-GTA,500.0
3,370,Baseline FQL,225.0
3,370,Improved FQL-GTA,500.0
3,371,Baseline FQL,247.0
3,371,Improved FQL-GTA,500.0
3,372,Baseline FQL,407.0
3,372,Improved FQL-GTA,500.0
3,373,Baseline FQL,366.0
3,373,Improved FQL-GTA,500.0
3,374,Baseline FQL,353.0
3,374,Improved FQL-GTA,25.0
3,375,Baseline FQL,216.0
3,375,Improved FQL-GTA,466.0
3,376,Baseline FQL,209.0
3,376,Improved FQL-GTA,364.0
3,377,Baseline FQL,232.0
3,377,Improved FQL-GTA,336.0
3,378,Baseline FQL,285.0
3,378,Improved FQL-GTA,337.0
3,379,Baseline FQL,317.0
3,379,Improved FQL-GTA,462.0
3,380,Baseline FQL,228.0
3,380,Improved FQL-GTA,386.0
3,381,Baseline FQL,201.0
3,381,Improved FQL-GTA,408.0
3,382,Baseline FQL,201.0
3,382,Improved FQL-GTA,407.0
3,383,Baseline FQL,244.0
3,383,Improved FQL-GTA,336.0
3,384,Baseline FQL,300.0
3,384,Improved FQL-GTA,298.0
3,385,Baseline FQL,304.0
3,385,Improved FQL-GTA,337.0
3,386,Baseline FQL,273.0
3,386,Improved FQL-GTA,356.0
3,387,Baseline FQL,276.0
3,387,Improved FQL-GTA,336.0
3,388,Baseline FQL,227.0
3,388,Improved FQL-GTA,362.0
3,389,Baseline FQL,248.0
3,389,Improved FQL-GTA,438.0
3,390,Baseline FQL,339.0
3,390,Improved FQL-GTA,394.0
3,391,Baseline FQL,302.0
3,391,Improved FQL-GTA,378.0
3,392,Baseline FQL,231.0
3,392,Improved FQL-GTA,324.0
3,393,Baseline FQL,257.0
3,393,Improved FQL-GTA,500.0
3,394,Baseline FQL,201.0
3,394,Improved FQL-GTA,355.0
3,395,Baseline FQL,230.0
3,395,Improved FQL-GTA,458.0
3,396,Baseline FQL,253.0
3,396,Improved FQL-GTA,471.0
3,397,Baseline FQL,326.0
3,397,Improved FQL-GTA,500.0
3,398,Baseline FQL,321.0
3,398,Improved FQL-GTA,500.0
3,399,Baseline FQL,467.0
3,399,Improved FQL-GTA,500.0
3,400,Baseline FQL,181.0
3,400,Improved FQL-GTA,500.0
3,401,Baseline FQL,227.0
3,401,Improved FQL-GTA,500.0
3,402,Baseline FQL,338.0
3,402,Improved FQL-GTA,500.0
3,403,Baseline FQL,320.0
3,403,Improved FQL-GTA,500.0
3,404,Baseline FQL,302.0
3,404,Improved FQL-GTA,500.0
3,405,Baseline FQL,283.0
3,405,Improved FQL-GTA,500.0
3,406,Baseline FQL,217.0
3,406,Improved FQL-GTA,500.0
3,407,Baseline FQL,244.0
3,407,Improved FQL-GTA,500.0
3,408,Baseline FQL,265.0
3,408,Improved FQL-GTA,500.0
3,409,Baseline FQL,200.0
3,409,Improved FQL-GTA,240.0
3,410,Baseline FQL,293.0
3,410,Improved FQL-GTA,17.0
3,411,Baseline FQL,221.0
3,411,Improved FQL-GTA,500.0
3,412,Baseline FQL,244.0
3,412,Improved FQL-GTA,500.0
3,413,Baseline FQL,290.0
3,413,Improved FQL-GTA,500.0
3,414,Baseline FQL,265.0
3,414,Improved FQL-GTA,500.0
3,415,Baseline FQL,251.0
3,415,Improved FQL-GTA,500.0
3,416,Baseline FQL,253.0
3,416,Improved FQL-GTA,500.0
3,417,Baseline FQL,483.0
3,417,Improved FQL-GTA,500.0
3,418,Baseline FQL,240.0
3,418,Improved FQL-GTA,500.0
3,419,Baseline FQL,363.0
3,419,Improved FQL-GTA,500.0
3,420,Baseline FQL,337.0
3,420,Improved FQL-GTA,500.0
3,421,Baseline FQL,246.0
3,421,Improved FQL-GTA,500.0
3,422,Baseline FQL,404.0
3,422,Improved FQL-GTA,500.0
3,423,Baseline FQL,186.0
3,423,Improved FQL-GTA,500.0
3,424,Baseline FQL,206.0
3,424,Improved FQL-GTA,500.0
3,425,Baseline FQL,285.0
3,425,Improved FQL-GTA,500.0
3,426,Baseline FQL,255.0
3,426,Improved FQL-GTA,500.0
3,427,Baseline FQL,260.0
3,427,Improved FQL-GTA,500.0
3,428,Baseline FQL,223.0
3,428,Improved FQL-GTA,500.0
3,429,Baseline FQL,254.0
3,429,Improved FQL-GTA,500.0
3,430,Baseline FQL,289.0
3,430,Improved FQL-GTA,500.0
3,431,Baseline FQL,264.0
3,431,Improved FQL-GTA,500.0
3,432,Baseline FQL,311.0
3,432,Improved FQL-GTA,500.0
3,433,Baseline FQL,323.0
3,433,Improved FQL-GTA,500.0
3,434,Baseline FQL,276.0
3,434,Improved FQL-GTA,500.0
3,435,Baseline FQL,229.0
3,435,Improved FQL-GTA,500.0
3,436,Baseline FQL,234.0
3,436,Improved FQL-GTA,500.0
3,437,Baseline FQL,219.0
3,437,Improved FQL-GTA,500.0
3,438,Baseline FQL,178.0
3,438,Improved FQL-GTA,500.0
3,439,Baseline FQL,213.0
3,439,Improved FQL-GTA,500.0
3,440,Baseline FQL,249.0
3,440,Improved FQL-GTA,500.0
3,441,Baseline FQL,265.0
3,441,Improved FQL-GTA,500.0
3,442,Baseline FQL,280.0
3,442,Improved FQL-GTA,500.0
3,443,Baseline FQL,233.0
3,443,Improved FQL-GTA,500.0
3,444,Baseline FQL,280.0
3,444,Improved FQL-GTA,500.0
3,445,Baseline FQL,306.0
3,445,Improved FQL-GTA,500.0
3,446,Baseline FQL,279.0
3,446,Improved FQL-GTA,500.0
3,447,Baseline FQL,334.0
3,447,Improved FQL-GTA,500.0
3,448,Baseline FQL,292.0
3,448,Improved FQL-GTA,500.0
3,449,Baseline FQL,226.0
3,449,Improved FQL-GTA,500.0
3,450,Baseline FQL,272.0
3,450,Improved FQL-GTA,307.0
3,451,Baseline FQL,250.0
3,451,Improved FQL-GTA,12.0
3,452,Baseline FQL,297.0
3,452,Improved FQL-GTA,500.0
3,453,Baseline FQL,234.0
3,453,Improved FQL-GTA,500.0
3,454,Baseline FQL,272.0
3,454,Improved FQL-GTA,500.0
3,455,Baseline FQL,277.0
3,455,Improved FQL-GTA,500.0
3,456,Baseline FQL,239.0
3,456,Improved FQL-GTA,500.0
3,457,Baseline FQL,204.0
3,457,Improved FQL-GTA,500.0
3,458,Baseline FQL,500.0
3,458,Improved FQL-GTA,500.0
3,459,Baseline FQL,302.0
3,459,Improved FQL-GTA,500.0
3,460,Baseline FQL,348.0
3,460,Improved FQL-GTA,500.0
3,461,Baseline FQL,373.0
3,461,Improved FQL-GTA,500.0
3,462,Baseline FQL,276.0
3,462,Improved FQL-GTA,500.0
3,463,Baseline FQL,277.0
3,463,Improved FQL-GTA,500.0
3,464,Baseline FQL,223.0
3,464,Improved FQL-GTA,500.0
3,465,Baseline FQL,218.0
3,465,Improved FQL-GTA,500.0
3,466,Baseline FQL,249.0
3,466,Improved FQL-GTA,500.0
3,467,Baseline FQL,211.0
3,467,Improved FQL-GTA,500.0
3,468,Baseline FQL,294.0
3,468,Improved FQL-GTA,500.0
3,469,Baseline FQL,215.0
3,469,Improved FQL-GTA,500.0
3,470,Baseline FQL,258.0
3,470,Improved FQL-GTA,500.0
3,471,Baseline FQL,264.0
3,471,Improved FQL-GTA,500.0
3,472,Baseline FQL,344.0
3,472,Improved FQL-GTA,500.0
3,473,Baseline FQL,284.0
3,473,Improved FQL-GTA,500.0
3,474,Baseline FQL,281.0
3,474,Improved FQL-GTA,500.0
3,475,Baseline FQL,239.0
3,475,Improved FQL-GTA,500.0
3,476,Baseline FQL,479.0
3,476,Improved FQL-GTA,500.0
3,477,Baseline FQL,426.0
3,477,Improved FQL-GTA,500.0
3,478,Baseline FQL,293.0
3,478,Improved FQL-GTA,500.0
3,479,Baseline FQL,251.0
3,479,Improved FQL-GTA,500.0
3,480,Baseline FQL,289.0
3,480,Improved FQL-GTA,500.0
3,481,Baseline FQL,325.0
3,481,Improved FQL-GTA,500.0
3,482,Baseline FQL,412.0
3,482,Improved FQL-GTA,500.0
3,483,Baseline FQL,332.0
3,483,Improved FQL-GTA,290.0
3,484,Baseline FQL,253.0
3,484,Improved FQL-GTA,14.0
3,485,Baseline FQL,250.0
3,485,Improved FQL-GTA,500.0
3,486,Baseline FQL,290.0
3,486,Improved FQL-GTA,500.0
3,487,Baseline FQL,247.0
3,487,Improved FQL-GTA,500.0
3,488,Baseline FQL,261.0
3,488,Improved FQL-GTA,500.0
3,489,Baseline FQL,192.0
3,489,Improved FQL-GTA,500.0
3,490,Baseline FQL,256.0
3,490,Improved FQL-GTA,500.0
3,491,Baseline FQL,226.0
3,491,Improved FQL-GTA,500.0
3,492,Baseline FQL,26.0
3,492,Improved FQL-GTA,500.0
3,493,Baseline FQL,272.0
3,493,Improved FQL-GTA,500.0
3,494,Baseline FQL,300.0
3,494,Improved FQL-GTA,500.0
3,495,Baseline FQL,331.0
3,495,Improved FQL-GTA,500.0
3,496,Baseline FQL,364.0
3,496,Improved FQL-GTA,500.0
3,497,Baseline FQL,216.0
3,497,Improved FQL-GTA,500.0
3,498,Baseline FQL,270.0
3,498,Improved FQL-GTA,500.0
3,499,Baseline FQL,260.0
3,499,Improved FQL-GTA,500.0
3,500,Baseline FQL,255.0
3,500,Improved FQL-GTA,500.0
4,1,Baseline FQL,8.0
4,1,Improved FQL-GTA,10.0
4,2,Baseline FQL,9.0
4,2,Improved FQL-GTA,11.0
4,3,Baseline FQL,10.0
4,3,Improved FQL-GTA,10.0
4,4,Baseline FQL,9.0
4,4,Improved FQL-GTA,9.0
4,5,Baseline FQL,10.0
4,5,Improved FQL-GTA,13.0
4,6,Baseline FQL,10.0
4,6,Improved FQL-GTA,12.0
4,7,Baseline FQL,9.0
4,7,Improved FQL-GTA,13.0
4,8,Baseline FQL,9.0
4,8,Improved FQL-GTA,10.0
4,9,Baseline FQL,12.0
4,9,Improved FQL-GTA,13.0
4,10,Baseline FQL,11.0
4,10,Improved FQL-GTA,9.0
4,11,Baseline FQL,9.0
4,11,Improved FQL-GTA,12.0
4,12,Baseline FQL,11.0
4,12,Improved FQL-GTA,14.0
4,13,Baseline FQL,10.0
4,13,Improved FQL-GTA,12.0
4,14,Baseline FQL,10.0
4,14,Improved FQL-GTA,13.0
4,15,Baseline FQL,10.0
4,15,Improved FQL-GTA,10.0
4,16,Baseline FQL,12.0
4,16,Improved FQL-GTA,12.0
4,17,Baseline FQL,10.0
4,17,Improved FQL-GTA,10.0
4,18,Baseline FQL,12.0
4,18,Improved FQL-GTA,12.0
4,19,Baseline FQL,10.0
4,19,Improved FQL-GTA,11.0
4,20,Baseline FQL,10.0
4,20,Improved FQL-GTA,12.0
4,21,Baseline FQL,9.0
4,21,Improved FQL-GTA,11.0
4,22,Baseline FQL,10.0
4,22,Improved FQL-GTA,10.0
4,23,Baseline FQL,10.0
4,23,Improved FQL-GTA,10.0
4,24,Baseline FQL,10.0
4,24,Improved FQL-GTA,11.0
4,25,Baseline FQL,9.0
4,25,Improved FQL-GTA,10.0
4,26,Baseline FQL,11.0
4,26,Improved FQL-GTA,12.0
4,27,Baseline FQL,10.0
4,27,Improved FQL-GTA,11.0
4,28,Baseline FQL,9.0
4,28,Improved FQL-GTA,10.0
4,29,Baseline FQL,10.0
4,29,Improved FQL-GTA,24.0
4,30,Baseline FQL,11.0
4,30,Improved FQL-GTA,13.0
4,31,Baseline FQL,10.0
4,31,Improved FQL-GTA,17.0
4,32,Baseline FQL,8.0
4,32,Improved FQL-GTA,12.0
4,33,Baseline FQL,12.0
4,33,Improved FQL-GTA,8.0
4,34,Baseline FQL,12.0
4,34,Improved FQL-GTA,16.0
4,35,Baseline FQL,9.0
4,35,Improved FQL-GTA,13.0
4,36,Baseline FQL,12.0
4,36,Improved FQL-GTA,19.0
4,37,Baseline FQL,8.0
4,37,Improved FQL-GTA,13.0
4,38,Baseline FQL,14.0
4,38,Improved FQL-GTA,17.0
4,39,Baseline FQL,8.0
4,39,Improved FQL-GTA,13.0
4,40,Baseline FQL,13.0
4,40,Improved FQL-GTA,14.0
4,41,Baseline FQL,9.0
4,41,Improved FQL-GTA,25.0
4,42,Baseline FQL,9.0
4,42,Improved FQL-GTA,25.0
4,43,Baseline FQL,10.0
4,43,Improved FQL-GTA,14.0
4,44,Baseline FQL,10.0
4,44,Improved FQL-GTA,14.0
4,45,Baseline FQL,9.0
4,45,Improved FQL-GTA,16.0
4,46,Baseline FQL,10.0
4,46,Improved FQL-GTA,23.0
4,47,Baseline FQL,9.0
4,47,Improved FQL-GTA,15.0
4,48,Baseline FQL,10.0
4,48,Improved FQL-GTA,16.0
4,49,Baseline FQL,10.0
4,49,Improved FQL-GTA,18.0
4,50,Baseline FQL,14.0
4,50,Improved FQL-GTA,19.0
4,51,Baseline FQL,12.0
4,51,Improved FQL-GTA,18.0
4,52,Baseline FQL,12.0
4,52,Improved FQL-GTA,21.0
4,53,Baseline FQL,8.0
4,53,Improved FQL-GTA,11.0
4,54,Baseline FQL,9.0
4,54,Improved FQL-GTA,19.0
4,55,Baseline FQL,10.0
4,55,Improved FQL-GTA,20.0
4,56,Baseline FQL,11.0
4,56,Improved FQL-GTA,19.0
4,57,Baseline FQL,11.0
4,57,Improved FQL-GTA,22.0
4,58,Baseline FQL,9.0
4,58,Improved FQL-GTA,18.0
4,59,Baseline FQL,9.0
4,59,Improved FQL-GTA,12.0
4,60,Baseline FQL,10.0
4,60,Improved FQL-GTA,18.0
4,61,Baseline FQL,13.0
4,61,Improved FQL-GTA,17.0
4,62,Baseline FQL,10.0
4,62,Improved FQL-GTA,21.0
4,63,Baseline FQL,13.0
4,63,Improved FQL-GTA,28.0
4,64,Baseline FQL,9.0
4,64,Improved FQL-GTA,17.0
4,65,Baseline FQL,10.0
4,65,Improved FQL-GTA,13.0
4,66,Baseline FQL,8.0
4,66,Improved FQL-GTA,17.0
4,67,Baseline FQL,17.0
4,67,Improved FQL-GTA,45.0
4,68,Baseline FQL,13.0
4,68,Improved FQL-GTA,14.0
4,69,Baseline FQL,20.0
4,69,Improved FQL-GTA,22.0
4,70,Baseline FQL,17.0
4,70,Improved FQL-GTA,18.0
4,71,Baseline FQL,13.0
4,71,Improved FQL-GTA,13.0
4,72,Baseline FQL,12.0
4,72,Improved FQL-GTA,20.0
4,73,Baseline FQL,13.0
4,73,Improved FQL-GTA,16.0
4,74,Baseline FQL,20.0
4,74,Improved FQL-GTA,31.0
4,75,Baseline FQL,14.0
4,75,Improved FQL-GTA,28.0
4,76,Baseline FQL,10.0
4,76,Improved FQL-GTA,15.0
4,77,Baseline FQL,31.0
4,77,Improved FQL-GTA,21.0
4,78,Baseline FQL,11.0
4,78,Improved FQL-GTA,9.0
4,79,Baseline FQL,19.0
4,79,Improved FQL-GTA,19.0
4,80,Baseline FQL,14.0
4,80,Improved FQL-GTA,17.0
4,81,Baseline FQL,13.0
4,81,Improved FQL-GTA,12.0
4,82,Baseline FQL,16.0
4,82,Improved FQL-GTA,29.0
4,83,Baseline FQL,15.0
4,83,Improved FQL-GTA,81.0
4,84,Baseline FQL,20.0
4,84,Improved FQL-GTA,102.0
4,85,Baseline FQL,13.0
4,85,Improved FQL-GTA,30.0
4,86,Baseline FQL,14.0
4,86,Improved FQL-GTA,22.0
4,87,Baseline FQL,15.0
4,87,Improved FQL-GTA,22.0
4,88,Baseline FQL,13.0
4,88,Improved FQL-GTA,22.0
4,89,Baseline FQL,19.0
4,89,Improved FQL-GTA,46.0
4,90,Baseline FQL,17.0
4,90,Improved FQL-GTA,27.0
4,91,Baseline FQL,14.0
4,91,Improved FQL-GTA,25.0
4,92,Baseline FQL,25.0
4,92,Improved FQL-GTA,37.0
4,93,Baseline FQL,15.0
4,93,Improved FQL-GTA,26.0
4,94,Baseline FQL,20.0
4,94,Improved FQL-GTA,32.0
4,95,Baseline FQL,21.0
4,95,Improved FQL-GTA,46.0
4,96,Baseline FQL,15.0
4,96,Improved FQL-GTA,24.0
4,97,Baseline FQL,20.0
4,97,Improved FQL-GTA,74.0
4,98,Baseline FQL,15.0
4,98,Improved FQL-GTA,19.0
4,99,Baseline FQL,13.0
4,99,Improved FQL-GTA,15.0
4,100,Baseline FQL,22.0
4,100,Improved FQL-GTA,37.0
4,101,Baseline FQL,20.0
4,101,Improved FQL-GTA,84.0
4,102,Baseline FQL,23.0
4,102,Improved FQL-GTA,41.0
4,103,Baseline FQL,23.0
4,103,Improved FQL-GTA,196.0
4,104,Baseline FQL,17.0
4,104,Improved FQL-GTA,39.0
4,105,Baseline FQL,25.0
4,105,Improved FQL-GTA,83.0
4,106,Baseline FQL,15.0
4,106,Improved FQL-GTA,500.0
4,107,Baseline FQL,13.0
4,107,Improved FQL-GTA,481.0
4,108,Baseline FQL,17.0
4,108,Improved FQL-GTA,401.0
4,109,Baseline FQL,12.0
4,109,Improved FQL-GTA,233.0
4,110,Baseline FQL,21.0
4,110,Improved FQL-GTA,176.0
4,111,Baseline FQL,16.0
4,111,Improved FQL-GTA,188.0
4,112,Baseline FQL,15.0
4,112,Improved FQL-GTA,221.0
4,113,Baseline FQL,11.0
4,113,Improved FQL-GTA,276.0
4,114,Baseline FQL,15.0
4,114,Improved FQL-GTA,235.0
4,115,Baseline FQL,19.0
4,115,Improved FQL-GTA,396.0
4,116,Baseline FQL,13.0
4,116,Improved FQL-GTA,500.0
4,117,Baseline FQL,18.0
4,117,Improved FQL-GTA,435.0
4,118,Baseline FQL,14.0
4,118,Improved FQL-GTA,389.0
4,119,Baseline FQL,18.0
4,119,Improved FQL-GTA,122.0
4,120,Baseline FQL,27.0
4,120,Improved FQL-GTA,239.0
4,121,Baseline FQL,11.0
4,121,Improved FQL-GTA,304.0
4,122,Baseline FQL,18.0
4,122,Improved FQL-GTA,186.0
4,123,Baseline FQL,21.0
4,123,Improved FQL-GTA,300.0
4,124,Baseline FQL,17.0
4,124,Improved FQL-GTA,376.0
4,125,Baseline FQL,17.0
4,125,Improved FQL-GTA,68.0
4,126,Baseline FQL,11.0
4,126,Improved FQL-GTA,29.0
4,127,Baseline FQL,17.0
4,127,Improved FQL-GTA,337.0
4,128,Baseline FQL,16.0
4,128,Improved FQL-GTA,500.0
4,129,Baseline FQL,13.0
4,129,Improved FQL-GTA,228.0
4,130,Baseline FQL,17.0
4,130,Improved FQL-GTA,118.0
4,131,Baseline FQL,17.0
4,131,Improved FQL-GTA,500.0
4,132,Baseline FQL,11.0
4,132,Improved FQL-GTA,465.0
4,133,Baseline FQL,22.0
4,133,Improved FQL-GTA,321.0
4,134,Baseline FQL,17.0
4,134,Improved FQL-GTA,109.0
4,135,Baseline FQL,17.0
4,135,Improved FQL-GTA,320.0
4,136,Baseline FQL,23.0
4,136,Improved FQL-GTA,234.0
4,137,Baseline FQL,15.0
4,137,Improved FQL-GTA,500.0
4,138,Baseline FQL,23.0
4,138,Improved FQL-GTA,176.0
4,139,Baseline FQL,15.0
4,139,Improved FQL-GTA,18.0
4,140,Baseline FQL,18.0
4,140,Improved FQL-GTA,388.0
4,141,Baseline FQL,19.0
4,141,Improved FQL-GTA,500.0
4,142,Baseline FQL,14.0
4,142,Improved FQL-GTA,16.0
4,143,Baseline FQL,17.0
4,143,Improved FQL-GTA,500.0
4,144,Baseline FQL,14.0
4,144,Improved FQL-GTA,136.0
4,145,Baseline FQL,14.0
4,145,Improved FQL-GTA,98.0
4,146,Baseline FQL,19.0
4,146,Improved FQL-GTA,15.0
4,147,Baseline FQL,15.0
4,147,Improved FQL-GTA,417.0
4,148,Baseline FQL,13.0
4,148,Improved FQL-GTA,500.0
4,149,Baseline FQL,18.0
4,149,Improved FQL-GTA,434.0
4,150,Baseline FQL,27.0
4,150,Improved FQL-GTA,202.0
4,151,Baseline FQL,23.0
4,151,Improved FQL-GTA,500.0
4,152,Baseline FQL,17.0
4,152,Improved FQL-GTA,350.0
4,153,Baseline FQL,22.0
4,153,Improved FQL-GTA,453.0
4,154,Baseline FQL,18.0
4,154,Improved FQL-GTA,392.0
4,155,Baseline FQL,14.0
4,155,Improved FQL-GTA,388.0
4,156,Baseline FQL,18.0
4,156,Improved FQL-GTA,376.0
4,157,Baseline FQL,18.0
4,157,Improved FQL-GTA,321.0
4,158,Baseline FQL,23.0
4,158,Improved FQL-GTA,450.0
4,159,Baseline FQL,20.0
4,159,Improved FQL-GTA,500.0
4,160,Baseline FQL,15.0
4,160,Improved FQL-GTA,410.0
4,161,Baseline FQL,23.0
4,161,Improved FQL-GTA,243.0
4,162,Baseline FQL,17.0
4,162,Improved FQL-GTA,11.0
4,163,Baseline FQL,21.0
4,163,Improved FQL-GTA,13.0
4,164,Baseline FQL,22.0
4,164,Improved FQL-GTA,341.0
4,165,Baseline FQL,17.0
4,165,Improved FQL-GTA,34.0
4,166,Baseline FQL,21.0
4,166,Improved FQL-GTA,438.0
4,167,Baseline FQL,15.0
4,167,Improved FQL-GTA,500.0
4,168,Baseline FQL,28.0
4,168,Improved FQL-GTA,356.0
4,169,Baseline FQL,21.0
4,169,Improved FQL-GTA,500.0
4,170,Baseline FQL,19.0
4,170,Improved FQL-GTA,381.0
4,171,Baseline FQL,18.0
4,171,Improved FQL-GTA,369.0
4,172,Baseline FQL,36.0
4,172,Improved FQL-GTA,267.0
4,173,Baseline FQL,15.0
4,173,Improved FQL-GTA,304.0
4,174,Baseline FQL,22.0
4,174,Improved FQL-GTA,291.0
4,175,Baseline FQL,30.0
4,175,Improved FQL-GTA,291.0
4,176,Baseline FQL,17.0
4,176,Improved FQL-GTA,330.0
4,177,Baseline FQL,24.0
4,177,Improved FQL-GTA,301.0
4,178,Baseline FQL,23.0
4,178,Improved FQL-GTA,363.0
4,179,Baseline FQL,26.0
4,179,Improved FQL-GTA,290.0
4,180,Baseline FQL,16.0
4,180,Improved FQL-GTA,397.0
4,181,Baseline FQL,17.0
4,181,Improved FQL-GTA,456.0
4,182,Baseline FQL,26.0
4,182,Improved FQL-GTA,469.0
4,183,Baseline FQL,20.0
4,183,Improved FQL-GTA,500.0
4,184,Baseline FQL,24.0
4,184,Improved FQL-GTA,500.0
4,185,Baseline FQL,16.0
4,185,Improved FQL-GTA,500.0
4,186,Baseline FQL,22.0
4,186,Improved FQL-GTA,500.0
4,187,Baseline FQL,16.0
4,187,Improved FQL-GTA,500.0
4,188,Baseline FQL,35.0
4,188,Improved FQL-GTA,431.0
4,189,Baseline FQL,32.0
4,189,Improved FQL-GTA,500.0
4,190,Baseline FQL,26.0
4,190,Improved FQL-GTA,500.0
4,191,Baseline FQL,28.0
4,191,Improved FQL-GTA,500.0
4,192,Baseline FQL,24.0
4,192,Improved FQL-GTA,500.0
4,193,Baseline FQL,20.0
4,193,Improved FQL-GTA,500.0
4,194,Baseline FQL,20.0
4,194,Improved FQL-GTA,500.0
4,195,Baseline FQL,23.0
4,195,Improved FQL-GTA,500.0
4,196,Baseline FQL,30.0
4,196,Improved FQL-GTA,349.0
4,197,Baseline FQL,32.0
4,197,Improved FQL-GTA,244.0
4,198,Baseline FQL,34.0
4,198,Improved FQL-GTA,306.0
4,199,Baseline FQL,32.0
4,199,Improved FQL-GTA,453.0
4,200,Baseline FQL,31.0
4,200,Improved FQL-GTA,500.0
4,201,Baseline FQL,23.0
4,201,Improved FQL-GTA,500.0
4,202,Baseline FQL,18.0
4,202,Improved FQL-GTA,493.0
4,203,Baseline FQL,15.0
4,203,Improved FQL-GTA,464.0
4,204,Baseline FQL,16.0
4,204,Improved FQL-GTA,500.0
4,205,Baseline FQL,30.0
4,205,Improved FQL-GTA,391.0
4,206,Baseline FQL,50.0
4,206,Improved FQL-GTA,364.0
4,207,Baseline FQL,22.0
4,207,Improved FQL-GTA,500.0
4,208,Baseline FQL,43.0
4,208,Improved FQL-GTA,391.0
4,209,Baseline FQL,24.0
4,209,Improved FQL-GTA,322.0
4,210,Baseline FQL,44.0
4,210,Improved FQL-GTA,19.0
4,211,Baseline FQL,28.0
4,211,Improved FQL-GTA,500.0
4,212,Baseline FQL,15.0
4,212,Improved FQL-GTA,476.0
4,213,Baseline FQL,41.0
4,213,Improved FQL-GTA,480.0
4,214,Baseline FQL,20.0
4,214,Improved FQL-GTA,460.0
4,215,Baseline FQL,29.0
4,215,Improved FQL-GTA,447.0
4,216,Baseline FQL,36.0
4,216,Improved FQL-GTA,500.0
4,217,Baseline FQL,18.0
4,217,Improved FQL-GTA,500.0
4,218,Baseline FQL,18.0
4,218,Improved FQL-GTA,418.0
4,219,Baseline FQL,44.0
4,219,Improved FQL-GTA,488.0
4,220,Baseline FQL,44.0
4,220,Improved FQL-GTA,500.0
4,221,Baseline FQL,62.0
4,221,Improved FQL-GTA,383.0
4,222,Baseline FQL,34.0
4,222,Improved FQL-GTA,329.0
4,223,Baseline FQL,15.0
4,223,Improved FQL-GTA,308.0
4,224,Baseline FQL,71.0
4,224,Improved FQL-GTA,500.0
4,225,Baseline FQL,27.0
4,225,Improved FQL-GTA,441.0
4,226,Baseline FQL,69.0
4,226,Improved FQL-GTA,442.0
4,227,Baseline FQL,16.0
4,227,Improved FQL-GTA,294.0
4,228,Baseline FQL,26.0
4,228,Improved FQL-GTA,382.0
4,229,Baseline FQL,114.0
4,229,Improved FQL-GTA,365.0
4,230,Baseline FQL,69.0
4,230,Improved FQL-GTA,453.0
4,231,Baseline FQL,77.0
4,231,Improved FQL-GTA,468.0
4,232,Baseline FQL,116.0
4,232,Improved FQL-GTA,500.0
4,233,Baseline FQL,22.0
4,233,Improved FQL-GTA,453.0
4,234,Baseline FQL,59.0
4,234,Improved FQL-GTA,500.0
4,235,Baseline FQL,25.0
4,235,Improved FQL-GTA,329.0
4,236,Baseline FQL,78.0
4,236,Improved FQL-GTA,304.0
4,237,Baseline FQL,210.0
4,237,Improved FQL-GTA,500.0
4,238,Baseline FQL,296.0
4,238,Improved FQL-GTA,500.0
4,239,Baseline FQL,124.0
4,239,Improved FQL-GTA,500.0
4,240,Baseline FQL,27.0
4,240,Improved FQL-GTA,500.0
4,241,Baseline FQL,185.0
4,241,Improved FQL-GTA,342.0
4,242,Baseline FQL,233.0
4,242,Improved FQL-GTA,76.0
4,243,Baseline FQL,55.0
4,243,Improved FQL-GTA,325.0
4,244,Baseline FQL,57.0
4,244,Improved FQL-GTA,350.0
4,245,Baseline FQL,65.0
4,245,Improved FQL-GTA,500.0
4,246,Baseline FQL,26.0
4,246,Improved FQL-GTA,500.0
4,247,Baseline FQL,39.0
4,247,Improved FQL-GTA,500.0
4,248,Baseline FQL,80.0
4,248,Improved FQL-GTA,500.0
4,249,Baseline FQL,82.0
4,249,Improved FQL-GTA,500.0
4,250,Baseline FQL,37.0
4,250,Improved FQL-GTA,500.0
4,251,Baseline FQL,424.0
4,251,Improved FQL-GTA,500.0
4,252,Baseline FQL,61.0
4,252,Improved FQL-GTA,500.0
4,253,Baseline FQL,25.0
4,253,Improved FQL-GTA,500.0
4,254,Baseline FQL,81.0
4,254,Improved FQL-GTA,500.0
4,255,Baseline FQL,90.0
4,255,Improved FQL-GTA,500.0
4,256,Baseline FQL,131.0
4,256,Improved FQL-GTA,500.0
4,257,Baseline FQL,59.0
4,257,Improved FQL-GTA,138.0
4,258,Baseline FQL,157.0
4,258,Improved FQL-GTA,500.0
4,259,Baseline FQL,151.0
4,259,Improved FQL-GTA,500.0
4,260,Baseline FQL,55.0
4,260,Improved FQL-GTA,500.0
4,261,Baseline FQL,45.0
4,261,Improved FQL-GTA,500.0
4,262,Baseline FQL,277.0
4,262,Improved FQL-GTA,500.0
4,263,Baseline FQL,118.0
4,263,Improved FQL-GTA,500.0
4,264,Baseline FQL,207.0
4,264,Improved FQL-GTA,500.0
4,265,Baseline FQL,231.0
4,265,Improved FQL-GTA,500.0
4,266,Baseline FQL,200.0
4,266,Improved FQL-GTA,500.0
4,267,Baseline FQL,212.0
4,267,Improved FQL-GTA,500.0
4,268,Baseline FQL,182.0
4,268,Improved FQL-GTA,500.0
4,269,Baseline FQL,172.0
4,269,Improved FQL-GTA,500.0
4,270,Baseline FQL,161.0
4,270,Improved FQL-GTA,500.0
4,271,Baseline FQL,263.0
4,271,Improved FQL-GTA,500.0
4,272,Baseline FQL,190.0
4,272,Improved FQL-GTA,500.0
4,273,Baseline FQL,208.0
4,273,Improved FQL-GTA,500.0
4,274,Baseline FQL,189.0
4,274,Improved FQL-GTA,500.0
4,275,Baseline FQL,213.0
4,275,Improved FQL-GTA,500.0
4,276,Baseline FQL,224.0
4,276,Improved FQL-GTA,500.0
4,277,Baseline FQL,378.0
4,277,Improved FQL-GTA,500.0
4,278,Baseline FQL,156.0
4,278,Improved FQL-GTA,500.0
4,279,Baseline FQL,234.0
4,279,Improved FQL-GTA,500.0
4,280,Baseline FQL,238.0
4,280,Improved FQL-GTA,458.0
4,281,Baseline FQL,268.0
4,281,Improved FQL-GTA,135.0
4,282,Baseline FQL,224.0
4,282,Improved FQL-GTA,500.0
4,283,Baseline FQL,209.0
4,283,Improved FQL-GTA,500.0
4,284,Baseline FQL,238.0
4,284,Improved FQL-GTA,500.0
4,285,Baseline FQL,236.0
4,285,Improved FQL-GTA,500.0
4,286,Baseline FQL,250.0
4,286,Improved FQL-GTA,500.0
4,287,Baseline FQL,117.0
4,287,Improved FQL-GTA,500.0
4,288,Baseline FQL,491.0
4,288,Improved FQL-GTA,500.0
4,289,Baseline FQL,47.0
4,289,Improved FQL-GTA,500.0
4,290,Baseline FQL,274.0
4,290,Improved FQL-GTA,500.0
4,291,Baseline FQL,342.0
4,291,Improved FQL-GTA,500.0
4,292,Baseline FQL,270.0
4,292,Improved FQL-GTA,500.0
4,293,Baseline FQL,226.0
4,293,Improved FQL-GTA,500.0
4,294,Baseline FQL,139.0
4,294,Improved FQL-GTA,500.0
4,295,Baseline FQL,211.0
4,295,Improved FQL-GTA,500.0
4,296,Baseline FQL,197.0
4,296,Improved FQL-GTA,500.0
4,297,Baseline FQL,222.0
4,297,Improved FQL-GTA,500.0
4,298,Baseline FQL,223.0
4,298,Improved FQL-GTA,500.0
4,299,Baseline FQL,209.0
4,299,Improved FQL-GTA,500.0
4,300,Baseline FQL,231.0
4,300,Improved FQL-GTA,500.0
4,301,Baseline FQL,326.0
4,301,Improved FQL-GTA,500.0
4,302,Baseline FQL,254.0
4,302,Improved FQL-GTA,500.0
4,303,Baseline FQL,241.0
4,303,Improved FQL-GTA,500.0
4,304,Baseline FQL,248.0
4,304,Improved FQL-GTA,500.0
4,305,Baseline FQL,268.0
4,305,Improved FQL-GTA,500.0
4,306,Baseline FQL,257.0
4,306,Improved FQL-GTA,500.0
4,307,Baseline FQL,231.0
4,307,Improved FQL-GTA,500.0
4,308,Baseline FQL,256.0
4,308,Improved FQL-GTA,500.0
4,309,Baseline FQL,307.0
4,309,Improved FQL-GTA,500.0
4,310,Baseline FQL,228.0
4,310,Improved FQL-GTA,303.0
4,311,Baseline FQL,366.0
4,311,Improved FQL-GTA,500.0
4,312,Baseline FQL,272.0
4,312,Improved FQL-GTA,500.0
4,313,Baseline FQL,270.0
4,313,Improved FQL-GTA,500.0
4,314,Baseline FQL,282.0
4,314,Improved FQL-GTA,500.0
4,315,Baseline FQL,242.0
4,315,Improved FQL-GTA,408.0
4,316,Baseline FQL,251.0
4,316,Improved FQL-GTA,500.0
4,317,Baseline FQL,303.0
4,317,Improved FQL-GTA,351.0
4,318,Baseline FQL,340.0
4,318,Improved FQL-GTA,304.0
4,319,Baseline FQL,233.0
4,319,Improved FQL-GTA,500.0
4,320,Baseline FQL,495.0
4,320,Improved FQL-GTA,500.0
4,321,Baseline FQL,259.0
4,321,Improved FQL-GTA,500.0
4,322,Baseline FQL,259.0
4,322,Improved FQL-GTA,500.0
4,323,Baseline FQL,211.0
4,323,Improved FQL-GTA,500.0
4,324,Baseline FQL,305.0
4,324,Improved FQL-GTA,500.0
4,325,Baseline FQL,251.0
4,325,Improved FQL-GTA,500.0
4,326,Baseline FQL,193.0
4,326,Improved FQL-GTA,500.0
4,327,Baseline FQL,287.0
4,327,Improved FQL-GTA,500.0
4,328,Baseline FQL,227.0
4,328,Improved FQL-GTA,500.0
4,329,Baseline FQL,258.0
4,329,Improved FQL-GTA,500.0
4,330,Baseline FQL,500.0
4,330,Improved FQL-GTA,500.0
4,331,Baseline FQL,260.0
4,331,Improved FQL-GTA,500.0
4,332,Baseline FQL,224.0
4,332,Improved FQL-GTA,500.0
4,333,Baseline FQL,245.0
4,333,Improved FQL-GTA,500.0
4,334,Baseline FQL,285.0
4,334,Improved FQL-GTA,500.0
4,335,Baseline FQL,339.0
4,335,Improved FQL-GTA,500.0
4,336,Baseline FQL,202.0
4,336,Improved FQL-GTA,500.0
4,337,Baseline FQL,233.0
4,337,Improved FQL-GTA,500.0
4,338,Baseline FQL,219.0
4,338,Improved FQL-GTA,500.0
4,339,Baseline FQL,299.0
4,339,Improved FQL-GTA,500.0
4,340,Baseline FQL,177.0
4,340,Improved FQL-GTA,500.0
4,341,Baseline FQL,299.0
4,341,Improved FQL-GTA,500.0
4,342,Baseline FQL,281.0
4,342,Improved FQL-GTA,500.0
4,343,Baseline FQL,226.0
4,343,Improved FQL-GTA,500.0
4,344,Baseline FQL,324.0
4,344,Improved FQL-GTA,500.0
4,345,Baseline FQL,289.0
4,345,Improved FQL-GTA,500.0
4,346,Baseline FQL,268.0
4,346,Improved FQL-GTA,500.0
4,347,Baseline FQL,292.0
4,347,Improved FQL-GTA,500.0
4,348,Baseline FQL,249.0
4,348,Improved FQL-GTA,473.0
4,349,Baseline FQL,280.0
4,349,Improved FQL-GTA,233.0
4,350,Baseline FQL,203.0
4,350,Improved FQL-GTA,278.0
4,351,Baseline FQL,249.0
4,351,Improved FQL-GTA,500.0
4,352,Baseline FQL,218.0
4,352,Improved FQL-GTA,500.0
4,353,Baseline FQL,261.0
4,353,Improved FQL-GTA,500.0
4,354,Baseline FQL,306.0
4,354,Improved FQL-GTA,500.0
4,355,Baseline FQL,326.0
4,355,Improved FQL-GTA,500.0
4,356,Baseline FQL,255.0
4,356,Improved FQL-GTA,500.0
4,357,Baseline FQL,248.0
4,357,Improved FQL-GTA,500.0
4,358,Baseline FQL,427.0
4,358,Improved FQL-GTA,500.0
4,359,Baseline FQL,273.0
4,359,Improved FQL-GTA,500.0
4,360,Baseline FQL,248.0
4,360,Improved FQL-GTA,500.0
4,361,Baseline FQL,209.0
4,361,Improved FQL-GTA,500.0
4,362,Baseline FQL,247.0
4,362,Improved FQL-GTA,13.0
4,363,Baseline FQL,213.0
4,363,Improved FQL-GTA,500.0
4,364,Baseline FQL,322.0
4,364,Improved FQL-GTA,500.0
4,365,Baseline FQL,291.0
4,365,Improved FQL-GTA,500.0
4,366,Baseline FQL,227.0
4,366,Improved FQL-GTA,500.0
4,367,Baseline FQL,146.0
4,367,Improved FQL-GTA,500.0
4,368,Baseline FQL,295.0
4,368,Improved FQL-GTA,500.0
4,369,Baseline FQL,245.0
4,369,Improved FQL-GTA,500.0
4,370,Baseline FQL,272.0
4,370,Improved FQL-GTA,500.0
4,371,Baseline FQL,281.0
4,371,Improved FQL-GTA,500.0
4,372,Baseline FQL,351.0
4,372,Improved FQL-GTA,500.0
4,373,Baseline FQL,275.0
4,373,Improved FQL-GTA,500.0
4,374,Baseline FQL,338.0
4,374,Improved FQL-GTA,500.0
4,375,Baseline FQL,271.0
4,375,Improved FQL-GTA,500.0
4,376,Baseline FQL,256.0
4,376,Improved FQL-GTA,500.0
4,377,Baseline FQL,289.0
4,377,Improved FQL-GTA,500.0
4,378,Baseline FQL,195.0
4,378,Improved FQL-GTA,302.0
4,379,Baseline FQL,212.0
4,379,Improved FQL-GTA,16.0
4,380,Baseline FQL,140.0
4,380,Improved FQL-GTA,500.0
4,381,Baseline FQL,203.0
4,381,Improved FQL-GTA,500.0
4,382,Baseline FQL,243.0
4,382,Improved FQL-GTA,500.0
4,383,Baseline FQL,298.0
4,383,Improved FQL-GTA,500.0
4,384,Baseline FQL,318.0
4,384,Improved FQL-GTA,500.0
4,385,Baseline FQL,251.0
4,385,Improved FQL-GTA,500.0
4,386,Baseline FQL,276.0
4,386,Improved FQL-GTA,500.0
4,387,Baseline FQL,237.0
4,387,Improved FQL-GTA,500.0
4,388,Baseline FQL,259.0
4,388,Improved FQL-GTA,500.0
4,389,Baseline FQL,288.0
4,389,Improved FQL-GTA,500.0
4,390,Baseline FQL,331.0
4,390,Improved FQL-GTA,500.0
4,391,Baseline FQL,306.0
4,391,Improved FQL-GTA,500.0
4,392,Baseline FQL,363.0
4,392,Improved FQL-GTA,500.0
4,393,Baseline FQL,196.0
4,393,Improved FQL-GTA,500.0
4,394,Baseline FQL,304.0
4,394,Improved FQL-GTA,500.0
4,395,Baseline FQL,244.0
4,395,Improved FQL-GTA,500.0
4,396,Baseline FQL,416.0
4,396,Improved FQL-GTA,500.0
4,397,Baseline FQL,235.0
4,397,Improved FQL-GTA,500.0
4,398,Baseline FQL,347.0
4,398,Improved FQL-GTA,500.0
4,399,Baseline FQL,47.0
4,399,Improved FQL-GTA,500.0
4,400,Baseline FQL,309.0
4,400,Improved FQL-GTA,500.0
4,401,Baseline FQL,388.0
4,401,Improved FQL-GTA,500.0
4,402,Baseline FQL,276.0
4,402,Improved FQL-GTA,500.0
4,403,Baseline FQL,327.0
4,403,Improved FQL-GTA,500.0
4,404,Baseline FQL,298.0
4,404,Improved FQL-GTA,500.0
4,405,Baseline FQL,204.0
4,405,Improved FQL-GTA,500.0
4,406,Baseline FQL,240.0
4,406,Improved FQL-GTA,500.0
4,407,Baseline FQL,276.0
4,407,Improved FQL-GTA,500.0
4,408,Baseline FQL,200.0
4,408,Improved FQL-GTA,500.0
4,409,Baseline FQL,346.0
4,409,Improved FQL-GTA,500.0
4,410,Baseline FQL,242.0
4,410,Improved FQL-GTA,297.0
4,411,Baseline FQL,291.0
4,411,Improved FQL-GTA,500.0
4,412,Baseline FQL,212.0
4,412,Improved FQL-GTA,500.0
4,413,Baseline FQL,245.0
4,413,Improved FQL-GTA,500.0
4,414,Baseline FQL,208.0
4,414,Improved FQL-GTA,500.0
4,415,Baseline FQL,258.0
4,415,Improved FQL-GTA,500.0
4,416,Baseline FQL,346.0
4,416,Improved FQL-GTA,500.0
4,417,Baseline FQL,250.0
4,417,Improved FQL-GTA,500.0
4,418,Baseline FQL,299.0
4,418,Improved FQL-GTA,500.0
4,419,Baseline FQL,300.0
4,419,Improved FQL-GTA,500.0
4,420,Baseline FQL,269.0
4,420,Improved FQL-GTA,500.0
4,421,Baseline FQL,318.0
4,421,Improved FQL-GTA,500.0
4,422,Baseline FQL,351.0
4,422,Improved FQL-GTA,500.0
4,423,Baseline FQL,253.0
4,423,Improved FQL-GTA,500.0
4,424,Baseline FQL,361.0
4,424,Improved FQL-GTA,500.0
4,425,Baseline FQL,342.0
4,425,Improved FQL-GTA,500.0
4,426,Baseline FQL,259.0
4,426,Improved FQL-GTA,500.0
4,427,Baseline FQL,318.0
4,427,Improved FQL-GTA,500.0
4,428,Baseline FQL,236.0
4,428,Improved FQL-GTA,500.0
4,429,Baseline FQL,255.0
4,429,Improved FQL-GTA,500.0
4,430,Baseline FQL,265.0
4,430,Improved FQL-GTA,500.0
4,431,Baseline FQL,290.0
4,431,Improved FQL-GTA,500.0
4,432,Baseline FQL,336.0
4,432,Improved FQL-GTA,500.0
4,433,Baseline FQL,282.0
4,433,Improved FQL-GTA,500.0
4,434,Baseline FQL,265.0
4,434,Improved FQL-GTA,500.0
4,435,Baseline FQL,224.0
4,435,Improved FQL-GTA,500.0
4,436,Baseline FQL,224.0
4,436,Improved FQL-GTA,500.0
4,437,Baseline FQL,340.0
4,437,Improved FQL-GTA,500.0
4,438,Baseline FQL,239.0
4,438,Improved FQL-GTA,500.0
4,439,Baseline FQL,355.0
4,439,Improved FQL-GTA,287.0
4,440,Baseline FQL,302.0
4,440,Improved FQL-GTA,236.0
4,441,Baseline FQL,300.0
4,441,Improved FQL-GTA,270.0
4,442,Baseline FQL,273.0
4,442,Improved FQL-GTA,269.0
4,443,Baseline FQL,229.0
4,443,Improved FQL-GTA,281.0
4,444,Baseline FQL,379.0
4,444,Improved FQL-GTA,285.0
4,445,Baseline FQL,267.0
4,445,Improved FQL-GTA,317.0
4,446,Baseline FQL,285.0
4,446,Improved FQL-GTA,298.0
4,447,Baseline FQL,271.0
4,447,Improved FQL-GTA,256.0
4,448,Baseline FQL,301.0
4,448,Improved FQL-GTA,243.0
4,449,Baseline FQL,252.0
4,449,Improved FQL-GTA,247.0
4,450,Baseline FQL,212.0
4,450,Improved FQL-GTA,227.0
4,451,Baseline FQL,276.0
4,451,Improved FQL-GTA,248.0
4,452,Baseline FQL,231.0
4,452,Improved FQL-GTA,225.0
4,453,Baseline FQL,204.0
4,453,Improved FQL-GTA,273.0
4,454,Baseline FQL,261.0
4,454,Improved FQL-GTA,237.0
4,455,Baseline FQL,228.0
4,455,Improved FQL-GTA,254.0
4,456,Baseline FQL,227.0
4,456,Improved FQL-GTA,244.0
4,457,Baseline FQL,318.0
4,457,Improved FQL-GTA,217.0
4,458,Baseline FQL,234.0
4,458,Improved FQL-GTA,256.0
4,459,Baseline FQL,285.0
4,459,Improved FQL-GTA,227.0
4,460,Baseline FQL,233.0
4,460,Improved FQL-GTA,258.0
4,461,Baseline FQL,244.0
4,461,Improved FQL-GTA,259.0
4,462,Baseline FQL,261.0
4,462,Improved FQL-GTA,239.0
4,463,Baseline FQL,500.0
4,463,Improved FQL-GTA,230.0
4,464,Baseline FQL,228.0
4,464,Improved FQL-GTA,222.0
4,465,Baseline FQL,247.0
4,465,Improved FQL-GTA,230.0
4,466,Baseline FQL,269.0
4,466,Improved FQL-GTA,248.0
4,467,Baseline FQL,320.0
4,467,Improved FQL-GTA,274.0
4,468,Baseline FQL,246.0
4,468,Improved FQL-GTA,240.0
4,469,Baseline FQL,284.0
4,469,Improved FQL-GTA,242.0
4,470,Baseline FQL,283.0
4,470,Improved FQL-GTA,240.0
4,471,Baseline FQL,281.0
4,471,Improved FQL-GTA,225.0
4,472,Baseline FQL,334.0
4,472,Improved FQL-GTA,224.0
4,473,Baseline FQL,262.0
4,473,Improved FQL-GTA,225.0
4,474,Baseline FQL,198.0
4,474,Improved FQL-GTA,226.0
4,475,Baseline FQL,262.0
4,475,Improved FQL-GTA,237.0
4,476,Baseline FQL,270.0
4,476,Improved FQL-GTA,240.0
4,477,Baseline FQL,262.0
4,477,Improved FQL-GTA,233.0
4,478,Baseline FQL,317.0
4,478,Improved FQL-GTA,222.0
4,479,Baseline FQL,375.0
4,479,Improved FQL-GTA,241.0
4,480,Baseline FQL,253.0
4,480,Improved FQL-GTA,233.0
4,481,Baseline FQL,281.0
4,481,Improved FQL-GTA,214.0
4,482,Baseline FQL,231.0
4,482,Improved FQL-GTA,221.0
4,483,Baseline FQL,258.0
4,483,Improved FQL-GTA,228.0
4,484,Baseline FQL,263.0
4,484,Improved FQL-GTA,232.0
4,485,Baseline FQL,284.0
4,485,Improved FQL-GTA,241.0
4,486,Baseline FQL,224.0
4,486,Improved FQL-GTA,217.0
4,487,Baseline FQL,254.0
4,487,Improved FQL-GTA,238.0
4,488,Baseline FQL,251.0
4,488,Improved FQL-GTA,242.0
4,489,Baseline FQL,251.0
4,489,Improved FQL-GTA,217.0
4,490,Baseline FQL,225.0
4,490,Improved FQL-GTA,226.0
4,491,Baseline FQL,225.0
4,491,Improved FQL-GTA,224.0
4,492,Baseline FQL,235.0
4,492,Improved FQL-GTA,222.0
4,493,Baseline FQL,254.0
4,493,Improved FQL-GTA,225.0
4,494,Baseline FQL,247.0
4,494,Improved FQL-GTA,224.0
4,495,Baseline FQL,420.0
4,495,Improved FQL-GTA,234.0
4,496,Baseline FQL,262.0
4,496,Improved FQL-GTA,253.0
4,497,Baseline FQL,244.0
4,497,Improved FQL-GTA,233.0
4,498,Baseline FQL,261.0
4,498,Improved FQL-GTA,238.0
4,499,Baseline FQL,262.0
4,499,Improved FQL-GTA,231.0
4,500,Baseline FQL,270.0
4,500,Improved FQL-GTA,228.0
5,1,Baseline FQL,9.0
5,1,Improved FQL-GTA,11.0
5,2,Baseline FQL,10.0
5,2,Improved FQL-GTA,15.0
5,3,Baseline FQL,9.0
5,3,Improved FQL-GTA,15.0
5,4,Baseline FQL,10.0
5,4,Improved FQL-GTA,18.0
5,5,Baseline FQL,9.0
5,5,Improved FQL-GTA,9.0
5,6,Baseline FQL,9.0
5,6,Improved FQL-GTA,12.0
5,7,Baseline FQL,9.0
5,7,Improved FQL-GTA,15.0
5,8,Baseline FQL,10.0
5,8,Improved FQL-GTA,13.0
5,9,Baseline FQL,9.0
5,9,Improved FQL-GTA,13.0
5,10,Baseline FQL,9.0
5,10,Improved FQL-GTA,14.0
5,11,Baseline FQL,10.0
5,11,Improved FQL-GTA,13.0
5,12,Baseline FQL,14.0
5,12,Improved FQL-GTA,14.0
5,13,Baseline FQL,10.0
5,13,Improved FQL-GTA,12.0
5,14,Baseline FQL,10.0
5,14,Improved FQL-GTA,15.0
5,15,Baseline FQL,10.0
5,15,Improved FQL-GTA,22.0
5,16,Baseline FQL,10.0
5,16,Improved FQL-GTA,14.0
5,17,Baseline FQL,9.0
5,17,Improved FQL-GTA,16.0
5,18,Baseline FQL,11.0
5,18,Improved FQL-GTA,16.0
5,19,Baseline FQL,10.0
5,19,Improved FQL-GTA,18.0
5,20,Baseline FQL,11.0
5,20,Improved FQL-GTA,14.0
5,21,Baseline FQL,10.0
5,21,Improved FQL-GTA,21.0
5,22,Baseline FQL,10.0
5,22,Improved FQL-GTA,17.0
5,23,Baseline FQL,11.0
5,23,Improved FQL-GTA,15.0
5,24,Baseline FQL,9.0
5,24,Improved FQL-GTA,19.0
5,25,Baseline FQL,9.0
5,25,Improved FQL-GTA,16.0
5,26,Baseline FQL,10.0
5,26,Improved FQL-GTA,20.0
5,27,Baseline FQL,9.0
5,27,Improved FQL-GTA,14.0
5,28,Baseline FQL,10.0
5,28,Improved FQL-GTA,17.0
5,29,Baseline FQL,8.0
5,29,Improved FQL-GTA,12.0
5,30,Baseline FQL,10.0
5,30,Improved FQL-GTA,17.0
5,31,Baseline FQL,10.0
5,31,Improved FQL-GTA,18.0
5,32,Baseline FQL,8.0
5,32,Improved FQL-GTA,12.0
5,33,Baseline FQL,14.0
5,33,Improved FQL-GTA,14.0
5,34,Baseline FQL,9.0
5,34,Improved FQL-GTA,12.0
5,35,Baseline FQL,12.0
5,35,Improved FQL-GTA,18.0
5,36,Baseline FQL,9.0
5,36,Improved FQL-GTA,12.0
5,37,Baseline FQL,10.0
5,37,Improved FQL-GTA,20.0
5,38,Baseline FQL,8.0
5,38,Improved FQL-GTA,30.0
5,39,Baseline FQL,10.0
5,39,Improved FQL-GTA,15.0
5,40,Baseline FQL,13.0
5,40,Improved FQL-GTA,19.0
5,41,Baseline FQL,9.0
5,41,Improved FQL-GTA,15.0
5,42,Baseline FQL,13.0
5,42,Improved FQL-GTA,15.0
5,43,Baseline FQL,10.0
5,43,Improved FQL-GTA,15.0
5,44,Baseline FQL,9.0
5,44,Improved FQL-GTA,16.0
5,45,Baseline FQL,10.0
5,45,Improved FQL-GTA,12.0
5,46,Baseline FQL,11.0
5,46,Improved FQL-GTA,16.0
5,47,Baseline FQL,10.0
5,47,Improved FQL-GTA,18.0
5,48,Baseline FQL,10.0
5,48,Improved FQL-GTA,15.0
5,49,Baseline FQL,10.0
5,49,Improved FQL-GTA,10.0
5,50,Baseline FQL,10.0
5,50,Improved FQL-GTA,19.0
5,51,Baseline FQL,10.0
5,51,Improved FQL-GTA,17.0
5,52,Baseline FQL,9.0
5,52,Improved FQL-GTA,22.0
5,53,Baseline FQL,9.0
5,53,Improved FQL-GTA,12.0
5,54,Baseline FQL,12.0
5,54,Improved FQL-GTA,20.0
5,55,Baseline FQL,11.0
5,55,Improved FQL-GTA,14.0
5,56,Baseline FQL,11.0
5,56,Improved FQL-GTA,18.0
5,57,Baseline FQL,9.0
5,57,Improved FQL-GTA,17.0
5,58,Baseline FQL,11.0
5,58,Improved FQL-GTA,11.0
5,59,Baseline FQL,10.0
5,59,Improved FQL-GTA,17.0
5,60,Baseline FQL,10.0
5,60,Improved FQL-GTA,13.0
5,61,Baseline FQL,10.0
5,61,Improved FQL-GTA,15.0
5,62,Baseline FQL,10.0
5,62,Improved FQL-GTA,26.0
5,63,Baseline FQL,9.0
5,63,Improved FQL-GTA,29.0
5,64,Baseline FQL,10.0
5,64,Improved FQL-GTA,24.0
5,65,Baseline FQL,9.0
5,65,Improved FQL-GTA,19.0
5,66,Baseline FQL,10.0
5,66,Improved FQL-GTA,21.0
5,67,Baseline FQL,9.0
5,67,Improved FQL-GTA,19.0
5,68,Baseline FQL,11.0
5,68,Improved FQL-GTA,19.0
5,69,Baseline FQL,10.0
5,69,Improved FQL-GTA,18.0
5,70,Baseline FQL,10.0
5,70,Improved FQL-GTA,14.0
5,71,Baseline FQL,9.0
5,71,Improved FQL-GTA,17.0
5,72,Baseline FQL,9.0
5,72,Improved FQL-GTA,14.0
5,73,Baseline FQL,10.0
5,73,Improved FQL-GTA,22.0
5,74,Baseline FQL,13.0
5,74,Improved FQL-GTA,16.0
5,75,Baseline FQL,9.0
5,75,Improved FQL-GTA,13.0
5,76,Baseline FQL,10.0
5,76,Improved FQL-GTA,20.0
5,77,Baseline FQL,8.0
5,77,Improved FQL-GTA,10.0
5,78,Baseline FQL,12.0
5,78,Improved FQL-GTA,19.0
5,79,Baseline FQL,13.0
5,79,Improved FQL-GTA,15.0
5,80,Baseline FQL,12.0
5,80,Improved FQL-GTA,11.0
5,81,Baseline FQL,15.0
5,81,Improved FQL-GTA,18.0
5,82,Baseline FQL,16.0
5,82,Improved FQL-GTA,42.0
5,83,Baseline FQL,17.0
5,83,Improved FQL-GTA,37.0
5,84,Baseline FQL,14.0
5,84,Improved FQL-GTA,21.0
5,85,Baseline FQL,10.0
5,85,Improved FQL-GTA,26.0
5,86,Baseline FQL,14.0
5,86,Improved FQL-GTA,26.0
5,87,Baseline FQL,13.0
5,87,Improved FQL-GTA,23.0
5,88,Baseline FQL,17.0
5,88,Improved FQL-GTA,29.0
5,89,Baseline FQL,15.0
5,89,Improved FQL-GTA,26.0
5,90,Baseline FQL,14.0
5,90,Improved FQL-GTA,23.0
5,91,Baseline FQL,17.0
5,91,Improved FQL-GTA,48.0
5,92,Baseline FQL,15.0
5,92,Improved FQL-GTA,32.0
5,93,Baseline FQL,15.0
5,93,Improved FQL-GTA,21.0
5,94,Baseline FQL,17.0
5,94,Improved FQL-GTA,27.0
5,95,Baseline FQL,19.0
5,95,Improved FQL-GTA,26.0
5,96,Baseline FQL,20.0
5,96,Improved FQL-GTA,21.0
5,97,Baseline FQL,13.0
5,97,Improved FQL-GTA,17.0
5,98,Baseline FQL,13.0
5,98,Improved FQL-GTA,31.0
5,99,Baseline FQL,19.0
5,99,Improved FQL-GTA,27.0
5,100,Baseline FQL,23.0
5,100,Improved FQL-GTA,16.0
5,101,Baseline FQL,21.0
5,101,Improved FQL-GTA,33.0
5,102,Baseline FQL,17.0
5,102,Improved FQL-GTA,27.0
5,103,Baseline FQL,15.0
5,103,Improved FQL-GTA,34.0
5,104,Baseline FQL,24.0
5,104,Improved FQL-GTA,31.0
5,105,Baseline FQL,15.0
5,105,Improved FQL-GTA,38.0
5,106,Baseline FQL,12.0
5,106,Improved FQL-GTA,30.0
5,107,Baseline FQL,17.0
5,107,Improved FQL-GTA,27.0
5,108,Baseline FQL,11.0
5,108,Improved FQL-GTA,21.0
5,109,Baseline FQL,21.0
5,109,Improved FQL-GTA,77.0
5,110,Baseline FQL,18.0
5,110,Improved FQL-GTA,42.0
5,111,Baseline FQL,14.0
5,111,Improved FQL-GTA,34.0
5,112,Baseline FQL,11.0
5,112,Improved FQL-GTA,17.0
5,113,Baseline FQL,16.0
5,113,Improved FQL-GTA,25.0
5,114,Baseline FQL,19.0
5,114,Improved FQL-GTA,29.0
5,115,Baseline FQL,13.0
5,115,Improved FQL-GTA,17.0
5,116,Baseline FQL,19.0
5,116,Improved FQL-GTA,40.0
5,117,Baseline FQL,13.0
5,117,Improved FQL-GTA,15.0
5,118,Baseline FQL,19.0
5,118,Improved FQL-GTA,449.0
5,119,Baseline FQL,21.0
5,119,Improved FQL-GTA,347.0
5,120,Baseline FQL,14.0
5,120,Improved FQL-GTA,43.0
5,121,Baseline FQL,23.0
5,121,Improved FQL-GTA,237.0
5,122,Baseline FQL,20.0
5,122,Improved FQL-GTA,59.0
5,123,Baseline FQL,23.0
5,123,Improved FQL-GTA,211.0
5,124,Baseline FQL,22.0
5,124,Improved FQL-GTA,22.0
5,125,Baseline FQL,11.0
5,125,Improved FQL-GTA,13.0
5,126,Baseline FQL,19.0
5,126,Improved FQL-GTA,327.0
5,127,Baseline FQL,19.0
5,127,Improved FQL-GTA,261.0
5,128,Baseline FQL,14.0
5,128,Improved FQL-GTA,142.0
5,129,Baseline FQL,25.0
5,129,Improved FQL-GTA,193.0
5,130,Baseline FQL,15.0
5,130,Improved FQL-GTA,34.0
5,131,Baseline FQL,12.0
5,131,Improved FQL-GTA,13.0
5,132,Baseline FQL,24.0
5,132,Improved FQL-GTA,412.0
5,133,Baseline FQL,16.0
5,133,Improved FQL-GTA,309.0
5,134,Baseline FQL,13.0
5,134,Improved FQL-GTA,84.0
5,135,Baseline FQL,29.0
5,135,Improved FQL-GTA,223.0
5,136,Baseline FQL,13.0
5,136,Improved FQL-GTA,228.0
5,137,Baseline FQL,27.0
5,137,Improved FQL-GTA,273.0
5,138,Baseline FQL,13.0
5,138,Improved FQL-GTA,268.0
5,139,Baseline FQL,15.0
5,139,Improved FQL-GTA,237.0
5,140,Baseline FQL,21.0
5,140,Improved FQL-GTA,260.0
5,141,Baseline FQL,13.0
5,141,Improved FQL-GTA,96.0
5,142,Baseline FQL,18.0
5,142,Improved FQL-GTA,297.0
5,143,Baseline FQL,16.0
5,143,Improved FQL-GTA,266.0
5,144,Baseline FQL,15.0
5,144,Improved FQL-GTA,229.0
5,145,Baseline FQL,19.0
5,145,Improved FQL-GTA,239.0
5,146,Baseline FQL,14.0
5,146,Improved FQL-GTA,98.0
5,147,Baseline FQL,16.0
5,147,Improved FQL-GTA,286.0
5,148,Baseline FQL,23.0
5,148,Improved FQL-GTA,299.0
5,149,Baseline FQL,19.0
5,149,Improved FQL-GTA,102.0
5,150,Baseline FQL,23.0
5,150,Improved FQL-GTA,280.0
5,151,Baseline FQL,17.0
5,151,Improved FQL-GTA,15.0
5,152,Baseline FQL,25.0
5,152,Improved FQL-GTA,459.0
5,153,Baseline FQL,19.0
5,153,Improved FQL-GTA,412.0
5,154,Baseline FQL,13.0
5,154,Improved FQL-GTA,344.0
5,155,Baseline FQL,19.0
5,155,Improved FQL-GTA,345.0
5,156,Baseline FQL,18.0
5,156,Improved FQL-GTA,254.0
5,157,Baseline FQL,19.0
5,157,Improved FQL-GTA,250.0
5,158,Baseline FQL,13.0
5,158,Improved FQL-GTA,220.0
5,159,Baseline FQL,14.0
5,159,Improved FQL-GTA,240.0
5,160,Baseline FQL,19.0
5,160,Improved FQL-GTA,257.0
5,161,Baseline FQL,14.0
5,161,Improved FQL-GTA,215.0
5,162,Baseline FQL,13.0
5,162,Improved FQL-GTA,105.0
5,163,Baseline FQL,15.0
5,163,Improved FQL-GTA,326.0
5,164,Baseline FQL,15.0
5,164,Improved FQL-GTA,500.0
5,165,Baseline FQL,21.0
5,165,Improved FQL-GTA,415.0
5,166,Baseline FQL,11.0
5,166,Improved FQL-GTA,411.0
5,167,Baseline FQL,17.0
5,167,Improved FQL-GTA,500.0
5,168,Baseline FQL,15.0
5,168,Improved FQL-GTA,327.0
5,169,Baseline FQL,23.0
5,169,Improved FQL-GTA,407.0
5,170,Baseline FQL,13.0
5,170,Improved FQL-GTA,387.0
5,171,Baseline FQL,27.0
5,171,Improved FQL-GTA,500.0
5,172,Baseline FQL,15.0
5,172,Improved FQL-GTA,433.0
5,173,Baseline FQL,24.0
5,173,Improved FQL-GTA,500.0
5,174,Baseline FQL,30.0
5,174,Improved FQL-GTA,500.0
5,175,Baseline FQL,17.0
5,175,Improved FQL-GTA,318.0
5,176,Baseline FQL,20.0
5,176,Improved FQL-GTA,70.0
5,177,Baseline FQL,22.0
5,177,Improved FQL-GTA,500.0
5,178,Baseline FQL,24.0
5,178,Improved FQL-GTA,452.0
5,179,Baseline FQL,21.0
5,179,Improved FQL-GTA,396.0
5,180,Baseline FQL,17.0
5,180,Improved FQL-GTA,388.0
5,181,Baseline FQL,23.0
5,181,Improved FQL-GTA,392.0
5,182,Baseline FQL,20.0
5,182,Improved FQL-GTA,322.0
5,183,Baseline FQL,32.0
5,183,Improved FQL-GTA,451.0
5,184,Baseline FQL,20.0
5,184,Improved FQL-GTA,281.0
5,185,Baseline FQL,24.0
5,185,Improved FQL-GTA,182.0
5,186,Baseline FQL,13.0
5,186,Improved FQL-GTA,368.0
5,187,Baseline FQL,34.0
5,187,Improved FQL-GTA,395.0
5,188,Baseline FQL,30.0
5,188,Improved FQL-GTA,371.0
5,189,Baseline FQL,24.0
5,189,Improved FQL-GTA,350.0
5,190,Baseline FQL,38.0
5,190,Improved FQL-GTA,329.0
5,191,Baseline FQL,23.0
5,191,Improved FQL-GTA,389.0
5,192,Baseline FQL,20.0
5,192,Improved FQL-GTA,426.0
5,193,Baseline FQL,17.0
5,193,Improved FQL-GTA,500.0
5,194,Baseline FQL,27.0
5,194,Improved FQL-GTA,484.0
5,195,Baseline FQL,34.0
5,195,Improved FQL-GTA,500.0
5,196,Baseline FQL,25.0
5,196,Improved FQL-GTA,500.0
5,197,Baseline FQL,21.0
5,197,Improved FQL-GTA,464.0
5,198,Baseline FQL,21.0
5,198,Improved FQL-GTA,330.0
5,199,Baseline FQL,23.0
5,199,Improved FQL-GTA,357.0
5,200,Baseline FQL,26.0
5,200,Improved FQL-GTA,264.0
5,201,Baseline FQL,20.0
5,201,Improved FQL-GTA,347.0
5,202,Baseline FQL,16.0
5,202,Improved FQL-GTA,393.0
5,203,Baseline FQL,22.0
5,203,Improved FQL-GTA,431.0
5,204,Baseline FQL,24.0
5,204,Improved FQL-GTA,500.0
5,205,Baseline FQL,26.0
5,205,Improved FQL-GTA,500.0
5,206,Baseline FQL,24.0
5,206,Improved FQL-GTA,500.0
5,207,Baseline FQL,24.0
5,207,Improved FQL-GTA,500.0
5,208,Baseline FQL,24.0
5,208,Improved FQL-GTA,154.0
5,209,Baseline FQL,24.0
5,209,Improved FQL-GTA,30.0
5,210,Baseline FQL,31.0
5,210,Improved FQL-GTA,21.0
5,211,Baseline FQL,17.0
5,211,Improved FQL-GTA,500.0
5,212,Baseline FQL,29.0
5,212,Improved FQL-GTA,500.0
5,213,Baseline FQL,18.0
5,213,Improved FQL-GTA,500.0
5,214,Baseline FQL,22.0
5,214,Improved FQL-GTA,500.0
5,215,Baseline FQL,16.0
5,215,Improved FQL-GTA,500.0
5,216,Baseline FQL,16.0
5,216,Improved FQL-GTA,500.0
5,217,Baseline FQL,16.0
5,217,Improved FQL-GTA,500.0
5,218,Baseline FQL,30.0
5,218,Improved FQL-GTA,500.0
5,219,Baseline FQL,22.0
5,219,Improved FQL-GTA,500.0
5,220,Baseline FQL,42.0
5,220,Improved FQL-GTA,87.0
5,221,Baseline FQL,19.0
5,221,Improved FQL-GTA,471.0
5,222,Baseline FQL,18.0
5,222,Improved FQL-GTA,500.0
5,223,Baseline FQL,28.0
5,223,Improved FQL-GTA,340.0
5,224,Baseline FQL,66.0
5,224,Improved FQL-GTA,360.0
5,225,Baseline FQL,36.0
5,225,Improved FQL-GTA,389.0
5,226,Baseline FQL,16.0
5,226,Improved FQL-GTA,500.0
5,227,Baseline FQL,38.0
5,227,Improved FQL-GTA,500.0
5,228,Baseline FQL,28.0
5,228,Improved FQL-GTA,500.0
5,229,Baseline FQL,24.0
5,229,Improved FQL-GTA,500.0
5,230,Baseline FQL,66.0
5,230,Improved FQL-GTA,500.0
5,231,Baseline FQL,44.0
5,231,Improved FQL-GTA,368.0
5,232,Baseline FQL,23.0
5,232,Improved FQL-GTA,500.0
5,233,Baseline FQL,41.0
5,233,Improved FQL-GTA,500.0
5,234,Baseline FQL,19.0
5,234,Improved FQL-GTA,465.0
5,235,Baseline FQL,43.0
5,235,Improved FQL-GTA,135.0
5,236,Baseline FQL,54.0
5,236,Improved FQL-GTA,500.0
5,237,Baseline FQL,40.0
5,237,Improved FQL-GTA,12.0
5,238,Baseline FQL,60.0
5,238,Improved FQL-GTA,500.0
5,239,Baseline FQL,17.0
5,239,Improved FQL-GTA,500.0
5,240,Baseline FQL,71.0
5,240,Improved FQL-GTA,350.0
5,241,Baseline FQL,44.0
5,241,Improved FQL-GTA,324.0
5,242,Baseline FQL,58.0
5,242,Improved FQL-GTA,397.0
5,243,Baseline FQL,45.0
5,243,Improved FQL-GTA,391.0
5,244,Baseline FQL,72.0
5,244,Improved FQL-GTA,387.0
5,245,Baseline FQL,20.0
5,245,Improved FQL-GTA,386.0
5,246,Baseline FQL,190.0
5,246,Improved FQL-GTA,291.0
5,247,Baseline FQL,60.0
5,247,Improved FQL-GTA,335.0
5,248,Baseline FQL,19.0
5,248,Improved FQL-GTA,288.0
5,249,Baseline FQL,108.0
5,249,Improved FQL-GTA,281.0
5,250,Baseline FQL,107.0
5,250,Improved FQL-GTA,274.0
5,251,Baseline FQL,30.0
5,251,Improved FQL-GTA,295.0
5,252,Baseline FQL,30.0
5,252,Improved FQL-GTA,395.0
5,253,Baseline FQL,37.0
5,253,Improved FQL-GTA,401.0
5,254,Baseline FQL,47.0
5,254,Improved FQL-GTA,427.0
5,255,Baseline FQL,71.0
5,255,Improved FQL-GTA,400.0
5,256,Baseline FQL,48.0
5,256,Improved FQL-GTA,500.0
5,257,Baseline FQL,163.0
5,257,Improved FQL-GTA,500.0
5,258,Baseline FQL,34.0
5,258,Improved FQL-GTA,500.0
5,259,Baseline FQL,61.0
5,259,Improved FQL-GTA,380.0
5,260,Baseline FQL,37.0
5,260,Improved FQL-GTA,377.0
5,261,Baseline FQL,60.0
5,261,Improved FQL-GTA,437.0
5,262,Baseline FQL,38.0
5,262,Improved FQL-GTA,500.0
5,263,Baseline FQL,47.0
5,263,Improved FQL-GTA,500.0
5,264,Baseline FQL,49.0
5,264,Improved FQL-GTA,500.0
5,265,Baseline FQL,246.0
5,265,Improved FQL-GTA,500.0
5,266,Baseline FQL,29.0
5,266,Improved FQL-GTA,500.0
5,267,Baseline FQL,407.0
5,267,Improved FQL-GTA,500.0
5,268,Baseline FQL,135.0
5,268,Improved FQL-GTA,500.0
5,269,Baseline FQL,410.0
5,269,Improved FQL-GTA,500.0
5,270,Baseline FQL,62.0
5,270,Improved FQL-GTA,484.0
5,271,Baseline FQL,33.0
5,271,Improved FQL-GTA,384.0
5,272,Baseline FQL,109.0
5,272,Improved FQL-GTA,500.0
5,273,Baseline FQL,31.0
5,273,Improved FQL-GTA,500.0
5,274,Baseline FQL,63.0
5,274,Improved FQL-GTA,500.0
5,275,Baseline FQL,54.0
5,275,Improved FQL-GTA,500.0
5,276,Baseline FQL,107.0
5,276,Improved FQL-GTA,500.0
5,277,Baseline FQL,41.0
5,277,Improved FQL-GTA,130.0
5,278,Baseline FQL,153.0
5,278,Improved FQL-GTA,500.0
5,279,Baseline FQL,49.0
5,279,Improved FQL-GTA,500.0
5,280,Baseline FQL,163.0
5,280,Improved FQL-GTA,13.0
5,281,Baseline FQL,125.0
5,281,Improved FQL-GTA,500.0
5,282,Baseline FQL,305.0
5,282,Improved FQL-GTA,500.0
5,283,Baseline FQL,226.0
5,283,Improved FQL-GTA,500.0
5,284,Baseline FQL,361.0
5,284,Improved FQL-GTA,500.0
5,285,Baseline FQL,164.0
5,285,Improved FQL-GTA,421.0
5,286,Baseline FQL,112.0
5,286,Improved FQL-GTA,500.0
5,287,Baseline FQL,311.0
5,287,Improved FQL-GTA,494.0
5,288,Baseline FQL,121.0
5,288,Improved FQL-GTA,500.0
5,289,Baseline FQL,105.0
5,289,Improved FQL-GTA,500.0
5,290,Baseline FQL,246.0
5,290,Improved FQL-GTA,500.0
5,291,Baseline FQL,175.0
5,291,Improved FQL-GTA,500.0
5,292,Baseline FQL,305.0
5,292,Improved FQL-GTA,500.0
5,293,Baseline FQL,204.0
5,293,Improved FQL-GTA,500.0
5,294,Baseline FQL,230.0
5,294,Improved FQL-GTA,500.0
5,295,Baseline FQL,194.0
5,295,Improved FQL-GTA,500.0
5,296,Baseline FQL,198.0
5,296,Improved FQL-GTA,500.0
5,297,Baseline FQL,220.0
5,297,Improved FQL-GTA,500.0
5,298,Baseline FQL,287.0
5,298,Improved FQL-GTA,500.0
5,299,Baseline FQL,196.0
5,299,Improved FQL-GTA,500.0
5,300,Baseline FQL,257.0
5,300,Improved FQL-GTA,500.0
5,301,Baseline FQL,302.0
5,301,Improved FQL-GTA,500.0
5,302,Baseline FQL,359.0
5,302,Improved FQL-GTA,500.0
5,303,Baseline FQL,260.0
5,303,Improved FQL-GTA,500.0
5,304,Baseline FQL,231.0
5,304,Improved FQL-GTA,500.0
5,305,Baseline FQL,314.0
5,305,Improved FQL-GTA,500.0
5,306,Baseline FQL,230.0
5,306,Improved FQL-GTA,500.0
5,307,Baseline FQL,303.0
5,307,Improved FQL-GTA,119.0
5,308,Baseline FQL,118.0
5,308,Improved FQL-GTA,397.0
5,309,Baseline FQL,47.0
5,309,Improved FQL-GTA,327.0
5,310,Baseline FQL,202.0
5,310,Improved FQL-GTA,500.0
5,311,Baseline FQL,201.0
5,311,Improved FQL-GTA,169.0
5,312,Baseline FQL,212.0
5,312,Improved FQL-GTA,500.0
5,313,Baseline FQL,360.0
5,313,Improved FQL-GTA,500.0
5,314,Baseline FQL,299.0
5,314,Improved FQL-GTA,500.0
5,315,Baseline FQL,262.0
5,315,Improved FQL-GTA,500.0
5,316,Baseline FQL,257.0
5,316,Improved FQL-GTA,500.0
5,317,Baseline FQL,221.0
5,317,Improved FQL-GTA,500.0
5,318,Baseline FQL,274.0
5,318,Improved FQL-GTA,500.0
5,319,Baseline FQL,188.0
5,319,Improved FQL-GTA,500.0
5,320,Baseline FQL,380.0
5,320,Improved FQL-GTA,500.0
5,321,Baseline FQL,234.0
5,321,Improved FQL-GTA,500.0
5,322,Baseline FQL,235.0
5,322,Improved FQL-GTA,500.0
5,323,Baseline FQL,247.0
5,323,Improved FQL-GTA,500.0
5,324,Baseline FQL,213.0
5,324,Improved FQL-GTA,500.0
5,325,Baseline FQL,281.0
5,325,Improved FQL-GTA,500.0
5,326,Baseline FQL,215.0
5,326,Improved FQL-GTA,500.0
5,327,Baseline FQL,266.0
5,327,Improved FQL-GTA,500.0
5,328,Baseline FQL,114.0
5,328,Improved FQL-GTA,500.0
5,329,Baseline FQL,222.0
5,329,Improved FQL-GTA,500.0
5,330,Baseline FQL,237.0
5,330,Improved FQL-GTA,500.0
5,331,Baseline FQL,226.0
5,331,Improved FQL-GTA,500.0
5,332,Baseline FQL,264.0
5,332,Improved FQL-GTA,500.0
5,333,Baseline FQL,294.0
5,333,Improved FQL-GTA,500.0
5,334,Baseline FQL,196.0
5,334,Improved FQL-GTA,500.0
5,335,Baseline FQL,187.0
5,335,Improved FQL-GTA,500.0
5,336,Baseline FQL,219.0
5,336,Improved FQL-GTA,500.0
5,337,Baseline FQL,231.0
5,337,Improved FQL-GTA,500.0
5,338,Baseline FQL,421.0
5,338,Improved FQL-GTA,500.0
5,339,Baseline FQL,205.0
5,339,Improved FQL-GTA,500.0
5,340,Baseline FQL,367.0
5,340,Improved FQL-GTA,430.0
5,341,Baseline FQL,186.0
5,341,Improved FQL-GTA,40.0
5,342,Baseline FQL,296.0
5,342,Improved FQL-GTA,500.0
5,343,Baseline FQL,236.0
5,343,Improved FQL-GTA,500.0
5,344,Baseline FQL,244.0
5,344,Improved FQL-GTA,500.0
5,345,Baseline FQL,235.0
5,345,Improved FQL-GTA,500.0
5,346,Baseline FQL,239.0
5,346,Improved FQL-GTA,500.0
5,347,Baseline FQL,444.0
5,347,Improved FQL-GTA,500.0
5,348,Baseline FQL,260.0
5,348,Improved FQL-GTA,500.0
5,349,Baseline FQL,303.0
5,349,Improved FQL-GTA,500.0
5,350,Baseline FQL,261.0
5,350,Improved FQL-GTA,500.0
5,351,Baseline FQL,236.0
5,351,Improved FQL-GTA,500.0
5,352,Baseline FQL,263.0
5,352,Improved FQL-GTA,500.0
5,353,Baseline FQL,241.0
5,353,Improved FQL-GTA,500.0
5,354,Baseline FQL,366.0
5,354,Improved FQL-GTA,500.0
5,355,Baseline FQL,255.0
5,355,Improved FQL-GTA,500.0
5,356,Baseline FQL,211.0
5,356,Improved FQL-GTA,500.0
5,357,Baseline FQL,253.0
5,357,Improved FQL-GTA,500.0
5,358,Baseline FQL,373.0
5,358,Improved FQL-GTA,500.0
5,359,Baseline FQL,313.0
5,359,Improved FQL-GTA,500.0
5,360,Baseline FQL,223.0
5,360,Improved FQL-GTA,500.0
5,361,Baseline FQL,359.0
5,361,Improved FQL-GTA,500.0
5,362,Baseline FQL,337.0
5,362,Improved FQL-GTA,500.0
5,363,Baseline FQL,191.0
5,363,Improved FQL-GTA,500.0
5,364,Baseline FQL,219.0
5,364,Improved FQL-GTA,500.0
5,365,Baseline FQL,287.0
5,365,Improved FQL-GTA,500.0
5,366,Baseline FQL,275.0
5,366,Improved FQL-GTA,500.0
5,367,Baseline FQL,235.0
5,367,Improved FQL-GTA,500.0
5,368,Baseline FQL,284.0
5,368,Improved FQL-GTA,500.0
5,369,Baseline FQL,230.0
5,369,Improved FQL-GTA,500.0
5,370,Baseline FQL,261.0
5,370,Improved FQL-GTA,500.0
5,371,Baseline FQL,313.0
5,371,Improved FQL-GTA,500.0
5,372,Baseline FQL,302.0
5,372,Improved FQL-GTA,500.0
5,373,Baseline FQL,365.0
5,373,Improved FQL-GTA,500.0
5,374,Baseline FQL,278.0
5,374,Improved FQL-GTA,500.0
5,375,Baseline FQL,197.0
5,375,Improved FQL-GTA,500.0
5,376,Baseline FQL,60.0
5,376,Improved FQL-GTA,500.0
5,377,Baseline FQL,262.0
5,377,Improved FQL-GTA,11.0
5,378,Baseline FQL,204.0
5,378,Improved FQL-GTA,500.0
5,379,Baseline FQL,268.0
5,379,Improved FQL-GTA,500.0
5,380,Baseline FQL,238.0
5,380,Improved FQL-GTA,465.0
5,381,Baseline FQL,256.0
5,381,Improved FQL-GTA,373.0
5,382,Baseline FQL,253.0
5,382,Improved FQL-GTA,500.0
5,383,Baseline FQL,282.0
5,383,Improved FQL-GTA,500.0
5,384,Baseline FQL,227.0
5,384,Improved FQL-GTA,470.0
5,385,Baseline FQL,241.0
5,385,Improved FQL-GTA,390.0
5,386,Baseline FQL,235.0
5,386,Improved FQL-GTA,425.0
5,387,Baseline FQL,240.0
5,387,Improved FQL-GTA,450.0
5,388,Baseline FQL,307.0
5,388,Improved FQL-GTA,473.0
5,389,Baseline FQL,302.0
5,389,Improved FQL-GTA,500.0
5,390,Baseline FQL,343.0
5,390,Improved FQL-GTA,494.0
5,391,Baseline FQL,400.0
5,391,Improved FQL-GTA,500.0
5,392,Baseline FQL,182.0
5,392,Improved FQL-GTA,500.0
5,393,Baseline FQL,149.0
5,393,Improved FQL-GTA,500.0
5,394,Baseline FQL,22.0
5,394,Improved FQL-GTA,500.0
5,395,Baseline FQL,300.0
5,395,Improved FQL-GTA,500.0
5,396,Baseline FQL,273.0
5,396,Improved FQL-GTA,500.0
5,397,Baseline FQL,239.0
5,397,Improved FQL-GTA,500.0
5,398,Baseline FQL,299.0
5,398,Improved FQL-GTA,500.0
5,399,Baseline FQL,241.0
5,399,Improved FQL-GTA,500.0
5,400,Baseline FQL,275.0
5,400,Improved FQL-GTA,500.0
5,401,Baseline FQL,251.0
5,401,Improved FQL-GTA,500.0
5,402,Baseline FQL,322.0
5,402,Improved FQL-GTA,500.0
5,403,Baseline FQL,250.0
5,403,Improved FQL-GTA,500.0
5,404,Baseline FQL,319.0
5,404,Improved FQL-GTA,500.0
5,405,Baseline FQL,335.0
5,405,Improved FQL-GTA,500.0
5,406,Baseline FQL,244.0
5,406,Improved FQL-GTA,500.0
5,407,Baseline FQL,207.0
5,407,Improved FQL-GTA,500.0
5,408,Baseline FQL,328.0
5,408,Improved FQL-GTA,434.0
5,409,Baseline FQL,228.0
5,409,Improved FQL-GTA,456.0
5,410,Baseline FQL,307.0
5,410,Improved FQL-GTA,364.0
5,411,Baseline FQL,293.0
5,411,Improved FQL-GTA,319.0
5,412,Baseline FQL,255.0
5,412,Improved FQL-GTA,315.0
5,413,Baseline FQL,232.0
5,413,Improved FQL-GTA,283.0
5,414,Baseline FQL,256.0
5,414,Improved FQL-GTA,267.0
5,415,Baseline FQL,242.0
5,415,Improved FQL-GTA,222.0
5,416,Baseline FQL,215.0
5,416,Improved FQL-GTA,274.0
5,417,Baseline FQL,322.0
5,417,Improved FQL-GTA,500.0
5,418,Baseline FQL,253.0
5,418,Improved FQL-GTA,365.0
5,419,Baseline FQL,221.0
5,419,Improved FQL-GTA,327.0
5,420,Baseline FQL,252.0
5,420,Improved FQL-GTA,285.0
5,421,Baseline FQL,354.0
5,421,Improved FQL-GTA,263.0
5,422,Baseline FQL,402.0
5,422,Improved FQL-GTA,242.0
5,423,Baseline FQL,257.0
5,423,Improved FQL-GTA,275.0
5,424,Baseline FQL,251.0
5,424,Improved FQL-GTA,244.0
5,425,Baseline FQL,261.0
5,425,Improved FQL-GTA,284.0
5,426,Baseline FQL,213.0
5,426,Improved FQL-GTA,235.0
5,427,Baseline FQL,230.0
5,427,Improved FQL-GTA,284.0
5,428,Baseline FQL,282.0
5,428,Improved FQL-GTA,235.0
5,429,Baseline FQL,250.0
5,429,Improved FQL-GTA,261.0
5,430,Baseline FQL,372.0
5,430,Improved FQL-GTA,252.0
5,431,Baseline FQL,318.0
5,431,Improved FQL-GTA,248.0
5,432,Baseline FQL,500.0
5,432,Improved FQL-GTA,324.0
5,433,Baseline FQL,202.0
5,433,Improved FQL-GTA,276.0
5,434,Baseline FQL,211.0
5,434,Improved FQL-GTA,246.0
5,435,Baseline FQL,215.0
5,435,Improved FQL-GTA,250.0
5,436,Baseline FQL,128.0
5,436,Improved FQL-GTA,239.0
5,437,Baseline FQL,323.0
5,437,Improved FQL-GTA,255.0
5,438,Baseline FQL,330.0
5,438,Improved FQL-GTA,274.0
5,439,Baseline FQL,267.0
5,439,Improved FQL-GTA,287.0
5,440,Baseline FQL,282.0
5,440,Improved FQL-GTA,262.0
5,441,Baseline FQL,500.0
5,441,Improved FQL-GTA,267.0
5,442,Baseline FQL,265.0
5,442,Improved FQL-GTA,280.0
5,443,Baseline FQL,273.0
5,443,Improved FQL-GTA,305.0
5,444,Baseline FQL,237.0
5,444,Improved FQL-GTA,289.0
5,445,Baseline FQL,266.0
5,445,Improved FQL-GTA,305.0
5,446,Baseline FQL,264.0
5,446,Improved FQL-GTA,293.0
5,447,Baseline FQL,250.0
5,447,Improved FQL-GTA,334.0
5,448,Baseline FQL,255.0
5,448,Improved FQL-GTA,500.0
5,449,Baseline FQL,227.0
5,449,Improved FQL-GTA,476.0
5,450,Baseline FQL,280.0
5,450,Improved FQL-GTA,291.0
5,451,Baseline FQL,241.0
5,451,Improved FQL-GTA,500.0
5,452,Baseline FQL,246.0
5,452,Improved FQL-GTA,396.0
5,453,Baseline FQL,259.0
5,453,Improved FQL-GTA,398.0
5,454,Baseline FQL,265.0
5,454,Improved FQL-GTA,301.0
5,455,Baseline FQL,256.0
5,455,Improved FQL-GTA,287.0
5,456,Baseline FQL,245.0
5,456,Improved FQL-GTA,363.0
5,457,Baseline FQL,266.0
5,457,Improved FQL-GTA,324.0
5,458,Baseline FQL,370.0
5,458,Improved FQL-GTA,318.0
5,459,Baseline FQL,266.0
5,459,Improved FQL-GTA,332.0
5,460,Baseline FQL,391.0
5,460,Improved FQL-GTA,277.0
5,461,Baseline FQL,290.0
5,461,Improved FQL-GTA,233.0
5,462,Baseline FQL,280.0
5,462,Improved FQL-GTA,272.0
5,463,Baseline FQL,213.0
5,463,Improved FQL-GTA,303.0
5,464,Baseline FQL,239.0
5,464,Improved FQL-GTA,500.0
5,465,Baseline FQL,271.0
5,465,Improved FQL-GTA,500.0
5,466,Baseline FQL,340.0
5,466,Improved FQL-GTA,454.0
5,467,Baseline FQL,278.0
5,467,Improved FQL-GTA,500.0
5,468,Baseline FQL,335.0
5,468,Improved FQL-GTA,500.0
5,469,Baseline FQL,250.0
5,469,Improved FQL-GTA,500.0
5,470,Baseline FQL,315.0
5,470,Improved FQL-GTA,500.0
5,471,Baseline FQL,303.0
5,471,Improved FQL-GTA,500.0
5,472,Baseline FQL,267.0
5,472,Improved FQL-GTA,500.0
5,473,Baseline FQL,264.0
5,473,Improved FQL-GTA,500.0
5,474,Baseline FQL,391.0
5,474,Improved FQL-GTA,500.0
5,475,Baseline FQL,269.0
5,475,Improved FQL-GTA,500.0
5,476,Baseline FQL,232.0
5,476,Improved FQL-GTA,500.0
5,477,Baseline FQL,236.0
5,477,Improved FQL-GTA,500.0
5,478,Baseline FQL,235.0
5,478,Improved FQL-GTA,500.0
5,479,Baseline FQL,350.0
5,479,Improved FQL-GTA,500.0
5,480,Baseline FQL,487.0
5,480,Improved FQL-GTA,500.0
5,481,Baseline FQL,448.0
5,481,Improved FQL-GTA,500.0
5,482,Baseline FQL,229.0
5,482,Improved FQL-GTA,500.0
5,483,Baseline FQL,295.0
5,483,Improved FQL-GTA,500.0
5,484,Baseline FQL,292.0
5,484,Improved FQL-GTA,500.0
5,485,Baseline FQL,307.0
5,485,Improved FQL-GTA,500.0
5,486,Baseline FQL,282.0
5,486,Improved FQL-GTA,500.0
5,487,Baseline FQL,274.0
5,487,Improved FQL-GTA,15.0
5,488,Baseline FQL,277.0
5,488,Improved FQL-GTA,500.0
5,489,Baseline FQL,237.0
5,489,Improved FQL-GTA,500.0
5,490,Baseline FQL,222.0
5,490,Improved FQL-GTA,500.0
5,491,Baseline FQL,225.0
5,491,Improved FQL-GTA,500.0
5,492,Baseline FQL,277.0
5,492,Improved FQL-GTA,500.0
5,493,Baseline FQL,239.0
5,493,Improved FQL-GTA,500.0
5,494,Baseline FQL,271.0
5,494,Improved FQL-GTA,500.0
5,495,Baseline FQL,226.0
5,495,Improved FQL-GTA,500.0
5,496,Baseline FQL,393.0
5,496,Improved FQL-GTA,500.0
5,497,Baseline FQL,248.0
5,497,Improved FQL-GTA,500.0
5,498,Baseline FQL,256.0
5,498,Improved FQL-GTA,500.0
5,499,Baseline FQL,249.0
5,499,Improved FQL-GTA,500.0
5,500,Baseline FQL,289.0
5,500,Improved FQL-GTA,500.0
6,1,Baseline FQL,10.0
6,1,Improved FQL-GTA,37.0
6,2,Baseline FQL,23.0
6,2,Improved FQL-GTA,12.0
6,3,Baseline FQL,10.0
6,3,Improved FQL-GTA,23.0
6,4,Baseline FQL,11.0
6,4,Improved FQL-GTA,11.0
6,5,Baseline FQL,9.0
6,5,Improved FQL-GTA,14.0
6,6,Baseline FQL,9.0
6,6,Improved FQL-GTA,10.0
6,7,Baseline FQL,10.0
6,7,Improved FQL-GTA,12.0
6,8,Baseline FQL,9.0
6,8,Improved FQL-GTA,25.0
6,9,Baseline FQL,11.0
6,9,Improved FQL-GTA,17.0
6,10,Baseline FQL,10.0
6,10,Improved FQL-GTA,9.0
6,11,Baseline FQL,10.0
6,11,Improved FQL-GTA,10.0
6,12,Baseline FQL,11.0
6,12,Improved FQL-GTA,14.0
6,13,Baseline FQL,12.0
6,13,Improved FQL-GTA,13.0
6,14,Baseline FQL,10.0
6,14,Improved FQL-GTA,11.0
6,15,Baseline FQL,10.0
6,15,Improved FQL-GTA,11.0
6,16,Baseline FQL,9.0
6,16,Improved FQL-GTA,16.0
6,17,Baseline FQL,10.0
6,17,Improved FQL-GTA,11.0
6,18,Baseline FQL,12.0
6,18,Improved FQL-GTA,8.0
6,19,Baseline FQL,9.0
6,19,Improved FQL-GTA,11.0
6,20,Baseline FQL,10.0
6,20,Improved FQL-GTA,9.0
6,21,Baseline FQL,10.0
6,21,Improved FQL-GTA,10.0
6,22,Baseline FQL,10.0
6,22,Improved FQL-GTA,8.0
6,23,Baseline FQL,9.0
6,23,Improved FQL-GTA,11.0
6,24,Baseline FQL,10.0
6,24,Improved FQL-GTA,16.0
6,25,Baseline FQL,10.0
6,25,Improved FQL-GTA,8.0
6,26,Baseline FQL,15.0
6,26,Improved FQL-GTA,16.0
6,27,Baseline FQL,11.0
6,27,Improved FQL-GTA,12.0
6,28,Baseline FQL,8.0
6,28,Improved FQL-GTA,13.0
6,29,Baseline FQL,10.0
6,29,Improved FQL-GTA,13.0
6,30,Baseline FQL,10.0
6,30,Improved FQL-GTA,11.0
6,31,Baseline FQL,8.0
6,31,Improved FQL-GTA,19.0
6,32,Baseline FQL,10.0
6,32,Improved FQL-GTA,11.0
6,33,Baseline FQL,9.0
6,33,Improved FQL-GTA,14.0
6,34,Baseline FQL,12.0
6,34,Improved FQL-GTA,12.0
6,35,Baseline FQL,8.0
6,35,Improved FQL-GTA,17.0
6,36,Baseline FQL,12.0
6,36,Improved FQL-GTA,28.0
6,37,Baseline FQL,8.0
6,37,Improved FQL-GTA,22.0
6,38,Baseline FQL,12.0
6,38,Improved FQL-GTA,12.0
6,39,Baseline FQL,9.0
6,39,Improved FQL-GTA,20.0
6,40,Baseline FQL,9.0
6,40,Improved FQL-GTA,14.0
6,41,Baseline FQL,11.0
6,41,Improved FQL-GTA,10.0
6,42,Baseline FQL,10.0
6,42,Improved FQL-GTA,12.0
6,43,Baseline FQL,9.0
6,43,Improved FQL-GTA,19.0
6,44,Baseline FQL,10.0
6,44,Improved FQL-GTA,12.0
6,45,Baseline FQL,9.0
6,45,Improved FQL-GTA,13.0
6,46,Baseline FQL,12.0
6,46,Improved FQL-GTA,13.0
6,47,Baseline FQL,10.0
6,47,Improved FQL-GTA,21.0
6,48,Baseline FQL,10.0
6,48,Improved FQL-GTA,15.0
6,49,Baseline FQL,10.0
6,49,Improved FQL-GTA,11.0
6,50,Baseline FQL,10.0
6,50,Improved FQL-GTA,13.0
6,51,Baseline FQL,8.0
6,51,Improved FQL-GTA,18.0
6,52,Baseline FQL,9.0
6,52,Improved FQL-GTA,20.0
6,53,Baseline FQL,10.0
6,53,Improved FQL-GTA,13.0
6,54,Baseline FQL,14.0
6,54,Improved FQL-GTA,10.0
6,55,Baseline FQL,10.0
6,55,Improved FQL-GTA,13.0
6,56,Baseline FQL,9.0
6,56,Improved FQL-GTA,15.0
6,57,Baseline FQL,9.0
6,57,Improved FQL-GTA,12.0
6,58,Baseline FQL,10.0
6,58,Improved FQL-GTA,10.0
6,59,Baseline FQL,10.0
6,59,Improved FQL-GTA,10.0
6,60,Baseline FQL,10.0
6,60,Improved FQL-GTA,15.0
6,61,Baseline FQL,10.0
6,61,Improved FQL-GTA,12.0
6,62,Baseline FQL,15.0
6,62,Improved FQL-GTA,24.0
6,63,Baseline FQL,9.0
6,63,Improved FQL-GTA,13.0
6,64,Baseline FQL,8.0
6,64,Improved FQL-GTA,16.0
6,65,Baseline FQL,12.0
6,65,Improved FQL-GTA,13.0
6,66,Baseline FQL,9.0
6,66,Improved FQL-GTA,14.0
6,67,Baseline FQL,10.0
6,67,Improved FQL-GTA,18.0
6,68,Baseline FQL,10.0
6,68,Improved FQL-GTA,17.0
6,69,Baseline FQL,9.0
6,69,Improved FQL-GTA,18.0
6,70,Baseline FQL,9.0
6,70,Improved FQL-GTA,15.0
6,71,Baseline FQL,9.0
6,71,Improved FQL-GTA,17.0
6,72,Baseline FQL,11.0
6,72,Improved FQL-GTA,23.0
6,73,Baseline FQL,11.0
6,73,Improved FQL-GTA,16.0
6,74,Baseline FQL,11.0
6,74,Improved FQL-GTA,23.0
6,75,Baseline FQL,10.0
6,75,Improved FQL-GTA,15.0
6,76,Baseline FQL,11.0
6,76,Improved FQL-GTA,30.0
6,77,Baseline FQL,10.0
6,77,Improved FQL-GTA,19.0
6,78,Baseline FQL,13.0
6,78,Improved FQL-GTA,28.0
6,79,Baseline FQL,11.0
6,79,Improved FQL-GTA,25.0
6,80,Baseline FQL,14.0
6,80,Improved FQL-GTA,19.0
6,81,Baseline FQL,15.0
6,81,Improved FQL-GTA,19.0
6,82,Baseline FQL,18.0
6,82,Improved FQL-GTA,12.0
6,83,Baseline FQL,16.0
6,83,Improved FQL-GTA,14.0
6,84,Baseline FQL,16.0
6,84,Improved FQL-GTA,15.0
6,85,Baseline FQL,15.0
6,85,Improved FQL-GTA,15.0
6,86,Baseline FQL,12.0
6,86,Improved FQL-GTA,16.0
6,87,Baseline FQL,17.0
6,87,Improved FQL-GTA,17.0
6,88,Baseline FQL,17.0
6,88,Improved FQL-GTA,15.0
6,89,Baseline FQL,14.0
6,89,Improved FQL-GTA,11.0
6,90,Baseline FQL,18.0
6,90,Improved FQL-GTA,18.0
6,91,Baseline FQL,17.0
6,91,Improved FQL-GTA,28.0
6,92,Baseline FQL,15.0
6,92,Improved FQL-GTA,23.0
6,93,Baseline FQL,18.0
6,93,Improved FQL-GTA,15.0
6,94,Baseline FQL,15.0
6,94,Improved FQL-GTA,29.0
6,95,Baseline FQL,16.0
6,95,Improved FQL-GTA,19.0
6,96,Baseline FQL,13.0
6,96,Improved FQL-GTA,22.0
6,97,Baseline FQL,16.0
6,97,Improved FQL-GTA,28.0
6,98,Baseline FQL,19.0
6,98,Improved FQL-GTA,21.0
6,99,Baseline FQL,21.0
6,99,Improved FQL-GTA,22.0
6,100,Baseline FQL,24.0
6,100,Improved FQL-GTA,17.0
6,101,Baseline FQL,23.0
6,101,Improved FQL-GTA,18.0
6,102,Baseline FQL,17.0
6,102,Improved FQL-GTA,26.0
6,103,Baseline FQL,22.0
6,103,Improved FQL-GTA,19.0
6,104,Baseline FQL,13.0
6,104,Improved FQL-GTA,28.0
6,105,Baseline FQL,15.0
6,105,Improved FQL-GTA,23.0
6,106,Baseline FQL,15.0
6,106,Improved FQL-GTA,26.0
6,107,Baseline FQL,12.0
6,107,Improved FQL-GTA,36.0
6,108,Baseline FQL,22.0
6,108,Improved FQL-GTA,19.0
6,109,Baseline FQL,17.0
6,109,Improved FQL-GTA,30.0
6,110,Baseline FQL,15.0
6,110,Improved FQL-GTA,31.0
6,111,Baseline FQL,11.0
6,111,Improved FQL-GTA,63.0
6,112,Baseline FQL,15.0
6,112,Improved FQL-GTA,24.0
6,113,Baseline FQL,19.0
6,113,Improved FQL-GTA,17.0
6,114,Baseline FQL,13.0
6,114,Improved FQL-GTA,28.0
6,115,Baseline FQL,19.0
6,115,Improved FQL-GTA,23.0
6,116,Baseline FQL,14.0
6,116,Improved FQL-GTA,52.0
6,117,Baseline FQL,19.0
6,117,Improved FQL-GTA,25.0
6,118,Baseline FQL,21.0
6,118,Improved FQL-GTA,18.0
6,119,Baseline FQL,11.0
6,119,Improved FQL-GTA,33.0
6,120,Baseline FQL,19.0
6,120,Improved FQL-GTA,21.0
6,121,Baseline FQL,23.0
6,121,Improved FQL-GTA,15.0
6,122,Baseline FQL,17.0
6,122,Improved FQL-GTA,42.0
6,123,Baseline FQL,17.0
6,123,Improved FQL-GTA,44.0
6,124,Baseline FQL,12.0
6,124,Improved FQL-GTA,37.0
6,125,Baseline FQL,21.0
6,125,Improved FQL-GTA,34.0
6,126,Baseline FQL,16.0
6,126,Improved FQL-GTA,27.0
6,127,Baseline FQL,14.0
6,127,Improved FQL-GTA,35.0
6,128,Baseline FQL,20.0
6,128,Improved FQL-GTA,93.0
6,129,Baseline FQL,13.0
6,129,Improved FQL-GTA,36.0
6,130,Baseline FQL,11.0
6,130,Improved FQL-GTA,155.0
6,131,Baseline FQL,22.0
6,131,Improved FQL-GTA,28.0
6,132,Baseline FQL,17.0
6,132,Improved FQL-GTA,133.0
6,133,Baseline FQL,13.0
6,133,Improved FQL-GTA,141.0
6,134,Baseline FQL,23.0
6,134,Improved FQL-GTA,206.0
6,135,Baseline FQL,13.0
6,135,Improved FQL-GTA,104.0
6,136,Baseline FQL,26.0
6,136,Improved FQL-GTA,28.0
6,137,Baseline FQL,13.0
6,137,Improved FQL-GTA,183.0
6,138,Baseline FQL,16.0
6,138,Improved FQL-GTA,157.0
6,139,Baseline FQL,21.0
6,139,Improved FQL-GTA,30.0
6,140,Baseline FQL,13.0
6,140,Improved FQL-GTA,17.0
6,141,Baseline FQL,16.0
6,141,Improved FQL-GTA,235.0
6,142,Baseline FQL,15.0
6,142,Improved FQL-GTA,150.0
6,143,Baseline FQL,13.0
6,143,Improved FQL-GTA,20.0
6,144,Baseline FQL,20.0
6,144,Improved FQL-GTA,153.0
6,145,Baseline FQL,13.0
6,145,Improved FQL-GTA,118.0
6,146,Baseline FQL,13.0
6,146,Improved FQL-GTA,159.0
6,147,Baseline FQL,20.0
6,147,Improved FQL-GTA,136.0
6,148,Baseline FQL,19.0
6,148,Improved FQL-GTA,169.0
6,149,Baseline FQL,20.0
6,149,Improved FQL-GTA,146.0
6,150,Baseline FQL,17.0
6,150,Improved FQL-GTA,109.0
6,151,Baseline FQL,24.0
6,151,Improved FQL-GTA,145.0
6,152,Baseline FQL,18.0
6,152,Improved FQL-GTA,147.0
6,153,Baseline FQL,15.0
6,153,Improved FQL-GTA,213.0
6,154,Baseline FQL,21.0
6,154,Improved FQL-GTA,195.0
6,155,Baseline FQL,16.0
6,155,Improved FQL-GTA,239.0
6,156,Baseline FQL,20.0
6,156,Improved FQL-GTA,103.0
6,157,Baseline FQL,14.0
6,157,Improved FQL-GTA,268.0
6,158,Baseline FQL,15.0
6,158,Improved FQL-GTA,136.0
6,159,Baseline FQL,17.0
6,159,Improved FQL-GTA,18.0
6,160,Baseline FQL,11.0
6,160,Improved FQL-GTA,313.0
6,161,Baseline FQL,14.0
6,161,Improved FQL-GTA,13.0
6,162,Baseline FQL,15.0
6,162,Improved FQL-GTA,15.0
6,163,Baseline FQL,11.0
6,163,Improved FQL-GTA,331.0
6,164,Baseline FQL,15.0
6,164,Improved FQL-GTA,306.0
6,165,Baseline FQL,11.0
6,165,Improved FQL-GTA,194.0
6,166,Baseline FQL,17.0
6,166,Improved FQL-GTA,286.0
6,167,Baseline FQL,15.0
6,167,Improved FQL-GTA,287.0
6,168,Baseline FQL,17.0
6,168,Improved FQL-GTA,213.0
6,169,Baseline FQL,21.0
6,169,Improved FQL-GTA,18.0
6,170,Baseline FQL,21.0
6,170,Improved FQL-GTA,277.0
6,171,Baseline FQL,15.0
6,171,Improved FQL-GTA,322.0
6,172,Baseline FQL,19.0
6,172,Improved FQL-GTA,248.0
6,173,Baseline FQL,20.0
6,173,Improved FQL-GTA,226.0
6,174,Baseline FQL,11.0
6,174,Improved FQL-GTA,257.0
6,175,Baseline FQL,16.0
6,175,Improved FQL-GTA,118.0
6,176,Baseline FQL,16.0
6,176,Improved FQL-GTA,311.0
6,177,Baseline FQL,16.0
6,177,Improved FQL-GTA,254.0
6,178,Baseline FQL,14.0
6,178,Improved FQL-GTA,251.0
6,179,Baseline FQL,15.0
6,179,Improved FQL-GTA,29.0
6,180,Baseline FQL,19.0
6,180,Improved FQL-GTA,297.0
6,181,Baseline FQL,17.0
6,181,Improved FQL-GTA,305.0
6,182,Baseline FQL,28.0
6,182,Improved FQL-GTA,233.0
6,183,Baseline FQL,15.0
6,183,Improved FQL-GTA,269.0
6,184,Baseline FQL,22.0
6,184,Improved FQL-GTA,230.0
6,185,Baseline FQL,17.0
6,185,Improved FQL-GTA,221.0
6,186,Baseline FQL,32.0
6,186,Improved FQL-GTA,13.0
6,187,Baseline FQL,19.0
6,187,Improved FQL-GTA,256.0
6,188,Baseline FQL,21.0
6,188,Improved FQL-GTA,299.0
6,189,Baseline FQL,27.0
6,189,Improved FQL-GTA,330.0
6,190,Baseline FQL,21.0
6,190,Improved FQL-GTA,287.0
6,191,Baseline FQL,17.0
6,191,Improved FQL-GTA,299.0
6,192,Baseline FQL,18.0
6,192,Improved FQL-GTA,274.0
6,193,Baseline FQL,31.0
6,193,Improved FQL-GTA,252.0
6,194,Baseline FQL,25.0
6,194,Improved FQL-GTA,239.0
6,195,Baseline FQL,24.0
6,195,Improved FQL-GTA,221.0
6,196,Baseline FQL,17.0
6,196,Improved FQL-GTA,137.0
6,197,Baseline FQL,11.0
6,197,Improved FQL-GTA,303.0
6,198,Baseline FQL,23.0
6,198,Improved FQL-GTA,271.0
6,199,Baseline FQL,15.0
6,199,Improved FQL-GTA,265.0
6,200,Baseline FQL,13.0
6,200,Improved FQL-GTA,228.0
6,201,Baseline FQL,12.0
6,201,Improved FQL-GTA,275.0
6,202,Baseline FQL,13.0
6,202,Improved FQL-GTA,255.0
6,203,Baseline FQL,25.0
6,203,Improved FQL-GTA,233.0
6,204,Baseline FQL,15.0
6,204,Improved FQL-GTA,215.0
6,205,Baseline FQL,18.0
6,205,Improved FQL-GTA,227.0
6,206,Baseline FQL,18.0
6,206,Improved FQL-GTA,130.0
6,207,Baseline FQL,17.0
6,207,Improved FQL-GTA,259.0
6,208,Baseline FQL,17.0
6,208,Improved FQL-GTA,281.0
6,209,Baseline FQL,21.0
6,209,Improved FQL-GTA,299.0
6,210,Baseline FQL,15.0
6,210,Improved FQL-GTA,318.0
6,211,Baseline FQL,26.0
6,211,Improved FQL-GTA,314.0
6,212,Baseline FQL,17.0
6,212,Improved FQL-GTA,317.0
6,213,Baseline FQL,20.0
6,213,Improved FQL-GTA,288.0
6,214,Baseline FQL,20.0
6,214,Improved FQL-GTA,277.0
6,215,Baseline FQL,15.0
6,215,Improved FQL-GTA,276.0
6,216,Baseline FQL,18.0
6,216,Improved FQL-GTA,267.0
6,217,Baseline FQL,21.0
6,217,Improved FQL-GTA,307.0
6,218,Baseline FQL,17.0
6,218,Improved FQL-GTA,229.0
6,219,Baseline FQL,21.0
6,219,Improved FQL-GTA,17.0
6,220,Baseline FQL,17.0
6,220,Improved FQL-GTA,500.0
6,221,Baseline FQL,17.0
6,221,Improved FQL-GTA,500.0
6,222,Baseline FQL,32.0
6,222,Improved FQL-GTA,500.0
6,223,Baseline FQL,40.0
6,223,Improved FQL-GTA,500.0
6,224,Baseline FQL,31.0
6,224,Improved FQL-GTA,373.0
6,225,Baseline FQL,16.0
6,225,Improved FQL-GTA,393.0
6,226,Baseline FQL,21.0
6,226,Improved FQL-GTA,398.0
6,227,Baseline FQL,20.0
6,227,Improved FQL-GTA,388.0
6,228,Baseline FQL,55.0
6,228,Improved FQL-GTA,479.0
6,229,Baseline FQL,26.0
6,229,Improved FQL-GTA,500.0
6,230,Baseline FQL,55.0
6,230,Improved FQL-GTA,500.0
6,231,Baseline FQL,16.0
6,231,Improved FQL-GTA,500.0
6,232,Baseline FQL,51.0
6,232,Improved FQL-GTA,500.0
6,233,Baseline FQL,18.0
6,233,Improved FQL-GTA,395.0
6,234,Baseline FQL,24.0
6,234,Improved FQL-GTA,295.0
6,235,Baseline FQL,53.0
6,235,Improved FQL-GTA,302.0
6,236,Baseline FQL,32.0
6,236,Improved FQL-GTA,321.0
6,237,Baseline FQL,24.0
6,237,Improved FQL-GTA,500.0
6,238,Baseline FQL,18.0
6,238,Improved FQL-GTA,500.0
6,239,Baseline FQL,24.0
6,239,Improved FQL-GTA,12.0
6,240,Baseline FQL,34.0
6,240,Improved FQL-GTA,500.0
6,241,Baseline FQL,43.0
6,241,Improved FQL-GTA,428.0
6,242,Baseline FQL,24.0
6,242,Improved FQL-GTA,299.0
6,243,Baseline FQL,30.0
6,243,Improved FQL-GTA,397.0
6,244,Baseline FQL,22.0
6,244,Improved FQL-GTA,307.0
6,245,Baseline FQL,53.0
6,245,Improved FQL-GTA,29.0
6,246,Baseline FQL,26.0
6,246,Improved FQL-GTA,500.0
6,247,Baseline FQL,28.0
6,247,Improved FQL-GTA,500.0
6,248,Baseline FQL,40.0
6,248,Improved FQL-GTA,500.0
6,249,Baseline FQL,46.0
6,249,Improved FQL-GTA,486.0
6,250,Baseline FQL,37.0
6,250,Improved FQL-GTA,465.0
6,251,Baseline FQL,18.0
6,251,Improved FQL-GTA,476.0
6,252,Baseline FQL,43.0
6,252,Improved FQL-GTA,500.0
6,253,Baseline FQL,22.0
6,253,Improved FQL-GTA,500.0
6,254,Baseline FQL,22.0
6,254,Improved FQL-GTA,500.0
6,255,Baseline FQL,64.0
6,255,Improved FQL-GTA,500.0
6,256,Baseline FQL,20.0
6,256,Improved FQL-GTA,500.0
6,257,Baseline FQL,31.0
6,257,Improved FQL-GTA,500.0
6,258,Baseline FQL,59.0
6,258,Improved FQL-GTA,500.0
6,259,Baseline FQL,91.0
6,259,Improved FQL-GTA,500.0
6,260,Baseline FQL,39.0
6,260,Improved FQL-GTA,500.0
6,261,Baseline FQL,29.0
6,261,Improved FQL-GTA,500.0
6,262,Baseline FQL,153.0
6,262,Improved FQL-GTA,500.0
6,263,Baseline FQL,30.0
6,263,Improved FQL-GTA,500.0
6,264,Baseline FQL,157.0
6,264,Improved FQL-GTA,500.0
6,265,Baseline FQL,52.0
6,265,Improved FQL-GTA,500.0
6,266,Baseline FQL,53.0
6,266,Improved FQL-GTA,500.0
6,267,Baseline FQL,40.0
6,267,Improved FQL-GTA,500.0
6,268,Baseline FQL,38.0
6,268,Improved FQL-GTA,500.0
6,269,Baseline FQL,76.0
6,269,Improved FQL-GTA,500.0
6,270,Baseline FQL,71.0
6,270,Improved FQL-GTA,500.0
6,271,Baseline FQL,47.0
6,271,Improved FQL-GTA,500.0
6,272,Baseline FQL,181.0
6,272,Improved FQL-GTA,29.0
6,273,Baseline FQL,70.0
6,273,Improved FQL-GTA,500.0
6,274,Baseline FQL,50.0
6,274,Improved FQL-GTA,319.0
6,275,Baseline FQL,65.0
6,275,Improved FQL-GTA,298.0
6,276,Baseline FQL,77.0
6,276,Improved FQL-GTA,446.0
6,277,Baseline FQL,32.0
6,277,Improved FQL-GTA,500.0
6,278,Baseline FQL,184.0
6,278,Improved FQL-GTA,500.0
6,279,Baseline FQL,119.0
6,279,Improved FQL-GTA,500.0
6,280,Baseline FQL,369.0
6,280,Improved FQL-GTA,500.0
6,281,Baseline FQL,31.0
6,281,Improved FQL-GTA,500.0
6,282,Baseline FQL,37.0
6,282,Improved FQL-GTA,500.0
6,283,Baseline FQL,176.0
6,283,Improved FQL-GTA,500.0
6,284,Baseline FQL,65.0
6,284,Improved FQL-GTA,500.0
6,285,Baseline FQL,45.0
6,285,Improved FQL-GTA,500.0
6,286,Baseline FQL,143.0
6,286,Improved FQL-GTA,481.0
6,287,Baseline FQL,29.0
6,287,Improved FQL-GTA,358.0
6,288,Baseline FQL,195.0
6,288,Improved FQL-GTA,500.0
6,289,Baseline FQL,124.0
6,289,Improved FQL-GTA,500.0
6,290,Baseline FQL,43.0
6,290,Improved FQL-GTA,500.0
6,291,Baseline FQL,226.0
6,291,Improved FQL-GTA,408.0
6,292,Baseline FQL,63.0
6,292,Improved FQL-GTA,500.0
6,293,Baseline FQL,50.0
6,293,Improved FQL-GTA,500.0
6,294,Baseline FQL,70.0
6,294,Improved FQL-GTA,13.0
6,295,Baseline FQL,46.0
6,295,Improved FQL-GTA,451.0
6,296,Baseline FQL,214.0
6,296,Improved FQL-GTA,313.0
6,297,Baseline FQL,44.0
6,297,Improved FQL-GTA,258.0
6,298,Baseline FQL,120.0
6,298,Improved FQL-GTA,262.0
6,299,Baseline FQL,171.0
6,299,Improved FQL-GTA,262.0
6,300,Baseline FQL,274.0
6,300,Improved FQL-GTA,307.0
6,301,Baseline FQL,390.0
6,301,Improved FQL-GTA,332.0
6,302,Baseline FQL,322.0
6,302,Improved FQL-GTA,298.0
6,303,Baseline FQL,218.0
6,303,Improved FQL-GTA,353.0
6,304,Baseline FQL,202.0
6,304,Improved FQL-GTA,407.0
6,305,Baseline FQL,130.0
6,305,Improved FQL-GTA,500.0
6,306,Baseline FQL,194.0
6,306,Improved FQL-GTA,500.0
6,307,Baseline FQL,239.0
6,307,Improved FQL-GTA,500.0
6,308,Baseline FQL,157.0
6,308,Improved FQL-GTA,500.0
6,309,Baseline FQL,231.0
6,309,Improved FQL-GTA,500.0
6,310,Baseline FQL,251.0
6,310,Improved FQL-GTA,500.0
6,311,Baseline FQL,197.0
6,311,Improved FQL-GTA,500.0
6,312,Baseline FQL,215.0
6,312,Improved FQL-GTA,500.0
6,313,Baseline FQL,214.0
6,313,Improved FQL-GTA,500.0
6,314,Baseline FQL,228.0
6,314,Improved FQL-GTA,500.0
6,315,Baseline FQL,222.0
6,315,Improved FQL-GTA,500.0
6,316,Baseline FQL,229.0
6,316,Improved FQL-GTA,500.0
6,317,Baseline FQL,379.0
6,317,Improved FQL-GTA,500.0
6,318,Baseline FQL,217.0
6,318,Improved FQL-GTA,500.0
6,319,Baseline FQL,310.0
6,319,Improved FQL-GTA,500.0
6,320,Baseline FQL,244.0
6,320,Improved FQL-GTA,500.0
6,321,Baseline FQL,204.0
6,321,Improved FQL-GTA,426.0
6,322,Baseline FQL,418.0
6,322,Improved FQL-GTA,500.0
6,323,Baseline FQL,176.0
6,323,Improved FQL-GTA,500.0
6,324,Baseline FQL,220.0
6,324,Improved FQL-GTA,500.0
6,325,Baseline FQL,251.0
6,325,Improved FQL-GTA,500.0
6,326,Baseline FQL,260.0
6,326,Improved FQL-GTA,494.0
6,327,Baseline FQL,222.0
6,327,Improved FQL-GTA,500.0
6,328,Baseline FQL,196.0
6,328,Improved FQL-GTA,403.0
6,329,Baseline FQL,268.0
6,329,Improved FQL-GTA,426.0
6,330,Baseline FQL,250.0
6,330,Improved FQL-GTA,500.0
6,331,Baseline FQL,232.0
6,331,Improved FQL-GTA,500.0
6,332,Baseline FQL,207.0
6,332,Improved FQL-GTA,23.0
6,333,Baseline FQL,219.0
6,333,Improved FQL-GTA,457.0
6,334,Baseline FQL,205.0
6,334,Improved FQL-GTA,382.0
6,335,Baseline FQL,216.0
6,335,Improved FQL-GTA,500.0
6,336,Baseline FQL,253.0
6,336,Improved FQL-GTA,500.0
6,337,Baseline FQL,469.0
6,337,Improved FQL-GTA,500.0
6,338,Baseline FQL,205.0
6,338,Improved FQL-GTA,500.0
6,339,Baseline FQL,236.0
6,339,Improved FQL-GTA,500.0
6,340,Baseline FQL,150.0
6,340,Improved FQL-GTA,500.0
6,341,Baseline FQL,401.0
6,341,Improved FQL-GTA,500.0
6,342,Baseline FQL,286.0
6,342,Improved FQL-GTA,500.0
6,343,Baseline FQL,237.0
6,343,Improved FQL-GTA,500.0
6,344,Baseline FQL,235.0
6,344,Improved FQL-GTA,500.0
6,345,Baseline FQL,384.0
6,345,Improved FQL-GTA,500.0
6,346,Baseline FQL,261.0
6,346,Improved FQL-GTA,500.0
6,347,Baseline FQL,200.0
6,347,Improved FQL-GTA,500.0
6,348,Baseline FQL,257.0
6,348,Improved FQL-GTA,500.0
6,349,Baseline FQL,239.0
6,349,Improved FQL-GTA,500.0
6,350,Baseline FQL,246.0
6,350,Improved FQL-GTA,500.0
6,351,Baseline FQL,282.0
6,351,Improved FQL-GTA,500.0
6,352,Baseline FQL,292.0
6,352,Improved FQL-GTA,500.0
6,353,Baseline FQL,231.0
6,353,Improved FQL-GTA,500.0
6,354,Baseline FQL,224.0
6,354,Improved FQL-GTA,500.0
6,355,Baseline FQL,203.0
6,355,Improved FQL-GTA,500.0
6,356,Baseline FQL,299.0
6,356,Improved FQL-GTA,500.0
6,357,Baseline FQL,266.0
6,357,Improved FQL-GTA,500.0
6,358,Baseline FQL,234.0
6,358,Improved FQL-GTA,500.0
6,359,Baseline FQL,286.0
6,359,Improved FQL-GTA,408.0
6,360,Baseline FQL,296.0
6,360,Improved FQL-GTA,500.0
6,361,Baseline FQL,234.0
6,361,Improved FQL-GTA,500.0
6,362,Baseline FQL,283.0
6,362,Improved FQL-GTA,434.0
6,363,Baseline FQL,237.0
6,363,Improved FQL-GTA,358.0
6,364,Baseline FQL,235.0
6,364,Improved FQL-GTA,424.0
6,365,Baseline FQL,213.0
6,365,Improved FQL-GTA,500.0
6,366,Baseline FQL,288.0
6,366,Improved FQL-GTA,500.0
6,367,Baseline FQL,114.0
6,367,Improved FQL-GTA,500.0
6,368,Baseline FQL,213.0
6,368,Improved FQL-GTA,500.0
6,369,Baseline FQL,271.0
6,369,Improved FQL-GTA,500.0
6,370,Baseline FQL,291.0
6,370,Improved FQL-GTA,500.0
6,371,Baseline FQL,236.0
6,371,Improved FQL-GTA,500.0
6,372,Baseline FQL,220.0
6,372,Improved FQL-GTA,500.0
6,373,Baseline FQL,208.0
6,373,Improved FQL-GTA,500.0
6,374,Baseline FQL,233.0
6,374,Improved FQL-GTA,500.0
6,375,Baseline FQL,265.0
6,375,Improved FQL-GTA,500.0
6,376,Baseline FQL,265.0
6,376,Improved FQL-GTA,441.0
6,377,Baseline FQL,228.0
6,377,Improved FQL-GTA,463.0
6,378,Baseline FQL,201.0
6,378,Improved FQL-GTA,452.0
6,379,Baseline FQL,229.0
6,379,Improved FQL-GTA,432.0
6,380,Baseline FQL,266.0
6,380,Improved FQL-GTA,500.0
6,381,Baseline FQL,245.0
6,381,Improved FQL-GTA,500.0
6,382,Baseline FQL,263.0
6,382,Improved FQL-GTA,500.0
6,383,Baseline FQL,235.0
6,383,Improved FQL-GTA,500.0
6,384,Baseline FQL,271.0
6,384,Improved FQL-GTA,500.0
6,385,Baseline FQL,190.0
6,385,Improved FQL-GTA,406.0
6,386,Baseline FQL,244.0
6,386,Improved FQL-GTA,395.0
6,387,Baseline FQL,276.0
6,387,Improved FQL-GTA,500.0
6,388,Baseline FQL,277.0
6,388,Improved FQL-GTA,500.0
6,389,Baseline FQL,297.0
6,389,Improved FQL-GTA,500.0
6,390,Baseline FQL,216.0
6,390,Improved FQL-GTA,500.0
6,391,Baseline FQL,306.0
6,391,Improved FQL-GTA,500.0
6,392,Baseline FQL,251.0
6,392,Improved FQL-GTA,500.0
6,393,Baseline FQL,242.0
6,393,Improved FQL-GTA,500.0
6,394,Baseline FQL,244.0
6,394,Improved FQL-GTA,500.0
6,395,Baseline FQL,223.0
6,395,Improved FQL-GTA,500.0
6,396,Baseline FQL,280.0
6,396,Improved FQL-GTA,500.0
6,397,Baseline FQL,273.0
6,397,Improved FQL-GTA,500.0
6,398,Baseline FQL,230.0
6,398,Improved FQL-GTA,500.0
6,399,Baseline FQL,321.0
6,399,Improved FQL-GTA,500.0
6,400,Baseline FQL,213.0
6,400,Improved FQL-GTA,500.0
6,401,Baseline FQL,460.0
6,401,Improved FQL-GTA,500.0
6,402,Baseline FQL,108.0
6,402,Improved FQL-GTA,500.0
6,403,Baseline FQL,67.0
6,403,Improved FQL-GTA,500.0
6,404,Baseline FQL,238.0
6,404,Improved FQL-GTA,500.0
6,405,Baseline FQL,311.0
6,405,Improved FQL-GTA,490.0
6,406,Baseline FQL,142.0
6,406,Improved FQL-GTA,361.0
6,407,Baseline FQL,497.0
6,407,Improved FQL-GTA,365.0
6,408,Baseline FQL,276.0
6,408,Improved FQL-GTA,500.0
6,409,Baseline FQL,430.0
6,409,Improved FQL-GTA,299.0
6,410,Baseline FQL,292.0
6,410,Improved FQL-GTA,259.0
6,411,Baseline FQL,281.0
6,411,Improved FQL-GTA,408.0
6,412,Baseline FQL,230.0
6,412,Improved FQL-GTA,484.0
6,413,Baseline FQL,264.0
6,413,Improved FQL-GTA,263.0
6,414,Baseline FQL,251.0
6,414,Improved FQL-GTA,247.0
6,415,Baseline FQL,235.0
6,415,Improved FQL-GTA,268.0
6,416,Baseline FQL,301.0
6,416,Improved FQL-GTA,277.0
6,417,Baseline FQL,272.0
6,417,Improved FQL-GTA,304.0
6,418,Baseline FQL,220.0
6,418,Improved FQL-GTA,295.0
6,419,Baseline FQL,89.0
6,419,Improved FQL-GTA,331.0
6,420,Baseline FQL,242.0
6,420,Improved FQL-GTA,404.0
6,421,Baseline FQL,73.0
6,421,Improved FQL-GTA,468.0
6,422,Baseline FQL,254.0
6,422,Improved FQL-GTA,360.0
6,423,Baseline FQL,265.0
6,423,Improved FQL-GTA,376.0
6,424,Baseline FQL,304.0
6,424,Improved FQL-GTA,415.0
6,425,Baseline FQL,258.0
6,425,Improved FQL-GTA,500.0
6,426,Baseline FQL,298.0
6,426,Improved FQL-GTA,349.0
6,427,Baseline FQL,284.0
6,427,Improved FQL-GTA,500.0
6,428,Baseline FQL,364.0
6,428,Improved FQL-GTA,500.0
6,429,Baseline FQL,316.0
6,429,Improved FQL-GTA,500.0
6,430,Baseline FQL,263.0
6,430,Improved FQL-GTA,500.0
6,431,Baseline FQL,251.0
6,431,Improved FQL-GTA,500.0
6,432,Baseline FQL,281.0
6,432,Improved FQL-GTA,500.0
6,433,Baseline FQL,469.0
6,433,Improved FQL-GTA,500.0
6,434,Baseline FQL,284.0
6,434,Improved FQL-GTA,500.0
6,435,Baseline FQL,233.0
6,435,Improved FQL-GTA,500.0
6,436,Baseline FQL,313.0
6,436,Improved FQL-GTA,500.0
6,437,Baseline FQL,261.0
6,437,Improved FQL-GTA,500.0
6,438,Baseline FQL,360.0
6,438,Improved FQL-GTA,500.0
6,439,Baseline FQL,238.0
6,439,Improved FQL-GTA,500.0
6,440,Baseline FQL,497.0
6,440,Improved FQL-GTA,500.0
6,441,Baseline FQL,239.0
6,441,Improved FQL-GTA,500.0
6,442,Baseline FQL,265.0
6,442,Improved FQL-GTA,500.0
6,443,Baseline FQL,261.0
6,443,Improved FQL-GTA,500.0
6,444,Baseline FQL,308.0
6,444,Improved FQL-GTA,500.0
6,445,Baseline FQL,248.0
6,445,Improved FQL-GTA,500.0
6,446,Baseline FQL,311.0
6,446,Improved FQL-GTA,500.0
6,447,Baseline FQL,260.0
6,447,Improved FQL-GTA,500.0
6,448,Baseline FQL,209.0
6,448,Improved FQL-GTA,500.0
6,449,Baseline FQL,282.0
6,449,Improved FQL-GTA,500.0
6,450,Baseline FQL,230.0
6,450,Improved FQL-GTA,342.0
6,451,Baseline FQL,500.0
6,451,Improved FQL-GTA,500.0
6,452,Baseline FQL,255.0
6,452,Improved FQL-GTA,500.0
6,453,Baseline FQL,229.0
6,453,Improved FQL-GTA,500.0
6,454,Baseline FQL,237.0
6,454,Improved FQL-GTA,500.0
6,455,Baseline FQL,327.0
6,455,Improved FQL-GTA,456.0
6,456,Baseline FQL,274.0
6,456,Improved FQL-GTA,500.0
6,457,Baseline FQL,342.0
6,457,Improved FQL-GTA,435.0
6,458,Baseline FQL,208.0
6,458,Improved FQL-GTA,500.0
6,459,Baseline FQL,500.0
6,459,Improved FQL-GTA,307.0
6,460,Baseline FQL,500.0
6,460,Improved FQL-GTA,500.0
6,461,Baseline FQL,256.0
6,461,Improved FQL-GTA,500.0
6,462,Baseline FQL,190.0
6,462,Improved FQL-GTA,472.0
6,463,Baseline FQL,199.0
6,463,Improved FQL-GTA,280.0
6,464,Baseline FQL,264.0
6,464,Improved FQL-GTA,296.0
6,465,Baseline FQL,341.0
6,465,Improved FQL-GTA,379.0
6,466,Baseline FQL,378.0
6,466,Improved FQL-GTA,329.0
6,467,Baseline FQL,320.0
6,467,Improved FQL-GTA,341.0
6,468,Baseline FQL,286.0
6,468,Improved FQL-GTA,282.0
6,469,Baseline FQL,266.0
6,469,Improved FQL-GTA,230.0
6,470,Baseline FQL,342.0
6,470,Improved FQL-GTA,252.0
6,471,Baseline FQL,267.0
6,471,Improved FQL-GTA,500.0
6,472,Baseline FQL,282.0
6,472,Improved FQL-GTA,358.0
6,473,Baseline FQL,306.0
6,473,Improved FQL-GTA,263.0
6,474,Baseline FQL,306.0
6,474,Improved FQL-GTA,234.0
6,475,Baseline FQL,250.0
6,475,Improved FQL-GTA,265.0
6,476,Baseline FQL,264.0
6,476,Improved FQL-GTA,240.0
6,477,Baseline FQL,271.0
6,477,Improved FQL-GTA,236.0
6,478,Baseline FQL,500.0
6,478,Improved FQL-GTA,276.0
6,479,Baseline FQL,358.0
6,479,Improved FQL-GTA,228.0
6,480,Baseline FQL,358.0
6,480,Improved FQL-GTA,265.0
6,481,Baseline FQL,312.0
6,481,Improved FQL-GTA,300.0
6,482,Baseline FQL,324.0
6,482,Improved FQL-GTA,288.0
6,483,Baseline FQL,263.0
6,483,Improved FQL-GTA,325.0
6,484,Baseline FQL,305.0
6,484,Improved FQL-GTA,273.0
6,485,Baseline FQL,248.0
6,485,Improved FQL-GTA,274.0
6,486,Baseline FQL,309.0
6,486,Improved FQL-GTA,278.0
6,487,Baseline FQL,296.0
6,487,Improved FQL-GTA,355.0
6,488,Baseline FQL,400.0
6,488,Improved FQL-GTA,299.0
6,489,Baseline FQL,245.0
6,489,Improved FQL-GTA,265.0
6,490,Baseline FQL,250.0
6,490,Improved FQL-GTA,271.0
6,491,Baseline FQL,302.0
6,491,Improved FQL-GTA,277.0
6,492,Baseline FQL,264.0
6,492,Improved FQL-GTA,286.0
6,493,Baseline FQL,378.0
6,493,Improved FQL-GTA,287.0
6,494,Baseline FQL,198.0
6,494,Improved FQL-GTA,295.0
6,495,Baseline FQL,500.0
6,495,Improved FQL-GTA,261.0
6,496,Baseline FQL,313.0
6,496,Improved FQL-GTA,268.0
6,497,Baseline FQL,275.0
6,497,Improved FQL-GTA,265.0
6,498,Baseline FQL,313.0
6,498,Improved FQL-GTA,313.0
6,499,Baseline FQL,253.0
6,499,Improved FQL-GTA,500.0
6,500,Baseline FQL,242.0
6,500,Improved FQL-GTA,500.0
7,1,Baseline FQL,9.0
7,1,Improved FQL-GTA,9.0
7,2,Baseline FQL,10.0
7,2,Improved FQL-GTA,12.0
7,3,Baseline FQL,10.0
7,3,Improved FQL-GTA,14.0
7,4,Baseline FQL,11.0
7,4,Improved FQL-GTA,9.0
7,5,Baseline FQL,11.0
7,5,Improved FQL-GTA,15.0
7,6,Baseline FQL,10.0
7,6,Improved FQL-GTA,13.0
7,7,Baseline FQL,9.0
7,7,Improved FQL-GTA,23.0
7,8,Baseline FQL,9.0
7,8,Improved FQL-GTA,16.0
7,9,Baseline FQL,10.0
7,9,Improved FQL-GTA,12.0
7,10,Baseline FQL,14.0
7,10,Improved FQL-GTA,11.0
7,11,Baseline FQL,9.0
7,11,Improved FQL-GTA,9.0
7,12,Baseline FQL,12.0
7,12,Improved FQL-GTA,12.0
7,13,Baseline FQL,10.0
7,13,Improved FQL-GTA,14.0
7,14,Baseline FQL,11.0
7,14,Improved FQL-GTA,16.0
7,15,Baseline FQL,9.0
7,15,Improved FQL-GTA,12.0
7,16,Baseline FQL,10.0
7,16,Improved FQL-GTA,11.0
7,17,Baseline FQL,10.0
7,17,Improved FQL-GTA,11.0
7,18,Baseline FQL,9.0
7,18,Improved FQL-GTA,12.0
7,19,Baseline FQL,12.0
7,19,Improved FQL-GTA,15.0
7,20,Baseline FQL,12.0
7,20,Improved FQL-GTA,18.0
7,21,Baseline FQL,10.0
7,21,Improved FQL-GTA,14.0
7,22,Baseline FQL,9.0
7,22,Improved FQL-GTA,10.0
7,23,Baseline FQL,9.0
7,23,Improved FQL-GTA,27.0
7,24,Baseline FQL,10.0
7,24,Improved FQL-GTA,14.0
7,25,Baseline FQL,11.0
7,25,Improved FQL-GTA,25.0
7,26,Baseline FQL,10.0
7,26,Improved FQL-GTA,20.0
7,27,Baseline FQL,8.0
7,27,Improved FQL-GTA,10.0
7,28,Baseline FQL,10.0
7,28,Improved FQL-GTA,17.0
7,29,Baseline FQL,8.0
7,29,Improved FQL-GTA,9.0
7,30,Baseline FQL,10.0
7,30,Improved FQL-GTA,10.0
7,31,Baseline FQL,10.0
7,31,Improved FQL-GTA,14.0
7,32,Baseline FQL,9.0
7,32,Improved FQL-GTA,14.0
7,33,Baseline FQL,13.0
7,33,Improved FQL-GTA,12.0
7,34,Baseline FQL,10.0
7,34,Improved FQL-GTA,30.0
7,35,Baseline FQL,10.0
7,35,Improved FQL-GTA,12.0
7,36,Baseline FQL,8.0
7,36,Improved FQL-GTA,17.0
7,37,Baseline FQL,15.0
7,37,Improved FQL-GTA,40.0
7,38,Baseline FQL,9.0
7,38,Improved FQL-GTA,15.0
7,39,Baseline FQL,9.0
7,39,Improved FQL-GTA,14.0
7,40,Baseline FQL,10.0
7,40,Improved FQL-GTA,29.0
7,41,Baseline FQL,10.0
7,41,Improved FQL-GTA,17.0
7,42,Baseline FQL,11.0
7,42,Improved FQL-GTA,15.0
7,43,Baseline FQL,10.0
7,43,Improved FQL-GTA,19.0
7,44,Baseline FQL,9.0
7,44,Improved FQL-GTA,13.0
7,45,Baseline FQL,12.0
7,45,Improved FQL-GTA,17.0
7,46,Baseline FQL,10.0
7,46,Improved FQL-GTA,18.0
7,47,Baseline FQL,10.0
7,47,Improved FQL-GTA,13.0
7,48,Baseline FQL,10.0
7,48,Improved FQL-GTA,26.0
7,49,Baseline FQL,12.0
7,49,Improved FQL-GTA,18.0
7,50,Baseline FQL,8.0
7,50,Improved FQL-GTA,19.0
7,51,Baseline FQL,11.0
7,51,Improved FQL-GTA,11.0
7,52,Baseline FQL,10.0
7,52,Improved FQL-GTA,25.0
7,53,Baseline FQL,10.0
7,53,Improved FQL-GTA,19.0
7,54,Baseline FQL,10.0
7,54,Improved FQL-GTA,23.0
7,55,Baseline FQL,9.0
7,55,Improved FQL-GTA,24.0
7,56,Baseline FQL,11.0
7,56,Improved FQL-GTA,13.0
7,57,Baseline FQL,10.0
7,57,Improved FQL-GTA,20.0
7,58,Baseline FQL,10.0
7,58,Improved FQL-GTA,24.0
7,59,Baseline FQL,10.0
7,59,Improved FQL-GTA,15.0
7,60,Baseline FQL,12.0
7,60,Improved FQL-GTA,19.0
7,61,Baseline FQL,9.0
7,61,Improved FQL-GTA,17.0
7,62,Baseline FQL,9.0
7,62,Improved FQL-GTA,14.0
7,63,Baseline FQL,10.0
7,63,Improved FQL-GTA,13.0
7,64,Baseline FQL,10.0
7,64,Improved FQL-GTA,20.0
7,65,Baseline FQL,10.0
7,65,Improved FQL-GTA,18.0
7,66,Baseline FQL,12.0
7,66,Improved FQL-GTA,21.0
7,67,Baseline FQL,10.0
7,67,Improved FQL-GTA,17.0
7,68,Baseline FQL,12.0
7,68,Improved FQL-GTA,16.0
7,69,Baseline FQL,15.0
7,69,Improved FQL-GTA,15.0
7,70,Baseline FQL,12.0
7,70,Improved FQL-GTA,13.0
7,71,Baseline FQL,18.0
7,71,Improved FQL-GTA,17.0
7,72,Baseline FQL,15.0
7,72,Improved FQL-GTA,25.0
7,73,Baseline FQL,11.0
7,73,Improved FQL-GTA,14.0
7,74,Baseline FQL,19.0
7,74,Improved FQL-GTA,35.0
7,75,Baseline FQL,10.0
7,75,Improved FQL-GTA,35.0
7,76,Baseline FQL,17.0
7,76,Improved FQL-GTA,24.0
7,77,Baseline FQL,14.0
7,77,Improved FQL-GTA,28.0
7,78,Baseline FQL,12.0
7,78,Improved FQL-GTA,15.0
7,79,Baseline FQL,16.0
7,79,Improved FQL-GTA,31.0
7,80,Baseline FQL,14.0
7,80,Improved FQL-GTA,31.0
7,81,Baseline FQL,19.0
7,81,Improved FQL-GTA,42.0
7,82,Baseline FQL,13.0
7,82,Improved FQL-GTA,24.0
7,83,Baseline FQL,10.0
7,83,Improved FQL-GTA,19.0
7,84,Baseline FQL,17.0
7,84,Improved FQL-GTA,35.0
7,85,Baseline FQL,12.0
7,85,Improved FQL-GTA,18.0
7,86,Baseline FQL,19.0
7,86,Improved FQL-GTA,23.0
7,87,Baseline FQL,17.0
7,87,Improved FQL-GTA,26.0
7,88,Baseline FQL,14.0
7,88,Improved FQL-GTA,26.0
7,89,Baseline FQL,19.0
7,89,Improved FQL-GTA,35.0
7,90,Baseline FQL,15.0
7,90,Improved FQL-GTA,34.0
7,91,Baseline FQL,16.0
7,91,Improved FQL-GTA,23.0
7,92,Baseline FQL,20.0
7,92,Improved FQL-GTA,40.0
7,93,Baseline FQL,15.0
7,93,Improved FQL-GTA,51.0
7,94,Baseline FQL,20.0
7,94,Improved FQL-GTA,32.0
7,95,Baseline FQL,13.0
7,95,Improved FQL-GTA,19.0
7,96,Baseline FQL,12.0
7,96,Improved FQL-GTA,18.0
7,97,Baseline FQL,20.0
7,97,Improved FQL-GTA,29.0
7,98,Baseline FQL,16.0
7,98,Improved FQL-GTA,45.0
7,99,Baseline FQL,21.0
7,99,Improved FQL-GTA,33.0
7,100,Baseline FQL,26.0
7,100,Improved FQL-GTA,61.0
7,101,Baseline FQL,17.0
7,101,Improved FQL-GTA,46.0
7,102,Baseline FQL,22.0
7,102,Improved FQL-GTA,61.0
7,103,Baseline FQL,15.0
7,103,Improved FQL-GTA,121.0
7,104,Baseline FQL,15.0
7,104,Improved FQL-GTA,34.0
7,105,Baseline FQL,15.0
7,105,Improved FQL-GTA,292.0
7,106,Baseline FQL,13.0
7,106,Improved FQL-GTA,207.0
7,107,Baseline FQL,21.0
7,107,Improved FQL-GTA,42.0
7,108,Baseline FQL,17.0
7,108,Improved FQL-GTA,51.0
7,109,Baseline FQL,15.0
7,109,Improved FQL-GTA,59.0
7,110,Baseline FQL,11.0
7,110,Improved FQL-GTA,26.0
7,111,Baseline FQL,15.0
7,111,Improved FQL-GTA,200.0
7,112,Baseline FQL,19.0
7,112,Improved FQL-GTA,142.0
7,113,Baseline FQL,15.0
7,113,Improved FQL-GTA,43.0
7,114,Baseline FQL,19.0
7,114,Improved FQL-GTA,141.0
7,115,Baseline FQL,13.0
7,115,Improved FQL-GTA,184.0
7,116,Baseline FQL,19.0
7,116,Improved FQL-GTA,211.0
7,117,Baseline FQL,23.0
7,117,Improved FQL-GTA,94.0
7,118,Baseline FQL,11.0
7,118,Improved FQL-GTA,72.0
7,119,Baseline FQL,18.0
7,119,Improved FQL-GTA,203.0
7,120,Baseline FQL,21.0
7,120,Improved FQL-GTA,219.0
7,121,Baseline FQL,17.0
7,121,Improved FQL-GTA,170.0
7,122,Baseline FQL,19.0
7,122,Improved FQL-GTA,195.0
7,123,Baseline FQL,10.0
7,123,Improved FQL-GTA,140.0
7,124,Baseline FQL,21.0
7,124,Improved FQL-GTA,223.0
7,125,Baseline FQL,15.0
7,125,Improved FQL-GTA,159.0
7,126,Baseline FQL,13.0
7,126,Improved FQL-GTA,174.0
7,127,Baseline FQL,17.0
7,127,Improved FQL-GTA,172.0
7,128,Baseline FQL,16.0
7,128,Improved FQL-GTA,148.0
7,129,Baseline FQL,11.0
7,129,Improved FQL-GTA,250.0
7,130,Baseline FQL,16.0
7,130,Improved FQL-GTA,231.0
7,131,Baseline FQL,17.0
7,131,Improved FQL-GTA,246.0
7,132,Baseline FQL,15.0
7,132,Improved FQL-GTA,231.0
7,133,Baseline FQL,23.0
7,133,Improved FQL-GTA,247.0
7,134,Baseline FQL,15.0
7,134,Improved FQL-GTA,137.0
7,135,Baseline FQL,27.0
7,135,Improved FQL-GTA,256.0
7,136,Baseline FQL,15.0
7,136,Improved FQL-GTA,287.0
7,137,Baseline FQL,14.0
7,137,Improved FQL-GTA,234.0
7,138,Baseline FQL,18.0
7,138,Improved FQL-GTA,273.0
7,139,Baseline FQL,15.0
7,139,Improved FQL-GTA,202.0
7,140,Baseline FQL,17.0
7,140,Improved FQL-GTA,218.0
7,141,Baseline FQL,14.0
7,141,Improved FQL-GTA,251.0
7,142,Baseline FQL,13.0
7,142,Improved FQL-GTA,227.0
7,143,Baseline FQL,20.0
7,143,Improved FQL-GTA,149.0
7,144,Baseline FQL,13.0
7,144,Improved FQL-GTA,236.0
7,145,Baseline FQL,13.0
7,145,Improved FQL-GTA,227.0
7,146,Baseline FQL,22.0
7,146,Improved FQL-GTA,225.0
7,147,Baseline FQL,19.0
7,147,Improved FQL-GTA,242.0
7,148,Baseline FQL,22.0
7,148,Improved FQL-GTA,235.0
7,149,Baseline FQL,19.0
7,149,Improved FQL-GTA,191.0
7,150,Baseline FQL,20.0
7,150,Improved FQL-GTA,362.0
7,151,Baseline FQL,18.0
7,151,Improved FQL-GTA,276.0
7,152,Baseline FQL,15.0
7,152,Improved FQL-GTA,302.0
7,153,Baseline FQL,17.0
7,153,Improved FQL-GTA,257.0
7,154,Baseline FQL,20.0
7,154,Improved FQL-GTA,246.0
7,155,Baseline FQL,20.0
7,155,Improved FQL-GTA,254.0
7,156,Baseline FQL,13.0
7,156,Improved FQL-GTA,229.0
7,157,Baseline FQL,14.0
7,157,Improved FQL-GTA,13.0
7,158,Baseline FQL,16.0
7,158,Improved FQL-GTA,12.0
7,159,Baseline FQL,13.0
7,159,Improved FQL-GTA,10.0
7,160,Baseline FQL,13.0
7,160,Improved FQL-GTA,500.0
7,161,Baseline FQL,15.0
7,161,Improved FQL-GTA,500.0
7,162,Baseline FQL,11.0
7,162,Improved FQL-GTA,500.0
7,163,Baseline FQL,17.0
7,163,Improved FQL-GTA,417.0
7,164,Baseline FQL,10.0
7,164,Improved FQL-GTA,500.0
7,165,Baseline FQL,15.0
7,165,Improved FQL-GTA,415.0
7,166,Baseline FQL,15.0
7,166,Improved FQL-GTA,500.0
7,167,Baseline FQL,18.0
7,167,Improved FQL-GTA,500.0
7,168,Baseline FQL,11.0
7,168,Improved FQL-GTA,500.0
7,169,Baseline FQL,20.0
7,169,Improved FQL-GTA,372.0
7,170,Baseline FQL,13.0
7,170,Improved FQL-GTA,500.0
7,171,Baseline FQL,18.0
7,171,Improved FQL-GTA,500.0
7,172,Baseline FQL,22.0
7,172,Improved FQL-GTA,296.0
7,173,Baseline FQL,11.0
7,173,Improved FQL-GTA,500.0
7,174,Baseline FQL,15.0
7,174,Improved FQL-GTA,407.0
7,175,Baseline FQL,17.0
7,175,Improved FQL-GTA,416.0
7,176,Baseline FQL,16.0
7,176,Improved FQL-GTA,500.0
7,177,Baseline FQL,14.0
7,177,Improved FQL-GTA,500.0
7,178,Baseline FQL,11.0
7,178,Improved FQL-GTA,16.0
7,179,Baseline FQL,17.0
7,179,Improved FQL-GTA,500.0
7,180,Baseline FQL,13.0
7,180,Improved FQL-GTA,448.0
7,181,Baseline FQL,17.0
7,181,Improved FQL-GTA,268.0
7,182,Baseline FQL,13.0
7,182,Improved FQL-GTA,364.0
7,183,Baseline FQL,17.0
7,183,Improved FQL-GTA,339.0
7,184,Baseline FQL,10.0
7,184,Improved FQL-GTA,316.0
7,185,Baseline FQL,21.0
7,185,Improved FQL-GTA,303.0
7,186,Baseline FQL,20.0
7,186,Improved FQL-GTA,273.0
7,187,Baseline FQL,15.0
7,187,Improved FQL-GTA,327.0
7,188,Baseline FQL,19.0
7,188,Improved FQL-GTA,500.0
7,189,Baseline FQL,13.0
7,189,Improved FQL-GTA,500.0
7,190,Baseline FQL,13.0
7,190,Improved FQL-GTA,238.0
7,191,Baseline FQL,13.0
7,191,Improved FQL-GTA,488.0
7,192,Baseline FQL,21.0
7,192,Improved FQL-GTA,407.0
7,193,Baseline FQL,26.0
7,193,Improved FQL-GTA,497.0
7,194,Baseline FQL,22.0
7,194,Improved FQL-GTA,500.0
7,195,Baseline FQL,15.0
7,195,Improved FQL-GTA,500.0
7,196,Baseline FQL,13.0
7,196,Improved FQL-GTA,500.0
7,197,Baseline FQL,23.0
7,197,Improved FQL-GTA,20.0
7,198,Baseline FQL,15.0
7,198,Improved FQL-GTA,191.0
7,199,Baseline FQL,12.0
7,199,Improved FQL-GTA,24.0
7,200,Baseline FQL,12.0
7,200,Improved FQL-GTA,500.0
7,201,Baseline FQL,18.0
7,201,Improved FQL-GTA,500.0
7,202,Baseline FQL,26.0
7,202,Improved FQL-GTA,500.0
7,203,Baseline FQL,24.0
7,203,Improved FQL-GTA,500.0
7,204,Baseline FQL,21.0
7,204,Improved FQL-GTA,500.0
7,205,Baseline FQL,25.0
7,205,Improved FQL-GTA,500.0
7,206,Baseline FQL,18.0
7,206,Improved FQL-GTA,500.0
7,207,Baseline FQL,23.0
7,207,Improved FQL-GTA,500.0
7,208,Baseline FQL,15.0
7,208,Improved FQL-GTA,500.0
7,209,Baseline FQL,15.0
7,209,Improved FQL-GTA,500.0
7,210,Baseline FQL,23.0
7,210,Improved FQL-GTA,500.0
7,211,Baseline FQL,20.0
7,211,Improved FQL-GTA,500.0
7,212,Baseline FQL,20.0
7,212,Improved FQL-GTA,500.0
7,213,Baseline FQL,19.0
7,213,Improved FQL-GTA,500.0
7,214,Baseline FQL,20.0
7,214,Improved FQL-GTA,500.0
7,215,Baseline FQL,18.0
7,215,Improved FQL-GTA,500.0
7,216,Baseline FQL,20.0
7,216,Improved FQL-GTA,387.0
7,217,Baseline FQL,22.0
7,217,Improved FQL-GTA,439.0
7,218,Baseline FQL,23.0
7,218,Improved FQL-GTA,16.0
7,219,Baseline FQL,18.0
7,219,Improved FQL-GTA,500.0
7,220,Baseline FQL,16.0
7,220,Improved FQL-GTA,500.0
7,221,Baseline FQL,32.0
7,221,Improved FQL-GTA,411.0
7,222,Baseline FQL,26.0
7,222,Improved FQL-GTA,500.0
7,223,Baseline FQL,32.0
7,223,Improved FQL-GTA,479.0
7,224,Baseline FQL,18.0
7,224,Improved FQL-GTA,500.0
7,225,Baseline FQL,27.0
7,225,Improved FQL-GTA,500.0
7,226,Baseline FQL,22.0
7,226,Improved FQL-GTA,500.0
7,227,Baseline FQL,21.0
7,227,Improved FQL-GTA,500.0
7,228,Baseline FQL,26.0
7,228,Improved FQL-GTA,500.0
7,229,Baseline FQL,32.0
7,229,Improved FQL-GTA,421.0
7,230,Baseline FQL,18.0
7,230,Improved FQL-GTA,500.0
7,231,Baseline FQL,24.0
7,231,Improved FQL-GTA,500.0
7,232,Baseline FQL,17.0
7,232,Improved FQL-GTA,500.0
7,233,Baseline FQL,26.0
7,233,Improved FQL-GTA,352.0
7,234,Baseline FQL,28.0
7,234,Improved FQL-GTA,358.0
7,235,Baseline FQL,22.0
7,235,Improved FQL-GTA,468.0
7,236,Baseline FQL,27.0
7,236,Improved FQL-GTA,500.0
7,237,Baseline FQL,20.0
7,237,Improved FQL-GTA,412.0
7,238,Baseline FQL,24.0
7,238,Improved FQL-GTA,500.0
7,239,Baseline FQL,32.0
7,239,Improved FQL-GTA,500.0
7,240,Baseline FQL,20.0
7,240,Improved FQL-GTA,484.0
7,241,Baseline FQL,17.0
7,241,Improved FQL-GTA,443.0
7,242,Baseline FQL,21.0
7,242,Improved FQL-GTA,500.0
7,243,Baseline FQL,19.0
7,243,Improved FQL-GTA,500.0
7,244,Baseline FQL,30.0
7,244,Improved FQL-GTA,407.0
7,245,Baseline FQL,28.0
7,245,Improved FQL-GTA,500.0
7,246,Baseline FQL,22.0
7,246,Improved FQL-GTA,500.0
7,247,Baseline FQL,39.0
7,247,Improved FQL-GTA,500.0
7,248,Baseline FQL,21.0
7,248,Improved FQL-GTA,500.0
7,249,Baseline FQL,22.0
7,249,Improved FQL-GTA,500.0
7,250,Baseline FQL,13.0
7,250,Improved FQL-GTA,491.0
7,251,Baseline FQL,24.0
7,251,Improved FQL-GTA,500.0
7,252,Baseline FQL,22.0
7,252,Improved FQL-GTA,500.0
7,253,Baseline FQL,32.0
7,253,Improved FQL-GTA,500.0
7,254,Baseline FQL,21.0
7,254,Improved FQL-GTA,500.0
7,255,Baseline FQL,22.0
7,255,Improved FQL-GTA,500.0
7,256,Baseline FQL,18.0
7,256,Improved FQL-GTA,461.0
7,257,Baseline FQL,44.0
7,257,Improved FQL-GTA,500.0
7,258,Baseline FQL,17.0
7,258,Improved FQL-GTA,500.0
7,259,Baseline FQL,17.0
7,259,Improved FQL-GTA,460.0
7,260,Baseline FQL,18.0
7,260,Improved FQL-GTA,10.0
7,261,Baseline FQL,38.0
7,261,Improved FQL-GTA,500.0
7,262,Baseline FQL,18.0
7,262,Improved FQL-GTA,500.0
7,263,Baseline FQL,26.0
7,263,Improved FQL-GTA,500.0
7,264,Baseline FQL,25.0
7,264,Improved FQL-GTA,500.0
7,265,Baseline FQL,42.0
7,265,Improved FQL-GTA,500.0
7,266,Baseline FQL,27.0
7,266,Improved FQL-GTA,500.0
7,267,Baseline FQL,22.0
7,267,Improved FQL-GTA,500.0
7,268,Baseline FQL,46.0
7,268,Improved FQL-GTA,500.0
7,269,Baseline FQL,44.0
7,269,Improved FQL-GTA,500.0
7,270,Baseline FQL,46.0
7,270,Improved FQL-GTA,500.0
7,271,Baseline FQL,72.0
7,271,Improved FQL-GTA,500.0
7,272,Baseline FQL,46.0
7,272,Improved FQL-GTA,500.0
7,273,Baseline FQL,64.0
7,273,Improved FQL-GTA,500.0
7,274,Baseline FQL,19.0
7,274,Improved FQL-GTA,500.0
7,275,Baseline FQL,66.0
7,275,Improved FQL-GTA,500.0
7,276,Baseline FQL,60.0
7,276,Improved FQL-GTA,500.0
7,277,Baseline FQL,43.0
7,277,Improved FQL-GTA,471.0
7,278,Baseline FQL,32.0
7,278,Improved FQL-GTA,500.0
7,279,Baseline FQL,28.0
7,279,Improved FQL-GTA,380.0
7,280,Baseline FQL,235.0
7,280,Improved FQL-GTA,500.0
7,281,Baseline FQL,35.0
7,281,Improved FQL-GTA,433.0
7,282,Baseline FQL,112.0
7,282,Improved FQL-GTA,10.0
7,283,Baseline FQL,93.0
7,283,Improved FQL-GTA,500.0
7,284,Baseline FQL,161.0
7,284,Improved FQL-GTA,500.0
7,285,Baseline FQL,289.0
7,285,Improved FQL-GTA,500.0
7,286,Baseline FQL,31.0
7,286,Improved FQL-GTA,500.0
7,287,Baseline FQL,109.0
7,287,Improved FQL-GTA,500.0
7,288,Baseline FQL,51.0
7,288,Improved FQL-GTA,500.0
7,289,Baseline FQL,14.0
7,289,Improved FQL-GTA,500.0
7,290,Baseline FQL,135.0
7,290,Improved FQL-GTA,500.0
7,291,Baseline FQL,41.0
7,291,Improved FQL-GTA,500.0
7,292,Baseline FQL,73.0
7,292,Improved FQL-GTA,500.0
7,293,Baseline FQL,29.0
7,293,Improved FQL-GTA,500.0
7,294,Baseline FQL,71.0
7,294,Improved FQL-GTA,500.0
7,295,Baseline FQL,61.0
7,295,Improved FQL-GTA,500.0
7,296,Baseline FQL,37.0
7,296,Improved FQL-GTA,500.0
7,297,Baseline FQL,47.0
7,297,Improved FQL-GTA,500.0
7,298,Baseline FQL,102.0
7,298,Improved FQL-GTA,500.0
7,299,Baseline FQL,69.0
7,299,Improved FQL-GTA,500.0
7,300,Baseline FQL,137.0
7,300,Improved FQL-GTA,500.0
7,301,Baseline FQL,124.0
7,301,Improved FQL-GTA,482.0
7,302,Baseline FQL,61.0
7,302,Improved FQL-GTA,500.0
7,303,Baseline FQL,117.0
7,303,Improved FQL-GTA,500.0
7,304,Baseline FQL,178.0
7,304,Improved FQL-GTA,388.0
7,305,Baseline FQL,175.0
7,305,Improved FQL-GTA,19.0
7,306,Baseline FQL,147.0
7,306,Improved FQL-GTA,500.0
7,307,Baseline FQL,80.0
7,307,Improved FQL-GTA,500.0
7,308,Baseline FQL,468.0
7,308,Improved FQL-GTA,500.0
7,309,Baseline FQL,132.0
7,309,Improved FQL-GTA,500.0
7,310,Baseline FQL,148.0
7,310,Improved FQL-GTA,500.0
7,311,Baseline FQL,104.0
7,311,Improved FQL-GTA,500.0
7,312,Baseline FQL,137.0
7,312,Improved FQL-GTA,500.0
7,313,Baseline FQL,105.0
7,313,Improved FQL-GTA,500.0
7,314,Baseline FQL,89.0
7,314,Improved FQL-GTA,500.0
7,315,Baseline FQL,129.0
7,315,Improved FQL-GTA,500.0
7,316,Baseline FQL,187.0
7,316,Improved FQL-GTA,500.0
7,317,Baseline FQL,203.0
7,317,Improved FQL-GTA,477.0
7,318,Baseline FQL,221.0
7,318,Improved FQL-GTA,500.0
7,319,Baseline FQL,210.0
7,319,Improved FQL-GTA,500.0
7,320,Baseline FQL,184.0
7,320,Improved FQL-GTA,423.0
7,321,Baseline FQL,252.0
7,321,Improved FQL-GTA,438.0
7,322,Baseline FQL,163.0
7,322,Improved FQL-GTA,12.0
7,323,Baseline FQL,139.0
7,323,Improved FQL-GTA,500.0
7,324,Baseline FQL,257.0
7,324,Improved FQL-GTA,500.0
7,325,Baseline FQL,183.0
7,325,Improved FQL-GTA,500.0
7,326,Baseline FQL,279.0
7,326,Improved FQL-GTA,500.0
7,327,Baseline FQL,200.0
7,327,Improved FQL-GTA,500.0
7,328,Baseline FQL,184.0
7,328,Improved FQL-GTA,500.0
7,329,Baseline FQL,284.0
7,329,Improved FQL-GTA,500.0
7,330,Baseline FQL,234.0
7,330,Improved FQL-GTA,500.0
7,331,Baseline FQL,240.0
7,331,Improved FQL-GTA,500.0
7,332,Baseline FQL,227.0
7,332,Improved FQL-GTA,500.0
7,333,Baseline FQL,163.0
7,333,Improved FQL-GTA,500.0
7,334,Baseline FQL,128.0
7,334,Improved FQL-GTA,500.0
7,335,Baseline FQL,254.0
7,335,Improved FQL-GTA,500.0
7,336,Baseline FQL,103.0
7,336,Improved FQL-GTA,500.0
7,337,Baseline FQL,31.0
7,337,Improved FQL-GTA,500.0
7,338,Baseline FQL,132.0
7,338,Improved FQL-GTA,500.0
7,339,Baseline FQL,246.0
7,339,Improved FQL-GTA,500.0
7,340,Baseline FQL,210.0
7,340,Improved FQL-GTA,451.0
7,341,Baseline FQL,298.0
7,341,Improved FQL-GTA,500.0
7,342,Baseline FQL,307.0
7,342,Improved FQL-GTA,500.0
7,343,Baseline FQL,359.0
7,343,Improved FQL-GTA,266.0
7,344,Baseline FQL,91.0
7,344,Improved FQL-GTA,13.0
7,345,Baseline FQL,188.0
7,345,Improved FQL-GTA,500.0
7,346,Baseline FQL,221.0
7,346,Improved FQL-GTA,500.0
7,347,Baseline FQL,254.0
7,347,Improved FQL-GTA,500.0
7,348,Baseline FQL,274.0
7,348,Improved FQL-GTA,500.0
7,349,Baseline FQL,220.0
7,349,Improved FQL-GTA,500.0
7,350,Baseline FQL,324.0
7,350,Improved FQL-GTA,500.0
7,351,Baseline FQL,287.0
7,351,Improved FQL-GTA,500.0
7,352,Baseline FQL,276.0
7,352,Improved FQL-GTA,500.0
7,353,Baseline FQL,247.0
7,353,Improved FQL-GTA,500.0
7,354,Baseline FQL,207.0
7,354,Improved FQL-GTA,500.0
7,355,Baseline FQL,283.0
7,355,Improved FQL-GTA,500.0
7,356,Baseline FQL,321.0
7,356,Improved FQL-GTA,500.0
7,357,Baseline FQL,209.0
7,357,Improved FQL-GTA,500.0
7,358,Baseline FQL,170.0
7,358,Improved FQL-GTA,500.0
7,359,Baseline FQL,319.0
7,359,Improved FQL-GTA,500.0
7,360,Baseline FQL,227.0
7,360,Improved FQL-GTA,500.0
7,361,Baseline FQL,267.0
7,361,Improved FQL-GTA,463.0
7,362,Baseline FQL,198.0
7,362,Improved FQL-GTA,500.0
7,363,Baseline FQL,261.0
7,363,Improved FQL-GTA,500.0
7,364,Baseline FQL,242.0
7,364,Improved FQL-GTA,408.0
7,365,Baseline FQL,251.0
7,365,Improved FQL-GTA,14.0
7,366,Baseline FQL,295.0
7,366,Improved FQL-GTA,500.0
7,367,Baseline FQL,235.0
7,367,Improved FQL-GTA,500.0
7,368,Baseline FQL,234.0
7,368,Improved FQL-GTA,500.0
7,369,Baseline FQL,240.0
7,369,Improved FQL-GTA,500.0
7,370,Baseline FQL,323.0
7,370,Improved FQL-GTA,500.0
7,371,Baseline FQL,303.0
7,371,Improved FQL-GTA,500.0
7,372,Baseline FQL,249.0
7,372,Improved FQL-GTA,500.0
7,373,Baseline FQL,195.0
7,373,Improved FQL-GTA,500.0
7,374,Baseline FQL,282.0
7,374,Improved FQL-GTA,500.0
7,375,Baseline FQL,238.0
7,375,Improved FQL-GTA,500.0
7,376,Baseline FQL,216.0
7,376,Improved FQL-GTA,456.0
7,377,Baseline FQL,197.0
7,377,Improved FQL-GTA,500.0
7,378,Baseline FQL,192.0
7,378,Improved FQL-GTA,500.0
7,379,Baseline FQL,224.0
7,379,Improved FQL-GTA,389.0
7,380,Baseline FQL,227.0
7,380,Improved FQL-GTA,15.0
7,381,Baseline FQL,227.0
7,381,Improved FQL-GTA,500.0
7,382,Baseline FQL,220.0
7,382,Improved FQL-GTA,500.0
7,383,Baseline FQL,230.0
7,383,Improved FQL-GTA,500.0
7,384,Baseline FQL,209.0
7,384,Improved FQL-GTA,500.0
7,385,Baseline FQL,209.0
7,385,Improved FQL-GTA,500.0
7,386,Baseline FQL,214.0
7,386,Improved FQL-GTA,500.0
7,387,Baseline FQL,156.0
7,387,Improved FQL-GTA,500.0
7,388,Baseline FQL,325.0
7,388,Improved FQL-GTA,500.0
7,389,Baseline FQL,225.0
7,389,Improved FQL-GTA,500.0
7,390,Baseline FQL,281.0
7,390,Improved FQL-GTA,500.0
7,391,Baseline FQL,273.0
7,391,Improved FQL-GTA,500.0
7,392,Baseline FQL,256.0
7,392,Improved FQL-GTA,500.0
7,393,Baseline FQL,232.0
7,393,Improved FQL-GTA,500.0
7,394,Baseline FQL,250.0
7,394,Improved FQL-GTA,500.0
7,395,Baseline FQL,257.0
7,395,Improved FQL-GTA,500.0
7,396,Baseline FQL,204.0
7,396,Improved FQL-GTA,500.0
7,397,Baseline FQL,405.0
7,397,Improved FQL-GTA,500.0
7,398,Baseline FQL,238.0
7,398,Improved FQL-GTA,500.0
7,399,Baseline FQL,264.0
7,399,Improved FQL-GTA,500.0
7,400,Baseline FQL,145.0
7,400,Improved FQL-GTA,500.0
7,401,Baseline FQL,295.0
7,401,Improved FQL-GTA,500.0
7,402,Baseline FQL,225.0
7,402,Improved FQL-GTA,500.0
7,403,Baseline FQL,275.0
7,403,Improved FQL-GTA,500.0
7,404,Baseline FQL,250.0
7,404,Improved FQL-GTA,416.0
7,405,Baseline FQL,152.0
7,405,Improved FQL-GTA,500.0
7,406,Baseline FQL,299.0
7,406,Improved FQL-GTA,416.0
7,407,Baseline FQL,228.0
7,407,Improved FQL-GTA,25.0
7,408,Baseline FQL,271.0
7,408,Improved FQL-GTA,500.0
7,409,Baseline FQL,329.0
7,409,Improved FQL-GTA,500.0
7,410,Baseline FQL,238.0
7,410,Improved FQL-GTA,500.0
7,411,Baseline FQL,273.0
7,411,Improved FQL-GTA,500.0
7,412,Baseline FQL,271.0
7,412,Improved FQL-GTA,500.0
7,413,Baseline FQL,244.0
7,413,Improved FQL-GTA,500.0
7,414,Baseline FQL,343.0
7,414,Improved FQL-GTA,500.0
7,415,Baseline FQL,283.0
7,415,Improved FQL-GTA,500.0
7,416,Baseline FQL,257.0
7,416,Improved FQL-GTA,441.0
7,417,Baseline FQL,282.0
7,417,Improved FQL-GTA,416.0
7,418,Baseline FQL,231.0
7,418,Improved FQL-GTA,15.0
7,419,Baseline FQL,229.0
7,419,Improved FQL-GTA,500.0
7,420,Baseline FQL,221.0
7,420,Improved FQL-GTA,500.0
7,421,Baseline FQL,301.0
7,421,Improved FQL-GTA,500.0
7,422,Baseline FQL,244.0
7,422,Improved FQL-GTA,500.0
7,423,Baseline FQL,294.0
7,423,Improved FQL-GTA,500.0
7,424,Baseline FQL,228.0
7,424,Improved FQL-GTA,431.0
7,425,Baseline FQL,237.0
7,425,Improved FQL-GTA,468.0
7,426,Baseline FQL,285.0
7,426,Improved FQL-GTA,318.0
7,427,Baseline FQL,229.0
7,427,Improved FQL-GTA,489.0
7,428,Baseline FQL,215.0
7,428,Improved FQL-GTA,500.0
7,429,Baseline FQL,221.0
7,429,Improved FQL-GTA,500.0
7,430,Baseline FQL,241.0
7,430,Improved FQL-GTA,279.0
7,431,Baseline FQL,366.0
7,431,Improved FQL-GTA,232.0
7,432,Baseline FQL,500.0
7,432,Improved FQL-GTA,500.0
7,433,Baseline FQL,229.0
7,433,Improved FQL-GTA,56.0
7,434,Baseline FQL,338.0
7,434,Improved FQL-GTA,500.0
7,435,Baseline FQL,229.0
7,435,Improved FQL-GTA,500.0
7,436,Baseline FQL,274.0
7,436,Improved FQL-GTA,500.0
7,437,Baseline FQL,229.0
7,437,Improved FQL-GTA,273.0
7,438,Baseline FQL,241.0
7,438,Improved FQL-GTA,500.0
7,439,Baseline FQL,326.0
7,439,Improved FQL-GTA,282.0
7,440,Baseline FQL,280.0
7,440,Improved FQL-GTA,14.0
7,441,Baseline FQL,234.0
7,441,Improved FQL-GTA,500.0
7,442,Baseline FQL,281.0
7,442,Improved FQL-GTA,500.0
7,443,Baseline FQL,263.0
7,443,Improved FQL-GTA,500.0
7,444,Baseline FQL,436.0
7,444,Improved FQL-GTA,500.0
7,445,Baseline FQL,220.0
7,445,Improved FQL-GTA,500.0
7,446,Baseline FQL,222.0
7,446,Improved FQL-GTA,500.0
7,447,Baseline FQL,72.0
7,447,Improved FQL-GTA,500.0
7,448,Baseline FQL,281.0
7,448,Improved FQL-GTA,288.0
7,449,Baseline FQL,282.0
7,449,Improved FQL-GTA,16.0
7,450,Baseline FQL,172.0
7,450,Improved FQL-GTA,500.0
7,451,Baseline FQL,217.0
7,451,Improved FQL-GTA,500.0
7,452,Baseline FQL,222.0
7,452,Improved FQL-GTA,500.0
7,453,Baseline FQL,229.0
7,453,Improved FQL-GTA,500.0
7,454,Baseline FQL,283.0
7,454,Improved FQL-GTA,500.0
7,455,Baseline FQL,239.0
7,455,Improved FQL-GTA,500.0
7,456,Baseline FQL,289.0
7,456,Improved FQL-GTA,500.0
7,457,Baseline FQL,283.0
7,457,Improved FQL-GTA,500.0
7,458,Baseline FQL,317.0
7,458,Improved FQL-GTA,500.0
7,459,Baseline FQL,356.0
7,459,Improved FQL-GTA,500.0
7,460,Baseline FQL,263.0
7,460,Improved FQL-GTA,500.0
7,461,Baseline FQL,239.0
7,461,Improved FQL-GTA,500.0
7,462,Baseline FQL,250.0
7,462,Improved FQL-GTA,500.0
7,463,Baseline FQL,245.0
7,463,Improved FQL-GTA,500.0
7,464,Baseline FQL,325.0
7,464,Improved FQL-GTA,500.0
7,465,Baseline FQL,234.0
7,465,Improved FQL-GTA,500.0
7,466,Baseline FQL,276.0
7,466,Improved FQL-GTA,500.0
7,467,Baseline FQL,198.0
7,467,Improved FQL-GTA,500.0
7,468,Baseline FQL,340.0
7,468,Improved FQL-GTA,500.0
7,469,Baseline FQL,267.0
7,469,Improved FQL-GTA,500.0
7,470,Baseline FQL,259.0
7,470,Improved FQL-GTA,500.0
7,471,Baseline FQL,234.0
7,471,Improved FQL-GTA,500.0
7,472,Baseline FQL,263.0
7,472,Improved FQL-GTA,500.0
7,473,Baseline FQL,265.0
7,473,Improved FQL-GTA,500.0
7,474,Baseline FQL,299.0
7,474,Improved FQL-GTA,500.0
7,475,Baseline FQL,270.0
7,475,Improved FQL-GTA,500.0
7,476,Baseline FQL,292.0
7,476,Improved FQL-GTA,500.0
7,477,Baseline FQL,266.0
7,477,Improved FQL-GTA,500.0
7,478,Baseline FQL,290.0
7,478,Improved FQL-GTA,493.0
7,479,Baseline FQL,262.0
7,479,Improved FQL-GTA,500.0
7,480,Baseline FQL,234.0
7,480,Improved FQL-GTA,500.0
7,481,Baseline FQL,251.0
7,481,Improved FQL-GTA,438.0
7,482,Baseline FQL,263.0
7,482,Improved FQL-GTA,11.0
7,483,Baseline FQL,271.0
7,483,Improved FQL-GTA,500.0
7,484,Baseline FQL,256.0
7,484,Improved FQL-GTA,500.0
7,485,Baseline FQL,285.0
7,485,Improved FQL-GTA,500.0
7,486,Baseline FQL,227.0
7,486,Improved FQL-GTA,500.0
7,487,Baseline FQL,222.0
7,487,Improved FQL-GTA,500.0
7,488,Baseline FQL,224.0
7,488,Improved FQL-GTA,500.0
7,489,Baseline FQL,229.0
7,489,Improved FQL-GTA,500.0
7,490,Baseline FQL,263.0
7,490,Improved FQL-GTA,500.0
7,491,Baseline FQL,242.0
7,491,Improved FQL-GTA,500.0
7,492,Baseline FQL,250.0
7,492,Improved FQL-GTA,500.0
7,493,Baseline FQL,234.0
7,493,Improved FQL-GTA,500.0
7,494,Baseline FQL,234.0
7,494,Improved FQL-GTA,500.0
7,495,Baseline FQL,249.0
7,495,Improved FQL-GTA,500.0
7,496,Baseline FQL,218.0
7,496,Improved FQL-GTA,500.0
7,497,Baseline FQL,226.0
7,497,Improved FQL-GTA,500.0
7,498,Baseline FQL,231.0
7,498,Improved FQL-GTA,500.0
7,499,Baseline FQL,302.0
7,499,Improved FQL-GTA,500.0
7,500,Baseline FQL,217.0
7,500,Improved FQL-GTA,500.0
8,1,Baseline FQL,10.0
8,1,Improved FQL-GTA,23.0
8,2,Baseline FQL,9.0
8,2,Improved FQL-GTA,16.0
8,3,Baseline FQL,9.0
8,3,Improved FQL-GTA,12.0
8,4,Baseline FQL,9.0
8,4,Improved FQL-GTA,20.0
8,5,Baseline FQL,10.0
8,5,Improved FQL-GTA,25.0
8,6,Baseline FQL,9.0
8,6,Improved FQL-GTA,23.0
8,7,Baseline FQL,10.0
8,7,Improved FQL-GTA,13.0
8,8,Baseline FQL,10.0
8,8,Improved FQL-GTA,14.0
8,9,Baseline FQL,10.0
8,9,Improved FQL-GTA,10.0
8,10,Baseline FQL,9.0
8,10,Improved FQL-GTA,18.0
8,11,Baseline FQL,11.0
8,11,Improved FQL-GTA,10.0
8,12,Baseline FQL,10.0
8,12,Improved FQL-GTA,26.0
8,13,Baseline FQL,12.0
8,13,Improved FQL-GTA,12.0
8,14,Baseline FQL,9.0
8,14,Improved FQL-GTA,27.0
8,15,Baseline FQL,10.0
8,15,Improved FQL-GTA,22.0
8,16,Baseline FQL,10.0
8,16,Improved FQL-GTA,10.0
8,17,Baseline FQL,9.0
8,17,Improved FQL-GTA,12.0
8,18,Baseline FQL,11.0
8,18,Improved FQL-GTA,14.0
8,19,Baseline FQL,10.0
8,19,Improved FQL-GTA,57.0
8,20,Baseline FQL,12.0
8,20,Improved FQL-GTA,10.0
8,21,Baseline FQL,9.0
8,21,Improved FQL-GTA,90.0
8,22,Baseline FQL,10.0
8,22,Improved FQL-GTA,11.0
8,23,Baseline FQL,10.0
8,23,Improved FQL-GTA,66.0
8,24,Baseline FQL,9.0
8,24,Improved FQL-GTA,36.0
8,25,Baseline FQL,11.0
8,25,Improved FQL-GTA,29.0
8,26,Baseline FQL,10.0
8,26,Improved FQL-GTA,21.0
8,27,Baseline FQL,10.0
8,27,Improved FQL-GTA,15.0
8,28,Baseline FQL,8.0
8,28,Improved FQL-GTA,21.0
8,29,Baseline FQL,8.0
8,29,Improved FQL-GTA,22.0
8,30,Baseline FQL,10.0
8,30,Improved FQL-GTA,22.0
8,31,Baseline FQL,9.0
8,31,Improved FQL-GTA,23.0
8,32,Baseline FQL,10.0
8,32,Improved FQL-GTA,65.0
8,33,Baseline FQL,8.0
8,33,Improved FQL-GTA,37.0
8,34,Baseline FQL,10.0
8,34,Improved FQL-GTA,24.0
8,35,Baseline FQL,8.0
8,35,Improved FQL-GTA,24.0
8,36,Baseline FQL,11.0
8,36,Improved FQL-GTA,18.0
8,37,Baseline FQL,9.0
8,37,Improved FQL-GTA,25.0
8,38,Baseline FQL,9.0
8,38,Improved FQL-GTA,20.0
8,39,Baseline FQL,10.0
8,39,Improved FQL-GTA,32.0
8,40,Baseline FQL,10.0
8,40,Improved FQL-GTA,22.0
8,41,Baseline FQL,9.0
8,41,Improved FQL-GTA,22.0
8,42,Baseline FQL,10.0
8,42,Improved FQL-GTA,21.0
8,43,Baseline FQL,9.0
8,43,Improved FQL-GTA,18.0
8,44,Baseline FQL,12.0
8,44,Improved FQL-GTA,20.0
8,45,Baseline FQL,12.0
8,45,Improved FQL-GTA,23.0
8,46,Baseline FQL,11.0
8,46,Improved FQL-GTA,30.0
8,47,Baseline FQL,10.0
8,47,Improved FQL-GTA,29.0
8,48,Baseline FQL,10.0
8,48,Improved FQL-GTA,28.0
8,49,Baseline FQL,8.0
8,49,Improved FQL-GTA,38.0
8,50,Baseline FQL,9.0
8,50,Improved FQL-GTA,11.0
8,51,Baseline FQL,10.0
8,51,Improved FQL-GTA,23.0
8,52,Baseline FQL,12.0
8,52,Improved FQL-GTA,28.0
8,53,Baseline FQL,10.0
8,53,Improved FQL-GTA,26.0
8,54,Baseline FQL,9.0
8,54,Improved FQL-GTA,30.0
8,55,Baseline FQL,9.0
8,55,Improved FQL-GTA,25.0
8,56,Baseline FQL,10.0
8,56,Improved FQL-GTA,24.0
8,57,Baseline FQL,11.0
8,57,Improved FQL-GTA,21.0
8,58,Baseline FQL,10.0
8,58,Improved FQL-GTA,29.0
8,59,Baseline FQL,10.0
8,59,Improved FQL-GTA,14.0
8,60,Baseline FQL,11.0
8,60,Improved FQL-GTA,24.0
8,61,Baseline FQL,9.0
8,61,Improved FQL-GTA,21.0
8,62,Baseline FQL,8.0
8,62,Improved FQL-GTA,20.0
8,63,Baseline FQL,10.0
8,63,Improved FQL-GTA,21.0
8,64,Baseline FQL,9.0
8,64,Improved FQL-GTA,18.0
8,65,Baseline FQL,10.0
8,65,Improved FQL-GTA,34.0
8,66,Baseline FQL,10.0
8,66,Improved FQL-GTA,40.0
8,67,Baseline FQL,9.0
8,67,Improved FQL-GTA,26.0
8,68,Baseline FQL,9.0
8,68,Improved FQL-GTA,28.0
8,69,Baseline FQL,10.0
8,69,Improved FQL-GTA,20.0
8,70,Baseline FQL,14.0
8,70,Improved FQL-GTA,24.0
8,71,Baseline FQL,9.0
8,71,Improved FQL-GTA,25.0
8,72,Baseline FQL,9.0
8,72,Improved FQL-GTA,28.0
8,73,Baseline FQL,13.0
8,73,Improved FQL-GTA,20.0
8,74,Baseline FQL,8.0
8,74,Improved FQL-GTA,27.0
8,75,Baseline FQL,10.0
8,75,Improved FQL-GTA,29.0
8,76,Baseline FQL,10.0
8,76,Improved FQL-GTA,20.0
8,77,Baseline FQL,9.0
8,77,Improved FQL-GTA,27.0
8,78,Baseline FQL,9.0
8,78,Improved FQL-GTA,16.0
8,79,Baseline FQL,9.0
8,79,Improved FQL-GTA,39.0
8,80,Baseline FQL,11.0
8,80,Improved FQL-GTA,24.0
8,81,Baseline FQL,9.0
8,81,Improved FQL-GTA,64.0
8,82,Baseline FQL,9.0
8,82,Improved FQL-GTA,31.0
8,83,Baseline FQL,9.0
8,83,Improved FQL-GTA,67.0
8,84,Baseline FQL,9.0
8,84,Improved FQL-GTA,34.0
8,85,Baseline FQL,12.0
8,85,Improved FQL-GTA,79.0
8,86,Baseline FQL,11.0
8,86,Improved FQL-GTA,69.0
8,87,Baseline FQL,10.0
8,87,Improved FQL-GTA,65.0
8,88,Baseline FQL,14.0
8,88,Improved FQL-GTA,66.0
8,89,Baseline FQL,14.0
8,89,Improved FQL-GTA,48.0
8,90,Baseline FQL,16.0
8,90,Improved FQL-GTA,37.0
8,91,Baseline FQL,18.0
8,91,Improved FQL-GTA,51.0
8,92,Baseline FQL,15.0
8,92,Improved FQL-GTA,68.0
8,93,Baseline FQL,16.0
8,93,Improved FQL-GTA,56.0
8,94,Baseline FQL,12.0
8,94,Improved FQL-GTA,43.0
8,95,Baseline FQL,12.0
8,95,Improved FQL-GTA,79.0
8,96,Baseline FQL,19.0
8,96,Improved FQL-GTA,62.0
8,97,Baseline FQL,16.0
8,97,Improved FQL-GTA,73.0
8,98,Baseline FQL,20.0
8,98,Improved FQL-GTA,81.0
8,99,Baseline FQL,20.0
8,99,Improved FQL-GTA,56.0
8,100,Baseline FQL,14.0
8,100,Improved FQL-GTA,75.0
8,101,Baseline FQL,20.0
8,101,Improved FQL-GTA,75.0
8,102,Baseline FQL,13.0
8,102,Improved FQL-GTA,65.0
8,103,Baseline FQL,13.0
8,103,Improved FQL-GTA,85.0
8,104,Baseline FQL,14.0
8,104,Improved FQL-GTA,77.0
8,105,Baseline FQL,13.0
8,105,Improved FQL-GTA,77.0
8,106,Baseline FQL,19.0
8,106,Improved FQL-GTA,81.0
8,107,Baseline FQL,16.0
8,107,Improved FQL-GTA,81.0
8,108,Baseline FQL,13.0
8,108,Improved FQL-GTA,81.0
8,109,Baseline FQL,10.0
8,109,Improved FQL-GTA,12.0
8,110,Baseline FQL,15.0
8,110,Improved FQL-GTA,80.0
8,111,Baseline FQL,19.0
8,111,Improved FQL-GTA,87.0
8,112,Baseline FQL,13.0
8,112,Improved FQL-GTA,84.0
8,113,Baseline FQL,19.0
8,113,Improved FQL-GTA,79.0
8,114,Baseline FQL,13.0
8,114,Improved FQL-GTA,91.0
8,115,Baseline FQL,34.0
8,115,Improved FQL-GTA,80.0
8,116,Baseline FQL,24.0
8,116,Improved FQL-GTA,81.0
8,117,Baseline FQL,10.0
8,117,Improved FQL-GTA,92.0
8,118,Baseline FQL,19.0
8,118,Improved FQL-GTA,84.0
8,119,Baseline FQL,23.0
8,119,Improved FQL-GTA,88.0
8,120,Baseline FQL,17.0
8,120,Improved FQL-GTA,84.0
8,121,Baseline FQL,17.0
8,121,Improved FQL-GTA,89.0
8,122,Baseline FQL,13.0
8,122,Improved FQL-GTA,94.0
8,123,Baseline FQL,20.0
8,123,Improved FQL-GTA,80.0
8,124,Baseline FQL,17.0
8,124,Improved FQL-GTA,88.0
8,125,Baseline FQL,13.0
8,125,Improved FQL-GTA,94.0
8,126,Baseline FQL,19.0
8,126,Improved FQL-GTA,95.0
8,127,Baseline FQL,15.0
8,127,Improved FQL-GTA,14.0
8,128,Baseline FQL,11.0
8,128,Improved FQL-GTA,97.0
8,129,Baseline FQL,21.0
8,129,Improved FQL-GTA,87.0
8,130,Baseline FQL,19.0
8,130,Improved FQL-GTA,42.0
8,131,Baseline FQL,15.0
8,131,Improved FQL-GTA,100.0
8,132,Baseline FQL,18.0
8,132,Improved FQL-GTA,94.0
8,133,Baseline FQL,16.0
8,133,Improved FQL-GTA,109.0
8,134,Baseline FQL,27.0
8,134,Improved FQL-GTA,99.0
8,135,Baseline FQL,13.0
8,135,Improved FQL-GTA,103.0
8,136,Baseline FQL,15.0
8,136,Improved FQL-GTA,112.0
8,137,Baseline FQL,19.0
8,137,Improved FQL-GTA,98.0
8,138,Baseline FQL,13.0
8,138,Improved FQL-GTA,105.0
8,139,Baseline FQL,17.0
8,139,Improved FQL-GTA,104.0
8,140,Baseline FQL,15.0
8,140,Improved FQL-GTA,14.0
8,141,Baseline FQL,13.0
8,141,Improved FQL-GTA,112.0
8,142,Baseline FQL,21.0
8,142,Improved FQL-GTA,100.0
8,143,Baseline FQL,13.0
8,143,Improved FQL-GTA,118.0
8,144,Baseline FQL,15.0
8,144,Improved FQL-GTA,106.0
8,145,Baseline FQL,23.0
8,145,Improved FQL-GTA,101.0
8,146,Baseline FQL,20.0
8,146,Improved FQL-GTA,115.0
8,147,Baseline FQL,21.0
8,147,Improved FQL-GTA,110.0
8,148,Baseline FQL,20.0
8,148,Improved FQL-GTA,129.0
8,149,Baseline FQL,24.0
8,149,Improved FQL-GTA,114.0
8,150,Baseline FQL,19.0
8,150,Improved FQL-GTA,122.0
8,151,Baseline FQL,14.0
8,151,Improved FQL-GTA,133.0
8,152,Baseline FQL,18.0
8,152,Improved FQL-GTA,136.0
8,153,Baseline FQL,19.0
8,153,Improved FQL-GTA,166.0
8,154,Baseline FQL,20.0
8,154,Improved FQL-GTA,154.0
8,155,Baseline FQL,13.0
8,155,Improved FQL-GTA,130.0
8,156,Baseline FQL,15.0
8,156,Improved FQL-GTA,131.0
8,157,Baseline FQL,19.0
8,157,Improved FQL-GTA,124.0
8,158,Baseline FQL,11.0
8,158,Improved FQL-GTA,136.0
8,159,Baseline FQL,13.0
8,159,Improved FQL-GTA,157.0
8,160,Baseline FQL,17.0
8,160,Improved FQL-GTA,157.0
8,161,Baseline FQL,13.0
8,161,Improved FQL-GTA,122.0
8,162,Baseline FQL,15.0
8,162,Improved FQL-GTA,145.0
8,163,Baseline FQL,12.0
8,163,Improved FQL-GTA,163.0
8,164,Baseline FQL,15.0
8,164,Improved FQL-GTA,129.0
8,165,Baseline FQL,17.0
8,165,Improved FQL-GTA,140.0
8,166,Baseline FQL,19.0
8,166,Improved FQL-GTA,174.0
8,167,Baseline FQL,12.0
8,167,Improved FQL-GTA,153.0
8,168,Baseline FQL,24.0
8,168,Improved FQL-GTA,109.0
8,169,Baseline FQL,11.0
8,169,Improved FQL-GTA,130.0
8,170,Baseline FQL,17.0
8,170,Improved FQL-GTA,118.0
8,171,Baseline FQL,23.0
8,171,Improved FQL-GTA,168.0
8,172,Baseline FQL,13.0
8,172,Improved FQL-GTA,125.0
8,173,Baseline FQL,14.0
8,173,Improved FQL-GTA,132.0
8,174,Baseline FQL,16.0
8,174,Improved FQL-GTA,166.0
8,175,Baseline FQL,16.0
8,175,Improved FQL-GTA,145.0
8,176,Baseline FQL,14.0
8,176,Improved FQL-GTA,164.0
8,177,Baseline FQL,12.0
8,177,Improved FQL-GTA,103.0
8,178,Baseline FQL,17.0
8,178,Improved FQL-GTA,144.0
8,179,Baseline FQL,11.0
8,179,Improved FQL-GTA,139.0
8,180,Baseline FQL,16.0
8,180,Improved FQL-GTA,144.0
8,181,Baseline FQL,13.0
8,181,Improved FQL-GTA,14.0
8,182,Baseline FQL,16.0
8,182,Improved FQL-GTA,140.0
8,183,Baseline FQL,10.0
8,183,Improved FQL-GTA,105.0
8,184,Baseline FQL,24.0
8,184,Improved FQL-GTA,153.0
8,185,Baseline FQL,24.0
8,185,Improved FQL-GTA,156.0
8,186,Baseline FQL,14.0
8,186,Improved FQL-GTA,142.0
8,187,Baseline FQL,27.0
8,187,Improved FQL-GTA,169.0
8,188,Baseline FQL,11.0
8,188,Improved FQL-GTA,162.0
8,189,Baseline FQL,15.0
8,189,Improved FQL-GTA,163.0
8,190,Baseline FQL,19.0
8,190,Improved FQL-GTA,162.0
8,191,Baseline FQL,21.0
8,191,Improved FQL-GTA,156.0
8,192,Baseline FQL,22.0
8,192,Improved FQL-GTA,144.0
8,193,Baseline FQL,22.0
8,193,Improved FQL-GTA,150.0
8,194,Baseline FQL,15.0
8,194,Improved FQL-GTA,164.0
8,195,Baseline FQL,12.0
8,195,Improved FQL-GTA,164.0
8,196,Baseline FQL,21.0
8,196,Improved FQL-GTA,158.0
8,197,Baseline FQL,15.0
8,197,Improved FQL-GTA,169.0
8,198,Baseline FQL,12.0
8,198,Improved FQL-GTA,162.0
8,199,Baseline FQL,10.0
8,199,Improved FQL-GTA,154.0
8,200,Baseline FQL,11.0
8,200,Improved FQL-GTA,158.0
8,201,Baseline FQL,23.0
8,201,Improved FQL-GTA,134.0
8,202,Baseline FQL,15.0
8,202,Improved FQL-GTA,147.0
8,203,Baseline FQL,15.0
8,203,Improved FQL-GTA,151.0
8,204,Baseline FQL,21.0
8,204,Improved FQL-GTA,171.0
8,205,Baseline FQL,15.0
8,205,Improved FQL-GTA,162.0
8,206,Baseline FQL,17.0
8,206,Improved FQL-GTA,180.0
8,207,Baseline FQL,23.0
8,207,Improved FQL-GTA,164.0
8,208,Baseline FQL,13.0
8,208,Improved FQL-GTA,162.0
8,209,Baseline FQL,19.0
8,209,Improved FQL-GTA,148.0
8,210,Baseline FQL,17.0
8,210,Improved FQL-GTA,173.0
8,211,Baseline FQL,19.0
8,211,Improved FQL-GTA,168.0
8,212,Baseline FQL,17.0
8,212,Improved FQL-GTA,169.0
8,213,Baseline FQL,16.0
8,213,Improved FQL-GTA,170.0
8,214,Baseline FQL,17.0
8,214,Improved FQL-GTA,181.0
8,215,Baseline FQL,19.0
8,215,Improved FQL-GTA,192.0
8,216,Baseline FQL,19.0
8,216,Improved FQL-GTA,166.0
8,217,Baseline FQL,23.0
8,217,Improved FQL-GTA,155.0
8,218,Baseline FQL,17.0
8,218,Improved FQL-GTA,182.0
8,219,Baseline FQL,13.0
8,219,Improved FQL-GTA,195.0
8,220,Baseline FQL,34.0
8,220,Improved FQL-GTA,151.0
8,221,Baseline FQL,23.0
8,221,Improved FQL-GTA,163.0
8,222,Baseline FQL,33.0
8,222,Improved FQL-GTA,170.0
8,223,Baseline FQL,18.0
8,223,Improved FQL-GTA,224.0
8,224,Baseline FQL,31.0
8,224,Improved FQL-GTA,199.0
8,225,Baseline FQL,22.0
8,225,Improved FQL-GTA,198.0
8,226,Baseline FQL,31.0
8,226,Improved FQL-GTA,166.0
8,227,Baseline FQL,23.0
8,227,Improved FQL-GTA,176.0
8,228,Baseline FQL,32.0
8,228,Improved FQL-GTA,173.0
8,229,Baseline FQL,16.0
8,229,Improved FQL-GTA,198.0
8,230,Baseline FQL,27.0
8,230,Improved FQL-GTA,193.0
8,231,Baseline FQL,18.0
8,231,Improved FQL-GTA,239.0
8,232,Baseline FQL,20.0
8,232,Improved FQL-GTA,187.0
8,233,Baseline FQL,22.0
8,233,Improved FQL-GTA,182.0
8,234,Baseline FQL,22.0
8,234,Improved FQL-GTA,210.0
8,235,Baseline FQL,22.0
8,235,Improved FQL-GTA,185.0
8,236,Baseline FQL,19.0
8,236,Improved FQL-GTA,250.0
8,237,Baseline FQL,24.0
8,237,Improved FQL-GTA,236.0
8,238,Baseline FQL,23.0
8,238,Improved FQL-GTA,187.0
8,239,Baseline FQL,17.0
8,239,Improved FQL-GTA,222.0
8,240,Baseline FQL,26.0
8,240,Improved FQL-GTA,241.0
8,241,Baseline FQL,25.0
8,241,Improved FQL-GTA,216.0
8,242,Baseline FQL,23.0
8,242,Improved FQL-GTA,222.0
8,243,Baseline FQL,33.0
8,243,Improved FQL-GTA,170.0
8,244,Baseline FQL,29.0
8,244,Improved FQL-GTA,216.0
8,245,Baseline FQL,22.0
8,245,Improved FQL-GTA,228.0
8,246,Baseline FQL,30.0
8,246,Improved FQL-GTA,220.0
8,247,Baseline FQL,23.0
8,247,Improved FQL-GTA,219.0
8,248,Baseline FQL,20.0
8,248,Improved FQL-GTA,221.0
8,249,Baseline FQL,16.0
8,249,Improved FQL-GTA,246.0
8,250,Baseline FQL,24.0
8,250,Improved FQL-GTA,208.0
8,251,Baseline FQL,24.0
8,251,Improved FQL-GTA,199.0
8,252,Baseline FQL,24.0
8,252,Improved FQL-GTA,198.0
8,253,Baseline FQL,22.0
8,253,Improved FQL-GTA,208.0
8,254,Baseline FQL,19.0
8,254,Improved FQL-GTA,225.0
8,255,Baseline FQL,20.0
8,255,Improved FQL-GTA,228.0
8,256,Baseline FQL,27.0
8,256,Improved FQL-GTA,201.0
8,257,Baseline FQL,30.0
8,257,Improved FQL-GTA,201.0
8,258,Baseline FQL,17.0
8,258,Improved FQL-GTA,191.0
8,259,Baseline FQL,30.0
8,259,Improved FQL-GTA,234.0
8,260,Baseline FQL,22.0
8,260,Improved FQL-GTA,239.0
8,261,Baseline FQL,17.0
8,261,Improved FQL-GTA,339.0
8,262,Baseline FQL,44.0
8,262,Improved FQL-GTA,259.0
8,263,Baseline FQL,30.0
8,263,Improved FQL-GTA,282.0
8,264,Baseline FQL,24.0
8,264,Improved FQL-GTA,297.0
8,265,Baseline FQL,35.0
8,265,Improved FQL-GTA,272.0
8,266,Baseline FQL,19.0
8,266,Improved FQL-GTA,258.0
8,267,Baseline FQL,40.0
8,267,Improved FQL-GTA,215.0
8,268,Baseline FQL,26.0
8,268,Improved FQL-GTA,199.0
8,269,Baseline FQL,53.0
8,269,Improved FQL-GTA,228.0
8,270,Baseline FQL,30.0
8,270,Improved FQL-GTA,193.0
8,271,Baseline FQL,70.0
8,271,Improved FQL-GTA,210.0
8,272,Baseline FQL,37.0
8,272,Improved FQL-GTA,226.0
8,273,Baseline FQL,22.0
8,273,Improved FQL-GTA,266.0
8,274,Baseline FQL,59.0
8,274,Improved FQL-GTA,245.0
8,275,Baseline FQL,34.0
8,275,Improved FQL-GTA,229.0
8,276,Baseline FQL,54.0
8,276,Improved FQL-GTA,216.0
8,277,Baseline FQL,32.0
8,277,Improved FQL-GTA,232.0
8,278,Baseline FQL,18.0
8,278,Improved FQL-GTA,240.0
8,279,Baseline FQL,121.0
8,279,Improved FQL-GTA,252.0
8,280,Baseline FQL,34.0
8,280,Improved FQL-GTA,234.0
8,281,Baseline FQL,26.0
8,281,Improved FQL-GTA,282.0
8,282,Baseline FQL,53.0
8,282,Improved FQL-GTA,220.0
8,283,Baseline FQL,61.0
8,283,Improved FQL-GTA,241.0
8,284,Baseline FQL,36.0
8,284,Improved FQL-GTA,354.0
8,285,Baseline FQL,34.0
8,285,Improved FQL-GTA,302.0
8,286,Baseline FQL,84.0
8,286,Improved FQL-GTA,269.0
8,287,Baseline FQL,34.0
8,287,Improved FQL-GTA,224.0
8,288,Baseline FQL,25.0
8,288,Improved FQL-GTA,231.0
8,289,Baseline FQL,88.0
8,289,Improved FQL-GTA,316.0
8,290,Baseline FQL,39.0
8,290,Improved FQL-GTA,296.0
8,291,Baseline FQL,111.0
8,291,Improved FQL-GTA,310.0
8,292,Baseline FQL,124.0
8,292,Improved FQL-GTA,276.0
8,293,Baseline FQL,95.0
8,293,Improved FQL-GTA,269.0
8,294,Baseline FQL,44.0
8,294,Improved FQL-GTA,257.0
8,295,Baseline FQL,22.0
8,295,Improved FQL-GTA,318.0
8,296,Baseline FQL,37.0
8,296,Improved FQL-GTA,265.0
8,297,Baseline FQL,48.0
8,297,Improved FQL-GTA,283.0
8,298,Baseline FQL,52.0
8,298,Improved FQL-GTA,296.0
8,299,Baseline FQL,57.0
8,299,Improved FQL-GTA,241.0
8,300,Baseline FQL,117.0
8,300,Improved FQL-GTA,282.0
8,301,Baseline FQL,36.0
8,301,Improved FQL-GTA,258.0
8,302,Baseline FQL,28.0
8,302,Improved FQL-GTA,246.0
8,303,Baseline FQL,120.0
8,303,Improved FQL-GTA,265.0
8,304,Baseline FQL,51.0
8,304,Improved FQL-GTA,252.0
8,305,Baseline FQL,69.0
8,305,Improved FQL-GTA,227.0
8,306,Baseline FQL,67.0
8,306,Improved FQL-GTA,247.0
8,307,Baseline FQL,381.0
8,307,Improved FQL-GTA,247.0
8,308,Baseline FQL,100.0
8,308,Improved FQL-GTA,232.0
8,309,Baseline FQL,78.0
8,309,Improved FQL-GTA,229.0
8,310,Baseline FQL,226.0
8,310,Improved FQL-GTA,232.0
8,311,Baseline FQL,344.0
8,311,Improved FQL-GTA,218.0
8,312,Baseline FQL,31.0
8,312,Improved FQL-GTA,213.0
8,313,Baseline FQL,94.0
8,313,Improved FQL-GTA,229.0
8,314,Baseline FQL,100.0
8,314,Improved FQL-GTA,240.0
8,315,Baseline FQL,148.0
8,315,Improved FQL-GTA,216.0
8,316,Baseline FQL,268.0
8,316,Improved FQL-GTA,275.0
8,317,Baseline FQL,173.0
8,317,Improved FQL-GTA,238.0
8,318,Baseline FQL,102.0
8,318,Improved FQL-GTA,233.0
8,319,Baseline FQL,157.0
8,319,Improved FQL-GTA,240.0
8,320,Baseline FQL,145.0
8,320,Improved FQL-GTA,199.0
8,321,Baseline FQL,101.0
8,321,Improved FQL-GTA,220.0
8,322,Baseline FQL,216.0
8,322,Improved FQL-GTA,228.0
8,323,Baseline FQL,127.0
8,323,Improved FQL-GTA,249.0
8,324,Baseline FQL,284.0
8,324,Improved FQL-GTA,227.0
8,325,Baseline FQL,97.0
8,325,Improved FQL-GTA,233.0
8,326,Baseline FQL,147.0
8,326,Improved FQL-GTA,247.0
8,327,Baseline FQL,180.0
8,327,Improved FQL-GTA,199.0
8,328,Baseline FQL,143.0
8,328,Improved FQL-GTA,231.0
8,329,Baseline FQL,106.0
8,329,Improved FQL-GTA,233.0
8,330,Baseline FQL,165.0
8,330,Improved FQL-GTA,241.0
8,331,Baseline FQL,183.0
8,331,Improved FQL-GTA,243.0
8,332,Baseline FQL,32.0
8,332,Improved FQL-GTA,253.0
8,333,Baseline FQL,216.0
8,333,Improved FQL-GTA,233.0
8,334,Baseline FQL,280.0
8,334,Improved FQL-GTA,217.0
8,335,Baseline FQL,214.0
8,335,Improved FQL-GTA,199.0
8,336,Baseline FQL,103.0
8,336,Improved FQL-GTA,203.0
8,337,Baseline FQL,226.0
8,337,Improved FQL-GTA,248.0
8,338,Baseline FQL,236.0
8,338,Improved FQL-GTA,230.0
8,339,Baseline FQL,213.0
8,339,Improved FQL-GTA,226.0
8,340,Baseline FQL,245.0
8,340,Improved FQL-GTA,235.0
8,341,Baseline FQL,266.0
8,341,Improved FQL-GTA,247.0
8,342,Baseline FQL,308.0
8,342,Improved FQL-GTA,250.0
8,343,Baseline FQL,276.0
8,343,Improved FQL-GTA,253.0
8,344,Baseline FQL,222.0
8,344,Improved FQL-GTA,248.0
8,345,Baseline FQL,272.0
8,345,Improved FQL-GTA,272.0
8,346,Baseline FQL,233.0
8,346,Improved FQL-GTA,248.0
8,347,Baseline FQL,240.0
8,347,Improved FQL-GTA,247.0
8,348,Baseline FQL,317.0
8,348,Improved FQL-GTA,262.0
8,349,Baseline FQL,165.0
8,349,Improved FQL-GTA,325.0
8,350,Baseline FQL,140.0
8,350,Improved FQL-GTA,260.0
8,351,Baseline FQL,106.0
8,351,Improved FQL-GTA,283.0
8,352,Baseline FQL,206.0
8,352,Improved FQL-GTA,291.0
8,353,Baseline FQL,235.0
8,353,Improved FQL-GTA,320.0
8,354,Baseline FQL,260.0
8,354,Improved FQL-GTA,263.0
8,355,Baseline FQL,207.0
8,355,Improved FQL-GTA,267.0
8,356,Baseline FQL,131.0
8,356,Improved FQL-GTA,241.0
8,357,Baseline FQL,230.0
8,357,Improved FQL-GTA,261.0
8,358,Baseline FQL,469.0
8,358,Improved FQL-GTA,249.0
8,359,Baseline FQL,316.0
8,359,Improved FQL-GTA,270.0
8,360,Baseline FQL,349.0
8,360,Improved FQL-GTA,341.0
8,361,Baseline FQL,214.0
8,361,Improved FQL-GTA,333.0
8,362,Baseline FQL,200.0
8,362,Improved FQL-GTA,306.0
8,363,Baseline FQL,258.0
8,363,Improved FQL-GTA,339.0
8,364,Baseline FQL,264.0
8,364,Improved FQL-GTA,333.0
8,365,Baseline FQL,224.0
8,365,Improved FQL-GTA,352.0
8,366,Baseline FQL,253.0
8,366,Improved FQL-GTA,310.0
8,367,Baseline FQL,253.0
8,367,Improved FQL-GTA,363.0
8,368,Baseline FQL,241.0
8,368,Improved FQL-GTA,400.0
8,369,Baseline FQL,268.0
8,369,Improved FQL-GTA,286.0
8,370,Baseline FQL,251.0
8,370,Improved FQL-GTA,291.0
8,371,Baseline FQL,238.0
8,371,Improved FQL-GTA,283.0
8,372,Baseline FQL,280.0
8,372,Improved FQL-GTA,313.0
8,373,Baseline FQL,308.0
8,373,Improved FQL-GTA,334.0
8,374,Baseline FQL,236.0
8,374,Improved FQL-GTA,369.0
8,375,Baseline FQL,193.0
8,375,Improved FQL-GTA,381.0
8,376,Baseline FQL,197.0
8,376,Improved FQL-GTA,398.0
8,377,Baseline FQL,189.0
8,377,Improved FQL-GTA,422.0
8,378,Baseline FQL,212.0
8,378,Improved FQL-GTA,378.0
8,379,Baseline FQL,228.0
8,379,Improved FQL-GTA,404.0
8,380,Baseline FQL,268.0
8,380,Improved FQL-GTA,424.0
8,381,Baseline FQL,229.0
8,381,Improved FQL-GTA,500.0
8,382,Baseline FQL,246.0
8,382,Improved FQL-GTA,488.0
8,383,Baseline FQL,241.0
8,383,Improved FQL-GTA,440.0
8,384,Baseline FQL,243.0
8,384,Improved FQL-GTA,489.0
8,385,Baseline FQL,265.0
8,385,Improved FQL-GTA,425.0
8,386,Baseline FQL,288.0
8,386,Improved FQL-GTA,398.0
8,387,Baseline FQL,268.0
8,387,Improved FQL-GTA,387.0
8,388,Baseline FQL,280.0
8,388,Improved FQL-GTA,485.0
8,389,Baseline FQL,316.0
8,389,Improved FQL-GTA,372.0
8,390,Baseline FQL,244.0
8,390,Improved FQL-GTA,463.0
8,391,Baseline FQL,284.0
8,391,Improved FQL-GTA,382.0
8,392,Baseline FQL,230.0
8,392,Improved FQL-GTA,415.0
8,393,Baseline FQL,232.0
8,393,Improved FQL-GTA,440.0
8,394,Baseline FQL,383.0
8,394,Improved FQL-GTA,476.0
8,395,Baseline FQL,277.0
8,395,Improved FQL-GTA,439.0
8,396,Baseline FQL,238.0
8,396,Improved FQL-GTA,401.0
8,397,Baseline FQL,312.0
8,397,Improved FQL-GTA,350.0
8,398,Baseline FQL,246.0
8,398,Improved FQL-GTA,368.0
8,399,Baseline FQL,380.0
8,399,Improved FQL-GTA,459.0
8,400,Baseline FQL,276.0
8,400,Improved FQL-GTA,348.0
8,401,Baseline FQL,184.0
8,401,Improved FQL-GTA,356.0
8,402,Baseline FQL,133.0
8,402,Improved FQL-GTA,461.0
8,403,Baseline FQL,315.0
8,403,Improved FQL-GTA,388.0
8,404,Baseline FQL,238.0
8,404,Improved FQL-GTA,388.0
8,405,Baseline FQL,256.0
8,405,Improved FQL-GTA,335.0
8,406,Baseline FQL,310.0
8,406,Improved FQL-GTA,335.0
8,407,Baseline FQL,256.0
8,407,Improved FQL-GTA,478.0
8,408,Baseline FQL,245.0
8,408,Improved FQL-GTA,401.0
8,409,Baseline FQL,244.0
8,409,Improved FQL-GTA,437.0
8,410,Baseline FQL,230.0
8,410,Improved FQL-GTA,420.0
8,411,Baseline FQL,225.0
8,411,Improved FQL-GTA,415.0
8,412,Baseline FQL,246.0
8,412,Improved FQL-GTA,417.0
8,413,Baseline FQL,231.0
8,413,Improved FQL-GTA,461.0
8,414,Baseline FQL,343.0
8,414,Improved FQL-GTA,449.0
8,415,Baseline FQL,229.0
8,415,Improved FQL-GTA,492.0
8,416,Baseline FQL,284.0
8,416,Improved FQL-GTA,468.0
8,417,Baseline FQL,221.0
8,417,Improved FQL-GTA,437.0
8,418,Baseline FQL,219.0
8,418,Improved FQL-GTA,500.0
8,419,Baseline FQL,202.0
8,419,Improved FQL-GTA,500.0
8,420,Baseline FQL,240.0
8,420,Improved FQL-GTA,500.0
8,421,Baseline FQL,214.0
8,421,Improved FQL-GTA,500.0
8,422,Baseline FQL,309.0
8,422,Improved FQL-GTA,500.0
8,423,Baseline FQL,328.0
8,423,Improved FQL-GTA,500.0
8,424,Baseline FQL,265.0
8,424,Improved FQL-GTA,500.0
8,425,Baseline FQL,374.0
8,425,Improved FQL-GTA,500.0
8,426,Baseline FQL,261.0
8,426,Improved FQL-GTA,500.0
8,427,Baseline FQL,204.0
8,427,Improved FQL-GTA,500.0
8,428,Baseline FQL,219.0
8,428,Improved FQL-GTA,500.0
8,429,Baseline FQL,235.0
8,429,Improved FQL-GTA,500.0
8,430,Baseline FQL,303.0
8,430,Improved FQL-GTA,500.0
8,431,Baseline FQL,310.0
8,431,Improved FQL-GTA,500.0
8,432,Baseline FQL,223.0
8,432,Improved FQL-GTA,500.0
8,433,Baseline FQL,460.0
8,433,Improved FQL-GTA,500.0
8,434,Baseline FQL,286.0
8,434,Improved FQL-GTA,500.0
8,435,Baseline FQL,334.0
8,435,Improved FQL-GTA,482.0
8,436,Baseline FQL,277.0
8,436,Improved FQL-GTA,500.0
8,437,Baseline FQL,367.0
8,437,Improved FQL-GTA,500.0
8,438,Baseline FQL,288.0
8,438,Improved FQL-GTA,500.0
8,439,Baseline FQL,261.0
8,439,Improved FQL-GTA,370.0
8,440,Baseline FQL,272.0
8,440,Improved FQL-GTA,454.0
8,441,Baseline FQL,248.0
8,441,Improved FQL-GTA,393.0
8,442,Baseline FQL,304.0
8,442,Improved FQL-GTA,422.0
8,443,Baseline FQL,276.0
8,443,Improved FQL-GTA,403.0
8,444,Baseline FQL,226.0
8,444,Improved FQL-GTA,471.0
8,445,Baseline FQL,250.0
8,445,Improved FQL-GTA,459.0
8,446,Baseline FQL,245.0
8,446,Improved FQL-GTA,458.0
8,447,Baseline FQL,342.0
8,447,Improved FQL-GTA,500.0
8,448,Baseline FQL,248.0
8,448,Improved FQL-GTA,500.0
8,449,Baseline FQL,248.0
8,449,Improved FQL-GTA,412.0
8,450,Baseline FQL,293.0
8,450,Improved FQL-GTA,500.0
8,451,Baseline FQL,198.0
8,451,Improved FQL-GTA,421.0
8,452,Baseline FQL,282.0
8,452,Improved FQL-GTA,454.0
8,453,Baseline FQL,273.0
8,453,Improved FQL-GTA,496.0
8,454,Baseline FQL,323.0
8,454,Improved FQL-GTA,395.0
8,455,Baseline FQL,240.0
8,455,Improved FQL-GTA,500.0
8,456,Baseline FQL,246.0
8,456,Improved FQL-GTA,482.0
8,457,Baseline FQL,250.0
8,457,Improved FQL-GTA,478.0
8,458,Baseline FQL,265.0
8,458,Improved FQL-GTA,429.0
8,459,Baseline FQL,248.0
8,459,Improved FQL-GTA,500.0
8,460,Baseline FQL,235.0
8,460,Improved FQL-GTA,483.0
8,461,Baseline FQL,249.0
8,461,Improved FQL-GTA,488.0
8,462,Baseline FQL,242.0
8,462,Improved FQL-GTA,447.0
8,463,Baseline FQL,365.0
8,463,Improved FQL-GTA,427.0
8,464,Baseline FQL,223.0
8,464,Improved FQL-GTA,449.0
8,465,Baseline FQL,343.0
8,465,Improved FQL-GTA,498.0
8,466,Baseline FQL,248.0
8,466,Improved FQL-GTA,463.0
8,467,Baseline FQL,262.0
8,467,Improved FQL-GTA,438.0
8,468,Baseline FQL,291.0
8,468,Improved FQL-GTA,500.0
8,469,Baseline FQL,318.0
8,469,Improved FQL-GTA,500.0
8,470,Baseline FQL,372.0
8,470,Improved FQL-GTA,460.0
8,471,Baseline FQL,253.0
8,471,Improved FQL-GTA,432.0
8,472,Baseline FQL,276.0
8,472,Improved FQL-GTA,500.0
8,473,Baseline FQL,256.0
8,473,Improved FQL-GTA,494.0
8,474,Baseline FQL,261.0
8,474,Improved FQL-GTA,444.0
8,475,Baseline FQL,269.0
8,475,Improved FQL-GTA,500.0
8,476,Baseline FQL,345.0
8,476,Improved FQL-GTA,424.0
8,477,Baseline FQL,252.0
8,477,Improved FQL-GTA,485.0
8,478,Baseline FQL,283.0
8,478,Improved FQL-GTA,461.0
8,479,Baseline FQL,275.0
8,479,Improved FQL-GTA,474.0
8,480,Baseline FQL,284.0
8,480,Improved FQL-GTA,441.0
8,481,Baseline FQL,322.0
8,481,Improved FQL-GTA,444.0
8,482,Baseline FQL,359.0
8,482,Improved FQL-GTA,469.0
8,483,Baseline FQL,305.0
8,483,Improved FQL-GTA,494.0
8,484,Baseline FQL,370.0
8,484,Improved FQL-GTA,455.0
8,485,Baseline FQL,260.0
8,485,Improved FQL-GTA,500.0
8,486,Baseline FQL,235.0
8,486,Improved FQL-GTA,500.0
8,487,Baseline FQL,222.0
8,487,Improved FQL-GTA,500.0
8,488,Baseline FQL,234.0
8,488,Improved FQL-GTA,498.0
8,489,Baseline FQL,88.0
8,489,Improved FQL-GTA,490.0
8,490,Baseline FQL,268.0
8,490,Improved FQL-GTA,500.0
8,491,Baseline FQL,296.0
8,491,Improved FQL-GTA,500.0
8,492,Baseline FQL,273.0
8,492,Improved FQL-GTA,500.0
8,493,Baseline FQL,341.0
8,493,Improved FQL-GTA,500.0
8,494,Baseline FQL,263.0
8,494,Improved FQL-GTA,500.0
8,495,Baseline FQL,266.0
8,495,Improved FQL-GTA,500.0
8,496,Baseline FQL,239.0
8,496,Improved FQL-GTA,500.0
8,497,Baseline FQL,227.0
8,497,Improved FQL-GTA,500.0
8,498,Baseline FQL,143.0
8,498,Improved FQL-GTA,500.0
8,499,Baseline FQL,299.0
8,499,Improved FQL-GTA,500.0
8,500,Baseline FQL,276.0
8,500,Improved FQL-GTA,500.0
9,1,Baseline FQL,9.0
9,1,Improved FQL-GTA,9.0
9,2,Baseline FQL,9.0
9,2,Improved FQL-GTA,39.0
9,3,Baseline FQL,9.0
9,3,Improved FQL-GTA,11.0
9,4,Baseline FQL,12.0
9,4,Improved FQL-GTA,11.0
9,5,Baseline FQL,9.0
9,5,Improved FQL-GTA,89.0
9,6,Baseline FQL,9.0
9,6,Improved FQL-GTA,11.0
9,7,Baseline FQL,10.0
9,7,Improved FQL-GTA,12.0
9,8,Baseline FQL,10.0
9,8,Improved FQL-GTA,13.0
9,9,Baseline FQL,9.0
9,9,Improved FQL-GTA,23.0
9,10,Baseline FQL,10.0
9,10,Improved FQL-GTA,17.0
9,11,Baseline FQL,12.0
9,11,Improved FQL-GTA,49.0
9,12,Baseline FQL,10.0
9,12,Improved FQL-GTA,26.0
9,13,Baseline FQL,9.0
9,13,Improved FQL-GTA,42.0
9,14,Baseline FQL,11.0
9,14,Improved FQL-GTA,14.0
9,15,Baseline FQL,10.0
9,15,Improved FQL-GTA,41.0
9,16,Baseline FQL,9.0
9,16,Improved FQL-GTA,106.0
9,17,Baseline FQL,10.0
9,17,Improved FQL-GTA,16.0
9,18,Baseline FQL,10.0
9,18,Improved FQL-GTA,75.0
9,19,Baseline FQL,10.0
9,19,Improved FQL-GTA,65.0
9,20,Baseline FQL,9.0
9,20,Improved FQL-GTA,48.0
9,21,Baseline FQL,9.0
9,21,Improved FQL-GTA,44.0
9,22,Baseline FQL,12.0
9,22,Improved FQL-GTA,22.0
9,23,Baseline FQL,9.0
9,23,Improved FQL-GTA,37.0
9,24,Baseline FQL,10.0
9,24,Improved FQL-GTA,24.0
9,25,Baseline FQL,8.0
9,25,Improved FQL-GTA,15.0
9,26,Baseline FQL,11.0
9,26,Improved FQL-GTA,27.0
9,27,Baseline FQL,9.0
9,27,Improved FQL-GTA,24.0
9,28,Baseline FQL,8.0
9,28,Improved FQL-GTA,26.0
9,29,Baseline FQL,10.0
9,29,Improved FQL-GTA,23.0
9,30,Baseline FQL,13.0
9,30,Improved FQL-GTA,19.0
9,31,Baseline FQL,10.0
9,31,Improved FQL-GTA,65.0
9,32,Baseline FQL,8.0
9,32,Improved FQL-GTA,16.0
9,33,Baseline FQL,11.0
9,33,Improved FQL-GTA,32.0
9,34,Baseline FQL,8.0
9,34,Improved FQL-GTA,59.0
9,35,Baseline FQL,11.0
9,35,Improved FQL-GTA,51.0
9,36,Baseline FQL,9.0
9,36,Improved FQL-GTA,52.0
9,37,Baseline FQL,9.0
9,37,Improved FQL-GTA,32.0
9,38,Baseline FQL,10.0
9,38,Improved FQL-GTA,31.0
9,39,Baseline FQL,10.0
9,39,Improved FQL-GTA,41.0
9,40,Baseline FQL,9.0
9,40,Improved FQL-GTA,35.0
9,41,Baseline FQL,10.0
9,41,Improved FQL-GTA,38.0
9,42,Baseline FQL,11.0
9,42,Improved FQL-GTA,68.0
9,43,Baseline FQL,12.0
9,43,Improved FQL-GTA,55.0
9,44,Baseline FQL,10.0
9,44,Improved FQL-GTA,68.0
9,45,Baseline FQL,10.0
9,45,Improved FQL-GTA,68.0
9,46,Baseline FQL,10.0
9,46,Improved FQL-GTA,70.0
9,47,Baseline FQL,10.0
9,47,Improved FQL-GTA,70.0
9,48,Baseline FQL,8.0
9,48,Improved FQL-GTA,43.0
9,49,Baseline FQL,9.0
9,49,Improved FQL-GTA,43.0
9,50,Baseline FQL,11.0
9,50,Improved FQL-GTA,79.0
9,51,Baseline FQL,11.0
9,51,Improved FQL-GTA,80.0
9,52,Baseline FQL,10.0
9,52,Improved FQL-GTA,42.0
9,53,Baseline FQL,9.0
9,53,Improved FQL-GTA,20.0
9,54,Baseline FQL,9.0
9,54,Improved FQL-GTA,84.0
9,55,Baseline FQL,13.0
9,55,Improved FQL-GTA,94.0
9,56,Baseline FQL,10.0
9,56,Improved FQL-GTA,74.0
9,57,Baseline FQL,10.0
9,57,Improved FQL-GTA,100.0
9,58,Baseline FQL,10.0
9,58,Improved FQL-GTA,68.0
9,59,Baseline FQL,9.0
9,59,Improved FQL-GTA,34.0
9,60,Baseline FQL,9.0
9,60,Improved FQL-GTA,83.0
9,61,Baseline FQL,8.0
9,61,Improved FQL-GTA,95.0
9,62,Baseline FQL,10.0
9,62,Improved FQL-GTA,85.0
9,63,Baseline FQL,9.0
9,63,Improved FQL-GTA,92.0
9,64,Baseline FQL,10.0
9,64,Improved FQL-GTA,85.0
9,65,Baseline FQL,14.0
9,65,Improved FQL-GTA,106.0
9,66,Baseline FQL,11.0
9,66,Improved FQL-GTA,91.0
9,67,Baseline FQL,10.0
9,67,Improved FQL-GTA,80.0
9,68,Baseline FQL,9.0
9,68,Improved FQL-GTA,82.0
9,69,Baseline FQL,10.0
9,69,Improved FQL-GTA,82.0
9,70,Baseline FQL,9.0
9,70,Improved FQL-GTA,70.0
9,71,Baseline FQL,9.0
9,71,Improved FQL-GTA,75.0
9,72,Baseline FQL,11.0
9,72,Improved FQL-GTA,74.0
9,73,Baseline FQL,8.0
9,73,Improved FQL-GTA,98.0
9,74,Baseline FQL,10.0
9,74,Improved FQL-GTA,86.0
9,75,Baseline FQL,9.0
9,75,Improved FQL-GTA,98.0
9,76,Baseline FQL,9.0
9,76,Improved FQL-GTA,91.0
9,77,Baseline FQL,9.0
9,77,Improved FQL-GTA,103.0
9,78,Baseline FQL,9.0
9,78,Improved FQL-GTA,18.0
9,79,Baseline FQL,10.0
9,79,Improved FQL-GTA,72.0
9,80,Baseline FQL,9.0
9,80,Improved FQL-GTA,94.0
9,81,Baseline FQL,9.0
9,81,Improved FQL-GTA,109.0
9,82,Baseline FQL,9.0
9,82,Improved FQL-GTA,86.0
9,83,Baseline FQL,9.0
9,83,Improved FQL-GTA,81.0
9,84,Baseline FQL,10.0
9,84,Improved FQL-GTA,88.0
9,85,Baseline FQL,10.0
9,85,Improved FQL-GTA,84.0
9,86,Baseline FQL,9.0
9,86,Improved FQL-GTA,95.0
9,87,Baseline FQL,10.0
9,87,Improved FQL-GTA,88.0
9,88,Baseline FQL,9.0
9,88,Improved FQL-GTA,103.0
9,89,Baseline FQL,10.0
9,89,Improved FQL-GTA,27.0
9,90,Baseline FQL,10.0
9,90,Improved FQL-GTA,89.0
9,91,Baseline FQL,9.0
9,91,Improved FQL-GTA,81.0
9,92,Baseline FQL,10.0
9,92,Improved FQL-GTA,102.0
9,93,Baseline FQL,9.0
9,93,Improved FQL-GTA,85.0
9,94,Baseline FQL,9.0
9,94,Improved FQL-GTA,91.0
9,95,Baseline FQL,10.0
9,95,Improved FQL-GTA,93.0
9,96,Baseline FQL,10.0
9,96,Improved FQL-GTA,100.0
9,97,Baseline FQL,10.0
9,97,Improved FQL-GTA,111.0
9,98,Baseline FQL,10.0
9,98,Improved FQL-GTA,117.0
9,99,Baseline FQL,10.0
9,99,Improved FQL-GTA,102.0
9,100,Baseline FQL,10.0
9,100,Improved FQL-GTA,111.0
9,101,Baseline FQL,9.0
9,101,Improved FQL-GTA,110.0
9,102,Baseline FQL,9.0
9,102,Improved FQL-GTA,97.0
9,103,Baseline FQL,9.0
9,103,Improved FQL-GTA,108.0
9,104,Baseline FQL,9.0
9,104,Improved FQL-GTA,107.0
9,105,Baseline FQL,10.0
9,105,Improved FQL-GTA,122.0
9,106,Baseline FQL,11.0
9,106,Improved FQL-GTA,117.0
9,107,Baseline FQL,10.0
9,107,Improved FQL-GTA,106.0
9,108,Baseline FQL,12.0
9,108,Improved FQL-GTA,86.0
9,109,Baseline FQL,14.0
9,109,Improved FQL-GTA,111.0
9,110,Baseline FQL,10.0
9,110,Improved FQL-GTA,93.0
9,111,Baseline FQL,12.0
9,111,Improved FQL-GTA,94.0
9,112,Baseline FQL,21.0
9,112,Improved FQL-GTA,104.0
9,113,Baseline FQL,11.0
9,113,Improved FQL-GTA,105.0
9,114,Baseline FQL,17.0
9,114,Improved FQL-GTA,119.0
9,115,Baseline FQL,19.0
9,115,Improved FQL-GTA,118.0
9,116,Baseline FQL,11.0
9,116,Improved FQL-GTA,103.0
9,117,Baseline FQL,21.0
9,117,Improved FQL-GTA,14.0
9,118,Baseline FQL,21.0
9,118,Improved FQL-GTA,116.0
9,119,Baseline FQL,18.0
9,119,Improved FQL-GTA,106.0
9,120,Baseline FQL,16.0
9,120,Improved FQL-GTA,99.0
9,121,Baseline FQL,11.0
9,121,Improved FQL-GTA,101.0
9,122,Baseline FQL,18.0
9,122,Improved FQL-GTA,105.0
9,123,Baseline FQL,17.0
9,123,Improved FQL-GTA,111.0
9,124,Baseline FQL,13.0
9,124,Improved FQL-GTA,100.0
9,125,Baseline FQL,18.0
9,125,Improved FQL-GTA,88.0
9,126,Baseline FQL,16.0
9,126,Improved FQL-GTA,109.0
9,127,Baseline FQL,10.0
9,127,Improved FQL-GTA,96.0
9,128,Baseline FQL,23.0
9,128,Improved FQL-GTA,109.0
9,129,Baseline FQL,17.0
9,129,Improved FQL-GTA,128.0
9,130,Baseline FQL,13.0
9,130,Improved FQL-GTA,113.0
9,131,Baseline FQL,23.0
9,131,Improved FQL-GTA,109.0
9,132,Baseline FQL,15.0
9,132,Improved FQL-GTA,103.0
9,133,Baseline FQL,26.0
9,133,Improved FQL-GTA,123.0
9,134,Baseline FQL,16.0
9,134,Improved FQL-GTA,115.0
9,135,Baseline FQL,15.0
9,135,Improved FQL-GTA,103.0
9,136,Baseline FQL,20.0
9,136,Improved FQL-GTA,119.0
9,137,Baseline FQL,14.0
9,137,Improved FQL-GTA,115.0
9,138,Baseline FQL,17.0
9,138,Improved FQL-GTA,111.0
9,139,Baseline FQL,15.0
9,139,Improved FQL-GTA,114.0
9,140,Baseline FQL,14.0
9,140,Improved FQL-GTA,111.0
9,141,Baseline FQL,21.0
9,141,Improved FQL-GTA,123.0
9,142,Baseline FQL,13.0
9,142,Improved FQL-GTA,131.0
9,143,Baseline FQL,13.0
9,143,Improved FQL-GTA,153.0
9,144,Baseline FQL,23.0
9,144,Improved FQL-GTA,113.0
9,145,Baseline FQL,21.0
9,145,Improved FQL-GTA,149.0
9,146,Baseline FQL,17.0
9,146,Improved FQL-GTA,108.0
9,147,Baseline FQL,21.0
9,147,Improved FQL-GTA,126.0
9,148,Baseline FQL,25.0
9,148,Improved FQL-GTA,165.0
9,149,Baseline FQL,19.0
9,149,Improved FQL-GTA,164.0
9,150,Baseline FQL,15.0
9,150,Improved FQL-GTA,134.0
9,151,Baseline FQL,21.0
9,151,Improved FQL-GTA,162.0
9,152,Baseline FQL,19.0
9,152,Improved FQL-GTA,131.0
9,153,Baseline FQL,20.0
9,153,Improved FQL-GTA,146.0
9,154,Baseline FQL,13.0
9,154,Improved FQL-GTA,134.0
9,155,Baseline FQL,15.0
9,155,Improved FQL-GTA,148.0
9,156,Baseline FQL,16.0
9,156,Improved FQL-GTA,146.0
9,157,Baseline FQL,12.0
9,157,Improved FQL-GTA,135.0
9,158,Baseline FQL,15.0
9,158,Improved FQL-GTA,164.0
9,159,Baseline FQL,15.0
9,159,Improved FQL-GTA,164.0
9,160,Baseline FQL,12.0
9,160,Improved FQL-GTA,144.0
9,161,Baseline FQL,15.0
9,161,Improved FQL-GTA,151.0
9,162,Baseline FQL,11.0
9,162,Improved FQL-GTA,121.0
9,163,Baseline FQL,15.0
9,163,Improved FQL-GTA,164.0
9,164,Baseline FQL,15.0
9,164,Improved FQL-GTA,120.0
9,165,Baseline FQL,19.0
9,165,Improved FQL-GTA,141.0
9,166,Baseline FQL,11.0
9,166,Improved FQL-GTA,156.0
9,167,Baseline FQL,23.0
9,167,Improved FQL-GTA,191.0
9,168,Baseline FQL,11.0
9,168,Improved FQL-GTA,152.0
9,169,Baseline FQL,14.0
9,169,Improved FQL-GTA,154.0
9,170,Baseline FQL,25.0
9,170,Improved FQL-GTA,174.0
9,171,Baseline FQL,11.0
9,171,Improved FQL-GTA,139.0
9,172,Baseline FQL,19.0
9,172,Improved FQL-GTA,168.0
9,173,Baseline FQL,15.0
9,173,Improved FQL-GTA,150.0
9,174,Baseline FQL,17.0
9,174,Improved FQL-GTA,176.0
9,175,Baseline FQL,15.0
9,175,Improved FQL-GTA,128.0
9,176,Baseline FQL,11.0
9,176,Improved FQL-GTA,163.0
9,177,Baseline FQL,17.0
9,177,Improved FQL-GTA,160.0
9,178,Baseline FQL,14.0
9,178,Improved FQL-GTA,148.0
9,179,Baseline FQL,16.0
9,179,Improved FQL-GTA,192.0
9,180,Baseline FQL,11.0
9,180,Improved FQL-GTA,154.0
9,181,Baseline FQL,15.0
9,181,Improved FQL-GTA,189.0
9,182,Baseline FQL,10.0
9,182,Improved FQL-GTA,161.0
9,183,Baseline FQL,20.0
9,183,Improved FQL-GTA,189.0
9,184,Baseline FQL,34.0
9,184,Improved FQL-GTA,203.0
9,185,Baseline FQL,14.0
9,185,Improved FQL-GTA,183.0
9,186,Baseline FQL,20.0
9,186,Improved FQL-GTA,186.0
9,187,Baseline FQL,11.0
9,187,Improved FQL-GTA,214.0
9,188,Baseline FQL,13.0
9,188,Improved FQL-GTA,180.0
9,189,Baseline FQL,13.0
9,189,Improved FQL-GTA,223.0
9,190,Baseline FQL,23.0
9,190,Improved FQL-GTA,186.0
9,191,Baseline FQL,29.0
9,191,Improved FQL-GTA,200.0
9,192,Baseline FQL,25.0
9,192,Improved FQL-GTA,213.0
9,193,Baseline FQL,17.0
9,193,Improved FQL-GTA,188.0
9,194,Baseline FQL,17.0
9,194,Improved FQL-GTA,169.0
9,195,Baseline FQL,22.0
9,195,Improved FQL-GTA,233.0
9,196,Baseline FQL,15.0
9,196,Improved FQL-GTA,205.0
9,197,Baseline FQL,12.0
9,197,Improved FQL-GTA,208.0
9,198,Baseline FQL,11.0
9,198,Improved FQL-GTA,191.0
9,199,Baseline FQL,11.0
9,199,Improved FQL-GTA,195.0
9,200,Baseline FQL,19.0
9,200,Improved FQL-GTA,207.0
9,201,Baseline FQL,14.0
9,201,Improved FQL-GTA,231.0
9,202,Baseline FQL,16.0
9,202,Improved FQL-GTA,225.0
9,203,Baseline FQL,19.0
9,203,Improved FQL-GTA,231.0
9,204,Baseline FQL,14.0
9,204,Improved FQL-GTA,203.0
9,205,Baseline FQL,17.0
9,205,Improved FQL-GTA,204.0
9,206,Baseline FQL,21.0
9,206,Improved FQL-GTA,217.0
9,207,Baseline FQL,9.0
9,207,Improved FQL-GTA,191.0
9,208,Baseline FQL,18.0
9,208,Improved FQL-GTA,188.0
9,209,Baseline FQL,13.0
9,209,Improved FQL-GTA,202.0
9,210,Baseline FQL,17.0
9,210,Improved FQL-GTA,207.0
9,211,Baseline FQL,17.0
9,211,Improved FQL-GTA,194.0
9,212,Baseline FQL,17.0
9,212,Improved FQL-GTA,222.0
9,213,Baseline FQL,13.0
9,213,Improved FQL-GTA,211.0
9,214,Baseline FQL,19.0
9,214,Improved FQL-GTA,193.0
9,215,Baseline FQL,20.0
9,215,Improved FQL-GTA,199.0
9,216,Baseline FQL,20.0
9,216,Improved FQL-GTA,235.0
9,217,Baseline FQL,15.0
9,217,Improved FQL-GTA,207.0
9,218,Baseline FQL,17.0
9,218,Improved FQL-GTA,174.0
9,219,Baseline FQL,26.0
9,219,Improved FQL-GTA,233.0
9,220,Baseline FQL,15.0
9,220,Improved FQL-GTA,236.0
9,221,Baseline FQL,27.0
9,221,Improved FQL-GTA,239.0
9,222,Baseline FQL,18.0
9,222,Improved FQL-GTA,215.0
9,223,Baseline FQL,25.0
9,223,Improved FQL-GTA,262.0
9,224,Baseline FQL,21.0
9,224,Improved FQL-GTA,235.0
9,225,Baseline FQL,29.0
9,225,Improved FQL-GTA,287.0
9,226,Baseline FQL,25.0
9,226,Improved FQL-GTA,252.0
9,227,Baseline FQL,31.0
9,227,Improved FQL-GTA,313.0
9,228,Baseline FQL,15.0
9,228,Improved FQL-GTA,225.0
9,229,Baseline FQL,28.0
9,229,Improved FQL-GTA,235.0
9,230,Baseline FQL,15.0
9,230,Improved FQL-GTA,181.0
9,231,Baseline FQL,24.0
9,231,Improved FQL-GTA,245.0
9,232,Baseline FQL,19.0
9,232,Improved FQL-GTA,250.0
9,233,Baseline FQL,31.0
9,233,Improved FQL-GTA,259.0
9,234,Baseline FQL,25.0
9,234,Improved FQL-GTA,240.0
9,235,Baseline FQL,18.0
9,235,Improved FQL-GTA,218.0
9,236,Baseline FQL,33.0
9,236,Improved FQL-GTA,249.0
9,237,Baseline FQL,34.0
9,237,Improved FQL-GTA,273.0
9,238,Baseline FQL,19.0
9,238,Improved FQL-GTA,240.0
9,239,Baseline FQL,26.0
9,239,Improved FQL-GTA,210.0
9,240,Baseline FQL,29.0
9,240,Improved FQL-GTA,215.0
9,241,Baseline FQL,20.0
9,241,Improved FQL-GTA,200.0
9,242,Baseline FQL,33.0
9,242,Improved FQL-GTA,214.0
9,243,Baseline FQL,23.0
9,243,Improved FQL-GTA,205.0
9,244,Baseline FQL,20.0
9,244,Improved FQL-GTA,198.0
9,245,Baseline FQL,32.0
9,245,Improved FQL-GTA,217.0
9,246,Baseline FQL,24.0
9,246,Improved FQL-GTA,202.0
9,247,Baseline FQL,21.0
9,247,Improved FQL-GTA,191.0
9,248,Baseline FQL,15.0
9,248,Improved FQL-GTA,198.0
9,249,Baseline FQL,23.0
9,249,Improved FQL-GTA,200.0
9,250,Baseline FQL,26.0
9,250,Improved FQL-GTA,224.0
9,251,Baseline FQL,22.0
9,251,Improved FQL-GTA,206.0
9,252,Baseline FQL,28.0
9,252,Improved FQL-GTA,203.0
9,253,Baseline FQL,17.0
9,253,Improved FQL-GTA,197.0
9,254,Baseline FQL,13.0
9,254,Improved FQL-GTA,206.0
9,255,Baseline FQL,32.0
9,255,Improved FQL-GTA,243.0
9,256,Baseline FQL,46.0
9,256,Improved FQL-GTA,244.0
9,257,Baseline FQL,35.0
9,257,Improved FQL-GTA,223.0
9,258,Baseline FQL,17.0
9,258,Improved FQL-GTA,236.0
9,259,Baseline FQL,24.0
9,259,Improved FQL-GTA,227.0
9,260,Baseline FQL,16.0
9,260,Improved FQL-GTA,229.0
9,261,Baseline FQL,53.0
9,261,Improved FQL-GTA,223.0
9,262,Baseline FQL,21.0
9,262,Improved FQL-GTA,222.0
9,263,Baseline FQL,27.0
9,263,Improved FQL-GTA,196.0
9,264,Baseline FQL,40.0
9,264,Improved FQL-GTA,214.0
9,265,Baseline FQL,22.0
9,265,Improved FQL-GTA,196.0
9,266,Baseline FQL,56.0
9,266,Improved FQL-GTA,220.0
9,267,Baseline FQL,84.0
9,267,Improved FQL-GTA,238.0
9,268,Baseline FQL,49.0
9,268,Improved FQL-GTA,227.0
9,269,Baseline FQL,55.0
9,269,Improved FQL-GTA,229.0
9,270,Baseline FQL,36.0
9,270,Improved FQL-GTA,208.0
9,271,Baseline FQL,194.0
9,271,Improved FQL-GTA,186.0
9,272,Baseline FQL,28.0
9,272,Improved FQL-GTA,153.0
9,273,Baseline FQL,44.0
9,273,Improved FQL-GTA,186.0
9,274,Baseline FQL,37.0
9,274,Improved FQL-GTA,214.0
9,275,Baseline FQL,59.0
9,275,Improved FQL-GTA,258.0
9,276,Baseline FQL,40.0
9,276,Improved FQL-GTA,236.0
9,277,Baseline FQL,33.0
9,277,Improved FQL-GTA,227.0
9,278,Baseline FQL,55.0
9,278,Improved FQL-GTA,240.0
9,279,Baseline FQL,31.0
9,279,Improved FQL-GTA,201.0
9,280,Baseline FQL,47.0
9,280,Improved FQL-GTA,188.0
9,281,Baseline FQL,219.0
9,281,Improved FQL-GTA,219.0
9,282,Baseline FQL,31.0
9,282,Improved FQL-GTA,213.0
9,283,Baseline FQL,134.0
9,283,Improved FQL-GTA,204.0
9,284,Baseline FQL,132.0
9,284,Improved FQL-GTA,203.0
9,285,Baseline FQL,76.0
9,285,Improved FQL-GTA,214.0
9,286,Baseline FQL,37.0
9,286,Improved FQL-GTA,228.0
9,287,Baseline FQL,24.0
9,287,Improved FQL-GTA,228.0
9,288,Baseline FQL,90.0
9,288,Improved FQL-GTA,242.0
9,289,Baseline FQL,39.0
9,289,Improved FQL-GTA,229.0
9,290,Baseline FQL,101.0
9,290,Improved FQL-GTA,216.0
9,291,Baseline FQL,47.0
9,291,Improved FQL-GTA,221.0
9,292,Baseline FQL,81.0
9,292,Improved FQL-GTA,205.0
9,293,Baseline FQL,63.0
9,293,Improved FQL-GTA,208.0
9,294,Baseline FQL,29.0
9,294,Improved FQL-GTA,186.0
9,295,Baseline FQL,39.0
9,295,Improved FQL-GTA,222.0
9,296,Baseline FQL,265.0
9,296,Improved FQL-GTA,200.0
9,297,Baseline FQL,37.0
9,297,Improved FQL-GTA,206.0
9,298,Baseline FQL,104.0
9,298,Improved FQL-GTA,221.0
9,299,Baseline FQL,63.0
9,299,Improved FQL-GTA,192.0
9,300,Baseline FQL,60.0
9,300,Improved FQL-GTA,208.0
9,301,Baseline FQL,277.0
9,301,Improved FQL-GTA,199.0
9,302,Baseline FQL,218.0
9,302,Improved FQL-GTA,190.0
9,303,Baseline FQL,276.0
9,303,Improved FQL-GTA,210.0
9,304,Baseline FQL,115.0
9,304,Improved FQL-GTA,236.0
9,305,Baseline FQL,51.0
9,305,Improved FQL-GTA,212.0
9,306,Baseline FQL,127.0
9,306,Improved FQL-GTA,221.0
9,307,Baseline FQL,100.0
9,307,Improved FQL-GTA,247.0
9,308,Baseline FQL,121.0
9,308,Improved FQL-GTA,272.0
9,309,Baseline FQL,278.0
9,309,Improved FQL-GTA,237.0
9,310,Baseline FQL,285.0
9,310,Improved FQL-GTA,265.0
9,311,Baseline FQL,186.0
9,311,Improved FQL-GTA,247.0
9,312,Baseline FQL,51.0
9,312,Improved FQL-GTA,257.0
9,313,Baseline FQL,49.0
9,313,Improved FQL-GTA,192.0
9,314,Baseline FQL,141.0
9,314,Improved FQL-GTA,201.0
9,315,Baseline FQL,86.0
9,315,Improved FQL-GTA,145.0
9,316,Baseline FQL,259.0
9,316,Improved FQL-GTA,164.0
9,317,Baseline FQL,406.0
9,317,Improved FQL-GTA,176.0
9,318,Baseline FQL,207.0
9,318,Improved FQL-GTA,192.0
9,319,Baseline FQL,171.0
9,319,Improved FQL-GTA,236.0
9,320,Baseline FQL,123.0
9,320,Improved FQL-GTA,227.0
9,321,Baseline FQL,191.0
9,321,Improved FQL-GTA,222.0
9,322,Baseline FQL,218.0
9,322,Improved FQL-GTA,219.0
9,323,Baseline FQL,326.0
9,323,Improved FQL-GTA,248.0
9,324,Baseline FQL,243.0
9,324,Improved FQL-GTA,214.0
9,325,Baseline FQL,196.0
9,325,Improved FQL-GTA,180.0
9,326,Baseline FQL,294.0
9,326,Improved FQL-GTA,205.0
9,327,Baseline FQL,209.0
9,327,Improved FQL-GTA,169.0
9,328,Baseline FQL,102.0
9,328,Improved FQL-GTA,186.0
9,329,Baseline FQL,289.0
9,329,Improved FQL-GTA,206.0
9,330,Baseline FQL,143.0
9,330,Improved FQL-GTA,217.0
9,331,Baseline FQL,121.0
9,331,Improved FQL-GTA,203.0
9,332,Baseline FQL,188.0
9,332,Improved FQL-GTA,274.0
9,333,Baseline FQL,211.0
9,333,Improved FQL-GTA,259.0
9,334,Baseline FQL,268.0
9,334,Improved FQL-GTA,293.0
9,335,Baseline FQL,199.0
9,335,Improved FQL-GTA,254.0
9,336,Baseline FQL,500.0
9,336,Improved FQL-GTA,233.0
9,337,Baseline FQL,221.0
9,337,Improved FQL-GTA,233.0
9,338,Baseline FQL,338.0
9,338,Improved FQL-GTA,221.0
9,339,Baseline FQL,209.0
9,339,Improved FQL-GTA,185.0
9,340,Baseline FQL,251.0
9,340,Improved FQL-GTA,165.0
9,341,Baseline FQL,289.0
9,341,Improved FQL-GTA,152.0
9,342,Baseline FQL,260.0
9,342,Improved FQL-GTA,163.0
9,343,Baseline FQL,276.0
9,343,Improved FQL-GTA,218.0
9,344,Baseline FQL,291.0
9,344,Improved FQL-GTA,233.0
9,345,Baseline FQL,256.0
9,345,Improved FQL-GTA,294.0
9,346,Baseline FQL,283.0
9,346,Improved FQL-GTA,303.0
9,347,Baseline FQL,223.0
9,347,Improved FQL-GTA,233.0
9,348,Baseline FQL,289.0
9,348,Improved FQL-GTA,257.0
9,349,Baseline FQL,270.0
9,349,Improved FQL-GTA,262.0
9,350,Baseline FQL,225.0
9,350,Improved FQL-GTA,228.0
9,351,Baseline FQL,228.0
9,351,Improved FQL-GTA,217.0
9,352,Baseline FQL,199.0
9,352,Improved FQL-GTA,177.0
9,353,Baseline FQL,332.0
9,353,Improved FQL-GTA,202.0
9,354,Baseline FQL,263.0
9,354,Improved FQL-GTA,197.0
9,355,Baseline FQL,261.0
9,355,Improved FQL-GTA,184.0
9,356,Baseline FQL,226.0
9,356,Improved FQL-GTA,194.0
9,357,Baseline FQL,202.0
9,357,Improved FQL-GTA,157.0
9,358,Baseline FQL,129.0
9,358,Improved FQL-GTA,218.0
9,359,Baseline FQL,380.0
9,359,Improved FQL-GTA,202.0
9,360,Baseline FQL,245.0
9,360,Improved FQL-GTA,231.0
9,361,Baseline FQL,348.0
9,361,Improved FQL-GTA,322.0
9,362,Baseline FQL,257.0
9,362,Improved FQL-GTA,290.0
9,363,Baseline FQL,232.0
9,363,Improved FQL-GTA,309.0
9,364,Baseline FQL,260.0
9,364,Improved FQL-GTA,289.0
9,365,Baseline FQL,234.0
9,365,Improved FQL-GTA,266.0
9,366,Baseline FQL,245.0
9,366,Improved FQL-GTA,220.0
9,367,Baseline FQL,252.0
9,367,Improved FQL-GTA,204.0
9,368,Baseline FQL,339.0
9,368,Improved FQL-GTA,234.0
9,369,Baseline FQL,234.0
9,369,Improved FQL-GTA,222.0
9,370,Baseline FQL,181.0
9,370,Improved FQL-GTA,228.0
9,371,Baseline FQL,227.0
9,371,Improved FQL-GTA,167.0
9,372,Baseline FQL,278.0
9,372,Improved FQL-GTA,165.0
9,373,Baseline FQL,244.0
9,373,Improved FQL-GTA,179.0
9,374,Baseline FQL,224.0
9,374,Improved FQL-GTA,298.0
9,375,Baseline FQL,212.0
9,375,Improved FQL-GTA,270.0
9,376,Baseline FQL,190.0
9,376,Improved FQL-GTA,418.0
9,377,Baseline FQL,269.0
9,377,Improved FQL-GTA,30.0
9,378,Baseline FQL,347.0
9,378,Improved FQL-GTA,336.0
9,379,Baseline FQL,279.0
9,379,Improved FQL-GTA,190.0
9,380,Baseline FQL,245.0
9,380,Improved FQL-GTA,260.0
9,381,Baseline FQL,245.0
9,381,Improved FQL-GTA,255.0
9,382,Baseline FQL,242.0
9,382,Improved FQL-GTA,252.0
9,383,Baseline FQL,243.0
9,383,Improved FQL-GTA,291.0
9,384,Baseline FQL,260.0
9,384,Improved FQL-GTA,302.0
9,385,Baseline FQL,315.0
9,385,Improved FQL-GTA,288.0
9,386,Baseline FQL,182.0
9,386,Improved FQL-GTA,278.0
9,387,Baseline FQL,294.0
9,387,Improved FQL-GTA,237.0
9,388,Baseline FQL,245.0
9,388,Improved FQL-GTA,269.0
9,389,Baseline FQL,298.0
9,389,Improved FQL-GTA,239.0
9,390,Baseline FQL,272.0
9,390,Improved FQL-GTA,241.0
9,391,Baseline FQL,172.0
9,391,Improved FQL-GTA,200.0
9,392,Baseline FQL,328.0
9,392,Improved FQL-GTA,175.0
9,393,Baseline FQL,299.0
9,393,Improved FQL-GTA,181.0
9,394,Baseline FQL,339.0
9,394,Improved FQL-GTA,157.0
9,395,Baseline FQL,259.0
9,395,Improved FQL-GTA,142.0
9,396,Baseline FQL,165.0
9,396,Improved FQL-GTA,283.0
9,397,Baseline FQL,212.0
9,397,Improved FQL-GTA,500.0
9,398,Baseline FQL,251.0
9,398,Improved FQL-GTA,500.0
9,399,Baseline FQL,247.0
9,399,Improved FQL-GTA,500.0
9,400,Baseline FQL,308.0
9,400,Improved FQL-GTA,500.0
9,401,Baseline FQL,237.0
9,401,Improved FQL-GTA,500.0
9,402,Baseline FQL,279.0
9,402,Improved FQL-GTA,500.0
9,403,Baseline FQL,194.0
9,403,Improved FQL-GTA,500.0
9,404,Baseline FQL,281.0
9,404,Improved FQL-GTA,500.0
9,405,Baseline FQL,218.0
9,405,Improved FQL-GTA,402.0
9,406,Baseline FQL,298.0
9,406,Improved FQL-GTA,354.0
9,407,Baseline FQL,349.0
9,407,Improved FQL-GTA,427.0
9,408,Baseline FQL,317.0
9,408,Improved FQL-GTA,422.0
9,409,Baseline FQL,282.0
9,409,Improved FQL-GTA,500.0
9,410,Baseline FQL,252.0
9,410,Improved FQL-GTA,500.0
9,411,Baseline FQL,290.0
9,411,Improved FQL-GTA,500.0
9,412,Baseline FQL,247.0
9,412,Improved FQL-GTA,500.0
9,413,Baseline FQL,299.0
9,413,Improved FQL-GTA,487.0
9,414,Baseline FQL,328.0
9,414,Improved FQL-GTA,500.0
9,415,Baseline FQL,240.0
9,415,Improved FQL-GTA,500.0
9,416,Baseline FQL,337.0
9,416,Improved FQL-GTA,500.0
9,417,Baseline FQL,468.0
9,417,Improved FQL-GTA,500.0
9,418,Baseline FQL,226.0
9,418,Improved FQL-GTA,500.0
9,419,Baseline FQL,289.0
9,419,Improved FQL-GTA,208.0
9,420,Baseline FQL,251.0
9,420,Improved FQL-GTA,462.0
9,421,Baseline FQL,264.0
9,421,Improved FQL-GTA,412.0
9,422,Baseline FQL,243.0
9,422,Improved FQL-GTA,195.0
9,423,Baseline FQL,218.0
9,423,Improved FQL-GTA,232.0
9,424,Baseline FQL,280.0
9,424,Improved FQL-GTA,312.0
9,425,Baseline FQL,246.0
9,425,Improved FQL-GTA,500.0
9,426,Baseline FQL,277.0
9,426,Improved FQL-GTA,500.0
9,427,Baseline FQL,85.0
9,427,Improved FQL-GTA,500.0
9,428,Baseline FQL,245.0
9,428,Improved FQL-GTA,500.0
9,429,Baseline FQL,298.0
9,429,Improved FQL-GTA,500.0
9,430,Baseline FQL,223.0
9,430,Improved FQL-GTA,335.0
9,431,Baseline FQL,223.0
9,431,Improved FQL-GTA,500.0
9,432,Baseline FQL,347.0
9,432,Improved FQL-GTA,500.0
9,433,Baseline FQL,240.0
9,433,Improved FQL-GTA,500.0
9,434,Baseline FQL,259.0
9,434,Improved FQL-GTA,465.0
9,435,Baseline FQL,241.0
9,435,Improved FQL-GTA,500.0
9,436,Baseline FQL,252.0
9,436,Improved FQL-GTA,500.0
9,437,Baseline FQL,314.0
9,437,Improved FQL-GTA,500.0
9,438,Baseline FQL,322.0
9,438,Improved FQL-GTA,500.0
9,439,Baseline FQL,251.0
9,439,Improved FQL-GTA,500.0
9,440,Baseline FQL,379.0
9,440,Improved FQL-GTA,394.0
9,441,Baseline FQL,243.0
9,441,Improved FQL-GTA,500.0
9,442,Baseline FQL,263.0
9,442,Improved FQL-GTA,500.0
9,443,Baseline FQL,292.0
9,443,Improved FQL-GTA,494.0
9,444,Baseline FQL,222.0
9,444,Improved FQL-GTA,200.0
9,445,Baseline FQL,232.0
9,445,Improved FQL-GTA,143.0
9,446,Baseline FQL,283.0
9,446,Improved FQL-GTA,242.0
9,447,Baseline FQL,243.0
9,447,Improved FQL-GTA,256.0
9,448,Baseline FQL,312.0
9,448,Improved FQL-GTA,297.0
9,449,Baseline FQL,258.0
9,449,Improved FQL-GTA,287.0
9,450,Baseline FQL,418.0
9,450,Improved FQL-GTA,324.0
9,451,Baseline FQL,335.0
9,451,Improved FQL-GTA,316.0
9,452,Baseline FQL,315.0
9,452,Improved FQL-GTA,280.0
9,453,Baseline FQL,362.0
9,453,Improved FQL-GTA,332.0
9,454,Baseline FQL,386.0
9,454,Improved FQL-GTA,282.0
9,455,Baseline FQL,261.0
9,455,Improved FQL-GTA,294.0
9,456,Baseline FQL,251.0
9,456,Improved FQL-GTA,298.0
9,457,Baseline FQL,436.0
9,457,Improved FQL-GTA,308.0
9,458,Baseline FQL,227.0
9,458,Improved FQL-GTA,261.0
9,459,Baseline FQL,281.0
9,459,Improved FQL-GTA,272.0
9,460,Baseline FQL,230.0
9,460,Improved FQL-GTA,268.0
9,461,Baseline FQL,284.0
9,461,Improved FQL-GTA,282.0
9,462,Baseline FQL,220.0
9,462,Improved FQL-GTA,307.0
9,463,Baseline FQL,268.0
9,463,Improved FQL-GTA,291.0
9,464,Baseline FQL,316.0
9,464,Improved FQL-GTA,255.0
9,465,Baseline FQL,285.0
9,465,Improved FQL-GTA,249.0
9,466,Baseline FQL,340.0
9,466,Improved FQL-GTA,241.0
9,467,Baseline FQL,400.0
9,467,Improved FQL-GTA,235.0
9,468,Baseline FQL,213.0
9,468,Improved FQL-GTA,231.0
9,469,Baseline FQL,200.0
9,469,Improved FQL-GTA,225.0
9,470,Baseline FQL,299.0
9,470,Improved FQL-GTA,229.0
9,471,Baseline FQL,228.0
9,471,Improved FQL-GTA,167.0
9,472,Baseline FQL,218.0
9,472,Improved FQL-GTA,175.0
9,473,Baseline FQL,221.0
9,473,Improved FQL-GTA,217.0
9,474,Baseline FQL,271.0
9,474,Improved FQL-GTA,285.0
9,475,Baseline FQL,372.0
9,475,Improved FQL-GTA,322.0
9,476,Baseline FQL,253.0
9,476,Improved FQL-GTA,500.0
9,477,Baseline FQL,386.0
9,477,Improved FQL-GTA,485.0
9,478,Baseline FQL,262.0
9,478,Improved FQL-GTA,281.0
9,479,Baseline FQL,290.0
9,479,Improved FQL-GTA,500.0
9,480,Baseline FQL,256.0
9,480,Improved FQL-GTA,500.0
9,481,Baseline FQL,300.0
9,481,Improved FQL-GTA,500.0
9,482,Baseline FQL,276.0
9,482,Improved FQL-GTA,500.0
9,483,Baseline FQL,306.0
9,483,Improved FQL-GTA,500.0
9,484,Baseline FQL,305.0
9,484,Improved FQL-GTA,500.0
9,485,Baseline FQL,374.0
9,485,Improved FQL-GTA,500.0
9,486,Baseline FQL,250.0
9,486,Improved FQL-GTA,500.0
9,487,Baseline FQL,262.0
9,487,Improved FQL-GTA,500.0
9,488,Baseline FQL,285.0
9,488,Improved FQL-GTA,500.0
9,489,Baseline FQL,262.0
9,489,Improved FQL-GTA,500.0
9,490,Baseline FQL,289.0
9,490,Improved FQL-GTA,451.0
9,491,Baseline FQL,249.0
9,491,Improved FQL-GTA,500.0
9,492,Baseline FQL,251.0
9,492,Improved FQL-GTA,500.0
9,493,Baseline FQL,240.0
9,493,Improved FQL-GTA,500.0
9,494,Baseline FQL,234.0
9,494,Improved FQL-GTA,500.0
9,495,Baseline FQL,271.0
9,495,Improved FQL-GTA,500.0
9,496,Baseline FQL,224.0
9,496,Improved FQL-GTA,500.0
9,497,Baseline FQL,248.0
9,497,Improved FQL-GTA,500.0
9,498,Baseline FQL,234.0
9,498,Improved FQL-GTA,500.0
9,499,Baseline FQL,265.0
9,499,Improved FQL-GTA,500.0
9,500,Baseline FQL,259.0
9,500,Improved FQL-GTA,500.0
10,1,Baseline FQL,9.0
10,1,Improved FQL-GTA,14.0
10,2,Baseline FQL,9.0
10,2,Improved FQL-GTA,13.0
10,3,Baseline FQL,10.0
10,3,Improved FQL-GTA,21.0
10,4,Baseline FQL,9.0
10,4,Improved FQL-GTA,16.0
10,5,Baseline FQL,9.0
10,5,Improved FQL-GTA,14.0
10,6,Baseline FQL,10.0
10,6,Improved FQL-GTA,24.0
10,7,Baseline FQL,10.0
10,7,Improved FQL-GTA,9.0
10,8,Baseline FQL,9.0
10,8,Improved FQL-GTA,18.0
10,9,Baseline FQL,10.0
10,9,Improved FQL-GTA,14.0
10,10,Baseline FQL,13.0
10,10,Improved FQL-GTA,15.0
10,11,Baseline FQL,10.0
10,11,Improved FQL-GTA,12.0
10,12,Baseline FQL,9.0
10,12,Improved FQL-GTA,11.0
10,13,Baseline FQL,10.0
10,13,Improved FQL-GTA,10.0
10,14,Baseline FQL,10.0
10,14,Improved FQL-GTA,9.0
10,15,Baseline FQL,9.0
10,15,Improved FQL-GTA,12.0
10,16,Baseline FQL,10.0
10,16,Improved FQL-GTA,12.0
10,17,Baseline FQL,12.0
10,17,Improved FQL-GTA,8.0
10,18,Baseline FQL,12.0
10,18,Improved FQL-GTA,8.0
10,19,Baseline FQL,9.0
10,19,Improved FQL-GTA,10.0
10,20,Baseline FQL,9.0
10,20,Improved FQL-GTA,10.0
10,21,Baseline FQL,10.0
10,21,Improved FQL-GTA,14.0
10,22,Baseline FQL,9.0
10,22,Improved FQL-GTA,15.0
10,23,Baseline FQL,10.0
10,23,Improved FQL-GTA,11.0
10,24,Baseline FQL,11.0
10,24,Improved FQL-GTA,10.0
10,25,Baseline FQL,10.0
10,25,Improved FQL-GTA,17.0
10,26,Baseline FQL,8.0
10,26,Improved FQL-GTA,16.0
10,27,Baseline FQL,9.0
10,27,Improved FQL-GTA,10.0
10,28,Baseline FQL,11.0
10,28,Improved FQL-GTA,20.0
10,29,Baseline FQL,11.0
10,29,Improved FQL-GTA,14.0
10,30,Baseline FQL,12.0
10,30,Improved FQL-GTA,11.0
10,31,Baseline FQL,8.0
10,31,Improved FQL-GTA,10.0
10,32,Baseline FQL,12.0
10,32,Improved FQL-GTA,18.0
10,33,Baseline FQL,8.0
10,33,Improved FQL-GTA,17.0
10,34,Baseline FQL,12.0
10,34,Improved FQL-GTA,14.0
10,35,Baseline FQL,9.0
10,35,Improved FQL-GTA,21.0
10,36,Baseline FQL,11.0
10,36,Improved FQL-GTA,31.0
10,37,Baseline FQL,10.0
10,37,Improved FQL-GTA,12.0
10,38,Baseline FQL,10.0
10,38,Improved FQL-GTA,21.0
10,39,Baseline FQL,10.0
10,39,Improved FQL-GTA,13.0
10,40,Baseline FQL,10.0
10,40,Improved FQL-GTA,13.0
10,41,Baseline FQL,9.0
10,41,Improved FQL-GTA,14.0
10,42,Baseline FQL,12.0
10,42,Improved FQL-GTA,15.0
10,43,Baseline FQL,10.0
10,43,Improved FQL-GTA,11.0
10,44,Baseline FQL,10.0
10,44,Improved FQL-GTA,13.0
10,45,Baseline FQL,10.0
10,45,Improved FQL-GTA,10.0
10,46,Baseline FQL,12.0
10,46,Improved FQL-GTA,17.0
10,47,Baseline FQL,8.0
10,47,Improved FQL-GTA,17.0
10,48,Baseline FQL,9.0
10,48,Improved FQL-GTA,13.0
10,49,Baseline FQL,11.0
10,49,Improved FQL-GTA,17.0
10,50,Baseline FQL,10.0
10,50,Improved FQL-GTA,13.0
10,51,Baseline FQL,10.0
10,51,Improved FQL-GTA,10.0
10,52,Baseline FQL,9.0
10,52,Improved FQL-GTA,10.0
10,53,Baseline FQL,9.0
10,53,Improved FQL-GTA,10.0
10,54,Baseline FQL,11.0
10,54,Improved FQL-GTA,19.0
10,55,Baseline FQL,10.0
10,55,Improved FQL-GTA,26.0
10,56,Baseline FQL,10.0
10,56,Improved FQL-GTA,17.0
10,57,Baseline FQL,10.0
10,57,Improved FQL-GTA,12.0
10,58,Baseline FQL,9.0
10,58,Improved FQL-GTA,14.0
10,59,Baseline FQL,9.0
10,59,Improved FQL-GTA,21.0
10,60,Baseline FQL,8.0
10,60,Improved FQL-GTA,26.0
10,61,Baseline FQL,10.0
10,61,Improved FQL-GTA,21.0
10,62,Baseline FQL,9.0
10,62,Improved FQL-GTA,17.0
10,63,Baseline FQL,11.0
10,63,Improved FQL-GTA,15.0
10,64,Baseline FQL,12.0
10,64,Improved FQL-GTA,13.0
10,65,Baseline FQL,11.0
10,65,Improved FQL-GTA,13.0
10,66,Baseline FQL,9.0
10,66,Improved FQL-GTA,16.0
10,67,Baseline FQL,13.0
10,67,Improved FQL-GTA,18.0
10,68,Baseline FQL,11.0
10,68,Improved FQL-GTA,13.0
10,69,Baseline FQL,9.0
10,69,Improved FQL-GTA,11.0
10,70,Baseline FQL,9.0
10,70,Improved FQL-GTA,16.0
10,71,Baseline FQL,10.0
10,71,Improved FQL-GTA,13.0
10,72,Baseline FQL,8.0
10,72,Improved FQL-GTA,21.0
10,73,Baseline FQL,11.0
10,73,Improved FQL-GTA,16.0
10,74,Baseline FQL,10.0
10,74,Improved FQL-GTA,30.0
10,75,Baseline FQL,9.0
10,75,Improved FQL-GTA,24.0
10,76,Baseline FQL,9.0
10,76,Improved FQL-GTA,24.0
10,77,Baseline FQL,9.0
10,77,Improved FQL-GTA,17.0
10,78,Baseline FQL,10.0
10,78,Improved FQL-GTA,14.0
10,79,Baseline FQL,9.0
10,79,Improved FQL-GTA,18.0
10,80,Baseline FQL,9.0
10,80,Improved FQL-GTA,29.0
10,81,Baseline FQL,16.0
10,81,Improved FQL-GTA,17.0
10,82,Baseline FQL,12.0
10,82,Improved FQL-GTA,21.0
10,83,Baseline FQL,15.0
10,83,Improved FQL-GTA,13.0
10,84,Baseline FQL,18.0
10,84,Improved FQL-GTA,23.0
10,85,Baseline FQL,15.0
10,85,Improved FQL-GTA,28.0
10,86,Baseline FQL,18.0
10,86,Improved FQL-GTA,19.0
10,87,Baseline FQL,19.0
10,87,Improved FQL-GTA,17.0
10,88,Baseline FQL,15.0
10,88,Improved FQL-GTA,24.0
10,89,Baseline FQL,20.0
10,89,Improved FQL-GTA,15.0
10,90,Baseline FQL,15.0
10,90,Improved FQL-GTA,27.0
10,91,Baseline FQL,20.0
10,91,Improved FQL-GTA,20.0
10,92,Baseline FQL,12.0
10,92,Improved FQL-GTA,23.0
10,93,Baseline FQL,13.0
10,93,Improved FQL-GTA,30.0
10,94,Baseline FQL,21.0
10,94,Improved FQL-GTA,28.0
10,95,Baseline FQL,21.0
10,95,Improved FQL-GTA,21.0
10,96,Baseline FQL,26.0
10,96,Improved FQL-GTA,17.0
10,97,Baseline FQL,23.0
10,97,Improved FQL-GTA,17.0
10,98,Baseline FQL,15.0
10,98,Improved FQL-GTA,31.0
10,99,Baseline FQL,24.0
10,99,Improved FQL-GTA,19.0
10,100,Baseline FQL,13.0
10,100,Improved FQL-GTA,36.0
10,101,Baseline FQL,16.0
10,101,Improved FQL-GTA,27.0
10,102,Baseline FQL,14.0
10,102,Improved FQL-GTA,30.0
10,103,Baseline FQL,13.0
10,103,Improved FQL-GTA,27.0
10,104,Baseline FQL,21.0
10,104,Improved FQL-GTA,17.0
10,105,Baseline FQL,15.0
10,105,Improved FQL-GTA,25.0
10,106,Baseline FQL,15.0
10,106,Improved FQL-GTA,30.0
10,107,Baseline FQL,11.0
10,107,Improved FQL-GTA,40.0
10,108,Baseline FQL,15.0
10,108,Improved FQL-GTA,27.0
10,109,Baseline FQL,21.0
10,109,Improved FQL-GTA,19.0
10,110,Baseline FQL,13.0
10,110,Improved FQL-GTA,33.0
10,111,Baseline FQL,21.0
10,111,Improved FQL-GTA,18.0
10,112,Baseline FQL,13.0
10,112,Improved FQL-GTA,27.0
10,113,Baseline FQL,17.0
10,113,Improved FQL-GTA,36.0
10,114,Baseline FQL,23.0
10,114,Improved FQL-GTA,17.0
10,115,Baseline FQL,12.0
10,115,Improved FQL-GTA,34.0
10,116,Baseline FQL,17.0
10,116,Improved FQL-GTA,21.0
10,117,Baseline FQL,21.0
10,117,Improved FQL-GTA,21.0
10,118,Baseline FQL,17.0
10,118,Improved FQL-GTA,23.0
10,119,Baseline FQL,21.0
10,119,Improved FQL-GTA,34.0
10,120,Baseline FQL,11.0
10,120,Improved FQL-GTA,27.0
10,121,Baseline FQL,21.0
10,121,Improved FQL-GTA,91.0
10,122,Baseline FQL,17.0
10,122,Improved FQL-GTA,57.0
10,123,Baseline FQL,13.0
10,123,Improved FQL-GTA,84.0
10,124,Baseline FQL,17.0
10,124,Improved FQL-GTA,36.0
10,125,Baseline FQL,15.0
10,125,Improved FQL-GTA,47.0
10,126,Baseline FQL,11.0
10,126,Improved FQL-GTA,69.0
10,127,Baseline FQL,21.0
10,127,Improved FQL-GTA,205.0
10,128,Baseline FQL,18.0
10,128,Improved FQL-GTA,365.0
10,129,Baseline FQL,15.0
10,129,Improved FQL-GTA,148.0
10,130,Baseline FQL,23.0
10,130,Improved FQL-GTA,89.0
10,131,Baseline FQL,15.0
10,131,Improved FQL-GTA,209.0
10,132,Baseline FQL,23.0
10,132,Improved FQL-GTA,195.0
10,133,Baseline FQL,13.0
10,133,Improved FQL-GTA,186.0
10,134,Baseline FQL,15.0
10,134,Improved FQL-GTA,148.0
10,135,Baseline FQL,19.0
10,135,Improved FQL-GTA,150.0
10,136,Baseline FQL,13.0
10,136,Improved FQL-GTA,166.0
10,137,Baseline FQL,19.0
10,137,Improved FQL-GTA,191.0
10,138,Baseline FQL,14.0
10,138,Improved FQL-GTA,258.0
10,139,Baseline FQL,15.0
10,139,Improved FQL-GTA,227.0
10,140,Baseline FQL,21.0
10,140,Improved FQL-GTA,227.0
10,141,Baseline FQL,13.0
10,141,Improved FQL-GTA,257.0
10,142,Baseline FQL,13.0
10,142,Improved FQL-GTA,252.0
10,143,Baseline FQL,22.0
10,143,Improved FQL-GTA,226.0
10,144,Baseline FQL,21.0
10,144,Improved FQL-GTA,192.0
10,145,Baseline FQL,21.0
10,145,Improved FQL-GTA,174.0
10,146,Baseline FQL,17.0
10,146,Improved FQL-GTA,500.0
10,147,Baseline FQL,31.0
10,147,Improved FQL-GTA,450.0
10,148,Baseline FQL,18.0
10,148,Improved FQL-GTA,380.0
10,149,Baseline FQL,16.0
10,149,Improved FQL-GTA,351.0
10,150,Baseline FQL,19.0
10,150,Improved FQL-GTA,270.0
10,151,Baseline FQL,16.0
10,151,Improved FQL-GTA,232.0
10,152,Baseline FQL,20.0
10,152,Improved FQL-GTA,202.0
10,153,Baseline FQL,13.0
10,153,Improved FQL-GTA,162.0
10,154,Baseline FQL,14.0
10,154,Improved FQL-GTA,217.0
10,155,Baseline FQL,17.0
10,155,Improved FQL-GTA,408.0
10,156,Baseline FQL,11.0
10,156,Improved FQL-GTA,388.0
10,157,Baseline FQL,13.0
10,157,Improved FQL-GTA,213.0
10,158,Baseline FQL,17.0
10,158,Improved FQL-GTA,216.0
10,159,Baseline FQL,18.0
10,159,Improved FQL-GTA,245.0
10,160,Baseline FQL,15.0
10,160,Improved FQL-GTA,193.0
10,161,Baseline FQL,11.0
10,161,Improved FQL-GTA,477.0
10,162,Baseline FQL,15.0
10,162,Improved FQL-GTA,477.0
10,163,Baseline FQL,15.0
10,163,Improved FQL-GTA,461.0
10,164,Baseline FQL,17.0
10,164,Improved FQL-GTA,364.0
10,165,Baseline FQL,11.0
10,165,Improved FQL-GTA,328.0
10,166,Baseline FQL,23.0
10,166,Improved FQL-GTA,351.0
10,167,Baseline FQL,15.0
10,167,Improved FQL-GTA,309.0
10,168,Baseline FQL,21.0
10,168,Improved FQL-GTA,247.0
10,169,Baseline FQL,23.0
10,169,Improved FQL-GTA,192.0
10,170,Baseline FQL,11.0
10,170,Improved FQL-GTA,334.0
10,171,Baseline FQL,15.0
10,171,Improved FQL-GTA,353.0
10,172,Baseline FQL,16.0
10,172,Improved FQL-GTA,361.0
10,173,Baseline FQL,19.0
10,173,Improved FQL-GTA,317.0
10,174,Baseline FQL,21.0
10,174,Improved FQL-GTA,311.0
10,175,Baseline FQL,14.0
10,175,Improved FQL-GTA,382.0
10,176,Baseline FQL,17.0
10,176,Improved FQL-GTA,248.0
10,177,Baseline FQL,19.0
10,177,Improved FQL-GTA,500.0
10,178,Baseline FQL,21.0
10,178,Improved FQL-GTA,500.0
10,179,Baseline FQL,19.0
10,179,Improved FQL-GTA,500.0
10,180,Baseline FQL,24.0
10,180,Improved FQL-GTA,500.0
10,181,Baseline FQL,15.0
10,181,Improved FQL-GTA,500.0
10,182,Baseline FQL,32.0
10,182,Improved FQL-GTA,500.0
10,183,Baseline FQL,25.0
10,183,Improved FQL-GTA,500.0
10,184,Baseline FQL,24.0
10,184,Improved FQL-GTA,404.0
10,185,Baseline FQL,25.0
10,185,Improved FQL-GTA,484.0
10,186,Baseline FQL,23.0
10,186,Improved FQL-GTA,500.0
10,187,Baseline FQL,20.0
10,187,Improved FQL-GTA,500.0
10,188,Baseline FQL,19.0
10,188,Improved FQL-GTA,286.0
10,189,Baseline FQL,29.0
10,189,Improved FQL-GTA,399.0
10,190,Baseline FQL,35.0
10,190,Improved FQL-GTA,500.0
10,191,Baseline FQL,30.0
10,191,Improved FQL-GTA,488.0
10,192,Baseline FQL,24.0
10,192,Improved FQL-GTA,467.0
10,193,Baseline FQL,18.0
10,193,Improved FQL-GTA,500.0
10,194,Baseline FQL,33.0
10,194,Improved FQL-GTA,500.0
10,195,Baseline FQL,16.0
10,195,Improved FQL-GTA,500.0
10,196,Baseline FQL,20.0
10,196,Improved FQL-GTA,500.0
10,197,Baseline FQL,18.0
10,197,Improved FQL-GTA,500.0
10,198,Baseline FQL,18.0
10,198,Improved FQL-GTA,500.0
10,199,Baseline FQL,28.0
10,199,Improved FQL-GTA,500.0
10,200,Baseline FQL,23.0
10,200,Improved FQL-GTA,500.0
10,201,Baseline FQL,26.0
10,201,Improved FQL-GTA,500.0
10,202,Baseline FQL,26.0
10,202,Improved FQL-GTA,500.0
10,203,Baseline FQL,24.0
10,203,Improved FQL-GTA,500.0
10,204,Baseline FQL,23.0
10,204,Improved FQL-GTA,461.0
10,205,Baseline FQL,28.0
10,205,Improved FQL-GTA,500.0
10,206,Baseline FQL,15.0
10,206,Improved FQL-GTA,500.0
10,207,Baseline FQL,26.0
10,207,Improved FQL-GTA,484.0
10,208,Baseline FQL,16.0
10,208,Improved FQL-GTA,500.0
10,209,Baseline FQL,19.0
10,209,Improved FQL-GTA,311.0
10,210,Baseline FQL,16.0
10,210,Improved FQL-GTA,413.0
10,211,Baseline FQL,16.0
10,211,Improved FQL-GTA,500.0
10,212,Baseline FQL,17.0
10,212,Improved FQL-GTA,445.0
10,213,Baseline FQL,20.0
10,213,Improved FQL-GTA,257.0
10,214,Baseline FQL,11.0
10,214,Improved FQL-GTA,484.0
10,215,Baseline FQL,22.0
10,215,Improved FQL-GTA,500.0
10,216,Baseline FQL,17.0
10,216,Improved FQL-GTA,378.0
10,217,Baseline FQL,16.0
10,217,Improved FQL-GTA,382.0
10,218,Baseline FQL,30.0
10,218,Improved FQL-GTA,234.0
10,219,Baseline FQL,40.0
10,219,Improved FQL-GTA,243.0
10,220,Baseline FQL,23.0
10,220,Improved FQL-GTA,266.0
10,221,Baseline FQL,15.0
10,221,Improved FQL-GTA,303.0
10,222,Baseline FQL,31.0
10,222,Improved FQL-GTA,451.0
10,223,Baseline FQL,25.0
10,223,Improved FQL-GTA,500.0
10,224,Baseline FQL,32.0
10,224,Improved FQL-GTA,319.0
10,225,Baseline FQL,28.0
10,225,Improved FQL-GTA,500.0
10,226,Baseline FQL,56.0
10,226,Improved FQL-GTA,500.0
10,227,Baseline FQL,16.0
10,227,Improved FQL-GTA,500.0
10,228,Baseline FQL,25.0
10,228,Improved FQL-GTA,500.0
10,229,Baseline FQL,18.0
10,229,Improved FQL-GTA,500.0
10,230,Baseline FQL,43.0
10,230,Improved FQL-GTA,432.0
10,231,Baseline FQL,34.0
10,231,Improved FQL-GTA,500.0
10,232,Baseline FQL,41.0
10,232,Improved FQL-GTA,497.0
10,233,Baseline FQL,24.0
10,233,Improved FQL-GTA,500.0
10,234,Baseline FQL,17.0
10,234,Improved FQL-GTA,360.0
10,235,Baseline FQL,68.0
10,235,Improved FQL-GTA,302.0
10,236,Baseline FQL,118.0
10,236,Improved FQL-GTA,298.0
10,237,Baseline FQL,22.0
10,237,Improved FQL-GTA,500.0
10,238,Baseline FQL,38.0
10,238,Improved FQL-GTA,240.0
10,239,Baseline FQL,37.0
10,239,Improved FQL-GTA,262.0
10,240,Baseline FQL,18.0
10,240,Improved FQL-GTA,416.0
10,241,Baseline FQL,90.0
10,241,Improved FQL-GTA,342.0
10,242,Baseline FQL,72.0
10,242,Improved FQL-GTA,343.0
10,243,Baseline FQL,34.0
10,243,Improved FQL-GTA,286.0
10,244,Baseline FQL,64.0
10,244,Improved FQL-GTA,252.0
10,245,Baseline FQL,46.0
10,245,Improved FQL-GTA,266.0
10,246,Baseline FQL,42.0
10,246,Improved FQL-GTA,230.0
10,247,Baseline FQL,16.0
10,247,Improved FQL-GTA,304.0
10,248,Baseline FQL,87.0
10,248,Improved FQL-GTA,269.0
10,249,Baseline FQL,106.0
10,249,Improved FQL-GTA,252.0
10,250,Baseline FQL,47.0
10,250,Improved FQL-GTA,245.0
10,251,Baseline FQL,123.0
10,251,Improved FQL-GTA,500.0
10,252,Baseline FQL,93.0
10,252,Improved FQL-GTA,500.0
10,253,Baseline FQL,177.0
10,253,Improved FQL-GTA,500.0
10,254,Baseline FQL,119.0
10,254,Improved FQL-GTA,500.0
10,255,Baseline FQL,37.0
10,255,Improved FQL-GTA,500.0
10,256,Baseline FQL,63.0
10,256,Improved FQL-GTA,500.0
10,257,Baseline FQL,83.0
10,257,Improved FQL-GTA,500.0
10,258,Baseline FQL,219.0
10,258,Improved FQL-GTA,500.0
10,259,Baseline FQL,46.0
10,259,Improved FQL-GTA,460.0
10,260,Baseline FQL,95.0
10,260,Improved FQL-GTA,415.0
10,261,Baseline FQL,138.0
10,261,Improved FQL-GTA,500.0
10,262,Baseline FQL,39.0
10,262,Improved FQL-GTA,500.0
10,263,Baseline FQL,52.0
10,263,Improved FQL-GTA,500.0
10,264,Baseline FQL,45.0
10,264,Improved FQL-GTA,500.0
10,265,Baseline FQL,58.0
10,265,Improved FQL-GTA,500.0
10,266,Baseline FQL,61.0
10,266,Improved FQL-GTA,500.0
10,267,Baseline FQL,362.0
10,267,Improved FQL-GTA,500.0
10,268,Baseline FQL,78.0
10,268,Improved FQL-GTA,500.0
10,269,Baseline FQL,65.0
10,269,Improved FQL-GTA,500.0
10,270,Baseline FQL,131.0
10,270,Improved FQL-GTA,500.0
10,271,Baseline FQL,107.0
10,271,Improved FQL-GTA,405.0
10,272,Baseline FQL,49.0
10,272,Improved FQL-GTA,305.0
10,273,Baseline FQL,95.0
10,273,Improved FQL-GTA,500.0
10,274,Baseline FQL,144.0
10,274,Improved FQL-GTA,500.0
10,275,Baseline FQL,119.0
10,275,Improved FQL-GTA,500.0
10,276,Baseline FQL,166.0
10,276,Improved FQL-GTA,500.0
10,277,Baseline FQL,273.0
10,277,Improved FQL-GTA,500.0
10,278,Baseline FQL,227.0
10,278,Improved FQL-GTA,500.0
10,279,Baseline FQL,134.0
10,279,Improved FQL-GTA,500.0
10,280,Baseline FQL,94.0
10,280,Improved FQL-GTA,500.0
10,281,Baseline FQL,47.0
10,281,Improved FQL-GTA,500.0
10,282,Baseline FQL,53.0
10,282,Improved FQL-GTA,500.0
10,283,Baseline FQL,143.0
10,283,Improved FQL-GTA,500.0
10,284,Baseline FQL,202.0
10,284,Improved FQL-GTA,284.0
10,285,Baseline FQL,73.0
10,285,Improved FQL-GTA,500.0
10,286,Baseline FQL,310.0
10,286,Improved FQL-GTA,337.0
10,287,Baseline FQL,260.0
10,287,Improved FQL-GTA,284.0
10,288,Baseline FQL,215.0
10,288,Improved FQL-GTA,500.0
10,289,Baseline FQL,255.0
10,289,Improved FQL-GTA,282.0
10,290,Baseline FQL,172.0
10,290,Improved FQL-GTA,191.0
10,291,Baseline FQL,139.0
10,291,Improved FQL-GTA,230.0
10,292,Baseline FQL,297.0
10,292,Improved FQL-GTA,500.0
10,293,Baseline FQL,500.0
10,293,Improved FQL-GTA,225.0
10,294,Baseline FQL,347.0
10,294,Improved FQL-GTA,203.0
10,295,Baseline FQL,128.0
10,295,Improved FQL-GTA,500.0
10,296,Baseline FQL,245.0
10,296,Improved FQL-GTA,500.0
10,297,Baseline FQL,242.0
10,297,Improved FQL-GTA,500.0
10,298,Baseline FQL,167.0
10,298,Improved FQL-GTA,231.0
10,299,Baseline FQL,163.0
10,299,Improved FQL-GTA,258.0
10,300,Baseline FQL,186.0
10,300,Improved FQL-GTA,254.0
10,301,Baseline FQL,165.0
10,301,Improved FQL-GTA,233.0
10,302,Baseline FQL,203.0
10,302,Improved FQL-GTA,249.0
10,303,Baseline FQL,281.0
10,303,Improved FQL-GTA,500.0
10,304,Baseline FQL,202.0
10,304,Improved FQL-GTA,222.0
10,305,Baseline FQL,166.0
10,305,Improved FQL-GTA,218.0
10,306,Baseline FQL,262.0
10,306,Improved FQL-GTA,500.0
10,307,Baseline FQL,277.0
10,307,Improved FQL-GTA,206.0
10,308,Baseline FQL,224.0
10,308,Improved FQL-GTA,500.0
10,309,Baseline FQL,240.0
10,309,Improved FQL-GTA,316.0
10,310,Baseline FQL,298.0
10,310,Improved FQL-GTA,500.0
10,311,Baseline FQL,277.0
10,311,Improved FQL-GTA,500.0
10,312,Baseline FQL,245.0
10,312,Improved FQL-GTA,309.0
10,313,Baseline FQL,199.0
10,313,Improved FQL-GTA,478.0
10,314,Baseline FQL,229.0
10,314,Improved FQL-GTA,376.0
10,315,Baseline FQL,424.0
10,315,Improved FQL-GTA,500.0
10,316,Baseline FQL,330.0
10,316,Improved FQL-GTA,500.0
10,317,Baseline FQL,231.0
10,317,Improved FQL-GTA,500.0
10,318,Baseline FQL,224.0
10,318,Improved FQL-GTA,500.0
10,319,Baseline FQL,234.0
10,319,Improved FQL-GTA,316.0
10,320,Baseline FQL,247.0
10,320,Improved FQL-GTA,242.0
10,321,Baseline FQL,260.0
10,321,Improved FQL-GTA,311.0
10,322,Baseline FQL,272.0
10,322,Improved FQL-GTA,500.0
10,323,Baseline FQL,226.0
10,323,Improved FQL-GTA,500.0
10,324,Baseline FQL,231.0
10,324,Improved FQL-GTA,227.0
10,325,Baseline FQL,343.0
10,325,Improved FQL-GTA,218.0
10,326,Baseline FQL,255.0
10,326,Improved FQL-GTA,500.0
10,327,Baseline FQL,241.0
10,327,Improved FQL-GTA,500.0
10,328,Baseline FQL,221.0
10,328,Improved FQL-GTA,500.0
10,329,Baseline FQL,218.0
10,329,Improved FQL-GTA,500.0
10,330,Baseline FQL,136.0
10,330,Improved FQL-GTA,322.0
10,331,Baseline FQL,231.0
10,331,Improved FQL-GTA,271.0
10,332,Baseline FQL,264.0
10,332,Improved FQL-GTA,318.0
10,333,Baseline FQL,325.0
10,333,Improved FQL-GTA,500.0
10,334,Baseline FQL,116.0
10,334,Improved FQL-GTA,189.0
10,335,Baseline FQL,307.0
10,335,Improved FQL-GTA,500.0
10,336,Baseline FQL,320.0
10,336,Improved FQL-GTA,500.0
10,337,Baseline FQL,341.0
10,337,Improved FQL-GTA,500.0
10,338,Baseline FQL,227.0
10,338,Improved FQL-GTA,264.0
10,339,Baseline FQL,235.0
10,339,Improved FQL-GTA,500.0
10,340,Baseline FQL,226.0
10,340,Improved FQL-GTA,500.0
10,341,Baseline FQL,248.0
10,341,Improved FQL-GTA,500.0
10,342,Baseline FQL,246.0
10,342,Improved FQL-GTA,500.0
10,343,Baseline FQL,191.0
10,343,Improved FQL-GTA,500.0
10,344,Baseline FQL,283.0
10,344,Improved FQL-GTA,500.0
10,345,Baseline FQL,348.0
10,345,Improved FQL-GTA,500.0
10,346,Baseline FQL,242.0
10,346,Improved FQL-GTA,500.0
10,347,Baseline FQL,263.0
10,347,Improved FQL-GTA,500.0
10,348,Baseline FQL,270.0
10,348,Improved FQL-GTA,500.0
10,349,Baseline FQL,248.0
10,349,Improved FQL-GTA,500.0
10,350,Baseline FQL,266.0
10,350,Improved FQL-GTA,500.0
10,351,Baseline FQL,236.0
10,351,Improved FQL-GTA,500.0
10,352,Baseline FQL,356.0
10,352,Improved FQL-GTA,500.0
10,353,Baseline FQL,369.0
10,353,Improved FQL-GTA,500.0
10,354,Baseline FQL,284.0
10,354,Improved FQL-GTA,500.0
10,355,Baseline FQL,469.0
10,355,Improved FQL-GTA,500.0
10,356,Baseline FQL,247.0
10,356,Improved FQL-GTA,500.0
10,357,Baseline FQL,276.0
10,357,Improved FQL-GTA,500.0
10,358,Baseline FQL,213.0
10,358,Improved FQL-GTA,275.0
10,359,Baseline FQL,237.0
10,359,Improved FQL-GTA,276.0
10,360,Baseline FQL,281.0
10,360,Improved FQL-GTA,246.0
10,361,Baseline FQL,273.0
10,361,Improved FQL-GTA,220.0
10,362,Baseline FQL,269.0
10,362,Improved FQL-GTA,200.0
10,363,Baseline FQL,292.0
10,363,Improved FQL-GTA,172.0
10,364,Baseline FQL,50.0
10,364,Improved FQL-GTA,228.0
10,365,Baseline FQL,222.0
10,365,Improved FQL-GTA,500.0
10,366,Baseline FQL,318.0
10,366,Improved FQL-GTA,200.0
10,367,Baseline FQL,310.0
10,367,Improved FQL-GTA,200.0
10,368,Baseline FQL,326.0
10,368,Improved FQL-GTA,267.0
10,369,Baseline FQL,217.0
10,369,Improved FQL-GTA,224.0
10,370,Baseline FQL,284.0
10,370,Improved FQL-GTA,221.0
10,371,Baseline FQL,362.0
10,371,Improved FQL-GTA,265.0
10,372,Baseline FQL,237.0
10,372,Improved FQL-GTA,217.0
10,373,Baseline FQL,214.0
10,373,Improved FQL-GTA,244.0
10,374,Baseline FQL,186.0
10,374,Improved FQL-GTA,265.0
10,375,Baseline FQL,220.0
10,375,Improved FQL-GTA,473.0
10,376,Baseline FQL,243.0
10,376,Improved FQL-GTA,496.0
10,377,Baseline FQL,226.0
10,377,Improved FQL-GTA,500.0
10,378,Baseline FQL,263.0
10,378,Improved FQL-GTA,293.0
10,379,Baseline FQL,236.0
10,379,Improved FQL-GTA,500.0
10,380,Baseline FQL,238.0
10,380,Improved FQL-GTA,500.0
10,381,Baseline FQL,213.0
10,381,Improved FQL-GTA,500.0
10,382,Baseline FQL,237.0
10,382,Improved FQL-GTA,500.0
10,383,Baseline FQL,262.0
10,383,Improved FQL-GTA,500.0
10,384,Baseline FQL,500.0
10,384,Improved FQL-GTA,500.0
10,385,Baseline FQL,245.0
10,385,Improved FQL-GTA,500.0
10,386,Baseline FQL,251.0
10,386,Improved FQL-GTA,500.0
10,387,Baseline FQL,221.0
10,387,Improved FQL-GTA,500.0
10,388,Baseline FQL,295.0
10,388,Improved FQL-GTA,500.0
10,389,Baseline FQL,289.0
10,389,Improved FQL-GTA,489.0
10,390,Baseline FQL,340.0
10,390,Improved FQL-GTA,305.0
10,391,Baseline FQL,221.0
10,391,Improved FQL-GTA,500.0
10,392,Baseline FQL,326.0
10,392,Improved FQL-GTA,500.0
10,393,Baseline FQL,269.0
10,393,Improved FQL-GTA,270.0
10,394,Baseline FQL,268.0
10,394,Improved FQL-GTA,289.0
10,395,Baseline FQL,335.0
10,395,Improved FQL-GTA,500.0
10,396,Baseline FQL,281.0
10,396,Improved FQL-GTA,229.0
10,397,Baseline FQL,254.0
10,397,Improved FQL-GTA,176.0
10,398,Baseline FQL,308.0
10,398,Improved FQL-GTA,261.0
10,399,Baseline FQL,244.0
10,399,Improved FQL-GTA,500.0
10,400,Baseline FQL,215.0
10,400,Improved FQL-GTA,280.0
10,401,Baseline FQL,257.0
10,401,Improved FQL-GTA,226.0
10,402,Baseline FQL,336.0
10,402,Improved FQL-GTA,262.0
10,403,Baseline FQL,254.0
10,403,Improved FQL-GTA,500.0
10,404,Baseline FQL,197.0
10,404,Improved FQL-GTA,277.0
10,405,Baseline FQL,237.0
10,405,Improved FQL-GTA,216.0
10,406,Baseline FQL,222.0
10,406,Improved FQL-GTA,259.0
10,407,Baseline FQL,238.0
10,407,Improved FQL-GTA,290.0
10,408,Baseline FQL,271.0
10,408,Improved FQL-GTA,298.0
10,409,Baseline FQL,381.0
10,409,Improved FQL-GTA,500.0
10,410,Baseline FQL,308.0
10,410,Improved FQL-GTA,500.0
10,411,Baseline FQL,298.0
10,411,Improved FQL-GTA,500.0
10,412,Baseline FQL,286.0
10,412,Improved FQL-GTA,500.0
10,413,Baseline FQL,248.0
10,413,Improved FQL-GTA,500.0
10,414,Baseline FQL,269.0
10,414,Improved FQL-GTA,500.0
10,415,Baseline FQL,322.0
10,415,Improved FQL-GTA,500.0
10,416,Baseline FQL,225.0
10,416,Improved FQL-GTA,500.0
10,417,Baseline FQL,233.0
10,417,Improved FQL-GTA,500.0
10,418,Baseline FQL,346.0
10,418,Improved FQL-GTA,500.0
10,419,Baseline FQL,276.0
10,419,Improved FQL-GTA,500.0
10,420,Baseline FQL,290.0
10,420,Improved FQL-GTA,500.0
10,421,Baseline FQL,240.0
10,421,Improved FQL-GTA,500.0
10,422,Baseline FQL,240.0
10,422,Improved FQL-GTA,500.0
10,423,Baseline FQL,309.0
10,423,Improved FQL-GTA,500.0
10,424,Baseline FQL,319.0
10,424,Improved FQL-GTA,500.0
10,425,Baseline FQL,247.0
10,425,Improved FQL-GTA,500.0
10,426,Baseline FQL,231.0
10,426,Improved FQL-GTA,500.0
10,427,Baseline FQL,228.0
10,427,Improved FQL-GTA,263.0
10,428,Baseline FQL,356.0
10,428,Improved FQL-GTA,500.0
10,429,Baseline FQL,317.0
10,429,Improved FQL-GTA,500.0
10,430,Baseline FQL,23.0
10,430,Improved FQL-GTA,500.0
10,431,Baseline FQL,283.0
10,431,Improved FQL-GTA,500.0
10,432,Baseline FQL,245.0
10,432,Improved FQL-GTA,500.0
10,433,Baseline FQL,268.0
10,433,Improved FQL-GTA,500.0
10,434,Baseline FQL,387.0
10,434,Improved FQL-GTA,500.0
10,435,Baseline FQL,86.0
10,435,Improved FQL-GTA,500.0
10,436,Baseline FQL,285.0
10,436,Improved FQL-GTA,500.0
10,437,Baseline FQL,248.0
10,437,Improved FQL-GTA,278.0
10,438,Baseline FQL,285.0
10,438,Improved FQL-GTA,315.0
10,439,Baseline FQL,336.0
10,439,Improved FQL-GTA,500.0
10,440,Baseline FQL,324.0
10,440,Improved FQL-GTA,500.0
10,441,Baseline FQL,292.0
10,441,Improved FQL-GTA,500.0
10,442,Baseline FQL,237.0
10,442,Improved FQL-GTA,250.0
10,443,Baseline FQL,260.0
10,443,Improved FQL-GTA,188.0
10,444,Baseline FQL,224.0
10,444,Improved FQL-GTA,257.0
10,445,Baseline FQL,354.0
10,445,Improved FQL-GTA,287.0
10,446,Baseline FQL,363.0
10,446,Improved FQL-GTA,500.0
10,447,Baseline FQL,300.0
10,447,Improved FQL-GTA,200.0
10,448,Baseline FQL,290.0
10,448,Improved FQL-GTA,264.0
10,449,Baseline FQL,229.0
10,449,Improved FQL-GTA,500.0
10,450,Baseline FQL,206.0
10,450,Improved FQL-GTA,500.0
10,451,Baseline FQL,313.0
10,451,Improved FQL-GTA,500.0
10,452,Baseline FQL,273.0
10,452,Improved FQL-GTA,500.0
10,453,Baseline FQL,263.0
10,453,Improved FQL-GTA,500.0
10,454,Baseline FQL,241.0
10,454,Improved FQL-GTA,500.0
10,455,Baseline FQL,500.0
10,455,Improved FQL-GTA,500.0
10,456,Baseline FQL,328.0
10,456,Improved FQL-GTA,500.0
10,457,Baseline FQL,263.0
10,457,Improved FQL-GTA,500.0
10,458,Baseline FQL,245.0
10,458,Improved FQL-GTA,500.0
10,459,Baseline FQL,252.0
10,459,Improved FQL-GTA,500.0
10,460,Baseline FQL,260.0
10,460,Improved FQL-GTA,500.0
10,461,Baseline FQL,277.0
10,461,Improved FQL-GTA,500.0
10,462,Baseline FQL,241.0
10,462,Improved FQL-GTA,500.0
10,463,Baseline FQL,265.0
10,463,Improved FQL-GTA,500.0
10,464,Baseline FQL,244.0
10,464,Improved FQL-GTA,500.0
10,465,Baseline FQL,413.0
10,465,Improved FQL-GTA,500.0
10,466,Baseline FQL,421.0
10,466,Improved FQL-GTA,500.0
10,467,Baseline FQL,218.0
10,467,Improved FQL-GTA,500.0
10,468,Baseline FQL,255.0
10,468,Improved FQL-GTA,500.0
10,469,Baseline FQL,342.0
10,469,Improved FQL-GTA,500.0
10,470,Baseline FQL,242.0
10,470,Improved FQL-GTA,500.0
10,471,Baseline FQL,233.0
10,471,Improved FQL-GTA,482.0
10,472,Baseline FQL,290.0
10,472,Improved FQL-GTA,427.0
10,473,Baseline FQL,271.0
10,473,Improved FQL-GTA,458.0
10,474,Baseline FQL,323.0
10,474,Improved FQL-GTA,500.0
10,475,Baseline FQL,247.0
10,475,Improved FQL-GTA,500.0
10,476,Baseline FQL,285.0
10,476,Improved FQL-GTA,500.0
10,477,Baseline FQL,292.0
10,477,Improved FQL-GTA,500.0
10,478,Baseline FQL,334.0
10,478,Improved FQL-GTA,500.0
10,479,Baseline FQL,298.0
10,479,Improved FQL-GTA,500.0
10,480,Baseline FQL,287.0
10,480,Improved FQL-GTA,500.0
10,481,Baseline FQL,238.0
10,481,Improved FQL-GTA,500.0
10,482,Baseline FQL,348.0
10,482,Improved FQL-GTA,500.0
10,483,Baseline FQL,352.0
10,483,Improved FQL-GTA,500.0
10,484,Baseline FQL,306.0
10,484,Improved FQL-GTA,500.0
10,485,Baseline FQL,217.0
10,485,Improved FQL-GTA,500.0
10,486,Baseline FQL,227.0
10,486,Improved FQL-GTA,500.0
10,487,Baseline FQL,257.0
10,487,Improved FQL-GTA,500.0
10,488,Baseline FQL,229.0
10,488,Improved FQL-GTA,500.0
10,489,Baseline FQL,235.0
10,489,Improved FQL-GTA,500.0
10,490,Baseline FQL,251.0
10,490,Improved FQL-GTA,500.0
10,491,Baseline FQL,311.0
10,491,Improved FQL-GTA,500.0
10,492,Baseline FQL,287.0
10,492,Improved FQL-GTA,500.0
10,493,Baseline FQL,259.0
10,493,Improved FQL-GTA,500.0
10,494,Baseline FQL,345.0
10,494,Improved FQL-GTA,500.0
10,495,Baseline FQL,387.0
10,495,Improved FQL-GTA,500.0
10,496,Baseline FQL,253.0
10,496,Improved FQL-GTA,500.0
10,497,Baseline FQL,283.0
10,497,Improved FQL-GTA,500.0
10,498,Baseline FQL,284.0
10,498,Improved FQL-GTA,500.0
10,499,Baseline FQL,362.0
10,499,Improved FQL-GTA,500.0
10,500,Baseline FQL,236.0
10,500,Improved FQL-GTA,500.0
11,1,Baseline FQL,9.0
11,1,Improved FQL-GTA,13.0
11,2,Baseline FQL,10.0
11,2,Improved FQL-GTA,9.0
11,3,Baseline FQL,9.0
11,3,Improved FQL-GTA,11.0
11,4,Baseline FQL,10.0
11,4,Improved FQL-GTA,23.0
11,5,Baseline FQL,12.0
11,5,Improved FQL-GTA,13.0
11,6,Baseline FQL,12.0
11,6,Improved FQL-GTA,10.0
11,7,Baseline FQL,10.0
11,7,Improved FQL-GTA,14.0
11,8,Baseline FQL,10.0
11,8,Improved FQL-GTA,25.0
11,9,Baseline FQL,10.0
11,9,Improved FQL-GTA,14.0
11,10,Baseline FQL,10.0
11,10,Improved FQL-GTA,10.0
11,11,Baseline FQL,12.0
11,11,Improved FQL-GTA,12.0
11,12,Baseline FQL,10.0
11,12,Improved FQL-GTA,8.0
11,13,Baseline FQL,13.0
11,13,Improved FQL-GTA,10.0
11,14,Baseline FQL,9.0
11,14,Improved FQL-GTA,13.0
11,15,Baseline FQL,10.0
11,15,Improved FQL-GTA,14.0
11,16,Baseline FQL,12.0
11,16,Improved FQL-GTA,12.0
11,17,Baseline FQL,10.0
11,17,Improved FQL-GTA,8.0
11,18,Baseline FQL,9.0
11,18,Improved FQL-GTA,12.0
11,19,Baseline FQL,11.0
11,19,Improved FQL-GTA,13.0
11,20,Baseline FQL,12.0
11,20,Improved FQL-GTA,10.0
11,21,Baseline FQL,9.0
11,21,Improved FQL-GTA,15.0
11,22,Baseline FQL,11.0
11,22,Improved FQL-GTA,11.0
11,23,Baseline FQL,11.0
11,23,Improved FQL-GTA,15.0
11,24,Baseline FQL,10.0
11,24,Improved FQL-GTA,24.0
11,25,Baseline FQL,8.0
11,25,Improved FQL-GTA,18.0
11,26,Baseline FQL,8.0
11,26,Improved FQL-GTA,13.0
11,27,Baseline FQL,10.0
11,27,Improved FQL-GTA,15.0
11,28,Baseline FQL,9.0
11,28,Improved FQL-GTA,16.0
11,29,Baseline FQL,10.0
11,29,Improved FQL-GTA,31.0
11,30,Baseline FQL,10.0
11,30,Improved FQL-GTA,22.0
11,31,Baseline FQL,10.0
11,31,Improved FQL-GTA,18.0
11,32,Baseline FQL,8.0
11,32,Improved FQL-GTA,19.0
11,33,Baseline FQL,12.0
11,33,Improved FQL-GTA,12.0
11,34,Baseline FQL,9.0
11,34,Improved FQL-GTA,30.0
11,35,Baseline FQL,9.0
11,35,Improved FQL-GTA,23.0
11,36,Baseline FQL,12.0
11,36,Improved FQL-GTA,10.0
11,37,Baseline FQL,10.0
11,37,Improved FQL-GTA,13.0
11,38,Baseline FQL,9.0
11,38,Improved FQL-GTA,27.0
11,39,Baseline FQL,10.0
11,39,Improved FQL-GTA,25.0
11,40,Baseline FQL,9.0
11,40,Improved FQL-GTA,16.0
11,41,Baseline FQL,10.0
11,41,Improved FQL-GTA,13.0
11,42,Baseline FQL,10.0
11,42,Improved FQL-GTA,21.0
11,43,Baseline FQL,10.0
11,43,Improved FQL-GTA,22.0
11,44,Baseline FQL,10.0
11,44,Improved FQL-GTA,10.0
11,45,Baseline FQL,10.0
11,45,Improved FQL-GTA,19.0
11,46,Baseline FQL,8.0
11,46,Improved FQL-GTA,15.0
11,47,Baseline FQL,9.0
11,47,Improved FQL-GTA,13.0
11,48,Baseline FQL,10.0
11,48,Improved FQL-GTA,17.0
11,49,Baseline FQL,10.0
11,49,Improved FQL-GTA,15.0
11,50,Baseline FQL,10.0
11,50,Improved FQL-GTA,14.0
11,51,Baseline FQL,9.0
11,51,Improved FQL-GTA,14.0
11,52,Baseline FQL,9.0
11,52,Improved FQL-GTA,13.0
11,53,Baseline FQL,10.0
11,53,Improved FQL-GTA,11.0
11,54,Baseline FQL,10.0
11,54,Improved FQL-GTA,11.0
11,55,Baseline FQL,10.0
11,55,Improved FQL-GTA,15.0
11,56,Baseline FQL,12.0
11,56,Improved FQL-GTA,11.0
11,57,Baseline FQL,9.0
11,57,Improved FQL-GTA,20.0
11,58,Baseline FQL,10.0
11,58,Improved FQL-GTA,16.0
11,59,Baseline FQL,8.0
11,59,Improved FQL-GTA,20.0
11,60,Baseline FQL,10.0
11,60,Improved FQL-GTA,18.0
11,61,Baseline FQL,9.0
11,61,Improved FQL-GTA,22.0
11,62,Baseline FQL,11.0
11,62,Improved FQL-GTA,20.0
11,63,Baseline FQL,10.0
11,63,Improved FQL-GTA,30.0
11,64,Baseline FQL,9.0
11,64,Improved FQL-GTA,38.0
11,65,Baseline FQL,9.0
11,65,Improved FQL-GTA,62.0
11,66,Baseline FQL,9.0
11,66,Improved FQL-GTA,23.0
11,67,Baseline FQL,11.0
11,67,Improved FQL-GTA,26.0
11,68,Baseline FQL,9.0
11,68,Improved FQL-GTA,21.0
11,69,Baseline FQL,9.0
11,69,Improved FQL-GTA,21.0
11,70,Baseline FQL,10.0
11,70,Improved FQL-GTA,20.0
11,71,Baseline FQL,8.0
11,71,Improved FQL-GTA,16.0
11,72,Baseline FQL,10.0
11,72,Improved FQL-GTA,15.0
11,73,Baseline FQL,11.0
11,73,Improved FQL-GTA,11.0
11,74,Baseline FQL,10.0
11,74,Improved FQL-GTA,28.0
11,75,Baseline FQL,9.0
11,75,Improved FQL-GTA,23.0
11,76,Baseline FQL,10.0
11,76,Improved FQL-GTA,19.0
11,77,Baseline FQL,10.0
11,77,Improved FQL-GTA,24.0
11,78,Baseline FQL,9.0
11,78,Improved FQL-GTA,17.0
11,79,Baseline FQL,9.0
11,79,Improved FQL-GTA,17.0
11,80,Baseline FQL,9.0
11,80,Improved FQL-GTA,21.0
11,81,Baseline FQL,10.0
11,81,Improved FQL-GTA,19.0
11,82,Baseline FQL,10.0
11,82,Improved FQL-GTA,33.0
11,83,Baseline FQL,10.0
11,83,Improved FQL-GTA,10.0
11,84,Baseline FQL,9.0
11,84,Improved FQL-GTA,18.0
11,85,Baseline FQL,10.0
11,85,Improved FQL-GTA,18.0
11,86,Baseline FQL,9.0
11,86,Improved FQL-GTA,19.0
11,87,Baseline FQL,9.0
11,87,Improved FQL-GTA,21.0
11,88,Baseline FQL,10.0
11,88,Improved FQL-GTA,13.0
11,89,Baseline FQL,10.0
11,89,Improved FQL-GTA,28.0
11,90,Baseline FQL,10.0
11,90,Improved FQL-GTA,20.0
11,91,Baseline FQL,13.0
11,91,Improved FQL-GTA,23.0
11,92,Baseline FQL,12.0
11,92,Improved FQL-GTA,22.0
11,93,Baseline FQL,10.0
11,93,Improved FQL-GTA,21.0
11,94,Baseline FQL,12.0
11,94,Improved FQL-GTA,31.0
11,95,Baseline FQL,10.0
11,95,Improved FQL-GTA,11.0
11,96,Baseline FQL,13.0
11,96,Improved FQL-GTA,17.0
11,97,Baseline FQL,15.0
11,97,Improved FQL-GTA,18.0
11,98,Baseline FQL,14.0
11,98,Improved FQL-GTA,22.0
11,99,Baseline FQL,13.0
11,99,Improved FQL-GTA,19.0
11,100,Baseline FQL,13.0
11,100,Improved FQL-GTA,22.0
11,101,Baseline FQL,14.0
11,101,Improved FQL-GTA,40.0
11,102,Baseline FQL,13.0
11,102,Improved FQL-GTA,19.0
11,103,Baseline FQL,17.0
11,103,Improved FQL-GTA,66.0
11,104,Baseline FQL,19.0
11,104,Improved FQL-GTA,90.0
11,105,Baseline FQL,15.0
11,105,Improved FQL-GTA,34.0
11,106,Baseline FQL,10.0
11,106,Improved FQL-GTA,14.0
11,107,Baseline FQL,14.0
11,107,Improved FQL-GTA,32.0
11,108,Baseline FQL,17.0
11,108,Improved FQL-GTA,33.0
11,109,Baseline FQL,13.0
11,109,Improved FQL-GTA,61.0
11,110,Baseline FQL,16.0
11,110,Improved FQL-GTA,268.0
11,111,Baseline FQL,11.0
11,111,Improved FQL-GTA,137.0
11,112,Baseline FQL,17.0
11,112,Improved FQL-GTA,32.0
11,113,Baseline FQL,19.0
11,113,Improved FQL-GTA,32.0
11,114,Baseline FQL,11.0
11,114,Improved FQL-GTA,14.0
11,115,Baseline FQL,22.0
11,115,Improved FQL-GTA,74.0
11,116,Baseline FQL,21.0
11,116,Improved FQL-GTA,151.0
11,117,Baseline FQL,19.0
11,117,Improved FQL-GTA,200.0
11,118,Baseline FQL,19.0
11,118,Improved FQL-GTA,61.0
11,119,Baseline FQL,11.0
11,119,Improved FQL-GTA,14.0
11,120,Baseline FQL,19.0
11,120,Improved FQL-GTA,172.0
11,121,Baseline FQL,15.0
11,121,Improved FQL-GTA,156.0
11,122,Baseline FQL,13.0
11,122,Improved FQL-GTA,27.0
11,123,Baseline FQL,17.0
11,123,Improved FQL-GTA,164.0
11,124,Baseline FQL,15.0
11,124,Improved FQL-GTA,155.0
11,125,Baseline FQL,11.0
11,125,Improved FQL-GTA,12.0
11,126,Baseline FQL,23.0
11,126,Improved FQL-GTA,154.0
11,127,Baseline FQL,17.0
11,127,Improved FQL-GTA,168.0
11,128,Baseline FQL,15.0
11,128,Improved FQL-GTA,158.0
11,129,Baseline FQL,20.0
11,129,Improved FQL-GTA,108.0
11,130,Baseline FQL,15.0
11,130,Improved FQL-GTA,17.0
11,131,Baseline FQL,22.0
11,131,Improved FQL-GTA,162.0
11,132,Baseline FQL,13.0
11,132,Improved FQL-GTA,12.0
11,133,Baseline FQL,11.0
11,133,Improved FQL-GTA,245.0
11,134,Baseline FQL,21.0
11,134,Improved FQL-GTA,164.0
11,135,Baseline FQL,15.0
11,135,Improved FQL-GTA,17.0
11,136,Baseline FQL,21.0
11,136,Improved FQL-GTA,15.0
11,137,Baseline FQL,14.0
11,137,Improved FQL-GTA,243.0
11,138,Baseline FQL,14.0
11,138,Improved FQL-GTA,149.0
11,139,Baseline FQL,21.0
11,139,Improved FQL-GTA,182.0
11,140,Baseline FQL,13.0
11,140,Improved FQL-GTA,161.0
11,141,Baseline FQL,13.0
11,141,Improved FQL-GTA,147.0
11,142,Baseline FQL,23.0
11,142,Improved FQL-GTA,223.0
11,143,Baseline FQL,21.0
11,143,Improved FQL-GTA,252.0
11,144,Baseline FQL,21.0
11,144,Improved FQL-GTA,56.0
11,145,Baseline FQL,18.0
11,145,Improved FQL-GTA,255.0
11,146,Baseline FQL,24.0
11,146,Improved FQL-GTA,106.0
11,147,Baseline FQL,17.0
11,147,Improved FQL-GTA,294.0
11,148,Baseline FQL,15.0
11,148,Improved FQL-GTA,270.0
11,149,Baseline FQL,19.0
11,149,Improved FQL-GTA,238.0
11,150,Baseline FQL,19.0
11,150,Improved FQL-GTA,114.0
11,151,Baseline FQL,19.0
11,151,Improved FQL-GTA,261.0
11,152,Baseline FQL,13.0
11,152,Improved FQL-GTA,238.0
11,153,Baseline FQL,16.0
11,153,Improved FQL-GTA,201.0
11,154,Baseline FQL,19.0
11,154,Improved FQL-GTA,13.0
11,155,Baseline FQL,15.0
11,155,Improved FQL-GTA,305.0
11,156,Baseline FQL,13.0
11,156,Improved FQL-GTA,261.0
11,157,Baseline FQL,17.0
11,157,Improved FQL-GTA,234.0
11,158,Baseline FQL,11.0
11,158,Improved FQL-GTA,123.0
11,159,Baseline FQL,14.0
11,159,Improved FQL-GTA,246.0
11,160,Baseline FQL,15.0
11,160,Improved FQL-GTA,275.0
11,161,Baseline FQL,15.0
11,161,Improved FQL-GTA,17.0
11,162,Baseline FQL,17.0
11,162,Improved FQL-GTA,310.0
11,163,Baseline FQL,19.0
11,163,Improved FQL-GTA,261.0
11,164,Baseline FQL,11.0
11,164,Improved FQL-GTA,264.0
11,165,Baseline FQL,21.0
11,165,Improved FQL-GTA,208.0
11,166,Baseline FQL,11.0
11,166,Improved FQL-GTA,14.0
11,167,Baseline FQL,15.0
11,167,Improved FQL-GTA,285.0
11,168,Baseline FQL,23.0
11,168,Improved FQL-GTA,257.0
11,169,Baseline FQL,11.0
11,169,Improved FQL-GTA,275.0
11,170,Baseline FQL,17.0
11,170,Improved FQL-GTA,237.0
11,171,Baseline FQL,17.0
11,171,Improved FQL-GTA,233.0
11,172,Baseline FQL,15.0
11,172,Improved FQL-GTA,212.0
11,173,Baseline FQL,15.0
11,173,Improved FQL-GTA,138.0
11,174,Baseline FQL,11.0
11,174,Improved FQL-GTA,328.0
11,175,Baseline FQL,17.0
11,175,Improved FQL-GTA,288.0
11,176,Baseline FQL,11.0
11,176,Improved FQL-GTA,280.0
11,177,Baseline FQL,17.0
11,177,Improved FQL-GTA,229.0
11,178,Baseline FQL,11.0
11,178,Improved FQL-GTA,260.0
11,179,Baseline FQL,15.0
11,179,Improved FQL-GTA,228.0
11,180,Baseline FQL,10.0
11,180,Improved FQL-GTA,232.0
11,181,Baseline FQL,23.0
11,181,Improved FQL-GTA,199.0
11,182,Baseline FQL,22.0
11,182,Improved FQL-GTA,11.0
11,183,Baseline FQL,16.0
11,183,Improved FQL-GTA,314.0
11,184,Baseline FQL,19.0
11,184,Improved FQL-GTA,355.0
11,185,Baseline FQL,14.0
11,185,Improved FQL-GTA,314.0
11,186,Baseline FQL,13.0
11,186,Improved FQL-GTA,338.0
11,187,Baseline FQL,14.0
11,187,Improved FQL-GTA,293.0
11,188,Baseline FQL,20.0
11,188,Improved FQL-GTA,285.0
11,189,Baseline FQL,22.0
11,189,Improved FQL-GTA,237.0
11,190,Baseline FQL,19.0
11,190,Improved FQL-GTA,241.0
11,191,Baseline FQL,15.0
11,191,Improved FQL-GTA,245.0
11,192,Baseline FQL,11.0
11,192,Improved FQL-GTA,265.0
11,193,Baseline FQL,24.0
11,193,Improved FQL-GTA,252.0
11,194,Baseline FQL,15.0
11,194,Improved FQL-GTA,260.0
11,195,Baseline FQL,13.0
11,195,Improved FQL-GTA,227.0
11,196,Baseline FQL,9.0
11,196,Improved FQL-GTA,224.0
11,197,Baseline FQL,11.0
11,197,Improved FQL-GTA,140.0
11,198,Baseline FQL,19.0
11,198,Improved FQL-GTA,299.0
11,199,Baseline FQL,15.0
11,199,Improved FQL-GTA,288.0
11,200,Baseline FQL,17.0
11,200,Improved FQL-GTA,272.0
11,201,Baseline FQL,22.0
11,201,Improved FQL-GTA,274.0
11,202,Baseline FQL,17.0
11,202,Improved FQL-GTA,259.0
11,203,Baseline FQL,17.0
11,203,Improved FQL-GTA,256.0
11,204,Baseline FQL,21.0
11,204,Improved FQL-GTA,500.0
11,205,Baseline FQL,9.0
11,205,Improved FQL-GTA,336.0
11,206,Baseline FQL,26.0
11,206,Improved FQL-GTA,244.0
11,207,Baseline FQL,15.0
11,207,Improved FQL-GTA,244.0
11,208,Baseline FQL,12.0
11,208,Improved FQL-GTA,267.0
11,209,Baseline FQL,11.0
11,209,Improved FQL-GTA,500.0
11,210,Baseline FQL,11.0
11,210,Improved FQL-GTA,337.0
11,211,Baseline FQL,11.0
11,211,Improved FQL-GTA,278.0
11,212,Baseline FQL,13.0
11,212,Improved FQL-GTA,500.0
11,213,Baseline FQL,14.0
11,213,Improved FQL-GTA,312.0
11,214,Baseline FQL,15.0
11,214,Improved FQL-GTA,14.0
11,215,Baseline FQL,11.0
11,215,Improved FQL-GTA,500.0
11,216,Baseline FQL,11.0
11,216,Improved FQL-GTA,500.0
11,217,Baseline FQL,22.0
11,217,Improved FQL-GTA,500.0
11,218,Baseline FQL,16.0
11,218,Improved FQL-GTA,500.0
11,219,Baseline FQL,25.0
11,219,Improved FQL-GTA,500.0
11,220,Baseline FQL,13.0
11,220,Improved FQL-GTA,500.0
11,221,Baseline FQL,21.0
11,221,Improved FQL-GTA,500.0
11,222,Baseline FQL,17.0
11,222,Improved FQL-GTA,480.0
11,223,Baseline FQL,23.0
11,223,Improved FQL-GTA,500.0
11,224,Baseline FQL,20.0
11,224,Improved FQL-GTA,417.0
11,225,Baseline FQL,23.0
11,225,Improved FQL-GTA,500.0
11,226,Baseline FQL,15.0
11,226,Improved FQL-GTA,500.0
11,227,Baseline FQL,23.0
11,227,Improved FQL-GTA,426.0
11,228,Baseline FQL,13.0
11,228,Improved FQL-GTA,500.0
11,229,Baseline FQL,19.0
11,229,Improved FQL-GTA,296.0
11,230,Baseline FQL,23.0
11,230,Improved FQL-GTA,425.0
11,231,Baseline FQL,14.0
11,231,Improved FQL-GTA,500.0
11,232,Baseline FQL,16.0
11,232,Improved FQL-GTA,467.0
11,233,Baseline FQL,11.0
11,233,Improved FQL-GTA,407.0
11,234,Baseline FQL,19.0
11,234,Improved FQL-GTA,452.0
11,235,Baseline FQL,21.0
11,235,Improved FQL-GTA,436.0
11,236,Baseline FQL,12.0
11,236,Improved FQL-GTA,500.0
11,237,Baseline FQL,17.0
11,237,Improved FQL-GTA,460.0
11,238,Baseline FQL,34.0
11,238,Improved FQL-GTA,479.0
11,239,Baseline FQL,18.0
11,239,Improved FQL-GTA,320.0
11,240,Baseline FQL,26.0
11,240,Improved FQL-GTA,247.0
11,241,Baseline FQL,20.0
11,241,Improved FQL-GTA,500.0
11,242,Baseline FQL,13.0
11,242,Improved FQL-GTA,95.0
11,243,Baseline FQL,25.0
11,243,Improved FQL-GTA,500.0
11,244,Baseline FQL,13.0
11,244,Improved FQL-GTA,500.0
11,245,Baseline FQL,13.0
11,245,Improved FQL-GTA,500.0
11,246,Baseline FQL,10.0
11,246,Improved FQL-GTA,500.0
11,247,Baseline FQL,15.0
11,247,Improved FQL-GTA,500.0
11,248,Baseline FQL,13.0
11,248,Improved FQL-GTA,142.0
11,249,Baseline FQL,12.0
11,249,Improved FQL-GTA,12.0
11,250,Baseline FQL,13.0
11,250,Improved FQL-GTA,460.0
11,251,Baseline FQL,12.0
11,251,Improved FQL-GTA,389.0
11,252,Baseline FQL,17.0
11,252,Improved FQL-GTA,275.0
11,253,Baseline FQL,32.0
11,253,Improved FQL-GTA,17.0
11,254,Baseline FQL,25.0
11,254,Improved FQL-GTA,500.0
11,255,Baseline FQL,18.0
11,255,Improved FQL-GTA,470.0
11,256,Baseline FQL,18.0
11,256,Improved FQL-GTA,375.0
11,257,Baseline FQL,22.0
11,257,Improved FQL-GTA,413.0
11,258,Baseline FQL,13.0
11,258,Improved FQL-GTA,361.0
11,259,Baseline FQL,26.0
11,259,Improved FQL-GTA,365.0
11,260,Baseline FQL,25.0
11,260,Improved FQL-GTA,335.0
11,261,Baseline FQL,15.0
11,261,Improved FQL-GTA,265.0
11,262,Baseline FQL,21.0
11,262,Improved FQL-GTA,291.0
11,263,Baseline FQL,22.0
11,263,Improved FQL-GTA,290.0
11,264,Baseline FQL,22.0
11,264,Improved FQL-GTA,278.0
11,265,Baseline FQL,30.0
11,265,Improved FQL-GTA,444.0
11,266,Baseline FQL,22.0
11,266,Improved FQL-GTA,448.0
11,267,Baseline FQL,28.0
11,267,Improved FQL-GTA,500.0
11,268,Baseline FQL,26.0
11,268,Improved FQL-GTA,442.0
11,269,Baseline FQL,32.0
11,269,Improved FQL-GTA,356.0
11,270,Baseline FQL,20.0
11,270,Improved FQL-GTA,285.0
11,271,Baseline FQL,28.0
11,271,Improved FQL-GTA,319.0
11,272,Baseline FQL,20.0
11,272,Improved FQL-GTA,358.0
11,273,Baseline FQL,30.0
11,273,Improved FQL-GTA,500.0
11,274,Baseline FQL,22.0
11,274,Improved FQL-GTA,498.0
11,275,Baseline FQL,18.0
11,275,Improved FQL-GTA,393.0
11,276,Baseline FQL,34.0
11,276,Improved FQL-GTA,312.0
11,277,Baseline FQL,29.0
11,277,Improved FQL-GTA,500.0
11,278,Baseline FQL,16.0
11,278,Improved FQL-GTA,500.0
11,279,Baseline FQL,26.0
11,279,Improved FQL-GTA,500.0
11,280,Baseline FQL,26.0
11,280,Improved FQL-GTA,500.0
11,281,Baseline FQL,26.0
11,281,Improved FQL-GTA,500.0
11,282,Baseline FQL,20.0
11,282,Improved FQL-GTA,500.0
11,283,Baseline FQL,28.0
11,283,Improved FQL-GTA,500.0
11,284,Baseline FQL,22.0
11,284,Improved FQL-GTA,500.0
11,285,Baseline FQL,14.0
11,285,Improved FQL-GTA,460.0
11,286,Baseline FQL,28.0
11,286,Improved FQL-GTA,446.0
11,287,Baseline FQL,32.0
11,287,Improved FQL-GTA,500.0
11,288,Baseline FQL,24.0
11,288,Improved FQL-GTA,441.0
11,289,Baseline FQL,36.0
11,289,Improved FQL-GTA,500.0
11,290,Baseline FQL,29.0
11,290,Improved FQL-GTA,500.0
11,291,Baseline FQL,24.0
11,291,Improved FQL-GTA,500.0
11,292,Baseline FQL,18.0
11,292,Improved FQL-GTA,500.0
11,293,Baseline FQL,20.0
11,293,Improved FQL-GTA,500.0
11,294,Baseline FQL,25.0
11,294,Improved FQL-GTA,500.0
11,295,Baseline FQL,20.0
11,295,Improved FQL-GTA,500.0
11,296,Baseline FQL,27.0
11,296,Improved FQL-GTA,500.0
11,297,Baseline FQL,36.0
11,297,Improved FQL-GTA,346.0
11,298,Baseline FQL,20.0
11,298,Improved FQL-GTA,230.0
11,299,Baseline FQL,17.0
11,299,Improved FQL-GTA,416.0
11,300,Baseline FQL,21.0
11,300,Improved FQL-GTA,434.0
11,301,Baseline FQL,34.0
11,301,Improved FQL-GTA,24.0
11,302,Baseline FQL,28.0
11,302,Improved FQL-GTA,500.0
11,303,Baseline FQL,19.0
11,303,Improved FQL-GTA,500.0
11,304,Baseline FQL,22.0
11,304,Improved FQL-GTA,500.0
11,305,Baseline FQL,49.0
11,305,Improved FQL-GTA,500.0
11,306,Baseline FQL,18.0
11,306,Improved FQL-GTA,500.0
11,307,Baseline FQL,16.0
11,307,Improved FQL-GTA,500.0
11,308,Baseline FQL,20.0
11,308,Improved FQL-GTA,500.0
11,309,Baseline FQL,25.0
11,309,Improved FQL-GTA,500.0
11,310,Baseline FQL,46.0
11,310,Improved FQL-GTA,500.0
11,311,Baseline FQL,23.0
11,311,Improved FQL-GTA,500.0
11,312,Baseline FQL,69.0
11,312,Improved FQL-GTA,500.0
11,313,Baseline FQL,18.0
11,313,Improved FQL-GTA,500.0
11,314,Baseline FQL,48.0
11,314,Improved FQL-GTA,500.0
11,315,Baseline FQL,28.0
11,315,Improved FQL-GTA,500.0
11,316,Baseline FQL,39.0
11,316,Improved FQL-GTA,500.0
11,317,Baseline FQL,46.0
11,317,Improved FQL-GTA,482.0
11,318,Baseline FQL,47.0
11,318,Improved FQL-GTA,456.0
11,319,Baseline FQL,68.0
11,319,Improved FQL-GTA,15.0
11,320,Baseline FQL,42.0
11,320,Improved FQL-GTA,500.0
11,321,Baseline FQL,169.0
11,321,Improved FQL-GTA,500.0
11,322,Baseline FQL,52.0
11,322,Improved FQL-GTA,500.0
11,323,Baseline FQL,40.0
11,323,Improved FQL-GTA,500.0
11,324,Baseline FQL,52.0
11,324,Improved FQL-GTA,500.0
11,325,Baseline FQL,112.0
11,325,Improved FQL-GTA,500.0
11,326,Baseline FQL,26.0
11,326,Improved FQL-GTA,500.0
11,327,Baseline FQL,41.0
11,327,Improved FQL-GTA,500.0
11,328,Baseline FQL,41.0
11,328,Improved FQL-GTA,500.0
11,329,Baseline FQL,17.0
11,329,Improved FQL-GTA,500.0
11,330,Baseline FQL,43.0
11,330,Improved FQL-GTA,500.0
11,331,Baseline FQL,120.0
11,331,Improved FQL-GTA,500.0
11,332,Baseline FQL,46.0
11,332,Improved FQL-GTA,476.0
11,333,Baseline FQL,33.0
11,333,Improved FQL-GTA,500.0
11,334,Baseline FQL,33.0
11,334,Improved FQL-GTA,421.0
11,335,Baseline FQL,44.0
11,335,Improved FQL-GTA,14.0
11,336,Baseline FQL,29.0
11,336,Improved FQL-GTA,500.0
11,337,Baseline FQL,125.0
11,337,Improved FQL-GTA,500.0
11,338,Baseline FQL,78.0
11,338,Improved FQL-GTA,500.0
11,339,Baseline FQL,105.0
11,339,Improved FQL-GTA,500.0
11,340,Baseline FQL,161.0
11,340,Improved FQL-GTA,500.0
11,341,Baseline FQL,78.0
11,341,Improved FQL-GTA,500.0
11,342,Baseline FQL,132.0
11,342,Improved FQL-GTA,500.0
11,343,Baseline FQL,87.0
11,343,Improved FQL-GTA,500.0
11,344,Baseline FQL,235.0
11,344,Improved FQL-GTA,500.0
11,345,Baseline FQL,296.0
11,345,Improved FQL-GTA,500.0
11,346,Baseline FQL,68.0
11,346,Improved FQL-GTA,500.0
11,347,Baseline FQL,153.0
11,347,Improved FQL-GTA,500.0
11,348,Baseline FQL,43.0
11,348,Improved FQL-GTA,500.0
11,349,Baseline FQL,233.0
11,349,Improved FQL-GTA,500.0
11,350,Baseline FQL,71.0
11,350,Improved FQL-GTA,500.0
11,351,Baseline FQL,49.0
11,351,Improved FQL-GTA,436.0
11,352,Baseline FQL,35.0
11,352,Improved FQL-GTA,500.0
11,353,Baseline FQL,73.0
11,353,Improved FQL-GTA,464.0
11,354,Baseline FQL,29.0
11,354,Improved FQL-GTA,381.0
11,355,Baseline FQL,64.0
11,355,Improved FQL-GTA,442.0
11,356,Baseline FQL,64.0
11,356,Improved FQL-GTA,13.0
11,357,Baseline FQL,42.0
11,357,Improved FQL-GTA,500.0
11,358,Baseline FQL,230.0
11,358,Improved FQL-GTA,500.0
11,359,Baseline FQL,134.0
11,359,Improved FQL-GTA,500.0
11,360,Baseline FQL,257.0
11,360,Improved FQL-GTA,500.0
11,361,Baseline FQL,250.0
11,361,Improved FQL-GTA,443.0
11,362,Baseline FQL,152.0
11,362,Improved FQL-GTA,438.0
11,363,Baseline FQL,159.0
11,363,Improved FQL-GTA,15.0
11,364,Baseline FQL,175.0
11,364,Improved FQL-GTA,500.0
11,365,Baseline FQL,140.0
11,365,Improved FQL-GTA,500.0
11,366,Baseline FQL,274.0
11,366,Improved FQL-GTA,500.0
11,367,Baseline FQL,169.0
11,367,Improved FQL-GTA,500.0
11,368,Baseline FQL,86.0
11,368,Improved FQL-GTA,500.0
11,369,Baseline FQL,203.0
11,369,Improved FQL-GTA,500.0
11,370,Baseline FQL,338.0
11,370,Improved FQL-GTA,436.0
11,371,Baseline FQL,114.0
11,371,Improved FQL-GTA,305.0
11,372,Baseline FQL,142.0
11,372,Improved FQL-GTA,460.0
11,373,Baseline FQL,157.0
11,373,Improved FQL-GTA,469.0
11,374,Baseline FQL,202.0
11,374,Improved FQL-GTA,247.0
11,375,Baseline FQL,236.0
11,375,Improved FQL-GTA,15.0
11,376,Baseline FQL,270.0
11,376,Improved FQL-GTA,500.0
11,377,Baseline FQL,278.0
11,377,Improved FQL-GTA,500.0
11,378,Baseline FQL,237.0
11,378,Improved FQL-GTA,500.0
11,379,Baseline FQL,316.0
11,379,Improved FQL-GTA,500.0
11,380,Baseline FQL,226.0
11,380,Improved FQL-GTA,473.0
11,381,Baseline FQL,230.0
11,381,Improved FQL-GTA,473.0
11,382,Baseline FQL,247.0
11,382,Improved FQL-GTA,450.0
11,383,Baseline FQL,250.0
11,383,Improved FQL-GTA,16.0
11,384,Baseline FQL,273.0
11,384,Improved FQL-GTA,500.0
11,385,Baseline FQL,217.0
11,385,Improved FQL-GTA,500.0
11,386,Baseline FQL,246.0
11,386,Improved FQL-GTA,500.0
11,387,Baseline FQL,215.0
11,387,Improved FQL-GTA,500.0
11,388,Baseline FQL,228.0
11,388,Improved FQL-GTA,490.0
11,389,Baseline FQL,192.0
11,389,Improved FQL-GTA,486.0
11,390,Baseline FQL,187.0
11,390,Improved FQL-GTA,296.0
11,391,Baseline FQL,267.0
11,391,Improved FQL-GTA,237.0
11,392,Baseline FQL,162.0
11,392,Improved FQL-GTA,289.0
11,393,Baseline FQL,218.0
11,393,Improved FQL-GTA,228.0
11,394,Baseline FQL,254.0
11,394,Improved FQL-GTA,11.0
11,395,Baseline FQL,230.0
11,395,Improved FQL-GTA,14.0
11,396,Baseline FQL,258.0
11,396,Improved FQL-GTA,500.0
11,397,Baseline FQL,260.0
11,397,Improved FQL-GTA,500.0
11,398,Baseline FQL,214.0
11,398,Improved FQL-GTA,500.0
11,399,Baseline FQL,33.0
11,399,Improved FQL-GTA,500.0
11,400,Baseline FQL,322.0
11,400,Improved FQL-GTA,500.0
11,401,Baseline FQL,132.0
11,401,Improved FQL-GTA,500.0
11,402,Baseline FQL,209.0
11,402,Improved FQL-GTA,500.0
11,403,Baseline FQL,290.0
11,403,Improved FQL-GTA,500.0
11,404,Baseline FQL,223.0
11,404,Improved FQL-GTA,500.0
11,405,Baseline FQL,199.0
11,405,Improved FQL-GTA,500.0
11,406,Baseline FQL,279.0
11,406,Improved FQL-GTA,500.0
11,407,Baseline FQL,226.0
11,407,Improved FQL-GTA,500.0
11,408,Baseline FQL,227.0
11,408,Improved FQL-GTA,500.0
11,409,Baseline FQL,247.0
11,409,Improved FQL-GTA,293.0
11,410,Baseline FQL,203.0
11,410,Improved FQL-GTA,307.0
11,411,Baseline FQL,307.0
11,411,Improved FQL-GTA,279.0
11,412,Baseline FQL,266.0
11,412,Improved FQL-GTA,237.0
11,413,Baseline FQL,239.0
11,413,Improved FQL-GTA,16.0
11,414,Baseline FQL,337.0
11,414,Improved FQL-GTA,470.0
11,415,Baseline FQL,177.0
11,415,Improved FQL-GTA,500.0
11,416,Baseline FQL,104.0
11,416,Improved FQL-GTA,321.0
11,417,Baseline FQL,272.0
11,417,Improved FQL-GTA,390.0
11,418,Baseline FQL,248.0
11,418,Improved FQL-GTA,338.0
11,419,Baseline FQL,234.0
11,419,Improved FQL-GTA,317.0
11,420,Baseline FQL,212.0
11,420,Improved FQL-GTA,331.0
11,421,Baseline FQL,252.0
11,421,Improved FQL-GTA,285.0
11,422,Baseline FQL,268.0
11,422,Improved FQL-GTA,263.0
11,423,Baseline FQL,264.0
11,423,Improved FQL-GTA,265.0
11,424,Baseline FQL,281.0
11,424,Improved FQL-GTA,251.0
11,425,Baseline FQL,302.0
11,425,Improved FQL-GTA,261.0
11,426,Baseline FQL,269.0
11,426,Improved FQL-GTA,264.0
11,427,Baseline FQL,238.0
11,427,Improved FQL-GTA,328.0
11,428,Baseline FQL,208.0
11,428,Improved FQL-GTA,297.0
11,429,Baseline FQL,239.0
11,429,Improved FQL-GTA,299.0
11,430,Baseline FQL,327.0
11,430,Improved FQL-GTA,282.0
11,431,Baseline FQL,262.0
11,431,Improved FQL-GTA,275.0
11,432,Baseline FQL,194.0
11,432,Improved FQL-GTA,263.0
11,433,Baseline FQL,253.0
11,433,Improved FQL-GTA,271.0
11,434,Baseline FQL,500.0
11,434,Improved FQL-GTA,297.0
11,435,Baseline FQL,241.0
11,435,Improved FQL-GTA,267.0
11,436,Baseline FQL,273.0
11,436,Improved FQL-GTA,256.0
11,437,Baseline FQL,309.0
11,437,Improved FQL-GTA,256.0
11,438,Baseline FQL,264.0
11,438,Improved FQL-GTA,500.0
11,439,Baseline FQL,233.0
11,439,Improved FQL-GTA,342.0
11,440,Baseline FQL,167.0
11,440,Improved FQL-GTA,259.0
11,441,Baseline FQL,246.0
11,441,Improved FQL-GTA,312.0
11,442,Baseline FQL,287.0
11,442,Improved FQL-GTA,266.0
11,443,Baseline FQL,236.0
11,443,Improved FQL-GTA,278.0
11,444,Baseline FQL,500.0
11,444,Improved FQL-GTA,271.0
11,445,Baseline FQL,244.0
11,445,Improved FQL-GTA,324.0
11,446,Baseline FQL,289.0
11,446,Improved FQL-GTA,285.0
11,447,Baseline FQL,300.0
11,447,Improved FQL-GTA,11.0
11,448,Baseline FQL,291.0
11,448,Improved FQL-GTA,500.0
11,449,Baseline FQL,184.0
11,449,Improved FQL-GTA,500.0
11,450,Baseline FQL,281.0
11,450,Improved FQL-GTA,500.0
11,451,Baseline FQL,204.0
11,451,Improved FQL-GTA,500.0
11,452,Baseline FQL,254.0
11,452,Improved FQL-GTA,469.0
11,453,Baseline FQL,238.0
11,453,Improved FQL-GTA,474.0
11,454,Baseline FQL,312.0
11,454,Improved FQL-GTA,418.0
11,455,Baseline FQL,100.0
11,455,Improved FQL-GTA,435.0
11,456,Baseline FQL,297.0
11,456,Improved FQL-GTA,381.0
11,457,Baseline FQL,218.0
11,457,Improved FQL-GTA,367.0
11,458,Baseline FQL,230.0
11,458,Improved FQL-GTA,373.0
11,459,Baseline FQL,214.0
11,459,Improved FQL-GTA,402.0
11,460,Baseline FQL,481.0
11,460,Improved FQL-GTA,500.0
11,461,Baseline FQL,300.0
11,461,Improved FQL-GTA,500.0
11,462,Baseline FQL,294.0
11,462,Improved FQL-GTA,454.0
11,463,Baseline FQL,267.0
11,463,Improved FQL-GTA,471.0
11,464,Baseline FQL,285.0
11,464,Improved FQL-GTA,333.0
11,465,Baseline FQL,303.0
11,465,Improved FQL-GTA,397.0
11,466,Baseline FQL,270.0
11,466,Improved FQL-GTA,383.0
11,467,Baseline FQL,349.0
11,467,Improved FQL-GTA,384.0
11,468,Baseline FQL,230.0
11,468,Improved FQL-GTA,500.0
11,469,Baseline FQL,398.0
11,469,Improved FQL-GTA,495.0
11,470,Baseline FQL,208.0
11,470,Improved FQL-GTA,421.0
11,471,Baseline FQL,214.0
11,471,Improved FQL-GTA,465.0
11,472,Baseline FQL,227.0
11,472,Improved FQL-GTA,454.0
11,473,Baseline FQL,307.0
11,473,Improved FQL-GTA,409.0
11,474,Baseline FQL,361.0
11,474,Improved FQL-GTA,270.0
11,475,Baseline FQL,329.0
11,475,Improved FQL-GTA,500.0
11,476,Baseline FQL,281.0
11,476,Improved FQL-GTA,500.0
11,477,Baseline FQL,321.0
11,477,Improved FQL-GTA,500.0
11,478,Baseline FQL,357.0
11,478,Improved FQL-GTA,500.0
11,479,Baseline FQL,229.0
11,479,Improved FQL-GTA,500.0
11,480,Baseline FQL,230.0
11,480,Improved FQL-GTA,500.0
11,481,Baseline FQL,221.0
11,481,Improved FQL-GTA,500.0
11,482,Baseline FQL,224.0
11,482,Improved FQL-GTA,500.0
11,483,Baseline FQL,371.0
11,483,Improved FQL-GTA,500.0
11,484,Baseline FQL,227.0
11,484,Improved FQL-GTA,500.0
11,485,Baseline FQL,235.0
11,485,Improved FQL-GTA,500.0
11,486,Baseline FQL,231.0
11,486,Improved FQL-GTA,500.0
11,487,Baseline FQL,248.0
11,487,Improved FQL-GTA,500.0
11,488,Baseline FQL,326.0
11,488,Improved FQL-GTA,500.0
11,489,Baseline FQL,238.0
11,489,Improved FQL-GTA,490.0
11,490,Baseline FQL,311.0
11,490,Improved FQL-GTA,430.0
11,491,Baseline FQL,219.0
11,491,Improved FQL-GTA,348.0
11,492,Baseline FQL,309.0
11,492,Improved FQL-GTA,500.0
11,493,Baseline FQL,354.0
11,493,Improved FQL-GTA,361.0
11,494,Baseline FQL,264.0
11,494,Improved FQL-GTA,481.0
11,495,Baseline FQL,239.0
11,495,Improved FQL-GTA,299.0
11,496,Baseline FQL,292.0
11,496,Improved FQL-GTA,307.0
11,497,Baseline FQL,114.0
11,497,Improved FQL-GTA,429.0
11,498,Baseline FQL,248.0
11,498,Improved FQL-GTA,305.0
11,499,Baseline FQL,287.0
11,499,Improved FQL-GTA,500.0
11,500,Baseline FQL,296.0
11,500,Improved FQL-GTA,253.0
12,1,Baseline FQL,10.0
12,1,Improved FQL-GTA,11.0
12,2,Baseline FQL,9.0
12,2,Improved FQL-GTA,12.0
12,3,Baseline FQL,10.0
12,3,Improved FQL-GTA,14.0
12,4,Baseline FQL,10.0
12,4,Improved FQL-GTA,10.0
12,5,Baseline FQL,10.0
12,5,Improved FQL-GTA,8.0
12,6,Baseline FQL,9.0
12,6,Improved FQL-GTA,15.0
12,7,Baseline FQL,10.0
12,7,Improved FQL-GTA,11.0
12,8,Baseline FQL,11.0
12,8,Improved FQL-GTA,14.0
12,9,Baseline FQL,12.0
12,9,Improved FQL-GTA,11.0
12,10,Baseline FQL,9.0
12,10,Improved FQL-GTA,12.0
12,11,Baseline FQL,16.0
12,11,Improved FQL-GTA,14.0
12,12,Baseline FQL,15.0
12,12,Improved FQL-GTA,13.0
12,13,Baseline FQL,9.0
12,13,Improved FQL-GTA,14.0
12,14,Baseline FQL,10.0
12,14,Improved FQL-GTA,11.0
12,15,Baseline FQL,11.0
12,15,Improved FQL-GTA,8.0
12,16,Baseline FQL,10.0
12,16,Improved FQL-GTA,10.0
12,17,Baseline FQL,10.0
12,17,Improved FQL-GTA,14.0
12,18,Baseline FQL,9.0
12,18,Improved FQL-GTA,12.0
12,19,Baseline FQL,10.0
12,19,Improved FQL-GTA,9.0
12,20,Baseline FQL,9.0
12,20,Improved FQL-GTA,12.0
12,21,Baseline FQL,10.0
12,21,Improved FQL-GTA,10.0
12,22,Baseline FQL,9.0
12,22,Improved FQL-GTA,17.0
12,23,Baseline FQL,11.0
12,23,Improved FQL-GTA,10.0
12,24,Baseline FQL,8.0
12,24,Improved FQL-GTA,13.0
12,25,Baseline FQL,8.0
12,25,Improved FQL-GTA,17.0
12,26,Baseline FQL,12.0
12,26,Improved FQL-GTA,11.0
12,27,Baseline FQL,9.0
12,27,Improved FQL-GTA,15.0
12,28,Baseline FQL,12.0
12,28,Improved FQL-GTA,11.0
12,29,Baseline FQL,10.0
12,29,Improved FQL-GTA,13.0
12,30,Baseline FQL,10.0
12,30,Improved FQL-GTA,18.0
12,31,Baseline FQL,8.0
12,31,Improved FQL-GTA,23.0
12,32,Baseline FQL,12.0
12,32,Improved FQL-GTA,18.0
12,33,Baseline FQL,10.0
12,33,Improved FQL-GTA,16.0
12,34,Baseline FQL,9.0
12,34,Improved FQL-GTA,21.0
12,35,Baseline FQL,10.0
12,35,Improved FQL-GTA,11.0
12,36,Baseline FQL,10.0
12,36,Improved FQL-GTA,13.0
12,37,Baseline FQL,9.0
12,37,Improved FQL-GTA,12.0
12,38,Baseline FQL,10.0
12,38,Improved FQL-GTA,18.0
12,39,Baseline FQL,9.0
12,39,Improved FQL-GTA,11.0
12,40,Baseline FQL,10.0
12,40,Improved FQL-GTA,16.0
12,41,Baseline FQL,10.0
12,41,Improved FQL-GTA,11.0
12,42,Baseline FQL,10.0
12,42,Improved FQL-GTA,12.0
12,43,Baseline FQL,10.0
12,43,Improved FQL-GTA,10.0
12,44,Baseline FQL,10.0
12,44,Improved FQL-GTA,11.0
12,45,Baseline FQL,9.0
12,45,Improved FQL-GTA,22.0
12,46,Baseline FQL,9.0
12,46,Improved FQL-GTA,13.0
12,47,Baseline FQL,10.0
12,47,Improved FQL-GTA,10.0
12,48,Baseline FQL,10.0
12,48,Improved FQL-GTA,24.0
12,49,Baseline FQL,12.0
12,49,Improved FQL-GTA,18.0
12,50,Baseline FQL,9.0
12,50,Improved FQL-GTA,19.0
12,51,Baseline FQL,9.0
12,51,Improved FQL-GTA,17.0
12,52,Baseline FQL,13.0
12,52,Improved FQL-GTA,23.0
12,53,Baseline FQL,13.0
12,53,Improved FQL-GTA,16.0
12,54,Baseline FQL,10.0
12,54,Improved FQL-GTA,22.0
12,55,Baseline FQL,11.0
12,55,Improved FQL-GTA,17.0
12,56,Baseline FQL,9.0
12,56,Improved FQL-GTA,16.0
12,57,Baseline FQL,9.0
12,57,Improved FQL-GTA,16.0
12,58,Baseline FQL,8.0
12,58,Improved FQL-GTA,20.0
12,59,Baseline FQL,10.0
12,59,Improved FQL-GTA,17.0
12,60,Baseline FQL,9.0
12,60,Improved FQL-GTA,11.0
12,61,Baseline FQL,13.0
12,61,Improved FQL-GTA,18.0
12,62,Baseline FQL,10.0
12,62,Improved FQL-GTA,12.0
12,63,Baseline FQL,9.0
12,63,Improved FQL-GTA,13.0
12,64,Baseline FQL,11.0
12,64,Improved FQL-GTA,16.0
12,65,Baseline FQL,9.0
12,65,Improved FQL-GTA,17.0
12,66,Baseline FQL,10.0
12,66,Improved FQL-GTA,21.0
12,67,Baseline FQL,9.0
12,67,Improved FQL-GTA,14.0
12,68,Baseline FQL,9.0
12,68,Improved FQL-GTA,17.0
12,69,Baseline FQL,10.0
12,69,Improved FQL-GTA,11.0
12,70,Baseline FQL,8.0
12,70,Improved FQL-GTA,16.0
12,71,Baseline FQL,11.0
12,71,Improved FQL-GTA,13.0
12,72,Baseline FQL,11.0
12,72,Improved FQL-GTA,16.0
12,73,Baseline FQL,11.0
12,73,Improved FQL-GTA,17.0
12,74,Baseline FQL,11.0
12,74,Improved FQL-GTA,16.0
12,75,Baseline FQL,11.0
12,75,Improved FQL-GTA,18.0
12,76,Baseline FQL,14.0
12,76,Improved FQL-GTA,19.0
12,77,Baseline FQL,12.0
12,77,Improved FQL-GTA,21.0
12,78,Baseline FQL,10.0
12,78,Improved FQL-GTA,19.0
12,79,Baseline FQL,14.0
12,79,Improved FQL-GTA,22.0
12,80,Baseline FQL,13.0
12,80,Improved FQL-GTA,19.0
12,81,Baseline FQL,18.0
12,81,Improved FQL-GTA,24.0
12,82,Baseline FQL,16.0
12,82,Improved FQL-GTA,24.0
12,83,Baseline FQL,14.0
12,83,Improved FQL-GTA,23.0
12,84,Baseline FQL,21.0
12,84,Improved FQL-GTA,18.0
12,85,Baseline FQL,15.0
12,85,Improved FQL-GTA,19.0
12,86,Baseline FQL,16.0
12,86,Improved FQL-GTA,23.0
12,87,Baseline FQL,22.0
12,87,Improved FQL-GTA,16.0
12,88,Baseline FQL,13.0
12,88,Improved FQL-GTA,24.0
12,89,Baseline FQL,22.0
12,89,Improved FQL-GTA,19.0
12,90,Baseline FQL,12.0
12,90,Improved FQL-GTA,28.0
12,91,Baseline FQL,12.0
12,91,Improved FQL-GTA,24.0
12,92,Baseline FQL,17.0
12,92,Improved FQL-GTA,15.0
12,93,Baseline FQL,20.0
12,93,Improved FQL-GTA,32.0
12,94,Baseline FQL,24.0
12,94,Improved FQL-GTA,17.0
12,95,Baseline FQL,21.0
12,95,Improved FQL-GTA,17.0
12,96,Baseline FQL,15.0
12,96,Improved FQL-GTA,24.0
12,97,Baseline FQL,21.0
12,97,Improved FQL-GTA,17.0
12,98,Baseline FQL,13.0
12,98,Improved FQL-GTA,19.0
12,99,Baseline FQL,17.0
12,99,Improved FQL-GTA,25.0
12,100,Baseline FQL,17.0
12,100,Improved FQL-GTA,28.0
12,101,Baseline FQL,11.0
12,101,Improved FQL-GTA,17.0
12,102,Baseline FQL,21.0
12,102,Improved FQL-GTA,17.0
12,103,Baseline FQL,17.0
12,103,Improved FQL-GTA,23.0
12,104,Baseline FQL,14.0
12,104,Improved FQL-GTA,36.0
12,105,Baseline FQL,11.0
12,105,Improved FQL-GTA,14.0
12,106,Baseline FQL,15.0
12,106,Improved FQL-GTA,27.0
12,107,Baseline FQL,21.0
12,107,Improved FQL-GTA,19.0
12,108,Baseline FQL,13.0
12,108,Improved FQL-GTA,26.0
12,109,Baseline FQL,19.0
12,109,Improved FQL-GTA,25.0
12,110,Baseline FQL,14.0
12,110,Improved FQL-GTA,36.0
12,111,Baseline FQL,18.0
12,111,Improved FQL-GTA,17.0
12,112,Baseline FQL,21.0
12,112,Improved FQL-GTA,15.0
12,113,Baseline FQL,11.0
12,113,Improved FQL-GTA,44.0
12,114,Baseline FQL,21.0
12,114,Improved FQL-GTA,28.0
12,115,Baseline FQL,21.0
12,115,Improved FQL-GTA,32.0
12,116,Baseline FQL,17.0
12,116,Improved FQL-GTA,41.0
12,117,Baseline FQL,17.0
12,117,Improved FQL-GTA,38.0
12,118,Baseline FQL,11.0
12,118,Improved FQL-GTA,29.0
12,119,Baseline FQL,20.0
12,119,Improved FQL-GTA,101.0
12,120,Baseline FQL,16.0
12,120,Improved FQL-GTA,21.0
12,121,Baseline FQL,12.0
12,121,Improved FQL-GTA,38.0
12,122,Baseline FQL,17.0
12,122,Improved FQL-GTA,65.0
12,123,Baseline FQL,15.0
12,123,Improved FQL-GTA,28.0
12,124,Baseline FQL,11.0
12,124,Improved FQL-GTA,45.0
12,125,Baseline FQL,21.0
12,125,Improved FQL-GTA,99.0
12,126,Baseline FQL,17.0
12,126,Improved FQL-GTA,63.0
12,127,Baseline FQL,15.0
12,127,Improved FQL-GTA,196.0
12,128,Baseline FQL,25.0
12,128,Improved FQL-GTA,133.0
12,129,Baseline FQL,17.0
12,129,Improved FQL-GTA,188.0
12,130,Baseline FQL,26.0
12,130,Improved FQL-GTA,13.0
12,131,Baseline FQL,13.0
12,131,Improved FQL-GTA,228.0
12,132,Baseline FQL,20.0
12,132,Improved FQL-GTA,144.0
12,133,Baseline FQL,20.0
12,133,Improved FQL-GTA,110.0
12,134,Baseline FQL,14.0
12,134,Improved FQL-GTA,161.0
12,135,Baseline FQL,19.0
12,135,Improved FQL-GTA,212.0
12,136,Baseline FQL,15.0
12,136,Improved FQL-GTA,261.0
12,137,Baseline FQL,13.0
12,137,Improved FQL-GTA,210.0
12,138,Baseline FQL,19.0
12,138,Improved FQL-GTA,167.0
12,139,Baseline FQL,14.0
12,139,Improved FQL-GTA,255.0
12,140,Baseline FQL,13.0
12,140,Improved FQL-GTA,206.0
12,141,Baseline FQL,23.0
12,141,Improved FQL-GTA,67.0
12,142,Baseline FQL,19.0
12,142,Improved FQL-GTA,370.0
12,143,Baseline FQL,21.0
12,143,Improved FQL-GTA,258.0
12,144,Baseline FQL,17.0
12,144,Improved FQL-GTA,232.0
12,145,Baseline FQL,24.0
12,145,Improved FQL-GTA,181.0
12,146,Baseline FQL,21.0
12,146,Improved FQL-GTA,193.0
12,147,Baseline FQL,15.0
12,147,Improved FQL-GTA,207.0
12,148,Baseline FQL,19.0
12,148,Improved FQL-GTA,321.0
12,149,Baseline FQL,18.0
12,149,Improved FQL-GTA,286.0
12,150,Baseline FQL,20.0
12,150,Improved FQL-GTA,228.0
12,151,Baseline FQL,13.0
12,151,Improved FQL-GTA,210.0
12,152,Baseline FQL,16.0
12,152,Improved FQL-GTA,208.0
12,153,Baseline FQL,19.0
12,153,Improved FQL-GTA,228.0
12,154,Baseline FQL,13.0
12,154,Improved FQL-GTA,230.0
12,155,Baseline FQL,13.0
12,155,Improved FQL-GTA,227.0
12,156,Baseline FQL,17.0
12,156,Improved FQL-GTA,235.0
12,157,Baseline FQL,11.0
12,157,Improved FQL-GTA,198.0
12,158,Baseline FQL,15.0
12,158,Improved FQL-GTA,244.0
12,159,Baseline FQL,11.0
12,159,Improved FQL-GTA,353.0
12,160,Baseline FQL,15.0
12,160,Improved FQL-GTA,224.0
12,161,Baseline FQL,15.0
12,161,Improved FQL-GTA,206.0
12,162,Baseline FQL,19.0
12,162,Improved FQL-GTA,192.0
12,163,Baseline FQL,14.0
12,163,Improved FQL-GTA,217.0
12,164,Baseline FQL,24.0
12,164,Improved FQL-GTA,241.0
12,165,Baseline FQL,11.0
12,165,Improved FQL-GTA,251.0
12,166,Baseline FQL,18.0
12,166,Improved FQL-GTA,199.0
12,167,Baseline FQL,21.0
12,167,Improved FQL-GTA,218.0
12,168,Baseline FQL,11.0
12,168,Improved FQL-GTA,241.0
12,169,Baseline FQL,15.0
12,169,Improved FQL-GTA,218.0
12,170,Baseline FQL,17.0
12,170,Improved FQL-GTA,243.0
12,171,Baseline FQL,15.0
12,171,Improved FQL-GTA,220.0
12,172,Baseline FQL,13.0
12,172,Improved FQL-GTA,221.0
12,173,Baseline FQL,11.0
12,173,Improved FQL-GTA,220.0
12,174,Baseline FQL,19.0
12,174,Improved FQL-GTA,211.0
12,175,Baseline FQL,13.0
12,175,Improved FQL-GTA,258.0
12,176,Baseline FQL,17.0
12,176,Improved FQL-GTA,213.0
12,177,Baseline FQL,13.0
12,177,Improved FQL-GTA,229.0
12,178,Baseline FQL,15.0
12,178,Improved FQL-GTA,209.0
12,179,Baseline FQL,12.0
12,179,Improved FQL-GTA,250.0
12,180,Baseline FQL,21.0
12,180,Improved FQL-GTA,226.0
12,181,Baseline FQL,24.0
12,181,Improved FQL-GTA,198.0
12,182,Baseline FQL,23.0
12,182,Improved FQL-GTA,210.0
12,183,Baseline FQL,26.0
12,183,Improved FQL-GTA,234.0
12,184,Baseline FQL,15.0
12,184,Improved FQL-GTA,226.0
12,185,Baseline FQL,19.0
12,185,Improved FQL-GTA,242.0
12,186,Baseline FQL,19.0
12,186,Improved FQL-GTA,255.0
12,187,Baseline FQL,23.0
12,187,Improved FQL-GTA,239.0
12,188,Baseline FQL,26.0
12,188,Improved FQL-GTA,195.0
12,189,Baseline FQL,21.0
12,189,Improved FQL-GTA,273.0
12,190,Baseline FQL,24.0
12,190,Improved FQL-GTA,283.0
12,191,Baseline FQL,18.0
12,191,Improved FQL-GTA,283.0
12,192,Baseline FQL,23.0
12,192,Improved FQL-GTA,246.0
12,193,Baseline FQL,15.0
12,193,Improved FQL-GTA,236.0
12,194,Baseline FQL,14.0
12,194,Improved FQL-GTA,217.0
12,195,Baseline FQL,12.0
12,195,Improved FQL-GTA,229.0
12,196,Baseline FQL,19.0
12,196,Improved FQL-GTA,235.0
12,197,Baseline FQL,27.0
12,197,Improved FQL-GTA,213.0
12,198,Baseline FQL,23.0
12,198,Improved FQL-GTA,231.0
12,199,Baseline FQL,24.0
12,199,Improved FQL-GTA,272.0
12,200,Baseline FQL,28.0
12,200,Improved FQL-GTA,265.0
12,201,Baseline FQL,26.0
12,201,Improved FQL-GTA,241.0
12,202,Baseline FQL,24.0
12,202,Improved FQL-GTA,230.0
12,203,Baseline FQL,29.0
12,203,Improved FQL-GTA,231.0
12,204,Baseline FQL,15.0
12,204,Improved FQL-GTA,220.0
12,205,Baseline FQL,27.0
12,205,Improved FQL-GTA,249.0
12,206,Baseline FQL,20.0
12,206,Improved FQL-GTA,302.0
12,207,Baseline FQL,20.0
12,207,Improved FQL-GTA,284.0
12,208,Baseline FQL,24.0
12,208,Improved FQL-GTA,307.0
12,209,Baseline FQL,15.0
12,209,Improved FQL-GTA,305.0
12,210,Baseline FQL,21.0
12,210,Improved FQL-GTA,274.0
12,211,Baseline FQL,20.0
12,211,Improved FQL-GTA,261.0
12,212,Baseline FQL,26.0
12,212,Improved FQL-GTA,219.0
12,213,Baseline FQL,26.0
12,213,Improved FQL-GTA,214.0
12,214,Baseline FQL,18.0
12,214,Improved FQL-GTA,243.0
12,215,Baseline FQL,16.0
12,215,Improved FQL-GTA,291.0
12,216,Baseline FQL,30.0
12,216,Improved FQL-GTA,237.0
12,217,Baseline FQL,24.0
12,217,Improved FQL-GTA,234.0
12,218,Baseline FQL,32.0
12,218,Improved FQL-GTA,227.0
12,219,Baseline FQL,16.0
12,219,Improved FQL-GTA,259.0
12,220,Baseline FQL,30.0
12,220,Improved FQL-GTA,208.0
12,221,Baseline FQL,24.0
12,221,Improved FQL-GTA,215.0
12,222,Baseline FQL,32.0
12,222,Improved FQL-GTA,229.0
12,223,Baseline FQL,34.0
12,223,Improved FQL-GTA,218.0
12,224,Baseline FQL,27.0
12,224,Improved FQL-GTA,213.0
12,225,Baseline FQL,16.0
12,225,Improved FQL-GTA,248.0
12,226,Baseline FQL,30.0
12,226,Improved FQL-GTA,228.0
12,227,Baseline FQL,16.0
12,227,Improved FQL-GTA,263.0
12,228,Baseline FQL,24.0
12,228,Improved FQL-GTA,223.0
12,229,Baseline FQL,30.0
12,229,Improved FQL-GTA,218.0
12,230,Baseline FQL,22.0
12,230,Improved FQL-GTA,233.0
12,231,Baseline FQL,28.0
12,231,Improved FQL-GTA,246.0
12,232,Baseline FQL,18.0
12,232,Improved FQL-GTA,281.0
12,233,Baseline FQL,26.0
12,233,Improved FQL-GTA,275.0
12,234,Baseline FQL,38.0
12,234,Improved FQL-GTA,236.0
12,235,Baseline FQL,16.0
12,235,Improved FQL-GTA,258.0
12,236,Baseline FQL,24.0
12,236,Improved FQL-GTA,271.0
12,237,Baseline FQL,27.0
12,237,Improved FQL-GTA,268.0
12,238,Baseline FQL,22.0
12,238,Improved FQL-GTA,272.0
12,239,Baseline FQL,22.0
12,239,Improved FQL-GTA,244.0
12,240,Baseline FQL,27.0
12,240,Improved FQL-GTA,276.0
12,241,Baseline FQL,22.0
12,241,Improved FQL-GTA,273.0
12,242,Baseline FQL,28.0
12,242,Improved FQL-GTA,241.0
12,243,Baseline FQL,19.0
12,243,Improved FQL-GTA,245.0
12,244,Baseline FQL,22.0
12,244,Improved FQL-GTA,233.0
12,245,Baseline FQL,16.0
12,245,Improved FQL-GTA,245.0
12,246,Baseline FQL,23.0
12,246,Improved FQL-GTA,331.0
12,247,Baseline FQL,22.0
12,247,Improved FQL-GTA,283.0
12,248,Baseline FQL,42.0
12,248,Improved FQL-GTA,270.0
12,249,Baseline FQL,22.0
12,249,Improved FQL-GTA,261.0
12,250,Baseline FQL,21.0
12,250,Improved FQL-GTA,235.0
12,251,Baseline FQL,11.0
12,251,Improved FQL-GTA,264.0
12,252,Baseline FQL,56.0
12,252,Improved FQL-GTA,229.0
12,253,Baseline FQL,23.0
12,253,Improved FQL-GTA,226.0
12,254,Baseline FQL,34.0
12,254,Improved FQL-GTA,258.0
12,255,Baseline FQL,17.0
12,255,Improved FQL-GTA,256.0
12,256,Baseline FQL,64.0
12,256,Improved FQL-GTA,239.0
12,257,Baseline FQL,17.0
12,257,Improved FQL-GTA,264.0
12,258,Baseline FQL,42.0
12,258,Improved FQL-GTA,258.0
12,259,Baseline FQL,22.0
12,259,Improved FQL-GTA,250.0
12,260,Baseline FQL,54.0
12,260,Improved FQL-GTA,247.0
12,261,Baseline FQL,35.0
12,261,Improved FQL-GTA,249.0
12,262,Baseline FQL,36.0
12,262,Improved FQL-GTA,267.0
12,263,Baseline FQL,30.0
12,263,Improved FQL-GTA,247.0
12,264,Baseline FQL,66.0
12,264,Improved FQL-GTA,210.0
12,265,Baseline FQL,51.0
12,265,Improved FQL-GTA,214.0
12,266,Baseline FQL,134.0
12,266,Improved FQL-GTA,210.0
12,267,Baseline FQL,64.0
12,267,Improved FQL-GTA,214.0
12,268,Baseline FQL,140.0
12,268,Improved FQL-GTA,238.0
12,269,Baseline FQL,26.0
12,269,Improved FQL-GTA,285.0
12,270,Baseline FQL,126.0
12,270,Improved FQL-GTA,263.0
12,271,Baseline FQL,34.0
12,271,Improved FQL-GTA,253.0
12,272,Baseline FQL,482.0
12,272,Improved FQL-GTA,239.0
12,273,Baseline FQL,35.0
12,273,Improved FQL-GTA,225.0
12,274,Baseline FQL,27.0
12,274,Improved FQL-GTA,252.0
12,275,Baseline FQL,165.0
12,275,Improved FQL-GTA,259.0
12,276,Baseline FQL,41.0
12,276,Improved FQL-GTA,247.0
12,277,Baseline FQL,24.0
12,277,Improved FQL-GTA,233.0
12,278,Baseline FQL,37.0
12,278,Improved FQL-GTA,207.0
12,279,Baseline FQL,39.0
12,279,Improved FQL-GTA,500.0
12,280,Baseline FQL,292.0
12,280,Improved FQL-GTA,500.0
12,281,Baseline FQL,35.0
12,281,Improved FQL-GTA,396.0
12,282,Baseline FQL,155.0
12,282,Improved FQL-GTA,338.0
12,283,Baseline FQL,106.0
12,283,Improved FQL-GTA,330.0
12,284,Baseline FQL,41.0
12,284,Improved FQL-GTA,366.0
12,285,Baseline FQL,114.0
12,285,Improved FQL-GTA,276.0
12,286,Baseline FQL,37.0
12,286,Improved FQL-GTA,280.0
12,287,Baseline FQL,201.0
12,287,Improved FQL-GTA,289.0
12,288,Baseline FQL,36.0
12,288,Improved FQL-GTA,260.0
12,289,Baseline FQL,122.0
12,289,Improved FQL-GTA,251.0
12,290,Baseline FQL,192.0
12,290,Improved FQL-GTA,224.0
12,291,Baseline FQL,355.0
12,291,Improved FQL-GTA,264.0
12,292,Baseline FQL,500.0
12,292,Improved FQL-GTA,248.0
12,293,Baseline FQL,167.0
12,293,Improved FQL-GTA,315.0
12,294,Baseline FQL,115.0
12,294,Improved FQL-GTA,346.0
12,295,Baseline FQL,93.0
12,295,Improved FQL-GTA,332.0
12,296,Baseline FQL,37.0
12,296,Improved FQL-GTA,280.0
12,297,Baseline FQL,24.0
12,297,Improved FQL-GTA,274.0
12,298,Baseline FQL,113.0
12,298,Improved FQL-GTA,255.0
12,299,Baseline FQL,275.0
12,299,Improved FQL-GTA,291.0
12,300,Baseline FQL,193.0
12,300,Improved FQL-GTA,276.0
12,301,Baseline FQL,45.0
12,301,Improved FQL-GTA,230.0
12,302,Baseline FQL,92.0
12,302,Improved FQL-GTA,261.0
12,303,Baseline FQL,230.0
12,303,Improved FQL-GTA,238.0
12,304,Baseline FQL,90.0
12,304,Improved FQL-GTA,246.0
12,305,Baseline FQL,92.0
12,305,Improved FQL-GTA,258.0
12,306,Baseline FQL,276.0
12,306,Improved FQL-GTA,358.0
12,307,Baseline FQL,238.0
12,307,Improved FQL-GTA,332.0
12,308,Baseline FQL,247.0
12,308,Improved FQL-GTA,295.0
12,309,Baseline FQL,275.0
12,309,Improved FQL-GTA,260.0
12,310,Baseline FQL,194.0
12,310,Improved FQL-GTA,298.0
12,311,Baseline FQL,304.0
12,311,Improved FQL-GTA,251.0
12,312,Baseline FQL,273.0
12,312,Improved FQL-GTA,265.0
12,313,Baseline FQL,255.0
12,313,Improved FQL-GTA,203.0
12,314,Baseline FQL,233.0
12,314,Improved FQL-GTA,299.0
12,315,Baseline FQL,200.0
12,315,Improved FQL-GTA,500.0
12,316,Baseline FQL,351.0
12,316,Improved FQL-GTA,409.0
12,317,Baseline FQL,114.0
12,317,Improved FQL-GTA,500.0
12,318,Baseline FQL,355.0
12,318,Improved FQL-GTA,500.0
12,319,Baseline FQL,188.0
12,319,Improved FQL-GTA,414.0
12,320,Baseline FQL,213.0
12,320,Improved FQL-GTA,310.0
12,321,Baseline FQL,199.0
12,321,Improved FQL-GTA,283.0
12,322,Baseline FQL,209.0
12,322,Improved FQL-GTA,295.0
12,323,Baseline FQL,34.0
12,323,Improved FQL-GTA,244.0
12,324,Baseline FQL,228.0
12,324,Improved FQL-GTA,249.0
12,325,Baseline FQL,241.0
12,325,Improved FQL-GTA,265.0
12,326,Baseline FQL,223.0
12,326,Improved FQL-GTA,311.0
12,327,Baseline FQL,219.0
12,327,Improved FQL-GTA,325.0
12,328,Baseline FQL,218.0
12,328,Improved FQL-GTA,329.0
12,329,Baseline FQL,240.0
12,329,Improved FQL-GTA,288.0
12,330,Baseline FQL,266.0
12,330,Improved FQL-GTA,257.0
12,331,Baseline FQL,272.0
12,331,Improved FQL-GTA,215.0
12,332,Baseline FQL,207.0
12,332,Improved FQL-GTA,232.0
12,333,Baseline FQL,368.0
12,333,Improved FQL-GTA,260.0
12,334,Baseline FQL,274.0
12,334,Improved FQL-GTA,222.0
12,335,Baseline FQL,236.0
12,335,Improved FQL-GTA,243.0
12,336,Baseline FQL,291.0
12,336,Improved FQL-GTA,276.0
12,337,Baseline FQL,228.0
12,337,Improved FQL-GTA,272.0
12,338,Baseline FQL,218.0
12,338,Improved FQL-GTA,288.0
12,339,Baseline FQL,221.0
12,339,Improved FQL-GTA,233.0
12,340,Baseline FQL,296.0
12,340,Improved FQL-GTA,238.0
12,341,Baseline FQL,221.0
12,341,Improved FQL-GTA,298.0
12,342,Baseline FQL,261.0
12,342,Improved FQL-GTA,250.0
12,343,Baseline FQL,284.0
12,343,Improved FQL-GTA,299.0
12,344,Baseline FQL,233.0
12,344,Improved FQL-GTA,391.0
12,345,Baseline FQL,263.0
12,345,Improved FQL-GTA,310.0
12,346,Baseline FQL,298.0
12,346,Improved FQL-GTA,299.0
12,347,Baseline FQL,240.0
12,347,Improved FQL-GTA,268.0
12,348,Baseline FQL,240.0
12,348,Improved FQL-GTA,301.0
12,349,Baseline FQL,205.0
12,349,Improved FQL-GTA,302.0
12,350,Baseline FQL,305.0
12,350,Improved FQL-GTA,224.0
12,351,Baseline FQL,249.0
12,351,Improved FQL-GTA,236.0
12,352,Baseline FQL,263.0
12,352,Improved FQL-GTA,262.0
12,353,Baseline FQL,197.0
12,353,Improved FQL-GTA,262.0
12,354,Baseline FQL,194.0
12,354,Improved FQL-GTA,283.0
12,355,Baseline FQL,203.0
12,355,Improved FQL-GTA,259.0
12,356,Baseline FQL,287.0
12,356,Improved FQL-GTA,347.0
12,357,Baseline FQL,209.0
12,357,Improved FQL-GTA,297.0
12,358,Baseline FQL,251.0
12,358,Improved FQL-GTA,254.0
12,359,Baseline FQL,249.0
12,359,Improved FQL-GTA,294.0
12,360,Baseline FQL,247.0
12,360,Improved FQL-GTA,266.0
12,361,Baseline FQL,261.0
12,361,Improved FQL-GTA,270.0
12,362,Baseline FQL,310.0
12,362,Improved FQL-GTA,278.0
12,363,Baseline FQL,270.0
12,363,Improved FQL-GTA,314.0
12,364,Baseline FQL,285.0
12,364,Improved FQL-GTA,309.0
12,365,Baseline FQL,210.0
12,365,Improved FQL-GTA,260.0
12,366,Baseline FQL,377.0
12,366,Improved FQL-GTA,231.0
12,367,Baseline FQL,93.0
12,367,Improved FQL-GTA,221.0
12,368,Baseline FQL,245.0
12,368,Improved FQL-GTA,254.0
12,369,Baseline FQL,374.0
12,369,Improved FQL-GTA,285.0
12,370,Baseline FQL,298.0
12,370,Improved FQL-GTA,313.0
12,371,Baseline FQL,193.0
12,371,Improved FQL-GTA,324.0
12,372,Baseline FQL,191.0
12,372,Improved FQL-GTA,326.0
12,373,Baseline FQL,223.0
12,373,Improved FQL-GTA,312.0
12,374,Baseline FQL,284.0
12,374,Improved FQL-GTA,302.0
12,375,Baseline FQL,254.0
12,375,Improved FQL-GTA,278.0
12,376,Baseline FQL,257.0
12,376,Improved FQL-GTA,277.0
12,377,Baseline FQL,248.0
12,377,Improved FQL-GTA,331.0
12,378,Baseline FQL,278.0
12,378,Improved FQL-GTA,256.0
12,379,Baseline FQL,251.0
12,379,Improved FQL-GTA,363.0
12,380,Baseline FQL,240.0
12,380,Improved FQL-GTA,327.0
12,381,Baseline FQL,278.0
12,381,Improved FQL-GTA,341.0
12,382,Baseline FQL,281.0
12,382,Improved FQL-GTA,281.0
12,383,Baseline FQL,323.0
12,383,Improved FQL-GTA,241.0
12,384,Baseline FQL,271.0
12,384,Improved FQL-GTA,437.0
12,385,Baseline FQL,288.0
12,385,Improved FQL-GTA,301.0
12,386,Baseline FQL,286.0
12,386,Improved FQL-GTA,325.0
12,387,Baseline FQL,374.0
12,387,Improved FQL-GTA,298.0
12,388,Baseline FQL,291.0
12,388,Improved FQL-GTA,307.0
12,389,Baseline FQL,252.0
12,389,Improved FQL-GTA,321.0
12,390,Baseline FQL,224.0
12,390,Improved FQL-GTA,262.0
12,391,Baseline FQL,227.0
12,391,Improved FQL-GTA,291.0
12,392,Baseline FQL,260.0
12,392,Improved FQL-GTA,339.0
12,393,Baseline FQL,205.0
12,393,Improved FQL-GTA,313.0
12,394,Baseline FQL,238.0
12,394,Improved FQL-GTA,344.0
12,395,Baseline FQL,259.0
12,395,Improved FQL-GTA,341.0
12,396,Baseline FQL,231.0
12,396,Improved FQL-GTA,389.0
12,397,Baseline FQL,209.0
12,397,Improved FQL-GTA,301.0
12,398,Baseline FQL,222.0
12,398,Improved FQL-GTA,365.0
12,399,Baseline FQL,500.0
12,399,Improved FQL-GTA,500.0
12,400,Baseline FQL,285.0
12,400,Improved FQL-GTA,500.0
12,401,Baseline FQL,264.0
12,401,Improved FQL-GTA,375.0
12,402,Baseline FQL,211.0
12,402,Improved FQL-GTA,305.0
12,403,Baseline FQL,239.0
12,403,Improved FQL-GTA,418.0
12,404,Baseline FQL,433.0
12,404,Improved FQL-GTA,500.0
12,405,Baseline FQL,253.0
12,405,Improved FQL-GTA,500.0
12,406,Baseline FQL,229.0
12,406,Improved FQL-GTA,500.0
12,407,Baseline FQL,245.0
12,407,Improved FQL-GTA,500.0
12,408,Baseline FQL,248.0
12,408,Improved FQL-GTA,500.0
12,409,Baseline FQL,223.0
12,409,Improved FQL-GTA,500.0
12,410,Baseline FQL,272.0
12,410,Improved FQL-GTA,500.0
12,411,Baseline FQL,342.0
12,411,Improved FQL-GTA,500.0
12,412,Baseline FQL,261.0
12,412,Improved FQL-GTA,500.0
12,413,Baseline FQL,275.0
12,413,Improved FQL-GTA,442.0
12,414,Baseline FQL,375.0
12,414,Improved FQL-GTA,473.0
12,415,Baseline FQL,195.0
12,415,Improved FQL-GTA,391.0
12,416,Baseline FQL,316.0
12,416,Improved FQL-GTA,500.0
12,417,Baseline FQL,227.0
12,417,Improved FQL-GTA,500.0
12,418,Baseline FQL,341.0
12,418,Improved FQL-GTA,500.0
12,419,Baseline FQL,423.0
12,419,Improved FQL-GTA,500.0
12,420,Baseline FQL,251.0
12,420,Improved FQL-GTA,500.0
12,421,Baseline FQL,288.0
12,421,Improved FQL-GTA,500.0
12,422,Baseline FQL,267.0
12,422,Improved FQL-GTA,500.0
12,423,Baseline FQL,296.0
12,423,Improved FQL-GTA,500.0
12,424,Baseline FQL,128.0
12,424,Improved FQL-GTA,500.0
12,425,Baseline FQL,227.0
12,425,Improved FQL-GTA,500.0
12,426,Baseline FQL,307.0
12,426,Improved FQL-GTA,500.0
12,427,Baseline FQL,263.0
12,427,Improved FQL-GTA,500.0
12,428,Baseline FQL,266.0
12,428,Improved FQL-GTA,500.0
12,429,Baseline FQL,449.0
12,429,Improved FQL-GTA,405.0
12,430,Baseline FQL,401.0
12,430,Improved FQL-GTA,500.0
12,431,Baseline FQL,272.0
12,431,Improved FQL-GTA,500.0
12,432,Baseline FQL,247.0
12,432,Improved FQL-GTA,500.0
12,433,Baseline FQL,254.0
12,433,Improved FQL-GTA,500.0
12,434,Baseline FQL,345.0
12,434,Improved FQL-GTA,500.0
12,435,Baseline FQL,246.0
12,435,Improved FQL-GTA,500.0
12,436,Baseline FQL,281.0
12,436,Improved FQL-GTA,286.0
12,437,Baseline FQL,288.0
12,437,Improved FQL-GTA,496.0
12,438,Baseline FQL,320.0
12,438,Improved FQL-GTA,295.0
12,439,Baseline FQL,276.0
12,439,Improved FQL-GTA,286.0
12,440,Baseline FQL,336.0
12,440,Improved FQL-GTA,428.0
12,441,Baseline FQL,227.0
12,441,Improved FQL-GTA,362.0
12,442,Baseline FQL,223.0
12,442,Improved FQL-GTA,338.0
12,443,Baseline FQL,278.0
12,443,Improved FQL-GTA,249.0
12,444,Baseline FQL,244.0
12,444,Improved FQL-GTA,368.0
12,445,Baseline FQL,299.0
12,445,Improved FQL-GTA,269.0
12,446,Baseline FQL,238.0
12,446,Improved FQL-GTA,316.0
12,447,Baseline FQL,283.0
12,447,Improved FQL-GTA,221.0
12,448,Baseline FQL,236.0
12,448,Improved FQL-GTA,285.0
12,449,Baseline FQL,295.0
12,449,Improved FQL-GTA,500.0
12,450,Baseline FQL,257.0
12,450,Improved FQL-GTA,500.0
12,451,Baseline FQL,400.0
12,451,Improved FQL-GTA,500.0
12,452,Baseline FQL,225.0
12,452,Improved FQL-GTA,500.0
12,453,Baseline FQL,280.0
12,453,Improved FQL-GTA,395.0
12,454,Baseline FQL,443.0
12,454,Improved FQL-GTA,357.0
12,455,Baseline FQL,251.0
12,455,Improved FQL-GTA,288.0
12,456,Baseline FQL,220.0
12,456,Improved FQL-GTA,226.0
12,457,Baseline FQL,277.0
12,457,Improved FQL-GTA,281.0
12,458,Baseline FQL,304.0
12,458,Improved FQL-GTA,473.0
12,459,Baseline FQL,291.0
12,459,Improved FQL-GTA,500.0
12,460,Baseline FQL,232.0
12,460,Improved FQL-GTA,500.0
12,461,Baseline FQL,259.0
12,461,Improved FQL-GTA,500.0
12,462,Baseline FQL,281.0
12,462,Improved FQL-GTA,419.0
12,463,Baseline FQL,341.0
12,463,Improved FQL-GTA,500.0
12,464,Baseline FQL,255.0
12,464,Improved FQL-GTA,500.0
12,465,Baseline FQL,271.0
12,465,Improved FQL-GTA,500.0
12,466,Baseline FQL,244.0
12,466,Improved FQL-GTA,327.0
12,467,Baseline FQL,438.0
12,467,Improved FQL-GTA,462.0
12,468,Baseline FQL,364.0
12,468,Improved FQL-GTA,457.0
12,469,Baseline FQL,249.0
12,469,Improved FQL-GTA,500.0
12,470,Baseline FQL,236.0
12,470,Improved FQL-GTA,500.0
12,471,Baseline FQL,253.0
12,471,Improved FQL-GTA,500.0
12,472,Baseline FQL,391.0
12,472,Improved FQL-GTA,500.0
12,473,Baseline FQL,263.0
12,473,Improved FQL-GTA,500.0
12,474,Baseline FQL,330.0
12,474,Improved FQL-GTA,370.0
12,475,Baseline FQL,270.0
12,475,Improved FQL-GTA,314.0
12,476,Baseline FQL,241.0
12,476,Improved FQL-GTA,389.0
12,477,Baseline FQL,251.0
12,477,Improved FQL-GTA,500.0
12,478,Baseline FQL,245.0
12,478,Improved FQL-GTA,500.0
12,479,Baseline FQL,268.0
12,479,Improved FQL-GTA,500.0
12,480,Baseline FQL,245.0
12,480,Improved FQL-GTA,500.0
12,481,Baseline FQL,260.0
12,481,Improved FQL-GTA,500.0
12,482,Baseline FQL,248.0
12,482,Improved FQL-GTA,500.0
12,483,Baseline FQL,230.0
12,483,Improved FQL-GTA,500.0
12,484,Baseline FQL,241.0
12,484,Improved FQL-GTA,500.0
12,485,Baseline FQL,312.0
12,485,Improved FQL-GTA,500.0
12,486,Baseline FQL,254.0
12,486,Improved FQL-GTA,471.0
12,487,Baseline FQL,336.0
12,487,Improved FQL-GTA,500.0
12,488,Baseline FQL,322.0
12,488,Improved FQL-GTA,451.0
12,489,Baseline FQL,417.0
12,489,Improved FQL-GTA,500.0
12,490,Baseline FQL,88.0
12,490,Improved FQL-GTA,335.0
12,491,Baseline FQL,385.0
12,491,Improved FQL-GTA,248.0
12,492,Baseline FQL,292.0
12,492,Improved FQL-GTA,155.0
12,493,Baseline FQL,316.0
12,493,Improved FQL-GTA,316.0
12,494,Baseline FQL,274.0
12,494,Improved FQL-GTA,337.0
12,495,Baseline FQL,266.0
12,495,Improved FQL-GTA,313.0
12,496,Baseline FQL,285.0
12,496,Improved FQL-GTA,322.0
12,497,Baseline FQL,328.0
12,497,Improved FQL-GTA,275.0
12,498,Baseline FQL,250.0
12,498,Improved FQL-GTA,309.0
12,499,Baseline FQL,348.0
12,499,Improved FQL-GTA,239.0
12,500,Baseline FQL,265.0
12,500,Improved FQL-GTA,247.0
13,1,Baseline FQL,25.0
13,1,Improved FQL-GTA,9.0
13,2,Baseline FQL,9.0
13,2,Improved FQL-GTA,16.0
13,3,Baseline FQL,13.0
13,3,Improved FQL-GTA,11.0
13,4,Baseline FQL,11.0
13,4,Improved FQL-GTA,13.0
13,5,Baseline FQL,11.0
13,5,Improved FQL-GTA,11.0
13,6,Baseline FQL,11.0
13,6,Improved FQL-GTA,17.0
13,7,Baseline FQL,11.0
13,7,Improved FQL-GTA,13.0
13,8,Baseline FQL,11.0
13,8,Improved FQL-GTA,12.0
13,9,Baseline FQL,10.0
13,9,Improved FQL-GTA,23.0
13,10,Baseline FQL,11.0
13,10,Improved FQL-GTA,11.0
13,11,Baseline FQL,12.0
13,11,Improved FQL-GTA,14.0
13,12,Baseline FQL,12.0
13,12,Improved FQL-GTA,13.0
13,13,Baseline FQL,27.0
13,13,Improved FQL-GTA,13.0
13,14,Baseline FQL,14.0
13,14,Improved FQL-GTA,14.0
13,15,Baseline FQL,12.0
13,15,Improved FQL-GTA,13.0
13,16,Baseline FQL,27.0
13,16,Improved FQL-GTA,18.0
13,17,Baseline FQL,11.0
13,17,Improved FQL-GTA,9.0
13,18,Baseline FQL,14.0
13,18,Improved FQL-GTA,17.0
13,19,Baseline FQL,25.0
13,19,Improved FQL-GTA,11.0
13,20,Baseline FQL,11.0
13,20,Improved FQL-GTA,12.0
13,21,Baseline FQL,24.0
13,21,Improved FQL-GTA,8.0
13,22,Baseline FQL,17.0
13,22,Improved FQL-GTA,10.0
13,23,Baseline FQL,25.0
13,23,Improved FQL-GTA,11.0
13,24,Baseline FQL,22.0
13,24,Improved FQL-GTA,8.0
13,25,Baseline FQL,28.0
13,25,Improved FQL-GTA,16.0
13,26,Baseline FQL,23.0
13,26,Improved FQL-GTA,11.0
13,27,Baseline FQL,26.0
13,27,Improved FQL-GTA,10.0
13,28,Baseline FQL,21.0
13,28,Improved FQL-GTA,12.0
13,29,Baseline FQL,14.0
13,29,Improved FQL-GTA,24.0
13,30,Baseline FQL,22.0
13,30,Improved FQL-GTA,10.0
13,31,Baseline FQL,14.0
13,31,Improved FQL-GTA,10.0
13,32,Baseline FQL,24.0
13,32,Improved FQL-GTA,10.0
13,33,Baseline FQL,23.0
13,33,Improved FQL-GTA,10.0
13,34,Baseline FQL,23.0
13,34,Improved FQL-GTA,12.0
13,35,Baseline FQL,28.0
13,35,Improved FQL-GTA,12.0
13,36,Baseline FQL,47.0
13,36,Improved FQL-GTA,24.0
13,37,Baseline FQL,12.0
13,37,Improved FQL-GTA,27.0
13,38,Baseline FQL,49.0
13,38,Improved FQL-GTA,22.0
13,39,Baseline FQL,112.0
13,39,Improved FQL-GTA,20.0
13,40,Baseline FQL,57.0
13,40,Improved FQL-GTA,21.0
13,41,Baseline FQL,21.0
13,41,Improved FQL-GTA,16.0
13,42,Baseline FQL,30.0
13,42,Improved FQL-GTA,17.0
13,43,Baseline FQL,33.0
13,43,Improved FQL-GTA,31.0
13,44,Baseline FQL,17.0
13,44,Improved FQL-GTA,8.0
13,45,Baseline FQL,34.0
13,45,Improved FQL-GTA,16.0
13,46,Baseline FQL,21.0
13,46,Improved FQL-GTA,16.0
13,47,Baseline FQL,21.0
13,47,Improved FQL-GTA,22.0
13,48,Baseline FQL,21.0
13,48,Improved FQL-GTA,17.0
13,49,Baseline FQL,17.0
13,49,Improved FQL-GTA,12.0
13,50,Baseline FQL,16.0
13,50,Improved FQL-GTA,46.0
13,51,Baseline FQL,22.0
13,51,Improved FQL-GTA,23.0
13,52,Baseline FQL,22.0
13,52,Improved FQL-GTA,27.0
13,53,Baseline FQL,21.0
13,53,Improved FQL-GTA,18.0
13,54,Baseline FQL,23.0
13,54,Improved FQL-GTA,14.0
13,55,Baseline FQL,75.0
13,55,Improved FQL-GTA,49.0
13,56,Baseline FQL,93.0
13,56,Improved FQL-GTA,26.0
13,57,Baseline FQL,92.0
13,57,Improved FQL-GTA,14.0
13,58,Baseline FQL,95.0
13,58,Improved FQL-GTA,21.0
13,59,Baseline FQL,95.0
13,59,Improved FQL-GTA,13.0
13,60,Baseline FQL,101.0
13,60,Improved FQL-GTA,17.0
13,61,Baseline FQL,101.0
13,61,Improved FQL-GTA,17.0
13,62,Baseline FQL,94.0
13,62,Improved FQL-GTA,13.0
13,63,Baseline FQL,98.0
13,63,Improved FQL-GTA,13.0
13,64,Baseline FQL,90.0
13,64,Improved FQL-GTA,13.0
13,65,Baseline FQL,96.0
13,65,Improved FQL-GTA,22.0
13,66,Baseline FQL,22.0
13,66,Improved FQL-GTA,15.0
13,67,Baseline FQL,88.0
13,67,Improved FQL-GTA,16.0
13,68,Baseline FQL,23.0
13,68,Improved FQL-GTA,21.0
13,69,Baseline FQL,19.0
13,69,Improved FQL-GTA,11.0
13,70,Baseline FQL,23.0
13,70,Improved FQL-GTA,19.0
13,71,Baseline FQL,93.0
13,71,Improved FQL-GTA,14.0
13,72,Baseline FQL,85.0
13,72,Improved FQL-GTA,17.0
13,73,Baseline FQL,92.0
13,73,Improved FQL-GTA,17.0
13,74,Baseline FQL,91.0
13,74,Improved FQL-GTA,17.0
13,75,Baseline FQL,91.0
13,75,Improved FQL-GTA,37.0
13,76,Baseline FQL,89.0
13,76,Improved FQL-GTA,12.0
13,77,Baseline FQL,56.0
13,77,Improved FQL-GTA,15.0
13,78,Baseline FQL,89.0
13,78,Improved FQL-GTA,24.0
13,79,Baseline FQL,85.0
13,79,Improved FQL-GTA,19.0
13,80,Baseline FQL,93.0
13,80,Improved FQL-GTA,52.0
13,81,Baseline FQL,89.0
13,81,Improved FQL-GTA,27.0
13,82,Baseline FQL,88.0
13,82,Improved FQL-GTA,20.0
13,83,Baseline FQL,94.0
13,83,Improved FQL-GTA,53.0
13,84,Baseline FQL,90.0
13,84,Improved FQL-GTA,23.0
13,85,Baseline FQL,22.0
13,85,Improved FQL-GTA,23.0
13,86,Baseline FQL,92.0
13,86,Improved FQL-GTA,27.0
13,87,Baseline FQL,87.0
13,87,Improved FQL-GTA,21.0
13,88,Baseline FQL,95.0
13,88,Improved FQL-GTA,23.0
13,89,Baseline FQL,88.0
13,89,Improved FQL-GTA,21.0
13,90,Baseline FQL,18.0
13,90,Improved FQL-GTA,39.0
13,91,Baseline FQL,98.0
13,91,Improved FQL-GTA,36.0
13,92,Baseline FQL,98.0
13,92,Improved FQL-GTA,21.0
13,93,Baseline FQL,96.0
13,93,Improved FQL-GTA,31.0
13,94,Baseline FQL,102.0
13,94,Improved FQL-GTA,36.0
13,95,Baseline FQL,90.0
13,95,Improved FQL-GTA,26.0
13,96,Baseline FQL,98.0
13,96,Improved FQL-GTA,35.0
13,97,Baseline FQL,90.0
13,97,Improved FQL-GTA,21.0
13,98,Baseline FQL,90.0
13,98,Improved FQL-GTA,37.0
13,99,Baseline FQL,96.0
13,99,Improved FQL-GTA,19.0
13,100,Baseline FQL,92.0
13,100,Improved FQL-GTA,19.0
13,101,Baseline FQL,102.0
13,101,Improved FQL-GTA,46.0
13,102,Baseline FQL,98.0
13,102,Improved FQL-GTA,20.0
13,103,Baseline FQL,94.0
13,103,Improved FQL-GTA,47.0
13,104,Baseline FQL,89.0
13,104,Improved FQL-GTA,26.0
13,105,Baseline FQL,100.0
13,105,Improved FQL-GTA,500.0
13,106,Baseline FQL,96.0
13,106,Improved FQL-GTA,500.0
13,107,Baseline FQL,94.0
13,107,Improved FQL-GTA,412.0
13,108,Baseline FQL,106.0
13,108,Improved FQL-GTA,288.0
13,109,Baseline FQL,96.0
13,109,Improved FQL-GTA,31.0
13,110,Baseline FQL,108.0
13,110,Improved FQL-GTA,57.0
13,111,Baseline FQL,107.0
13,111,Improved FQL-GTA,185.0
13,112,Baseline FQL,91.0
13,112,Improved FQL-GTA,21.0
13,113,Baseline FQL,110.0
13,113,Improved FQL-GTA,500.0
13,114,Baseline FQL,111.0
13,114,Improved FQL-GTA,360.0
13,115,Baseline FQL,113.0
13,115,Improved FQL-GTA,246.0
13,116,Baseline FQL,103.0
13,116,Improved FQL-GTA,33.0
13,117,Baseline FQL,97.0
13,117,Improved FQL-GTA,233.0
13,118,Baseline FQL,106.0
13,118,Improved FQL-GTA,316.0
13,119,Baseline FQL,103.0
13,119,Improved FQL-GTA,201.0
13,120,Baseline FQL,96.0
13,120,Improved FQL-GTA,245.0
13,121,Baseline FQL,107.0
13,121,Improved FQL-GTA,272.0
13,122,Baseline FQL,106.0
13,122,Improved FQL-GTA,179.0
13,123,Baseline FQL,106.0
13,123,Improved FQL-GTA,278.0
13,124,Baseline FQL,118.0
13,124,Improved FQL-GTA,339.0
13,125,Baseline FQL,113.0
13,125,Improved FQL-GTA,146.0
13,126,Baseline FQL,105.0
13,126,Improved FQL-GTA,16.0
13,127,Baseline FQL,116.0
13,127,Improved FQL-GTA,140.0
13,128,Baseline FQL,109.0
13,128,Improved FQL-GTA,136.0
13,129,Baseline FQL,116.0
13,129,Improved FQL-GTA,311.0
13,130,Baseline FQL,110.0
13,130,Improved FQL-GTA,291.0
13,131,Baseline FQL,104.0
13,131,Improved FQL-GTA,397.0
13,132,Baseline FQL,111.0
13,132,Improved FQL-GTA,271.0
13,133,Baseline FQL,107.0
13,133,Improved FQL-GTA,169.0
13,134,Baseline FQL,99.0
13,134,Improved FQL-GTA,304.0
13,135,Baseline FQL,96.0
13,135,Improved FQL-GTA,265.0
13,136,Baseline FQL,107.0
13,136,Improved FQL-GTA,500.0
13,137,Baseline FQL,113.0
13,137,Improved FQL-GTA,282.0
13,138,Baseline FQL,105.0
13,138,Improved FQL-GTA,325.0
13,139,Baseline FQL,108.0
13,139,Improved FQL-GTA,352.0
13,140,Baseline FQL,119.0
13,140,Improved FQL-GTA,314.0
13,141,Baseline FQL,32.0
13,141,Improved FQL-GTA,337.0
13,142,Baseline FQL,118.0
13,142,Improved FQL-GTA,27.0
13,143,Baseline FQL,114.0
13,143,Improved FQL-GTA,375.0
13,144,Baseline FQL,120.0
13,144,Improved FQL-GTA,500.0
13,145,Baseline FQL,115.0
13,145,Improved FQL-GTA,500.0
13,146,Baseline FQL,92.0
13,146,Improved FQL-GTA,500.0
13,147,Baseline FQL,112.0
13,147,Improved FQL-GTA,500.0
13,148,Baseline FQL,116.0
13,148,Improved FQL-GTA,500.0
13,149,Baseline FQL,116.0
13,149,Improved FQL-GTA,433.0
13,150,Baseline FQL,110.0
13,150,Improved FQL-GTA,419.0
13,151,Baseline FQL,99.0
13,151,Improved FQL-GTA,384.0
13,152,Baseline FQL,119.0
13,152,Improved FQL-GTA,500.0
13,153,Baseline FQL,106.0
13,153,Improved FQL-GTA,396.0
13,154,Baseline FQL,113.0
13,154,Improved FQL-GTA,426.0
13,155,Baseline FQL,111.0
13,155,Improved FQL-GTA,485.0
13,156,Baseline FQL,112.0
13,156,Improved FQL-GTA,453.0
13,157,Baseline FQL,112.0
13,157,Improved FQL-GTA,390.0
13,158,Baseline FQL,106.0
13,158,Improved FQL-GTA,500.0
13,159,Baseline FQL,115.0
13,159,Improved FQL-GTA,180.0
13,160,Baseline FQL,111.0
13,160,Improved FQL-GTA,500.0
13,161,Baseline FQL,115.0
13,161,Improved FQL-GTA,500.0
13,162,Baseline FQL,106.0
13,162,Improved FQL-GTA,500.0
13,163,Baseline FQL,123.0
13,163,Improved FQL-GTA,500.0
13,164,Baseline FQL,108.0
13,164,Improved FQL-GTA,500.0
13,165,Baseline FQL,112.0
13,165,Improved FQL-GTA,347.0
13,166,Baseline FQL,130.0
13,166,Improved FQL-GTA,302.0
13,167,Baseline FQL,105.0
13,167,Improved FQL-GTA,358.0
13,168,Baseline FQL,83.0
13,168,Improved FQL-GTA,208.0
13,169,Baseline FQL,113.0
13,169,Improved FQL-GTA,286.0
13,170,Baseline FQL,117.0
13,170,Improved FQL-GTA,26.0
13,171,Baseline FQL,103.0
13,171,Improved FQL-GTA,242.0
13,172,Baseline FQL,106.0
13,172,Improved FQL-GTA,256.0
13,173,Baseline FQL,118.0
13,173,Improved FQL-GTA,287.0
13,174,Baseline FQL,108.0
13,174,Improved FQL-GTA,411.0
13,175,Baseline FQL,118.0
13,175,Improved FQL-GTA,334.0
13,176,Baseline FQL,110.0
13,176,Improved FQL-GTA,383.0
13,177,Baseline FQL,113.0
13,177,Improved FQL-GTA,302.0
13,178,Baseline FQL,109.0
13,178,Improved FQL-GTA,334.0
13,179,Baseline FQL,118.0
13,179,Improved FQL-GTA,338.0
13,180,Baseline FQL,123.0
13,180,Improved FQL-GTA,280.0
13,181,Baseline FQL,114.0
13,181,Improved FQL-GTA,298.0
13,182,Baseline FQL,113.0
13,182,Improved FQL-GTA,317.0
13,183,Baseline FQL,112.0
13,183,Improved FQL-GTA,262.0
13,184,Baseline FQL,109.0
13,184,Improved FQL-GTA,329.0
13,185,Baseline FQL,109.0
13,185,Improved FQL-GTA,378.0
13,186,Baseline FQL,120.0
13,186,Improved FQL-GTA,188.0
13,187,Baseline FQL,121.0
13,187,Improved FQL-GTA,500.0
13,188,Baseline FQL,121.0
13,188,Improved FQL-GTA,500.0
13,189,Baseline FQL,113.0
13,189,Improved FQL-GTA,500.0
13,190,Baseline FQL,109.0
13,190,Improved FQL-GTA,438.0
13,191,Baseline FQL,119.0
13,191,Improved FQL-GTA,500.0
13,192,Baseline FQL,111.0
13,192,Improved FQL-GTA,388.0
13,193,Baseline FQL,109.0
13,193,Improved FQL-GTA,429.0
13,194,Baseline FQL,108.0
13,194,Improved FQL-GTA,398.0
13,195,Baseline FQL,109.0
13,195,Improved FQL-GTA,327.0
13,196,Baseline FQL,115.0
13,196,Improved FQL-GTA,487.0
13,197,Baseline FQL,112.0
13,197,Improved FQL-GTA,441.0
13,198,Baseline FQL,112.0
13,198,Improved FQL-GTA,327.0
13,199,Baseline FQL,121.0
13,199,Improved FQL-GTA,433.0
13,200,Baseline FQL,114.0
13,200,Improved FQL-GTA,380.0
13,201,Baseline FQL,115.0
13,201,Improved FQL-GTA,371.0
13,202,Baseline FQL,119.0
13,202,Improved FQL-GTA,338.0
13,203,Baseline FQL,108.0
13,203,Improved FQL-GTA,332.0
13,204,Baseline FQL,114.0
13,204,Improved FQL-GTA,382.0
13,205,Baseline FQL,107.0
13,205,Improved FQL-GTA,312.0
13,206,Baseline FQL,108.0
13,206,Improved FQL-GTA,310.0
13,207,Baseline FQL,109.0
13,207,Improved FQL-GTA,241.0
13,208,Baseline FQL,55.0
13,208,Improved FQL-GTA,217.0
13,209,Baseline FQL,109.0
13,209,Improved FQL-GTA,260.0
13,210,Baseline FQL,110.0
13,210,Improved FQL-GTA,394.0
13,211,Baseline FQL,112.0
13,211,Improved FQL-GTA,500.0
13,212,Baseline FQL,117.0
13,212,Improved FQL-GTA,500.0
13,213,Baseline FQL,109.0
13,213,Improved FQL-GTA,278.0
13,214,Baseline FQL,106.0
13,214,Improved FQL-GTA,241.0
13,215,Baseline FQL,119.0
13,215,Improved FQL-GTA,337.0
13,216,Baseline FQL,116.0
13,216,Improved FQL-GTA,500.0
13,217,Baseline FQL,115.0
13,217,Improved FQL-GTA,500.0
13,218,Baseline FQL,108.0
13,218,Improved FQL-GTA,500.0
13,219,Baseline FQL,114.0
13,219,Improved FQL-GTA,500.0
13,220,Baseline FQL,112.0
13,220,Improved FQL-GTA,394.0
13,221,Baseline FQL,120.0
13,221,Improved FQL-GTA,108.0
13,222,Baseline FQL,120.0
13,222,Improved FQL-GTA,286.0
13,223,Baseline FQL,128.0
13,223,Improved FQL-GTA,402.0
13,224,Baseline FQL,111.0
13,224,Improved FQL-GTA,500.0
13,225,Baseline FQL,130.0
13,225,Improved FQL-GTA,500.0
13,226,Baseline FQL,105.0
13,226,Improved FQL-GTA,279.0
13,227,Baseline FQL,113.0
13,227,Improved FQL-GTA,397.0
13,228,Baseline FQL,122.0
13,228,Improved FQL-GTA,414.0
13,229,Baseline FQL,112.0
13,229,Improved FQL-GTA,331.0
13,230,Baseline FQL,116.0
13,230,Improved FQL-GTA,300.0
13,231,Baseline FQL,106.0
13,231,Improved FQL-GTA,240.0
13,232,Baseline FQL,115.0
13,232,Improved FQL-GTA,336.0
13,233,Baseline FQL,120.0
13,233,Improved FQL-GTA,451.0
13,234,Baseline FQL,111.0
13,234,Improved FQL-GTA,339.0
13,235,Baseline FQL,113.0
13,235,Improved FQL-GTA,417.0
13,236,Baseline FQL,121.0
13,236,Improved FQL-GTA,311.0
13,237,Baseline FQL,109.0
13,237,Improved FQL-GTA,251.0
13,238,Baseline FQL,122.0
13,238,Improved FQL-GTA,364.0
13,239,Baseline FQL,118.0
13,239,Improved FQL-GTA,306.0
13,240,Baseline FQL,110.0
13,240,Improved FQL-GTA,257.0
13,241,Baseline FQL,125.0
13,241,Improved FQL-GTA,341.0
13,242,Baseline FQL,113.0
13,242,Improved FQL-GTA,343.0
13,243,Baseline FQL,112.0
13,243,Improved FQL-GTA,251.0
13,244,Baseline FQL,81.0
13,244,Improved FQL-GTA,224.0
13,245,Baseline FQL,110.0
13,245,Improved FQL-GTA,244.0
13,246,Baseline FQL,111.0
13,246,Improved FQL-GTA,285.0
13,247,Baseline FQL,111.0
13,247,Improved FQL-GTA,327.0
13,248,Baseline FQL,115.0
13,248,Improved FQL-GTA,322.0
13,249,Baseline FQL,112.0
13,249,Improved FQL-GTA,220.0
13,250,Baseline FQL,109.0
13,250,Improved FQL-GTA,254.0
13,251,Baseline FQL,123.0
13,251,Improved FQL-GTA,273.0
13,252,Baseline FQL,119.0
13,252,Improved FQL-GTA,277.0
13,253,Baseline FQL,113.0
13,253,Improved FQL-GTA,239.0
13,254,Baseline FQL,115.0
13,254,Improved FQL-GTA,233.0
13,255,Baseline FQL,113.0
13,255,Improved FQL-GTA,304.0
13,256,Baseline FQL,110.0
13,256,Improved FQL-GTA,311.0
13,257,Baseline FQL,118.0
13,257,Improved FQL-GTA,328.0
13,258,Baseline FQL,112.0
13,258,Improved FQL-GTA,230.0
13,259,Baseline FQL,111.0
13,259,Improved FQL-GTA,239.0
13,260,Baseline FQL,116.0
13,260,Improved FQL-GTA,259.0
13,261,Baseline FQL,113.0
13,261,Improved FQL-GTA,261.0
13,262,Baseline FQL,114.0
13,262,Improved FQL-GTA,299.0
13,263,Baseline FQL,129.0
13,263,Improved FQL-GTA,311.0
13,264,Baseline FQL,121.0
13,264,Improved FQL-GTA,334.0
13,265,Baseline FQL,121.0
13,265,Improved FQL-GTA,425.0
13,266,Baseline FQL,122.0
13,266,Improved FQL-GTA,357.0
13,267,Baseline FQL,120.0
13,267,Improved FQL-GTA,260.0
13,268,Baseline FQL,108.0
13,268,Improved FQL-GTA,226.0
13,269,Baseline FQL,118.0
13,269,Improved FQL-GTA,407.0
13,270,Baseline FQL,113.0
13,270,Improved FQL-GTA,500.0
13,271,Baseline FQL,121.0
13,271,Improved FQL-GTA,500.0
13,272,Baseline FQL,115.0
13,272,Improved FQL-GTA,500.0
13,273,Baseline FQL,117.0
13,273,Improved FQL-GTA,398.0
13,274,Baseline FQL,124.0
13,274,Improved FQL-GTA,410.0
13,275,Baseline FQL,117.0
13,275,Improved FQL-GTA,341.0
13,276,Baseline FQL,110.0
13,276,Improved FQL-GTA,278.0
13,277,Baseline FQL,124.0
13,277,Improved FQL-GTA,500.0
13,278,Baseline FQL,124.0
13,278,Improved FQL-GTA,500.0
13,279,Baseline FQL,116.0
13,279,Improved FQL-GTA,494.0
13,280,Baseline FQL,109.0
13,280,Improved FQL-GTA,348.0
13,281,Baseline FQL,121.0
13,281,Improved FQL-GTA,381.0
13,282,Baseline FQL,116.0
13,282,Improved FQL-GTA,345.0
13,283,Baseline FQL,115.0
13,283,Improved FQL-GTA,302.0
13,284,Baseline FQL,122.0
13,284,Improved FQL-GTA,324.0
13,285,Baseline FQL,127.0
13,285,Improved FQL-GTA,394.0
13,286,Baseline FQL,115.0
13,286,Improved FQL-GTA,268.0
13,287,Baseline FQL,125.0
13,287,Improved FQL-GTA,389.0
13,288,Baseline FQL,119.0
13,288,Improved FQL-GTA,348.0
13,289,Baseline FQL,120.0
13,289,Improved FQL-GTA,500.0
13,290,Baseline FQL,111.0
13,290,Improved FQL-GTA,500.0
13,291,Baseline FQL,116.0
13,291,Improved FQL-GTA,500.0
13,292,Baseline FQL,118.0
13,292,Improved FQL-GTA,500.0
13,293,Baseline FQL,117.0
13,293,Improved FQL-GTA,500.0
13,294,Baseline FQL,126.0
13,294,Improved FQL-GTA,500.0
13,295,Baseline FQL,111.0
13,295,Improved FQL-GTA,500.0
13,296,Baseline FQL,116.0
13,296,Improved FQL-GTA,500.0
13,297,Baseline FQL,118.0
13,297,Improved FQL-GTA,500.0
13,298,Baseline FQL,116.0
13,298,Improved FQL-GTA,500.0
13,299,Baseline FQL,118.0
13,299,Improved FQL-GTA,500.0
13,300,Baseline FQL,120.0
13,300,Improved FQL-GTA,500.0
13,301,Baseline FQL,116.0
13,301,Improved FQL-GTA,500.0
13,302,Baseline FQL,114.0
13,302,Improved FQL-GTA,500.0
13,303,Baseline FQL,119.0
13,303,Improved FQL-GTA,500.0
13,304,Baseline FQL,117.0
13,304,Improved FQL-GTA,361.0
13,305,Baseline FQL,113.0
13,305,Improved FQL-GTA,500.0
13,306,Baseline FQL,114.0
13,306,Improved FQL-GTA,429.0
13,307,Baseline FQL,119.0
13,307,Improved FQL-GTA,319.0
13,308,Baseline FQL,118.0
13,308,Improved FQL-GTA,277.0
13,309,Baseline FQL,115.0
13,309,Improved FQL-GTA,312.0
13,310,Baseline FQL,125.0
13,310,Improved FQL-GTA,321.0
13,311,Baseline FQL,110.0
13,311,Improved FQL-GTA,302.0
13,312,Baseline FQL,119.0
13,312,Improved FQL-GTA,442.0
13,313,Baseline FQL,118.0
13,313,Improved FQL-GTA,404.0
13,314,Baseline FQL,113.0
13,314,Improved FQL-GTA,253.0
13,315,Baseline FQL,121.0
13,315,Improved FQL-GTA,381.0
13,316,Baseline FQL,115.0
13,316,Improved FQL-GTA,382.0
13,317,Baseline FQL,122.0
13,317,Improved FQL-GTA,366.0
13,318,Baseline FQL,114.0
13,318,Improved FQL-GTA,500.0
13,319,Baseline FQL,127.0
13,319,Improved FQL-GTA,500.0
13,320,Baseline FQL,119.0
13,320,Improved FQL-GTA,500.0
13,321,Baseline FQL,114.0
13,321,Improved FQL-GTA,500.0
13,322,Baseline FQL,129.0
13,322,Improved FQL-GTA,500.0
13,323,Baseline FQL,122.0
13,323,Improved FQL-GTA,500.0
13,324,Baseline FQL,117.0
13,324,Improved FQL-GTA,500.0
13,325,Baseline FQL,89.0
13,325,Improved FQL-GTA,500.0
13,326,Baseline FQL,114.0
13,326,Improved FQL-GTA,500.0
13,327,Baseline FQL,108.0
13,327,Improved FQL-GTA,500.0
13,328,Baseline FQL,114.0
13,328,Improved FQL-GTA,500.0
13,329,Baseline FQL,119.0
13,329,Improved FQL-GTA,500.0
13,330,Baseline FQL,127.0
13,330,Improved FQL-GTA,500.0
13,331,Baseline FQL,129.0
13,331,Improved FQL-GTA,500.0
13,332,Baseline FQL,116.0
13,332,Improved FQL-GTA,500.0
13,333,Baseline FQL,117.0
13,333,Improved FQL-GTA,306.0
13,334,Baseline FQL,127.0
13,334,Improved FQL-GTA,301.0
13,335,Baseline FQL,117.0
13,335,Improved FQL-GTA,370.0
13,336,Baseline FQL,117.0
13,336,Improved FQL-GTA,500.0
13,337,Baseline FQL,116.0
13,337,Improved FQL-GTA,500.0
13,338,Baseline FQL,118.0
13,338,Improved FQL-GTA,500.0
13,339,Baseline FQL,126.0
13,339,Improved FQL-GTA,500.0
13,340,Baseline FQL,118.0
13,340,Improved FQL-GTA,500.0
13,341,Baseline FQL,121.0
13,341,Improved FQL-GTA,500.0
13,342,Baseline FQL,126.0
13,342,Improved FQL-GTA,500.0
13,343,Baseline FQL,118.0
13,343,Improved FQL-GTA,500.0
13,344,Baseline FQL,122.0
13,344,Improved FQL-GTA,500.0
13,345,Baseline FQL,127.0
13,345,Improved FQL-GTA,500.0
13,346,Baseline FQL,120.0
13,346,Improved FQL-GTA,500.0
13,347,Baseline FQL,120.0
13,347,Improved FQL-GTA,500.0
13,348,Baseline FQL,113.0
13,348,Improved FQL-GTA,500.0
13,349,Baseline FQL,129.0
13,349,Improved FQL-GTA,500.0
13,350,Baseline FQL,129.0
13,350,Improved FQL-GTA,500.0
13,351,Baseline FQL,120.0
13,351,Improved FQL-GTA,249.0
13,352,Baseline FQL,132.0
13,352,Improved FQL-GTA,287.0
13,353,Baseline FQL,118.0
13,353,Improved FQL-GTA,500.0
13,354,Baseline FQL,133.0
13,354,Improved FQL-GTA,500.0
13,355,Baseline FQL,115.0
13,355,Improved FQL-GTA,500.0
13,356,Baseline FQL,122.0
13,356,Improved FQL-GTA,500.0
13,357,Baseline FQL,127.0
13,357,Improved FQL-GTA,500.0
13,358,Baseline FQL,129.0
13,358,Improved FQL-GTA,500.0
13,359,Baseline FQL,121.0
13,359,Improved FQL-GTA,500.0
13,360,Baseline FQL,127.0
13,360,Improved FQL-GTA,500.0
13,361,Baseline FQL,126.0
13,361,Improved FQL-GTA,500.0
13,362,Baseline FQL,120.0
13,362,Improved FQL-GTA,500.0
13,363,Baseline FQL,117.0
13,363,Improved FQL-GTA,500.0
13,364,Baseline FQL,130.0
13,364,Improved FQL-GTA,500.0
13,365,Baseline FQL,130.0
13,365,Improved FQL-GTA,500.0
13,366,Baseline FQL,140.0
13,366,Improved FQL-GTA,500.0
13,367,Baseline FQL,128.0
13,367,Improved FQL-GTA,500.0
13,368,Baseline FQL,124.0
13,368,Improved FQL-GTA,500.0
13,369,Baseline FQL,112.0
13,369,Improved FQL-GTA,500.0
13,370,Baseline FQL,116.0
13,370,Improved FQL-GTA,500.0
13,371,Baseline FQL,114.0
13,371,Improved FQL-GTA,500.0
13,372,Baseline FQL,114.0
13,372,Improved FQL-GTA,500.0
13,373,Baseline FQL,125.0
13,373,Improved FQL-GTA,500.0
13,374,Baseline FQL,121.0
13,374,Improved FQL-GTA,500.0
13,375,Baseline FQL,123.0
13,375,Improved FQL-GTA,500.0
13,376,Baseline FQL,118.0
13,376,Improved FQL-GTA,500.0
13,377,Baseline FQL,123.0
13,377,Improved FQL-GTA,500.0
13,378,Baseline FQL,115.0
13,378,Improved FQL-GTA,500.0
13,379,Baseline FQL,117.0
13,379,Improved FQL-GTA,500.0
13,380,Baseline FQL,122.0
13,380,Improved FQL-GTA,500.0
13,381,Baseline FQL,120.0
13,381,Improved FQL-GTA,500.0
13,382,Baseline FQL,126.0
13,382,Improved FQL-GTA,500.0
13,383,Baseline FQL,116.0
13,383,Improved FQL-GTA,500.0
13,384,Baseline FQL,124.0
13,384,Improved FQL-GTA,292.0
13,385,Baseline FQL,120.0
13,385,Improved FQL-GTA,243.0
13,386,Baseline FQL,122.0
13,386,Improved FQL-GTA,191.0
13,387,Baseline FQL,119.0
13,387,Improved FQL-GTA,254.0
13,388,Baseline FQL,114.0
13,388,Improved FQL-GTA,208.0
13,389,Baseline FQL,128.0
13,389,Improved FQL-GTA,279.0
13,390,Baseline FQL,125.0
13,390,Improved FQL-GTA,241.0
13,391,Baseline FQL,122.0
13,391,Improved FQL-GTA,241.0
13,392,Baseline FQL,128.0
13,392,Improved FQL-GTA,218.0
13,393,Baseline FQL,122.0
13,393,Improved FQL-GTA,237.0
13,394,Baseline FQL,120.0
13,394,Improved FQL-GTA,209.0
13,395,Baseline FQL,118.0
13,395,Improved FQL-GTA,229.0
13,396,Baseline FQL,131.0
13,396,Improved FQL-GTA,261.0
13,397,Baseline FQL,130.0
13,397,Improved FQL-GTA,238.0
13,398,Baseline FQL,116.0
13,398,Improved FQL-GTA,220.0
13,399,Baseline FQL,113.0
13,399,Improved FQL-GTA,259.0
13,400,Baseline FQL,140.0
13,400,Improved FQL-GTA,271.0
13,401,Baseline FQL,136.0
13,401,Improved FQL-GTA,237.0
13,402,Baseline FQL,97.0
13,402,Improved FQL-GTA,233.0
13,403,Baseline FQL,117.0
13,403,Improved FQL-GTA,239.0
13,404,Baseline FQL,132.0
13,404,Improved FQL-GTA,219.0
13,405,Baseline FQL,119.0
13,405,Improved FQL-GTA,228.0
13,406,Baseline FQL,127.0
13,406,Improved FQL-GTA,256.0
13,407,Baseline FQL,118.0
13,407,Improved FQL-GTA,235.0
13,408,Baseline FQL,114.0
13,408,Improved FQL-GTA,231.0
13,409,Baseline FQL,129.0
13,409,Improved FQL-GTA,229.0
13,410,Baseline FQL,127.0
13,410,Improved FQL-GTA,241.0
13,411,Baseline FQL,117.0
13,411,Improved FQL-GTA,222.0
13,412,Baseline FQL,131.0
13,412,Improved FQL-GTA,243.0
13,413,Baseline FQL,140.0
13,413,Improved FQL-GTA,242.0
13,414,Baseline FQL,134.0
13,414,Improved FQL-GTA,266.0
13,415,Baseline FQL,118.0
13,415,Improved FQL-GTA,226.0
13,416,Baseline FQL,127.0
13,416,Improved FQL-GTA,254.0
13,417,Baseline FQL,124.0
13,417,Improved FQL-GTA,265.0
13,418,Baseline FQL,115.0
13,418,Improved FQL-GTA,222.0
13,419,Baseline FQL,124.0
13,419,Improved FQL-GTA,236.0
13,420,Baseline FQL,133.0
13,420,Improved FQL-GTA,243.0
13,421,Baseline FQL,127.0
13,421,Improved FQL-GTA,251.0
13,422,Baseline FQL,125.0
13,422,Improved FQL-GTA,259.0
13,423,Baseline FQL,135.0
13,423,Improved FQL-GTA,263.0
13,424,Baseline FQL,127.0
13,424,Improved FQL-GTA,264.0
13,425,Baseline FQL,122.0
13,425,Improved FQL-GTA,229.0
13,426,Baseline FQL,118.0
13,426,Improved FQL-GTA,245.0
13,427,Baseline FQL,116.0
13,427,Improved FQL-GTA,260.0
13,428,Baseline FQL,133.0
13,428,Improved FQL-GTA,270.0
13,429,Baseline FQL,124.0
13,429,Improved FQL-GTA,256.0
13,430,Baseline FQL,133.0
13,430,Improved FQL-GTA,271.0
13,431,Baseline FQL,126.0
13,431,Improved FQL-GTA,247.0
13,432,Baseline FQL,125.0
13,432,Improved FQL-GTA,274.0
13,433,Baseline FQL,142.0
13,433,Improved FQL-GTA,296.0
13,434,Baseline FQL,134.0
13,434,Improved FQL-GTA,261.0
13,435,Baseline FQL,127.0
13,435,Improved FQL-GTA,251.0
13,436,Baseline FQL,135.0
13,436,Improved FQL-GTA,281.0
13,437,Baseline FQL,129.0
13,437,Improved FQL-GTA,251.0
13,438,Baseline FQL,139.0
13,438,Improved FQL-GTA,270.0
13,439,Baseline FQL,125.0
13,439,Improved FQL-GTA,248.0
13,440,Baseline FQL,131.0
13,440,Improved FQL-GTA,285.0
13,441,Baseline FQL,138.0
13,441,Improved FQL-GTA,261.0
13,442,Baseline FQL,139.0
13,442,Improved FQL-GTA,271.0
13,443,Baseline FQL,129.0
13,443,Improved FQL-GTA,248.0
13,444,Baseline FQL,130.0
13,444,Improved FQL-GTA,289.0
13,445,Baseline FQL,140.0
13,445,Improved FQL-GTA,276.0
13,446,Baseline FQL,157.0
13,446,Improved FQL-GTA,305.0
13,447,Baseline FQL,135.0
13,447,Improved FQL-GTA,272.0
13,448,Baseline FQL,131.0
13,448,Improved FQL-GTA,241.0
13,449,Baseline FQL,142.0
13,449,Improved FQL-GTA,278.0
13,450,Baseline FQL,136.0
13,450,Improved FQL-GTA,262.0
13,451,Baseline FQL,135.0
13,451,Improved FQL-GTA,249.0
13,452,Baseline FQL,129.0
13,452,Improved FQL-GTA,260.0
13,453,Baseline FQL,148.0
13,453,Improved FQL-GTA,279.0
13,454,Baseline FQL,138.0
13,454,Improved FQL-GTA,256.0
13,455,Baseline FQL,131.0
13,455,Improved FQL-GTA,252.0
13,456,Baseline FQL,141.0
13,456,Improved FQL-GTA,263.0
13,457,Baseline FQL,140.0
13,457,Improved FQL-GTA,261.0
13,458,Baseline FQL,159.0
13,458,Improved FQL-GTA,326.0
13,459,Baseline FQL,148.0
13,459,Improved FQL-GTA,295.0
13,460,Baseline FQL,141.0
13,460,Improved FQL-GTA,272.0
13,461,Baseline FQL,148.0
13,461,Improved FQL-GTA,299.0
13,462,Baseline FQL,143.0
13,462,Improved FQL-GTA,301.0
13,463,Baseline FQL,136.0
13,463,Improved FQL-GTA,254.0
13,464,Baseline FQL,128.0
13,464,Improved FQL-GTA,238.0
13,465,Baseline FQL,139.0
13,465,Improved FQL-GTA,247.0
13,466,Baseline FQL,156.0
13,466,Improved FQL-GTA,295.0
13,467,Baseline FQL,144.0
13,467,Improved FQL-GTA,272.0
13,468,Baseline FQL,136.0
13,468,Improved FQL-GTA,261.0
13,469,Baseline FQL,140.0
13,469,Improved FQL-GTA,238.0
13,470,Baseline FQL,138.0
13,470,Improved FQL-GTA,272.0
13,471,Baseline FQL,166.0
13,471,Improved FQL-GTA,281.0
13,472,Baseline FQL,139.0
13,472,Improved FQL-GTA,252.0
13,473,Baseline FQL,154.0
13,473,Improved FQL-GTA,267.0
13,474,Baseline FQL,150.0
13,474,Improved FQL-GTA,263.0
13,475,Baseline FQL,153.0
13,475,Improved FQL-GTA,276.0
13,476,Baseline FQL,149.0
13,476,Improved FQL-GTA,268.0
13,477,Baseline FQL,151.0
13,477,Improved FQL-GTA,245.0
13,478,Baseline FQL,157.0
13,478,Improved FQL-GTA,307.0
13,479,Baseline FQL,151.0
13,479,Improved FQL-GTA,268.0
13,480,Baseline FQL,149.0
13,480,Improved FQL-GTA,266.0
13,481,Baseline FQL,144.0
13,481,Improved FQL-GTA,312.0
13,482,Baseline FQL,142.0
13,482,Improved FQL-GTA,479.0
13,483,Baseline FQL,145.0
13,483,Improved FQL-GTA,313.0
13,484,Baseline FQL,148.0
13,484,Improved FQL-GTA,292.0
13,485,Baseline FQL,148.0
13,485,Improved FQL-GTA,347.0
13,486,Baseline FQL,166.0
13,486,Improved FQL-GTA,399.0
13,487,Baseline FQL,173.0
13,487,Improved FQL-GTA,372.0
13,488,Baseline FQL,143.0
13,488,Improved FQL-GTA,500.0
13,489,Baseline FQL,165.0
13,489,Improved FQL-GTA,369.0
13,490,Baseline FQL,152.0
13,490,Improved FQL-GTA,332.0
13,491,Baseline FQL,172.0
13,491,Improved FQL-GTA,500.0
13,492,Baseline FQL,159.0
13,492,Improved FQL-GTA,409.0
13,493,Baseline FQL,162.0
13,493,Improved FQL-GTA,500.0
13,494,Baseline FQL,171.0
13,494,Improved FQL-GTA,392.0
13,495,Baseline FQL,172.0
13,495,Improved FQL-GTA,427.0
13,496,Baseline FQL,160.0
13,496,Improved FQL-GTA,446.0
13,497,Baseline FQL,145.0
13,497,Improved FQL-GTA,500.0
13,498,Baseline FQL,169.0
13,498,Improved FQL-GTA,500.0
13,499,Baseline FQL,156.0
13,499,Improved FQL-GTA,500.0
13,500,Baseline FQL,177.0
13,500,Improved FQL-GTA,500.0
14,1,Baseline FQL,9.0
14,1,Improved FQL-GTA,9.0
14,2,Baseline FQL,10.0
14,2,Improved FQL-GTA,15.0
14,3,Baseline FQL,12.0
14,3,Improved FQL-GTA,16.0
14,4,Baseline FQL,9.0
14,4,Improved FQL-GTA,14.0
14,5,Baseline FQL,10.0
14,5,Improved FQL-GTA,19.0
14,6,Baseline FQL,15.0
14,6,Improved FQL-GTA,12.0
14,7,Baseline FQL,14.0
14,7,Improved FQL-GTA,15.0
14,8,Baseline FQL,9.0
14,8,Improved FQL-GTA,16.0
14,9,Baseline FQL,10.0
14,9,Improved FQL-GTA,11.0
14,10,Baseline FQL,11.0
14,10,Improved FQL-GTA,12.0
14,11,Baseline FQL,10.0
14,11,Improved FQL-GTA,14.0
14,12,Baseline FQL,12.0
14,12,Improved FQL-GTA,18.0
14,13,Baseline FQL,15.0
14,13,Improved FQL-GTA,14.0
14,14,Baseline FQL,10.0
14,14,Improved FQL-GTA,14.0
14,15,Baseline FQL,9.0
14,15,Improved FQL-GTA,10.0
14,16,Baseline FQL,9.0
14,16,Improved FQL-GTA,14.0
14,17,Baseline FQL,13.0
14,17,Improved FQL-GTA,12.0
14,18,Baseline FQL,9.0
14,18,Improved FQL-GTA,11.0
14,19,Baseline FQL,11.0
14,19,Improved FQL-GTA,10.0
14,20,Baseline FQL,10.0
14,20,Improved FQL-GTA,10.0
14,21,Baseline FQL,10.0
14,21,Improved FQL-GTA,12.0
14,22,Baseline FQL,8.0
14,22,Improved FQL-GTA,11.0
14,23,Baseline FQL,8.0
14,23,Improved FQL-GTA,9.0
14,24,Baseline FQL,12.0
14,24,Improved FQL-GTA,13.0
14,25,Baseline FQL,9.0
14,25,Improved FQL-GTA,10.0
14,26,Baseline FQL,10.0
14,26,Improved FQL-GTA,15.0
14,27,Baseline FQL,8.0
14,27,Improved FQL-GTA,9.0
14,28,Baseline FQL,10.0
14,28,Improved FQL-GTA,12.0
14,29,Baseline FQL,8.0
14,29,Improved FQL-GTA,18.0
14,30,Baseline FQL,10.0
14,30,Improved FQL-GTA,12.0
14,31,Baseline FQL,9.0
14,31,Improved FQL-GTA,20.0
14,32,Baseline FQL,9.0
14,32,Improved FQL-GTA,16.0
14,33,Baseline FQL,10.0
14,33,Improved FQL-GTA,14.0
14,34,Baseline FQL,10.0
14,34,Improved FQL-GTA,20.0
14,35,Baseline FQL,13.0
14,35,Improved FQL-GTA,14.0
14,36,Baseline FQL,10.0
14,36,Improved FQL-GTA,19.0
14,37,Baseline FQL,9.0
14,37,Improved FQL-GTA,32.0
14,38,Baseline FQL,11.0
14,38,Improved FQL-GTA,25.0
14,39,Baseline FQL,10.0
14,39,Improved FQL-GTA,15.0
14,40,Baseline FQL,10.0
14,40,Improved FQL-GTA,15.0
14,41,Baseline FQL,11.0
14,41,Improved FQL-GTA,18.0
14,42,Baseline FQL,10.0
14,42,Improved FQL-GTA,13.0
14,43,Baseline FQL,8.0
14,43,Improved FQL-GTA,11.0
14,44,Baseline FQL,10.0
14,44,Improved FQL-GTA,15.0
14,45,Baseline FQL,10.0
14,45,Improved FQL-GTA,16.0
14,46,Baseline FQL,11.0
14,46,Improved FQL-GTA,13.0
14,47,Baseline FQL,10.0
14,47,Improved FQL-GTA,15.0
14,48,Baseline FQL,9.0
14,48,Improved FQL-GTA,32.0
14,49,Baseline FQL,9.0
14,49,Improved FQL-GTA,14.0
14,50,Baseline FQL,10.0
14,50,Improved FQL-GTA,32.0
14,51,Baseline FQL,12.0
14,51,Improved FQL-GTA,32.0
14,52,Baseline FQL,10.0
14,52,Improved FQL-GTA,19.0
14,53,Baseline FQL,11.0
14,53,Improved FQL-GTA,18.0
14,54,Baseline FQL,10.0
14,54,Improved FQL-GTA,17.0
14,55,Baseline FQL,9.0
14,55,Improved FQL-GTA,17.0
14,56,Baseline FQL,8.0
14,56,Improved FQL-GTA,11.0
14,57,Baseline FQL,10.0
14,57,Improved FQL-GTA,17.0
14,58,Baseline FQL,9.0
14,58,Improved FQL-GTA,14.0
14,59,Baseline FQL,11.0
14,59,Improved FQL-GTA,16.0
14,60,Baseline FQL,10.0
14,60,Improved FQL-GTA,17.0
14,61,Baseline FQL,9.0
14,61,Improved FQL-GTA,13.0
14,62,Baseline FQL,9.0
14,62,Improved FQL-GTA,13.0
14,63,Baseline FQL,9.0
14,63,Improved FQL-GTA,15.0
14,64,Baseline FQL,10.0
14,64,Improved FQL-GTA,20.0
14,65,Baseline FQL,9.0
14,65,Improved FQL-GTA,21.0
14,66,Baseline FQL,12.0
14,66,Improved FQL-GTA,30.0
14,67,Baseline FQL,10.0
14,67,Improved FQL-GTA,21.0
14,68,Baseline FQL,12.0
14,68,Improved FQL-GTA,13.0
14,69,Baseline FQL,10.0
14,69,Improved FQL-GTA,13.0
14,70,Baseline FQL,9.0
14,70,Improved FQL-GTA,12.0
14,71,Baseline FQL,10.0
14,71,Improved FQL-GTA,20.0
14,72,Baseline FQL,10.0
14,72,Improved FQL-GTA,30.0
14,73,Baseline FQL,11.0
14,73,Improved FQL-GTA,35.0
14,74,Baseline FQL,10.0
14,74,Improved FQL-GTA,25.0
14,75,Baseline FQL,12.0
14,75,Improved FQL-GTA,23.0
14,76,Baseline FQL,13.0
14,76,Improved FQL-GTA,19.0
14,77,Baseline FQL,9.0
14,77,Improved FQL-GTA,17.0
14,78,Baseline FQL,10.0
14,78,Improved FQL-GTA,15.0
14,79,Baseline FQL,15.0
14,79,Improved FQL-GTA,20.0
14,80,Baseline FQL,17.0
14,80,Improved FQL-GTA,28.0
14,81,Baseline FQL,16.0
14,81,Improved FQL-GTA,14.0
14,82,Baseline FQL,10.0
14,82,Improved FQL-GTA,24.0
14,83,Baseline FQL,15.0
14,83,Improved FQL-GTA,17.0
14,84,Baseline FQL,16.0
14,84,Improved FQL-GTA,19.0
14,85,Baseline FQL,10.0
14,85,Improved FQL-GTA,23.0
14,86,Baseline FQL,13.0
14,86,Improved FQL-GTA,17.0
14,87,Baseline FQL,16.0
14,87,Improved FQL-GTA,20.0
14,88,Baseline FQL,13.0
14,88,Improved FQL-GTA,20.0
14,89,Baseline FQL,12.0
14,89,Improved FQL-GTA,18.0
14,90,Baseline FQL,18.0
14,90,Improved FQL-GTA,24.0
14,91,Baseline FQL,18.0
14,91,Improved FQL-GTA,29.0
14,92,Baseline FQL,20.0
14,92,Improved FQL-GTA,41.0
14,93,Baseline FQL,20.0
14,93,Improved FQL-GTA,34.0
14,94,Baseline FQL,15.0
14,94,Improved FQL-GTA,29.0
14,95,Baseline FQL,24.0
14,95,Improved FQL-GTA,33.0
14,96,Baseline FQL,12.0
14,96,Improved FQL-GTA,62.0
14,97,Baseline FQL,14.0
14,97,Improved FQL-GTA,24.0
14,98,Baseline FQL,16.0
14,98,Improved FQL-GTA,28.0
14,99,Baseline FQL,15.0
14,99,Improved FQL-GTA,27.0
14,100,Baseline FQL,19.0
14,100,Improved FQL-GTA,35.0
14,101,Baseline FQL,18.0
14,101,Improved FQL-GTA,28.0
14,102,Baseline FQL,15.0
14,102,Improved FQL-GTA,23.0
14,103,Baseline FQL,11.0
14,103,Improved FQL-GTA,13.0
14,104,Baseline FQL,15.0
14,104,Improved FQL-GTA,25.0
14,105,Baseline FQL,21.0
14,105,Improved FQL-GTA,29.0
14,106,Baseline FQL,13.0
14,106,Improved FQL-GTA,34.0
14,107,Baseline FQL,20.0
14,107,Improved FQL-GTA,43.0
14,108,Baseline FQL,13.0
14,108,Improved FQL-GTA,17.0
14,109,Baseline FQL,20.0
14,109,Improved FQL-GTA,29.0
14,110,Baseline FQL,23.0
14,110,Improved FQL-GTA,34.0
14,111,Baseline FQL,11.0
14,111,Improved FQL-GTA,13.0
14,112,Baseline FQL,19.0
14,112,Improved FQL-GTA,23.0
14,113,Baseline FQL,22.0
14,113,Improved FQL-GTA,25.0
14,114,Baseline FQL,17.0
14,114,Improved FQL-GTA,58.0
14,115,Baseline FQL,17.0
14,115,Improved FQL-GTA,35.0
14,116,Baseline FQL,13.0
14,116,Improved FQL-GTA,15.0
14,117,Baseline FQL,19.0
14,117,Improved FQL-GTA,42.0
14,118,Baseline FQL,19.0
14,118,Improved FQL-GTA,23.0
14,119,Baseline FQL,11.0
14,119,Improved FQL-GTA,19.0
14,120,Baseline FQL,17.0
14,120,Improved FQL-GTA,23.0
14,121,Baseline FQL,16.0
14,121,Improved FQL-GTA,39.0
14,122,Baseline FQL,11.0
14,122,Improved FQL-GTA,227.0
14,123,Baseline FQL,27.0
14,123,Improved FQL-GTA,313.0
14,124,Baseline FQL,19.0
14,124,Improved FQL-GTA,186.0
14,125,Baseline FQL,13.0
14,125,Improved FQL-GTA,32.0
14,126,Baseline FQL,24.0
14,126,Improved FQL-GTA,180.0
14,127,Baseline FQL,15.0
14,127,Improved FQL-GTA,160.0
14,128,Baseline FQL,26.0
14,128,Improved FQL-GTA,16.0
14,129,Baseline FQL,14.0
14,129,Improved FQL-GTA,171.0
14,130,Baseline FQL,14.0
14,130,Improved FQL-GTA,226.0
14,131,Baseline FQL,20.0
14,131,Improved FQL-GTA,121.0
14,132,Baseline FQL,12.0
14,132,Improved FQL-GTA,60.0
14,133,Baseline FQL,21.0
14,133,Improved FQL-GTA,161.0
14,134,Baseline FQL,15.0
14,134,Improved FQL-GTA,131.0
14,135,Baseline FQL,11.0
14,135,Improved FQL-GTA,189.0
14,136,Baseline FQL,21.0
14,136,Improved FQL-GTA,192.0
14,137,Baseline FQL,13.0
14,137,Improved FQL-GTA,209.0
14,138,Baseline FQL,15.0
14,138,Improved FQL-GTA,155.0
14,139,Baseline FQL,24.0
14,139,Improved FQL-GTA,176.0
14,140,Baseline FQL,21.0
14,140,Improved FQL-GTA,122.0
14,141,Baseline FQL,22.0
14,141,Improved FQL-GTA,243.0
14,142,Baseline FQL,19.0
14,142,Improved FQL-GTA,168.0
14,143,Baseline FQL,27.0
14,143,Improved FQL-GTA,205.0
14,144,Baseline FQL,19.0
14,144,Improved FQL-GTA,131.0
14,145,Baseline FQL,15.0
14,145,Improved FQL-GTA,297.0
14,146,Baseline FQL,18.0
14,146,Improved FQL-GTA,278.0
14,147,Baseline FQL,17.0
14,147,Improved FQL-GTA,228.0
14,148,Baseline FQL,23.0
14,148,Improved FQL-GTA,32.0
14,149,Baseline FQL,15.0
14,149,Improved FQL-GTA,268.0
14,150,Baseline FQL,15.0
14,150,Improved FQL-GTA,257.0
14,151,Baseline FQL,18.0
14,151,Improved FQL-GTA,162.0
14,152,Baseline FQL,13.0
14,152,Improved FQL-GTA,268.0
14,153,Baseline FQL,14.0
14,153,Improved FQL-GTA,259.0
14,154,Baseline FQL,15.0
14,154,Improved FQL-GTA,243.0
14,155,Baseline FQL,11.0
14,155,Improved FQL-GTA,60.0
14,156,Baseline FQL,15.0
14,156,Improved FQL-GTA,248.0
14,157,Baseline FQL,11.0
14,157,Improved FQL-GTA,271.0
14,158,Baseline FQL,15.0
14,158,Improved FQL-GTA,264.0
14,159,Baseline FQL,14.0
14,159,Improved FQL-GTA,240.0
14,160,Baseline FQL,19.0
14,160,Improved FQL-GTA,280.0
14,161,Baseline FQL,11.0
14,161,Improved FQL-GTA,226.0
14,162,Baseline FQL,25.0
14,162,Improved FQL-GTA,243.0
14,163,Baseline FQL,15.0
14,163,Improved FQL-GTA,225.0
14,164,Baseline FQL,21.0
14,164,Improved FQL-GTA,241.0
14,165,Baseline FQL,23.0
14,165,Improved FQL-GTA,229.0
14,166,Baseline FQL,11.0
14,166,Improved FQL-GTA,10.0
14,167,Baseline FQL,14.0
14,167,Improved FQL-GTA,322.0
14,168,Baseline FQL,16.0
14,168,Improved FQL-GTA,500.0
14,169,Baseline FQL,17.0
14,169,Improved FQL-GTA,411.0
14,170,Baseline FQL,14.0
14,170,Improved FQL-GTA,363.0
14,171,Baseline FQL,12.0
14,171,Improved FQL-GTA,361.0
14,172,Baseline FQL,17.0
14,172,Improved FQL-GTA,321.0
14,173,Baseline FQL,11.0
14,173,Improved FQL-GTA,299.0
14,174,Baseline FQL,16.0
14,174,Improved FQL-GTA,314.0
14,175,Baseline FQL,13.0
14,175,Improved FQL-GTA,255.0
14,176,Baseline FQL,19.0
14,176,Improved FQL-GTA,273.0
14,177,Baseline FQL,13.0
14,177,Improved FQL-GTA,281.0
14,178,Baseline FQL,31.0
14,178,Improved FQL-GTA,296.0
14,179,Baseline FQL,29.0
14,179,Improved FQL-GTA,288.0
14,180,Baseline FQL,23.0
14,180,Improved FQL-GTA,303.0
14,181,Baseline FQL,23.0
14,181,Improved FQL-GTA,253.0
14,182,Baseline FQL,18.0
14,182,Improved FQL-GTA,304.0
14,183,Baseline FQL,19.0
14,183,Improved FQL-GTA,265.0
14,184,Baseline FQL,20.0
14,184,Improved FQL-GTA,276.0
14,185,Baseline FQL,29.0
14,185,Improved FQL-GTA,268.0
14,186,Baseline FQL,29.0
14,186,Improved FQL-GTA,311.0
14,187,Baseline FQL,43.0
14,187,Improved FQL-GTA,327.0
14,188,Baseline FQL,27.0
14,188,Improved FQL-GTA,289.0
14,189,Baseline FQL,17.0
14,189,Improved FQL-GTA,293.0
14,190,Baseline FQL,38.0
14,190,Improved FQL-GTA,374.0
14,191,Baseline FQL,26.0
14,191,Improved FQL-GTA,327.0
14,192,Baseline FQL,19.0
14,192,Improved FQL-GTA,395.0
14,193,Baseline FQL,15.0
14,193,Improved FQL-GTA,369.0
14,194,Baseline FQL,15.0
14,194,Improved FQL-GTA,369.0
14,195,Baseline FQL,25.0
14,195,Improved FQL-GTA,478.0
14,196,Baseline FQL,25.0
14,196,Improved FQL-GTA,408.0
14,197,Baseline FQL,30.0
14,197,Improved FQL-GTA,334.0
14,198,Baseline FQL,45.0
14,198,Improved FQL-GTA,333.0
14,199,Baseline FQL,26.0
14,199,Improved FQL-GTA,500.0
14,200,Baseline FQL,27.0
14,200,Improved FQL-GTA,500.0
14,201,Baseline FQL,35.0
14,201,Improved FQL-GTA,500.0
14,202,Baseline FQL,13.0
14,202,Improved FQL-GTA,500.0
14,203,Baseline FQL,21.0
14,203,Improved FQL-GTA,332.0
14,204,Baseline FQL,17.0
14,204,Improved FQL-GTA,500.0
14,205,Baseline FQL,20.0
14,205,Improved FQL-GTA,500.0
14,206,Baseline FQL,20.0
14,206,Improved FQL-GTA,500.0
14,207,Baseline FQL,16.0
14,207,Improved FQL-GTA,500.0
14,208,Baseline FQL,17.0
14,208,Improved FQL-GTA,385.0
14,209,Baseline FQL,18.0
14,209,Improved FQL-GTA,153.0
14,210,Baseline FQL,36.0
14,210,Improved FQL-GTA,334.0
14,211,Baseline FQL,25.0
14,211,Improved FQL-GTA,382.0
14,212,Baseline FQL,16.0
14,212,Improved FQL-GTA,9.0
14,213,Baseline FQL,16.0
14,213,Improved FQL-GTA,358.0
14,214,Baseline FQL,30.0
14,214,Improved FQL-GTA,13.0
14,215,Baseline FQL,45.0
14,215,Improved FQL-GTA,235.0
14,216,Baseline FQL,34.0
14,216,Improved FQL-GTA,219.0
14,217,Baseline FQL,16.0
14,217,Improved FQL-GTA,500.0
14,218,Baseline FQL,27.0
14,218,Improved FQL-GTA,500.0
14,219,Baseline FQL,26.0
14,219,Improved FQL-GTA,500.0
14,220,Baseline FQL,66.0
14,220,Improved FQL-GTA,500.0
14,221,Baseline FQL,28.0
14,221,Improved FQL-GTA,500.0
14,222,Baseline FQL,66.0
14,222,Improved FQL-GTA,500.0
14,223,Baseline FQL,16.0
14,223,Improved FQL-GTA,500.0
14,224,Baseline FQL,63.0
14,224,Improved FQL-GTA,15.0
14,225,Baseline FQL,16.0
14,225,Improved FQL-GTA,500.0
14,226,Baseline FQL,20.0
14,226,Improved FQL-GTA,267.0
14,227,Baseline FQL,132.0
14,227,Improved FQL-GTA,284.0
14,228,Baseline FQL,49.0
14,228,Improved FQL-GTA,356.0
14,229,Baseline FQL,58.0
14,229,Improved FQL-GTA,364.0
14,230,Baseline FQL,19.0
14,230,Improved FQL-GTA,420.0
14,231,Baseline FQL,61.0
14,231,Improved FQL-GTA,264.0
14,232,Baseline FQL,64.0
14,232,Improved FQL-GTA,208.0
14,233,Baseline FQL,32.0
14,233,Improved FQL-GTA,500.0
14,234,Baseline FQL,45.0
14,234,Improved FQL-GTA,500.0
14,235,Baseline FQL,27.0
14,235,Improved FQL-GTA,500.0
14,236,Baseline FQL,20.0
14,236,Improved FQL-GTA,500.0
14,237,Baseline FQL,33.0
14,237,Improved FQL-GTA,422.0
14,238,Baseline FQL,48.0
14,238,Improved FQL-GTA,455.0
14,239,Baseline FQL,82.0
14,239,Improved FQL-GTA,424.0
14,240,Baseline FQL,81.0
14,240,Improved FQL-GTA,296.0
14,241,Baseline FQL,86.0
14,241,Improved FQL-GTA,500.0
14,242,Baseline FQL,41.0
14,242,Improved FQL-GTA,213.0
14,243,Baseline FQL,17.0
14,243,Improved FQL-GTA,500.0
14,244,Baseline FQL,43.0
14,244,Improved FQL-GTA,397.0
14,245,Baseline FQL,30.0
14,245,Improved FQL-GTA,500.0
14,246,Baseline FQL,97.0
14,246,Improved FQL-GTA,500.0
14,247,Baseline FQL,53.0
14,247,Improved FQL-GTA,500.0
14,248,Baseline FQL,53.0
14,248,Improved FQL-GTA,500.0
14,249,Baseline FQL,37.0
14,249,Improved FQL-GTA,500.0
14,250,Baseline FQL,49.0
14,250,Improved FQL-GTA,500.0
14,251,Baseline FQL,123.0
14,251,Improved FQL-GTA,500.0
14,252,Baseline FQL,307.0
14,252,Improved FQL-GTA,500.0
14,253,Baseline FQL,287.0
14,253,Improved FQL-GTA,500.0
14,254,Baseline FQL,57.0
14,254,Improved FQL-GTA,500.0
14,255,Baseline FQL,31.0
14,255,Improved FQL-GTA,500.0
14,256,Baseline FQL,273.0
14,256,Improved FQL-GTA,500.0
14,257,Baseline FQL,82.0
14,257,Improved FQL-GTA,500.0
14,258,Baseline FQL,55.0
14,258,Improved FQL-GTA,500.0
14,259,Baseline FQL,139.0
14,259,Improved FQL-GTA,500.0
14,260,Baseline FQL,114.0
14,260,Improved FQL-GTA,500.0
14,261,Baseline FQL,51.0
14,261,Improved FQL-GTA,207.0
14,262,Baseline FQL,27.0
14,262,Improved FQL-GTA,343.0
14,263,Baseline FQL,82.0
14,263,Improved FQL-GTA,15.0
14,264,Baseline FQL,116.0
14,264,Improved FQL-GTA,500.0
14,265,Baseline FQL,102.0
14,265,Improved FQL-GTA,500.0
14,266,Baseline FQL,176.0
14,266,Improved FQL-GTA,500.0
14,267,Baseline FQL,144.0
14,267,Improved FQL-GTA,500.0
14,268,Baseline FQL,71.0
14,268,Improved FQL-GTA,500.0
14,269,Baseline FQL,142.0
14,269,Improved FQL-GTA,500.0
14,270,Baseline FQL,119.0
14,270,Improved FQL-GTA,500.0
14,271,Baseline FQL,149.0
14,271,Improved FQL-GTA,500.0
14,272,Baseline FQL,153.0
14,272,Improved FQL-GTA,500.0
14,273,Baseline FQL,154.0
14,273,Improved FQL-GTA,374.0
14,274,Baseline FQL,36.0
14,274,Improved FQL-GTA,500.0
14,275,Baseline FQL,298.0
14,275,Improved FQL-GTA,500.0
14,276,Baseline FQL,111.0
14,276,Improved FQL-GTA,500.0
14,277,Baseline FQL,216.0
14,277,Improved FQL-GTA,500.0
14,278,Baseline FQL,223.0
14,278,Improved FQL-GTA,500.0
14,279,Baseline FQL,24.0
14,279,Improved FQL-GTA,500.0
14,280,Baseline FQL,147.0
14,280,Improved FQL-GTA,500.0
14,281,Baseline FQL,101.0
14,281,Improved FQL-GTA,500.0
14,282,Baseline FQL,202.0
14,282,Improved FQL-GTA,500.0
14,283,Baseline FQL,267.0
14,283,Improved FQL-GTA,500.0
14,284,Baseline FQL,119.0
14,284,Improved FQL-GTA,500.0
14,285,Baseline FQL,218.0
14,285,Improved FQL-GTA,500.0
14,286,Baseline FQL,177.0
14,286,Improved FQL-GTA,500.0
14,287,Baseline FQL,199.0
14,287,Improved FQL-GTA,500.0
14,288,Baseline FQL,95.0
14,288,Improved FQL-GTA,500.0
14,289,Baseline FQL,396.0
14,289,Improved FQL-GTA,500.0
14,290,Baseline FQL,239.0
14,290,Improved FQL-GTA,413.0
14,291,Baseline FQL,263.0
14,291,Improved FQL-GTA,500.0
14,292,Baseline FQL,332.0
14,292,Improved FQL-GTA,500.0
14,293,Baseline FQL,260.0
14,293,Improved FQL-GTA,396.0
14,294,Baseline FQL,250.0
14,294,Improved FQL-GTA,500.0
14,295,Baseline FQL,229.0
14,295,Improved FQL-GTA,500.0
14,296,Baseline FQL,276.0
14,296,Improved FQL-GTA,500.0
14,297,Baseline FQL,212.0
14,297,Improved FQL-GTA,500.0
14,298,Baseline FQL,225.0
14,298,Improved FQL-GTA,500.0
14,299,Baseline FQL,387.0
14,299,Improved FQL-GTA,500.0
14,300,Baseline FQL,242.0
14,300,Improved FQL-GTA,500.0
14,301,Baseline FQL,220.0
14,301,Improved FQL-GTA,476.0
14,302,Baseline FQL,214.0
14,302,Improved FQL-GTA,202.0
14,303,Baseline FQL,249.0
14,303,Improved FQL-GTA,11.0
14,304,Baseline FQL,212.0
14,304,Improved FQL-GTA,387.0
14,305,Baseline FQL,215.0
14,305,Improved FQL-GTA,500.0
14,306,Baseline FQL,99.0
14,306,Improved FQL-GTA,500.0
14,307,Baseline FQL,68.0
14,307,Improved FQL-GTA,500.0
14,308,Baseline FQL,262.0
14,308,Improved FQL-GTA,500.0
14,309,Baseline FQL,111.0
14,309,Improved FQL-GTA,500.0
14,310,Baseline FQL,218.0
14,310,Improved FQL-GTA,500.0
14,311,Baseline FQL,21.0
14,311,Improved FQL-GTA,500.0
14,312,Baseline FQL,234.0
14,312,Improved FQL-GTA,500.0
14,313,Baseline FQL,189.0
14,313,Improved FQL-GTA,500.0
14,314,Baseline FQL,336.0
14,314,Improved FQL-GTA,500.0
14,315,Baseline FQL,92.0
14,315,Improved FQL-GTA,500.0
14,316,Baseline FQL,245.0
14,316,Improved FQL-GTA,500.0
14,317,Baseline FQL,212.0
14,317,Improved FQL-GTA,500.0
14,318,Baseline FQL,279.0
14,318,Improved FQL-GTA,500.0
14,319,Baseline FQL,145.0
14,319,Improved FQL-GTA,500.0
14,320,Baseline FQL,219.0
14,320,Improved FQL-GTA,500.0
14,321,Baseline FQL,500.0
14,321,Improved FQL-GTA,500.0
14,322,Baseline FQL,500.0
14,322,Improved FQL-GTA,500.0
14,323,Baseline FQL,259.0
14,323,Improved FQL-GTA,500.0
14,324,Baseline FQL,244.0
14,324,Improved FQL-GTA,500.0
14,325,Baseline FQL,241.0
14,325,Improved FQL-GTA,500.0
14,326,Baseline FQL,221.0
14,326,Improved FQL-GTA,500.0
14,327,Baseline FQL,239.0
14,327,Improved FQL-GTA,500.0
14,328,Baseline FQL,256.0
14,328,Improved FQL-GTA,500.0
14,329,Baseline FQL,412.0
14,329,Improved FQL-GTA,500.0
14,330,Baseline FQL,208.0
14,330,Improved FQL-GTA,500.0
14,331,Baseline FQL,500.0
14,331,Improved FQL-GTA,500.0
14,332,Baseline FQL,229.0
14,332,Improved FQL-GTA,500.0
14,333,Baseline FQL,380.0
14,333,Improved FQL-GTA,500.0
14,334,Baseline FQL,370.0
14,334,Improved FQL-GTA,500.0
14,335,Baseline FQL,220.0
14,335,Improved FQL-GTA,296.0
14,336,Baseline FQL,278.0
14,336,Improved FQL-GTA,11.0
14,337,Baseline FQL,386.0
14,337,Improved FQL-GTA,500.0
14,338,Baseline FQL,234.0
14,338,Improved FQL-GTA,500.0
14,339,Baseline FQL,265.0
14,339,Improved FQL-GTA,500.0
14,340,Baseline FQL,207.0
14,340,Improved FQL-GTA,500.0
14,341,Baseline FQL,216.0
14,341,Improved FQL-GTA,500.0
14,342,Baseline FQL,247.0
14,342,Improved FQL-GTA,500.0
14,343,Baseline FQL,267.0
14,343,Improved FQL-GTA,500.0
14,344,Baseline FQL,292.0
14,344,Improved FQL-GTA,500.0
14,345,Baseline FQL,290.0
14,345,Improved FQL-GTA,500.0
14,346,Baseline FQL,247.0
14,346,Improved FQL-GTA,500.0
14,347,Baseline FQL,218.0
14,347,Improved FQL-GTA,500.0
14,348,Baseline FQL,312.0
14,348,Improved FQL-GTA,500.0
14,349,Baseline FQL,331.0
14,349,Improved FQL-GTA,500.0
14,350,Baseline FQL,236.0
14,350,Improved FQL-GTA,500.0
14,351,Baseline FQL,231.0
14,351,Improved FQL-GTA,500.0
14,352,Baseline FQL,273.0
14,352,Improved FQL-GTA,500.0
14,353,Baseline FQL,226.0
14,353,Improved FQL-GTA,500.0
14,354,Baseline FQL,333.0
14,354,Improved FQL-GTA,500.0
14,355,Baseline FQL,245.0
14,355,Improved FQL-GTA,500.0
14,356,Baseline FQL,212.0
14,356,Improved FQL-GTA,500.0
14,357,Baseline FQL,241.0
14,357,Improved FQL-GTA,500.0
14,358,Baseline FQL,252.0
14,358,Improved FQL-GTA,500.0
14,359,Baseline FQL,229.0
14,359,Improved FQL-GTA,500.0
14,360,Baseline FQL,252.0
14,360,Improved FQL-GTA,500.0
14,361,Baseline FQL,254.0
14,361,Improved FQL-GTA,500.0
14,362,Baseline FQL,297.0
14,362,Improved FQL-GTA,500.0
14,363,Baseline FQL,244.0
14,363,Improved FQL-GTA,500.0
14,364,Baseline FQL,250.0
14,364,Improved FQL-GTA,500.0
14,365,Baseline FQL,231.0
14,365,Improved FQL-GTA,500.0
14,366,Baseline FQL,274.0
14,366,Improved FQL-GTA,97.0
14,367,Baseline FQL,331.0
14,367,Improved FQL-GTA,500.0
14,368,Baseline FQL,247.0
14,368,Improved FQL-GTA,410.0
14,369,Baseline FQL,211.0
14,369,Improved FQL-GTA,414.0
14,370,Baseline FQL,208.0
14,370,Improved FQL-GTA,392.0
14,371,Baseline FQL,196.0
14,371,Improved FQL-GTA,413.0
14,372,Baseline FQL,238.0
14,372,Improved FQL-GTA,306.0
14,373,Baseline FQL,229.0
14,373,Improved FQL-GTA,354.0
14,374,Baseline FQL,260.0
14,374,Improved FQL-GTA,327.0
14,375,Baseline FQL,186.0
14,375,Improved FQL-GTA,374.0
14,376,Baseline FQL,246.0
14,376,Improved FQL-GTA,416.0
14,377,Baseline FQL,229.0
14,377,Improved FQL-GTA,467.0
14,378,Baseline FQL,229.0
14,378,Improved FQL-GTA,500.0
14,379,Baseline FQL,275.0
14,379,Improved FQL-GTA,494.0
14,380,Baseline FQL,400.0
14,380,Improved FQL-GTA,500.0
14,381,Baseline FQL,246.0
14,381,Improved FQL-GTA,500.0
14,382,Baseline FQL,459.0
14,382,Improved FQL-GTA,500.0
14,383,Baseline FQL,205.0
14,383,Improved FQL-GTA,500.0
14,384,Baseline FQL,360.0
14,384,Improved FQL-GTA,500.0
14,385,Baseline FQL,339.0
14,385,Improved FQL-GTA,500.0
14,386,Baseline FQL,240.0
14,386,Improved FQL-GTA,500.0
14,387,Baseline FQL,219.0
14,387,Improved FQL-GTA,493.0
14,388,Baseline FQL,341.0
14,388,Improved FQL-GTA,100.0
14,389,Baseline FQL,320.0
14,389,Improved FQL-GTA,500.0
14,390,Baseline FQL,272.0
14,390,Improved FQL-GTA,500.0
14,391,Baseline FQL,351.0
14,391,Improved FQL-GTA,500.0
14,392,Baseline FQL,274.0
14,392,Improved FQL-GTA,500.0
14,393,Baseline FQL,305.0
14,393,Improved FQL-GTA,500.0
14,394,Baseline FQL,270.0
14,394,Improved FQL-GTA,500.0
14,395,Baseline FQL,309.0
14,395,Improved FQL-GTA,500.0
14,396,Baseline FQL,241.0
14,396,Improved FQL-GTA,500.0
14,397,Baseline FQL,286.0
14,397,Improved FQL-GTA,500.0
14,398,Baseline FQL,206.0
14,398,Improved FQL-GTA,500.0
14,399,Baseline FQL,372.0
14,399,Improved FQL-GTA,500.0
14,400,Baseline FQL,284.0
14,400,Improved FQL-GTA,500.0
14,401,Baseline FQL,332.0
14,401,Improved FQL-GTA,500.0
14,402,Baseline FQL,278.0
14,402,Improved FQL-GTA,500.0
14,403,Baseline FQL,327.0
14,403,Improved FQL-GTA,500.0
14,404,Baseline FQL,244.0
14,404,Improved FQL-GTA,500.0
14,405,Baseline FQL,263.0
14,405,Improved FQL-GTA,500.0
14,406,Baseline FQL,251.0
14,406,Improved FQL-GTA,500.0
14,407,Baseline FQL,248.0
14,407,Improved FQL-GTA,500.0
14,408,Baseline FQL,305.0
14,408,Improved FQL-GTA,500.0
14,409,Baseline FQL,253.0
14,409,Improved FQL-GTA,500.0
14,410,Baseline FQL,349.0
14,410,Improved FQL-GTA,500.0
14,411,Baseline FQL,237.0
14,411,Improved FQL-GTA,500.0
14,412,Baseline FQL,251.0
14,412,Improved FQL-GTA,500.0
14,413,Baseline FQL,251.0
14,413,Improved FQL-GTA,500.0
14,414,Baseline FQL,422.0
14,414,Improved FQL-GTA,500.0
14,415,Baseline FQL,268.0
14,415,Improved FQL-GTA,500.0
14,416,Baseline FQL,297.0
14,416,Improved FQL-GTA,500.0
14,417,Baseline FQL,227.0
14,417,Improved FQL-GTA,500.0
14,418,Baseline FQL,240.0
14,418,Improved FQL-GTA,15.0
14,419,Baseline FQL,314.0
14,419,Improved FQL-GTA,500.0
14,420,Baseline FQL,288.0
14,420,Improved FQL-GTA,500.0
14,421,Baseline FQL,343.0
14,421,Improved FQL-GTA,500.0
14,422,Baseline FQL,338.0
14,422,Improved FQL-GTA,500.0
14,423,Baseline FQL,247.0
14,423,Improved FQL-GTA,500.0
14,424,Baseline FQL,439.0
14,424,Improved FQL-GTA,500.0
14,425,Baseline FQL,252.0
14,425,Improved FQL-GTA,500.0
14,426,Baseline FQL,248.0
14,426,Improved FQL-GTA,500.0
14,427,Baseline FQL,327.0
14,427,Improved FQL-GTA,500.0
14,428,Baseline FQL,265.0
14,428,Improved FQL-GTA,500.0
14,429,Baseline FQL,232.0
14,429,Improved FQL-GTA,500.0
14,430,Baseline FQL,278.0
14,430,Improved FQL-GTA,500.0
14,431,Baseline FQL,250.0
14,431,Improved FQL-GTA,500.0
14,432,Baseline FQL,268.0
14,432,Improved FQL-GTA,500.0
14,433,Baseline FQL,248.0
14,433,Improved FQL-GTA,500.0
14,434,Baseline FQL,424.0
14,434,Improved FQL-GTA,500.0
14,435,Baseline FQL,227.0
14,435,Improved FQL-GTA,500.0
14,436,Baseline FQL,256.0
14,436,Improved FQL-GTA,500.0
14,437,Baseline FQL,299.0
14,437,Improved FQL-GTA,500.0
14,438,Baseline FQL,254.0
14,438,Improved FQL-GTA,500.0
14,439,Baseline FQL,219.0
14,439,Improved FQL-GTA,500.0
14,440,Baseline FQL,243.0
14,440,Improved FQL-GTA,500.0
14,441,Baseline FQL,348.0
14,441,Improved FQL-GTA,500.0
14,442,Baseline FQL,335.0
14,442,Improved FQL-GTA,500.0
14,443,Baseline FQL,270.0
14,443,Improved FQL-GTA,500.0
14,444,Baseline FQL,330.0
14,444,Improved FQL-GTA,500.0
14,445,Baseline FQL,219.0
14,445,Improved FQL-GTA,500.0
14,446,Baseline FQL,188.0
14,446,Improved FQL-GTA,500.0
14,447,Baseline FQL,322.0
14,447,Improved FQL-GTA,500.0
14,448,Baseline FQL,244.0
14,448,Improved FQL-GTA,500.0
14,449,Baseline FQL,60.0
14,449,Improved FQL-GTA,13.0
14,450,Baseline FQL,275.0
14,450,Improved FQL-GTA,500.0
14,451,Baseline FQL,323.0
14,451,Improved FQL-GTA,500.0
14,452,Baseline FQL,302.0
14,452,Improved FQL-GTA,500.0
14,453,Baseline FQL,483.0
14,453,Improved FQL-GTA,500.0
14,454,Baseline FQL,234.0
14,454,Improved FQL-GTA,500.0
14,455,Baseline FQL,256.0
14,455,Improved FQL-GTA,500.0
14,456,Baseline FQL,281.0
14,456,Improved FQL-GTA,500.0
14,457,Baseline FQL,265.0
14,457,Improved FQL-GTA,500.0
14,458,Baseline FQL,325.0
14,458,Improved FQL-GTA,500.0
14,459,Baseline FQL,350.0
14,459,Improved FQL-GTA,500.0
14,460,Baseline FQL,295.0
14,460,Improved FQL-GTA,500.0
14,461,Baseline FQL,363.0
14,461,Improved FQL-GTA,500.0
14,462,Baseline FQL,304.0
14,462,Improved FQL-GTA,500.0
14,463,Baseline FQL,250.0
14,463,Improved FQL-GTA,500.0
14,464,Baseline FQL,247.0
14,464,Improved FQL-GTA,500.0
14,465,Baseline FQL,408.0
14,465,Improved FQL-GTA,500.0
14,466,Baseline FQL,290.0
14,466,Improved FQL-GTA,500.0
14,467,Baseline FQL,421.0
14,467,Improved FQL-GTA,500.0
14,468,Baseline FQL,303.0
14,468,Improved FQL-GTA,500.0
14,469,Baseline FQL,337.0
14,469,Improved FQL-GTA,500.0
14,470,Baseline FQL,301.0
14,470,Improved FQL-GTA,500.0
14,471,Baseline FQL,287.0
14,471,Improved FQL-GTA,500.0
14,472,Baseline FQL,273.0
14,472,Improved FQL-GTA,500.0
14,473,Baseline FQL,224.0
14,473,Improved FQL-GTA,500.0
14,474,Baseline FQL,440.0
14,474,Improved FQL-GTA,500.0
14,475,Baseline FQL,292.0
14,475,Improved FQL-GTA,500.0
14,476,Baseline FQL,320.0
14,476,Improved FQL-GTA,500.0
14,477,Baseline FQL,310.0
14,477,Improved FQL-GTA,500.0
14,478,Baseline FQL,302.0
14,478,Improved FQL-GTA,500.0
14,479,Baseline FQL,325.0
14,479,Improved FQL-GTA,500.0
14,480,Baseline FQL,231.0
14,480,Improved FQL-GTA,500.0
14,481,Baseline FQL,221.0
14,481,Improved FQL-GTA,500.0
14,482,Baseline FQL,243.0
14,482,Improved FQL-GTA,500.0
14,483,Baseline FQL,303.0
14,483,Improved FQL-GTA,500.0
14,484,Baseline FQL,236.0
14,484,Improved FQL-GTA,500.0
14,485,Baseline FQL,391.0
14,485,Improved FQL-GTA,500.0
14,486,Baseline FQL,281.0
14,486,Improved FQL-GTA,465.0
14,487,Baseline FQL,309.0
14,487,Improved FQL-GTA,416.0
14,488,Baseline FQL,275.0
14,488,Improved FQL-GTA,313.0
14,489,Baseline FQL,253.0
14,489,Improved FQL-GTA,430.0
14,490,Baseline FQL,260.0
14,490,Improved FQL-GTA,361.0
14,491,Baseline FQL,253.0
14,491,Improved FQL-GTA,421.0
14,492,Baseline FQL,307.0
14,492,Improved FQL-GTA,380.0
14,493,Baseline FQL,257.0
14,493,Improved FQL-GTA,347.0
14,494,Baseline FQL,274.0
14,494,Improved FQL-GTA,500.0
14,495,Baseline FQL,280.0
14,495,Improved FQL-GTA,500.0
14,496,Baseline FQL,238.0
14,496,Improved FQL-GTA,500.0
14,497,Baseline FQL,276.0
14,497,Improved FQL-GTA,500.0
14,498,Baseline FQL,291.0
14,498,Improved FQL-GTA,500.0
14,499,Baseline FQL,300.0
14,499,Improved FQL-GTA,321.0
14,500,Baseline FQL,330.0
14,500,Improved FQL-GTA,500.0
15,1,Baseline FQL,10.0
15,1,Improved FQL-GTA,11.0
15,2,Baseline FQL,12.0
15,2,Improved FQL-GTA,11.0
15,3,Baseline FQL,9.0
15,3,Improved FQL-GTA,15.0
15,4,Baseline FQL,10.0
15,4,Improved FQL-GTA,10.0
15,5,Baseline FQL,15.0
15,5,Improved FQL-GTA,21.0
15,6,Baseline FQL,10.0
15,6,Improved FQL-GTA,13.0
15,7,Baseline FQL,9.0
15,7,Improved FQL-GTA,21.0
15,8,Baseline FQL,10.0
15,8,Improved FQL-GTA,13.0
15,9,Baseline FQL,10.0
15,9,Improved FQL-GTA,35.0
15,10,Baseline FQL,9.0
15,10,Improved FQL-GTA,9.0
15,11,Baseline FQL,10.0
15,11,Improved FQL-GTA,14.0
15,12,Baseline FQL,10.0
15,12,Improved FQL-GTA,11.0
15,13,Baseline FQL,12.0
15,13,Improved FQL-GTA,16.0
15,14,Baseline FQL,9.0
15,14,Improved FQL-GTA,10.0
15,15,Baseline FQL,9.0
15,15,Improved FQL-GTA,10.0
15,16,Baseline FQL,10.0
15,16,Improved FQL-GTA,12.0
15,17,Baseline FQL,9.0
15,17,Improved FQL-GTA,10.0
15,18,Baseline FQL,10.0
15,18,Improved FQL-GTA,13.0
15,19,Baseline FQL,8.0
15,19,Improved FQL-GTA,15.0
15,20,Baseline FQL,10.0
15,20,Improved FQL-GTA,12.0
15,21,Baseline FQL,8.0
15,21,Improved FQL-GTA,12.0
15,22,Baseline FQL,9.0
15,22,Improved FQL-GTA,15.0
15,23,Baseline FQL,12.0
15,23,Improved FQL-GTA,10.0
15,24,Baseline FQL,9.0
15,24,Improved FQL-GTA,11.0
15,25,Baseline FQL,10.0
15,25,Improved FQL-GTA,12.0
15,26,Baseline FQL,9.0
15,26,Improved FQL-GTA,10.0
15,27,Baseline FQL,10.0
15,27,Improved FQL-GTA,11.0
15,28,Baseline FQL,8.0
15,28,Improved FQL-GTA,13.0
15,29,Baseline FQL,11.0
15,29,Improved FQL-GTA,15.0
15,30,Baseline FQL,9.0
15,30,Improved FQL-GTA,9.0
15,31,Baseline FQL,9.0
15,31,Improved FQL-GTA,9.0
15,32,Baseline FQL,10.0
15,32,Improved FQL-GTA,12.0
15,33,Baseline FQL,10.0
15,33,Improved FQL-GTA,12.0
15,34,Baseline FQL,10.0
15,34,Improved FQL-GTA,12.0
15,35,Baseline FQL,10.0
15,35,Improved FQL-GTA,11.0
15,36,Baseline FQL,9.0
15,36,Improved FQL-GTA,27.0
15,37,Baseline FQL,10.0
15,37,Improved FQL-GTA,17.0
15,38,Baseline FQL,10.0
15,38,Improved FQL-GTA,10.0
15,39,Baseline FQL,11.0
15,39,Improved FQL-GTA,25.0
15,40,Baseline FQL,10.0
15,40,Improved FQL-GTA,27.0
15,41,Baseline FQL,11.0
15,41,Improved FQL-GTA,37.0
15,42,Baseline FQL,8.0
15,42,Improved FQL-GTA,14.0
15,43,Baseline FQL,9.0
15,43,Improved FQL-GTA,26.0
15,44,Baseline FQL,11.0
15,44,Improved FQL-GTA,28.0
15,45,Baseline FQL,10.0
15,45,Improved FQL-GTA,35.0
15,46,Baseline FQL,10.0
15,46,Improved FQL-GTA,27.0
15,47,Baseline FQL,10.0
15,47,Improved FQL-GTA,31.0
15,48,Baseline FQL,9.0
15,48,Improved FQL-GTA,13.0
15,49,Baseline FQL,10.0
15,49,Improved FQL-GTA,23.0
15,50,Baseline FQL,11.0
15,50,Improved FQL-GTA,24.0
15,51,Baseline FQL,10.0
15,51,Improved FQL-GTA,20.0
15,52,Baseline FQL,10.0
15,52,Improved FQL-GTA,28.0
15,53,Baseline FQL,9.0
15,53,Improved FQL-GTA,15.0
15,54,Baseline FQL,9.0
15,54,Improved FQL-GTA,14.0
15,55,Baseline FQL,11.0
15,55,Improved FQL-GTA,11.0
15,56,Baseline FQL,11.0
15,56,Improved FQL-GTA,23.0
15,57,Baseline FQL,9.0
15,57,Improved FQL-GTA,13.0
15,58,Baseline FQL,10.0
15,58,Improved FQL-GTA,28.0
15,59,Baseline FQL,10.0
15,59,Improved FQL-GTA,24.0
15,60,Baseline FQL,11.0
15,60,Improved FQL-GTA,26.0
15,61,Baseline FQL,9.0
15,61,Improved FQL-GTA,24.0
15,62,Baseline FQL,9.0
15,62,Improved FQL-GTA,16.0
15,63,Baseline FQL,10.0
15,63,Improved FQL-GTA,17.0
15,64,Baseline FQL,9.0
15,64,Improved FQL-GTA,15.0
15,65,Baseline FQL,9.0
15,65,Improved FQL-GTA,14.0
15,66,Baseline FQL,10.0
15,66,Improved FQL-GTA,15.0
15,67,Baseline FQL,8.0
15,67,Improved FQL-GTA,11.0
15,68,Baseline FQL,11.0
15,68,Improved FQL-GTA,19.0
15,69,Baseline FQL,12.0
15,69,Improved FQL-GTA,15.0
15,70,Baseline FQL,9.0
15,70,Improved FQL-GTA,20.0
15,71,Baseline FQL,9.0
15,71,Improved FQL-GTA,31.0
15,72,Baseline FQL,9.0
15,72,Improved FQL-GTA,37.0
15,73,Baseline FQL,11.0
15,73,Improved FQL-GTA,38.0
15,74,Baseline FQL,10.0
15,74,Improved FQL-GTA,22.0
15,75,Baseline FQL,9.0
15,75,Improved FQL-GTA,105.0
15,76,Baseline FQL,11.0
15,76,Improved FQL-GTA,47.0
15,77,Baseline FQL,9.0
15,77,Improved FQL-GTA,20.0
15,78,Baseline FQL,10.0
15,78,Improved FQL-GTA,54.0
15,79,Baseline FQL,10.0
15,79,Improved FQL-GTA,32.0
15,80,Baseline FQL,9.0
15,80,Improved FQL-GTA,25.0
15,81,Baseline FQL,12.0
15,81,Improved FQL-GTA,46.0
15,82,Baseline FQL,9.0
15,82,Improved FQL-GTA,40.0
15,83,Baseline FQL,9.0
15,83,Improved FQL-GTA,19.0
15,84,Baseline FQL,10.0
15,84,Improved FQL-GTA,31.0
15,85,Baseline FQL,9.0
15,85,Improved FQL-GTA,32.0
15,86,Baseline FQL,14.0
15,86,Improved FQL-GTA,47.0
15,87,Baseline FQL,13.0
15,87,Improved FQL-GTA,15.0
15,88,Baseline FQL,12.0
15,88,Improved FQL-GTA,17.0
15,89,Baseline FQL,10.0
15,89,Improved FQL-GTA,31.0
15,90,Baseline FQL,12.0
15,90,Improved FQL-GTA,33.0
15,91,Baseline FQL,17.0
15,91,Improved FQL-GTA,48.0
15,92,Baseline FQL,19.0
15,92,Improved FQL-GTA,323.0
15,93,Baseline FQL,15.0
15,93,Improved FQL-GTA,135.0
15,94,Baseline FQL,20.0
15,94,Improved FQL-GTA,85.0
15,95,Baseline FQL,13.0
15,95,Improved FQL-GTA,85.0
15,96,Baseline FQL,13.0
15,96,Improved FQL-GTA,288.0
15,97,Baseline FQL,15.0
15,97,Improved FQL-GTA,168.0
15,98,Baseline FQL,10.0
15,98,Improved FQL-GTA,32.0
15,99,Baseline FQL,19.0
15,99,Improved FQL-GTA,177.0
15,100,Baseline FQL,16.0
15,100,Improved FQL-GTA,68.0
15,101,Baseline FQL,15.0
15,101,Improved FQL-GTA,141.0
15,102,Baseline FQL,10.0
15,102,Improved FQL-GTA,166.0
15,103,Baseline FQL,13.0
15,103,Improved FQL-GTA,142.0
15,104,Baseline FQL,18.0
15,104,Improved FQL-GTA,164.0
15,105,Baseline FQL,13.0
15,105,Improved FQL-GTA,250.0
15,106,Baseline FQL,19.0
15,106,Improved FQL-GTA,135.0
15,107,Baseline FQL,11.0
15,107,Improved FQL-GTA,183.0
15,108,Baseline FQL,17.0
15,108,Improved FQL-GTA,201.0
15,109,Baseline FQL,21.0
15,109,Improved FQL-GTA,179.0
15,110,Baseline FQL,11.0
15,110,Improved FQL-GTA,183.0
15,111,Baseline FQL,21.0
15,111,Improved FQL-GTA,169.0
15,112,Baseline FQL,21.0
15,112,Improved FQL-GTA,278.0
15,113,Baseline FQL,17.0
15,113,Improved FQL-GTA,179.0
15,114,Baseline FQL,17.0
15,114,Improved FQL-GTA,42.0
15,115,Baseline FQL,11.0
15,115,Improved FQL-GTA,9.0
15,116,Baseline FQL,19.0
15,116,Improved FQL-GTA,500.0
15,117,Baseline FQL,19.0
15,117,Improved FQL-GTA,431.0
15,118,Baseline FQL,13.0
15,118,Improved FQL-GTA,194.0
15,119,Baseline FQL,17.0
15,119,Improved FQL-GTA,314.0
15,120,Baseline FQL,15.0
15,120,Improved FQL-GTA,464.0
15,121,Baseline FQL,11.0
15,121,Improved FQL-GTA,343.0
15,122,Baseline FQL,22.0
15,122,Improved FQL-GTA,343.0
15,123,Baseline FQL,17.0
15,123,Improved FQL-GTA,287.0
15,124,Baseline FQL,15.0
15,124,Improved FQL-GTA,224.0
15,125,Baseline FQL,19.0
15,125,Improved FQL-GTA,270.0
15,126,Baseline FQL,15.0
15,126,Improved FQL-GTA,99.0
15,127,Baseline FQL,24.0
15,127,Improved FQL-GTA,307.0
15,128,Baseline FQL,16.0
15,128,Improved FQL-GTA,360.0
15,129,Baseline FQL,16.0
15,129,Improved FQL-GTA,247.0
15,130,Baseline FQL,22.0
15,130,Improved FQL-GTA,364.0
15,131,Baseline FQL,13.0
15,131,Improved FQL-GTA,324.0
15,132,Baseline FQL,17.0
15,132,Improved FQL-GTA,294.0
15,133,Baseline FQL,15.0
15,133,Improved FQL-GTA,239.0
15,134,Baseline FQL,13.0
15,134,Improved FQL-GTA,236.0
15,135,Baseline FQL,19.0
15,135,Improved FQL-GTA,244.0
15,136,Baseline FQL,16.0
15,136,Improved FQL-GTA,244.0
15,137,Baseline FQL,13.0
15,137,Improved FQL-GTA,270.0
15,138,Baseline FQL,23.0
15,138,Improved FQL-GTA,347.0
15,139,Baseline FQL,21.0
15,139,Improved FQL-GTA,308.0
15,140,Baseline FQL,20.0
15,140,Improved FQL-GTA,295.0
15,141,Baseline FQL,14.0
15,141,Improved FQL-GTA,309.0
15,142,Baseline FQL,27.0
15,142,Improved FQL-GTA,500.0
15,143,Baseline FQL,18.0
15,143,Improved FQL-GTA,376.0
15,144,Baseline FQL,15.0
15,144,Improved FQL-GTA,308.0
15,145,Baseline FQL,18.0
15,145,Improved FQL-GTA,342.0
15,146,Baseline FQL,17.0
15,146,Improved FQL-GTA,81.0
15,147,Baseline FQL,23.0
15,147,Improved FQL-GTA,500.0
15,148,Baseline FQL,13.0
15,148,Improved FQL-GTA,500.0
15,149,Baseline FQL,15.0
15,149,Improved FQL-GTA,450.0
15,150,Baseline FQL,20.0
15,150,Improved FQL-GTA,306.0
15,151,Baseline FQL,12.0
15,151,Improved FQL-GTA,325.0
15,152,Baseline FQL,13.0
15,152,Improved FQL-GTA,500.0
15,153,Baseline FQL,15.0
15,153,Improved FQL-GTA,500.0
15,154,Baseline FQL,11.0
15,154,Improved FQL-GTA,372.0
15,155,Baseline FQL,15.0
15,155,Improved FQL-GTA,500.0
15,156,Baseline FQL,11.0
15,156,Improved FQL-GTA,304.0
15,157,Baseline FQL,17.0
15,157,Improved FQL-GTA,367.0
15,158,Baseline FQL,17.0
15,158,Improved FQL-GTA,350.0
15,159,Baseline FQL,19.0
15,159,Improved FQL-GTA,500.0
15,160,Baseline FQL,11.0
15,160,Improved FQL-GTA,500.0
15,161,Baseline FQL,25.0
15,161,Improved FQL-GTA,284.0
15,162,Baseline FQL,11.0
15,162,Improved FQL-GTA,500.0
15,163,Baseline FQL,13.0
15,163,Improved FQL-GTA,238.0
15,164,Baseline FQL,23.0
15,164,Improved FQL-GTA,500.0
15,165,Baseline FQL,11.0
15,165,Improved FQL-GTA,351.0
15,166,Baseline FQL,15.0
15,166,Improved FQL-GTA,500.0
15,167,Baseline FQL,17.0
15,167,Improved FQL-GTA,312.0
15,168,Baseline FQL,18.0
15,168,Improved FQL-GTA,126.0
15,169,Baseline FQL,13.0
15,169,Improved FQL-GTA,500.0
15,170,Baseline FQL,11.0
15,170,Improved FQL-GTA,500.0
15,171,Baseline FQL,17.0
15,171,Improved FQL-GTA,500.0
15,172,Baseline FQL,13.0
15,172,Improved FQL-GTA,500.0
15,173,Baseline FQL,16.0
15,173,Improved FQL-GTA,338.0
15,174,Baseline FQL,11.0
15,174,Improved FQL-GTA,500.0
15,175,Baseline FQL,17.0
15,175,Improved FQL-GTA,500.0
15,176,Baseline FQL,11.0
15,176,Improved FQL-GTA,381.0
15,177,Baseline FQL,24.0
15,177,Improved FQL-GTA,500.0
15,178,Baseline FQL,27.0
15,178,Improved FQL-GTA,289.0
15,179,Baseline FQL,14.0
15,179,Improved FQL-GTA,229.0
15,180,Baseline FQL,21.0
15,180,Improved FQL-GTA,161.0
15,181,Baseline FQL,15.0
15,181,Improved FQL-GTA,254.0
15,182,Baseline FQL,14.0
15,182,Improved FQL-GTA,500.0
15,183,Baseline FQL,12.0
15,183,Improved FQL-GTA,500.0
15,184,Baseline FQL,21.0
15,184,Improved FQL-GTA,464.0
15,185,Baseline FQL,26.0
15,185,Improved FQL-GTA,356.0
15,186,Baseline FQL,27.0
15,186,Improved FQL-GTA,298.0
15,187,Baseline FQL,15.0
15,187,Improved FQL-GTA,303.0
15,188,Baseline FQL,11.0
15,188,Improved FQL-GTA,417.0
15,189,Baseline FQL,22.0
15,189,Improved FQL-GTA,279.0
15,190,Baseline FQL,16.0
15,190,Improved FQL-GTA,337.0
15,191,Baseline FQL,13.0
15,191,Improved FQL-GTA,411.0
15,192,Baseline FQL,11.0
15,192,Improved FQL-GTA,434.0
15,193,Baseline FQL,12.0
15,193,Improved FQL-GTA,500.0
15,194,Baseline FQL,21.0
15,194,Improved FQL-GTA,500.0
15,195,Baseline FQL,14.0
15,195,Improved FQL-GTA,489.0
15,196,Baseline FQL,16.0
15,196,Improved FQL-GTA,476.0
15,197,Baseline FQL,21.0
15,197,Improved FQL-GTA,289.0
15,198,Baseline FQL,13.0
15,198,Improved FQL-GTA,358.0
15,199,Baseline FQL,17.0
15,199,Improved FQL-GTA,305.0
15,200,Baseline FQL,22.0
15,200,Improved FQL-GTA,340.0
15,201,Baseline FQL,10.0
15,201,Improved FQL-GTA,493.0
15,202,Baseline FQL,17.0
15,202,Improved FQL-GTA,500.0
15,203,Baseline FQL,17.0
15,203,Improved FQL-GTA,500.0
15,204,Baseline FQL,12.0
15,204,Improved FQL-GTA,500.0
15,205,Baseline FQL,13.0
15,205,Improved FQL-GTA,382.0
15,206,Baseline FQL,11.0
15,206,Improved FQL-GTA,500.0
15,207,Baseline FQL,13.0
15,207,Improved FQL-GTA,500.0
15,208,Baseline FQL,13.0
15,208,Improved FQL-GTA,445.0
15,209,Baseline FQL,15.0
15,209,Improved FQL-GTA,500.0
15,210,Baseline FQL,15.0
15,210,Improved FQL-GTA,500.0
15,211,Baseline FQL,10.0
15,211,Improved FQL-GTA,500.0
15,212,Baseline FQL,11.0
15,212,Improved FQL-GTA,500.0
15,213,Baseline FQL,21.0
15,213,Improved FQL-GTA,334.0
15,214,Baseline FQL,16.0
15,214,Improved FQL-GTA,292.0
15,215,Baseline FQL,24.0
15,215,Improved FQL-GTA,224.0
15,216,Baseline FQL,15.0
15,216,Improved FQL-GTA,393.0
15,217,Baseline FQL,21.0
15,217,Improved FQL-GTA,500.0
15,218,Baseline FQL,19.0
15,218,Improved FQL-GTA,450.0
15,219,Baseline FQL,20.0
15,219,Improved FQL-GTA,164.0
15,220,Baseline FQL,19.0
15,220,Improved FQL-GTA,500.0
15,221,Baseline FQL,22.0
15,221,Improved FQL-GTA,500.0
15,222,Baseline FQL,11.0
15,222,Improved FQL-GTA,500.0
15,223,Baseline FQL,20.0
15,223,Improved FQL-GTA,500.0
15,224,Baseline FQL,19.0
15,224,Improved FQL-GTA,500.0
15,225,Baseline FQL,18.0
15,225,Improved FQL-GTA,65.0
15,226,Baseline FQL,21.0
15,226,Improved FQL-GTA,500.0
15,227,Baseline FQL,20.0
15,227,Improved FQL-GTA,500.0
15,228,Baseline FQL,27.0
15,228,Improved FQL-GTA,480.0
15,229,Baseline FQL,17.0
15,229,Improved FQL-GTA,500.0
15,230,Baseline FQL,21.0
15,230,Improved FQL-GTA,500.0
15,231,Baseline FQL,29.0
15,231,Improved FQL-GTA,500.0
15,232,Baseline FQL,21.0
15,232,Improved FQL-GTA,500.0
15,233,Baseline FQL,21.0
15,233,Improved FQL-GTA,500.0
15,234,Baseline FQL,29.0
15,234,Improved FQL-GTA,500.0
15,235,Baseline FQL,13.0
15,235,Improved FQL-GTA,500.0
15,236,Baseline FQL,27.0
15,236,Improved FQL-GTA,500.0
15,237,Baseline FQL,19.0
15,237,Improved FQL-GTA,500.0
15,238,Baseline FQL,13.0
15,238,Improved FQL-GTA,500.0
15,239,Baseline FQL,21.0
15,239,Improved FQL-GTA,500.0
15,240,Baseline FQL,13.0
15,240,Improved FQL-GTA,500.0
15,241,Baseline FQL,20.0
15,241,Improved FQL-GTA,335.0
15,242,Baseline FQL,16.0
15,242,Improved FQL-GTA,342.0
15,243,Baseline FQL,21.0
15,243,Improved FQL-GTA,500.0
15,244,Baseline FQL,23.0
15,244,Improved FQL-GTA,471.0
15,245,Baseline FQL,18.0
15,245,Improved FQL-GTA,500.0
15,246,Baseline FQL,23.0
15,246,Improved FQL-GTA,466.0
15,247,Baseline FQL,22.0
15,247,Improved FQL-GTA,377.0
15,248,Baseline FQL,16.0
15,248,Improved FQL-GTA,273.0
15,249,Baseline FQL,30.0
15,249,Improved FQL-GTA,500.0
15,250,Baseline FQL,27.0
15,250,Improved FQL-GTA,500.0
15,251,Baseline FQL,17.0
15,251,Improved FQL-GTA,390.0
15,252,Baseline FQL,17.0
15,252,Improved FQL-GTA,424.0
15,253,Baseline FQL,22.0
15,253,Improved FQL-GTA,500.0
15,254,Baseline FQL,15.0
15,254,Improved FQL-GTA,500.0
15,255,Baseline FQL,21.0
15,255,Improved FQL-GTA,500.0
15,256,Baseline FQL,18.0
15,256,Improved FQL-GTA,395.0
15,257,Baseline FQL,17.0
15,257,Improved FQL-GTA,500.0
15,258,Baseline FQL,20.0
15,258,Improved FQL-GTA,500.0
15,259,Baseline FQL,21.0
15,259,Improved FQL-GTA,500.0
15,260,Baseline FQL,19.0
15,260,Improved FQL-GTA,452.0
15,261,Baseline FQL,40.0
15,261,Improved FQL-GTA,500.0
15,262,Baseline FQL,24.0
15,262,Improved FQL-GTA,500.0
15,263,Baseline FQL,28.0
15,263,Improved FQL-GTA,500.0
15,264,Baseline FQL,28.0
15,264,Improved FQL-GTA,500.0
15,265,Baseline FQL,36.0
15,265,Improved FQL-GTA,500.0
15,266,Baseline FQL,22.0
15,266,Improved FQL-GTA,500.0
15,267,Baseline FQL,23.0
15,267,Improved FQL-GTA,500.0
15,268,Baseline FQL,22.0
15,268,Improved FQL-GTA,396.0
15,269,Baseline FQL,30.0
15,269,Improved FQL-GTA,241.0
15,270,Baseline FQL,39.0
15,270,Improved FQL-GTA,341.0
15,271,Baseline FQL,47.0
15,271,Improved FQL-GTA,500.0
15,272,Baseline FQL,32.0
15,272,Improved FQL-GTA,500.0
15,273,Baseline FQL,30.0
15,273,Improved FQL-GTA,375.0
15,274,Baseline FQL,17.0
15,274,Improved FQL-GTA,500.0
15,275,Baseline FQL,49.0
15,275,Improved FQL-GTA,500.0
15,276,Baseline FQL,48.0
15,276,Improved FQL-GTA,427.0
15,277,Baseline FQL,45.0
15,277,Improved FQL-GTA,349.0
15,278,Baseline FQL,21.0
15,278,Improved FQL-GTA,211.0
15,279,Baseline FQL,28.0
15,279,Improved FQL-GTA,500.0
15,280,Baseline FQL,51.0
15,280,Improved FQL-GTA,500.0
15,281,Baseline FQL,16.0
15,281,Improved FQL-GTA,500.0
15,282,Baseline FQL,46.0
15,282,Improved FQL-GTA,500.0
15,283,Baseline FQL,56.0
15,283,Improved FQL-GTA,500.0
15,284,Baseline FQL,41.0
15,284,Improved FQL-GTA,500.0
15,285,Baseline FQL,76.0
15,285,Improved FQL-GTA,500.0
15,286,Baseline FQL,61.0
15,286,Improved FQL-GTA,500.0
15,287,Baseline FQL,49.0
15,287,Improved FQL-GTA,500.0
15,288,Baseline FQL,14.0
15,288,Improved FQL-GTA,500.0
15,289,Baseline FQL,19.0
15,289,Improved FQL-GTA,500.0
15,290,Baseline FQL,65.0
15,290,Improved FQL-GTA,469.0
15,291,Baseline FQL,20.0
15,291,Improved FQL-GTA,500.0
15,292,Baseline FQL,85.0
15,292,Improved FQL-GTA,481.0
15,293,Baseline FQL,41.0
15,293,Improved FQL-GTA,17.0
15,294,Baseline FQL,30.0
15,294,Improved FQL-GTA,500.0
15,295,Baseline FQL,26.0
15,295,Improved FQL-GTA,500.0
15,296,Baseline FQL,32.0
15,296,Improved FQL-GTA,500.0
15,297,Baseline FQL,49.0
15,297,Improved FQL-GTA,500.0
15,298,Baseline FQL,36.0
15,298,Improved FQL-GTA,500.0
15,299,Baseline FQL,111.0
15,299,Improved FQL-GTA,500.0
15,300,Baseline FQL,46.0
15,300,Improved FQL-GTA,500.0
15,301,Baseline FQL,96.0
15,301,Improved FQL-GTA,500.0
15,302,Baseline FQL,38.0
15,302,Improved FQL-GTA,500.0
15,303,Baseline FQL,106.0
15,303,Improved FQL-GTA,500.0
15,304,Baseline FQL,157.0
15,304,Improved FQL-GTA,500.0
15,305,Baseline FQL,83.0
15,305,Improved FQL-GTA,500.0
15,306,Baseline FQL,170.0
15,306,Improved FQL-GTA,500.0
15,307,Baseline FQL,56.0
15,307,Improved FQL-GTA,500.0
15,308,Baseline FQL,138.0
15,308,Improved FQL-GTA,500.0
15,309,Baseline FQL,154.0
15,309,Improved FQL-GTA,500.0
15,310,Baseline FQL,35.0
15,310,Improved FQL-GTA,500.0
15,311,Baseline FQL,64.0
15,311,Improved FQL-GTA,500.0
15,312,Baseline FQL,78.0
15,312,Improved FQL-GTA,500.0
15,313,Baseline FQL,191.0
15,313,Improved FQL-GTA,371.0
15,314,Baseline FQL,97.0
15,314,Improved FQL-GTA,500.0
15,315,Baseline FQL,205.0
15,315,Improved FQL-GTA,500.0
15,316,Baseline FQL,55.0
15,316,Improved FQL-GTA,500.0
15,317,Baseline FQL,61.0
15,317,Improved FQL-GTA,500.0
15,318,Baseline FQL,138.0
15,318,Improved FQL-GTA,500.0
15,319,Baseline FQL,165.0
15,319,Improved FQL-GTA,426.0
15,320,Baseline FQL,41.0
15,320,Improved FQL-GTA,393.0
15,321,Baseline FQL,28.0
15,321,Improved FQL-GTA,17.0
15,322,Baseline FQL,134.0
15,322,Improved FQL-GTA,500.0
15,323,Baseline FQL,270.0
15,323,Improved FQL-GTA,500.0
15,324,Baseline FQL,234.0
15,324,Improved FQL-GTA,500.0
15,325,Baseline FQL,170.0
15,325,Improved FQL-GTA,500.0
15,326,Baseline FQL,201.0
15,326,Improved FQL-GTA,500.0
15,327,Baseline FQL,220.0
15,327,Improved FQL-GTA,500.0
15,328,Baseline FQL,102.0
15,328,Improved FQL-GTA,500.0
15,329,Baseline FQL,88.0
15,329,Improved FQL-GTA,500.0
15,330,Baseline FQL,123.0
15,330,Improved FQL-GTA,500.0
15,331,Baseline FQL,221.0
15,331,Improved FQL-GTA,500.0
15,332,Baseline FQL,155.0
15,332,Improved FQL-GTA,500.0
15,333,Baseline FQL,214.0
15,333,Improved FQL-GTA,500.0
15,334,Baseline FQL,198.0
15,334,Improved FQL-GTA,500.0
15,335,Baseline FQL,100.0
15,335,Improved FQL-GTA,500.0
15,336,Baseline FQL,165.0
15,336,Improved FQL-GTA,500.0
15,337,Baseline FQL,122.0
15,337,Improved FQL-GTA,500.0
15,338,Baseline FQL,125.0
15,338,Improved FQL-GTA,500.0
15,339,Baseline FQL,194.0
15,339,Improved FQL-GTA,500.0
15,340,Baseline FQL,270.0
15,340,Improved FQL-GTA,500.0
15,341,Baseline FQL,179.0
15,341,Improved FQL-GTA,492.0
15,342,Baseline FQL,285.0
15,342,Improved FQL-GTA,408.0
15,343,Baseline FQL,298.0
15,343,Improved FQL-GTA,500.0
15,344,Baseline FQL,254.0
15,344,Improved FQL-GTA,500.0
15,345,Baseline FQL,203.0
15,345,Improved FQL-GTA,446.0
15,346,Baseline FQL,182.0
15,346,Improved FQL-GTA,500.0
15,347,Baseline FQL,164.0
15,347,Improved FQL-GTA,392.0
15,348,Baseline FQL,163.0
15,348,Improved FQL-GTA,17.0
15,349,Baseline FQL,312.0
15,349,Improved FQL-GTA,500.0
15,350,Baseline FQL,420.0
15,350,Improved FQL-GTA,500.0
15,351,Baseline FQL,236.0
15,351,Improved FQL-GTA,500.0
15,352,Baseline FQL,154.0
15,352,Improved FQL-GTA,500.0
15,353,Baseline FQL,173.0
15,353,Improved FQL-GTA,500.0
15,354,Baseline FQL,212.0
15,354,Improved FQL-GTA,500.0
15,355,Baseline FQL,286.0
15,355,Improved FQL-GTA,500.0
15,356,Baseline FQL,292.0
15,356,Improved FQL-GTA,500.0
15,357,Baseline FQL,255.0
15,357,Improved FQL-GTA,500.0
15,358,Baseline FQL,291.0
15,358,Improved FQL-GTA,500.0
15,359,Baseline FQL,238.0
15,359,Improved FQL-GTA,500.0
15,360,Baseline FQL,226.0
15,360,Improved FQL-GTA,500.0
15,361,Baseline FQL,221.0
15,361,Improved FQL-GTA,500.0
15,362,Baseline FQL,422.0
15,362,Improved FQL-GTA,500.0
15,363,Baseline FQL,336.0
15,363,Improved FQL-GTA,500.0
15,364,Baseline FQL,261.0
15,364,Improved FQL-GTA,500.0
15,365,Baseline FQL,185.0
15,365,Improved FQL-GTA,500.0
15,366,Baseline FQL,188.0
15,366,Improved FQL-GTA,500.0
15,367,Baseline FQL,276.0
15,367,Improved FQL-GTA,500.0
15,368,Baseline FQL,198.0
15,368,Improved FQL-GTA,500.0
15,369,Baseline FQL,176.0
15,369,Improved FQL-GTA,500.0
15,370,Baseline FQL,201.0
15,370,Improved FQL-GTA,500.0
15,371,Baseline FQL,238.0
15,371,Improved FQL-GTA,500.0
15,372,Baseline FQL,238.0
15,372,Improved FQL-GTA,500.0
15,373,Baseline FQL,266.0
15,373,Improved FQL-GTA,500.0
15,374,Baseline FQL,244.0
15,374,Improved FQL-GTA,500.0
15,375,Baseline FQL,243.0
15,375,Improved FQL-GTA,500.0
15,376,Baseline FQL,228.0
15,376,Improved FQL-GTA,500.0
15,377,Baseline FQL,233.0
15,377,Improved FQL-GTA,500.0
15,378,Baseline FQL,243.0
15,378,Improved FQL-GTA,500.0
15,379,Baseline FQL,269.0
15,379,Improved FQL-GTA,500.0
15,380,Baseline FQL,330.0
15,380,Improved FQL-GTA,500.0
15,381,Baseline FQL,234.0
15,381,Improved FQL-GTA,500.0
15,382,Baseline FQL,271.0
15,382,Improved FQL-GTA,500.0
15,383,Baseline FQL,247.0
15,383,Improved FQL-GTA,500.0
15,384,Baseline FQL,251.0
15,384,Improved FQL-GTA,448.0
15,385,Baseline FQL,249.0
15,385,Improved FQL-GTA,13.0
15,386,Baseline FQL,253.0
15,386,Improved FQL-GTA,500.0
15,387,Baseline FQL,327.0
15,387,Improved FQL-GTA,500.0
15,388,Baseline FQL,286.0
15,388,Improved FQL-GTA,500.0
15,389,Baseline FQL,224.0
15,389,Improved FQL-GTA,500.0
15,390,Baseline FQL,268.0
15,390,Improved FQL-GTA,500.0
15,391,Baseline FQL,170.0
15,391,Improved FQL-GTA,500.0
15,392,Baseline FQL,91.0
15,392,Improved FQL-GTA,500.0
15,393,Baseline FQL,64.0
15,393,Improved FQL-GTA,500.0
15,394,Baseline FQL,50.0
15,394,Improved FQL-GTA,500.0
15,395,Baseline FQL,203.0
15,395,Improved FQL-GTA,500.0
15,396,Baseline FQL,246.0
15,396,Improved FQL-GTA,500.0
15,397,Baseline FQL,194.0
15,397,Improved FQL-GTA,500.0
15,398,Baseline FQL,217.0
15,398,Improved FQL-GTA,391.0
15,399,Baseline FQL,217.0
15,399,Improved FQL-GTA,306.0
15,400,Baseline FQL,327.0
15,400,Improved FQL-GTA,366.0
15,401,Baseline FQL,213.0
15,401,Improved FQL-GTA,410.0
15,402,Baseline FQL,234.0
15,402,Improved FQL-GTA,310.0
15,403,Baseline FQL,230.0
15,403,Improved FQL-GTA,312.0
15,404,Baseline FQL,213.0
15,404,Improved FQL-GTA,500.0
15,405,Baseline FQL,231.0
15,405,Improved FQL-GTA,500.0
15,406,Baseline FQL,197.0
15,406,Improved FQL-GTA,361.0
15,407,Baseline FQL,242.0
15,407,Improved FQL-GTA,14.0
15,408,Baseline FQL,263.0
15,408,Improved FQL-GTA,500.0
15,409,Baseline FQL,224.0
15,409,Improved FQL-GTA,500.0
15,410,Baseline FQL,236.0
15,410,Improved FQL-GTA,500.0
15,411,Baseline FQL,263.0
15,411,Improved FQL-GTA,500.0
15,412,Baseline FQL,272.0
15,412,Improved FQL-GTA,500.0
15,413,Baseline FQL,187.0
15,413,Improved FQL-GTA,500.0
15,414,Baseline FQL,235.0
15,414,Improved FQL-GTA,500.0
15,415,Baseline FQL,251.0
15,415,Improved FQL-GTA,500.0
15,416,Baseline FQL,211.0
15,416,Improved FQL-GTA,500.0
15,417,Baseline FQL,246.0
15,417,Improved FQL-GTA,500.0
15,418,Baseline FQL,191.0
15,418,Improved FQL-GTA,500.0
15,419,Baseline FQL,316.0
15,419,Improved FQL-GTA,500.0
15,420,Baseline FQL,254.0
15,420,Improved FQL-GTA,500.0
15,421,Baseline FQL,266.0
15,421,Improved FQL-GTA,500.0
15,422,Baseline FQL,280.0
15,422,Improved FQL-GTA,500.0
15,423,Baseline FQL,290.0
15,423,Improved FQL-GTA,500.0
15,424,Baseline FQL,216.0
15,424,Improved FQL-GTA,500.0
15,425,Baseline FQL,230.0
15,425,Improved FQL-GTA,500.0
15,426,Baseline FQL,430.0
15,426,Improved FQL-GTA,500.0
15,427,Baseline FQL,301.0
15,427,Improved FQL-GTA,500.0
15,428,Baseline FQL,268.0
15,428,Improved FQL-GTA,500.0
15,429,Baseline FQL,306.0
15,429,Improved FQL-GTA,500.0
15,430,Baseline FQL,274.0
15,430,Improved FQL-GTA,500.0
15,431,Baseline FQL,260.0
15,431,Improved FQL-GTA,500.0
15,432,Baseline FQL,245.0
15,432,Improved FQL-GTA,500.0
15,433,Baseline FQL,271.0
15,433,Improved FQL-GTA,500.0
15,434,Baseline FQL,249.0
15,434,Improved FQL-GTA,500.0
15,435,Baseline FQL,279.0
15,435,Improved FQL-GTA,500.0
15,436,Baseline FQL,309.0
15,436,Improved FQL-GTA,500.0
15,437,Baseline FQL,325.0
15,437,Improved FQL-GTA,500.0
15,438,Baseline FQL,243.0
15,438,Improved FQL-GTA,500.0
15,439,Baseline FQL,205.0
15,439,Improved FQL-GTA,500.0
15,440,Baseline FQL,284.0
15,440,Improved FQL-GTA,500.0
15,441,Baseline FQL,238.0
15,441,Improved FQL-GTA,500.0
15,442,Baseline FQL,309.0
15,442,Improved FQL-GTA,500.0
15,443,Baseline FQL,341.0
15,443,Improved FQL-GTA,500.0
15,444,Baseline FQL,378.0
15,444,Improved FQL-GTA,500.0
15,445,Baseline FQL,477.0
15,445,Improved FQL-GTA,500.0
15,446,Baseline FQL,319.0
15,446,Improved FQL-GTA,472.0
15,447,Baseline FQL,326.0
15,447,Improved FQL-GTA,500.0
15,448,Baseline FQL,500.0
15,448,Improved FQL-GTA,17.0
15,449,Baseline FQL,138.0
15,449,Improved FQL-GTA,500.0
15,450,Baseline FQL,250.0
15,450,Improved FQL-GTA,500.0
15,451,Baseline FQL,295.0
15,451,Improved FQL-GTA,500.0
15,452,Baseline FQL,379.0
15,452,Improved FQL-GTA,500.0
15,453,Baseline FQL,226.0
15,453,Improved FQL-GTA,500.0
15,454,Baseline FQL,258.0
15,454,Improved FQL-GTA,500.0
15,455,Baseline FQL,265.0
15,455,Improved FQL-GTA,500.0
15,456,Baseline FQL,315.0
15,456,Improved FQL-GTA,500.0
15,457,Baseline FQL,239.0
15,457,Improved FQL-GTA,500.0
15,458,Baseline FQL,258.0
15,458,Improved FQL-GTA,500.0
15,459,Baseline FQL,281.0
15,459,Improved FQL-GTA,500.0
15,460,Baseline FQL,275.0
15,460,Improved FQL-GTA,500.0
15,461,Baseline FQL,264.0
15,461,Improved FQL-GTA,500.0
15,462,Baseline FQL,349.0
15,462,Improved FQL-GTA,500.0
15,463,Baseline FQL,252.0
15,463,Improved FQL-GTA,500.0
15,464,Baseline FQL,280.0
15,464,Improved FQL-GTA,500.0
15,465,Baseline FQL,242.0
15,465,Improved FQL-GTA,500.0
15,466,Baseline FQL,397.0
15,466,Improved FQL-GTA,500.0
15,467,Baseline FQL,268.0
15,467,Improved FQL-GTA,500.0
15,468,Baseline FQL,296.0
15,468,Improved FQL-GTA,500.0
15,469,Baseline FQL,297.0
15,469,Improved FQL-GTA,500.0
15,470,Baseline FQL,263.0
15,470,Improved FQL-GTA,500.0
15,471,Baseline FQL,278.0
15,471,Improved FQL-GTA,500.0
15,472,Baseline FQL,349.0
15,472,Improved FQL-GTA,500.0
15,473,Baseline FQL,311.0
15,473,Improved FQL-GTA,500.0
15,474,Baseline FQL,302.0
15,474,Improved FQL-GTA,500.0
15,475,Baseline FQL,278.0
15,475,Improved FQL-GTA,500.0
15,476,Baseline FQL,319.0
15,476,Improved FQL-GTA,500.0
15,477,Baseline FQL,272.0
15,477,Improved FQL-GTA,500.0
15,478,Baseline FQL,308.0
15,478,Improved FQL-GTA,500.0
15,479,Baseline FQL,237.0
15,479,Improved FQL-GTA,500.0
15,480,Baseline FQL,239.0
15,480,Improved FQL-GTA,500.0
15,481,Baseline FQL,248.0
15,481,Improved FQL-GTA,500.0
15,482,Baseline FQL,260.0
15,482,Improved FQL-GTA,500.0
15,483,Baseline FQL,258.0
15,483,Improved FQL-GTA,500.0
15,484,Baseline FQL,389.0
15,484,Improved FQL-GTA,500.0
15,485,Baseline FQL,327.0
15,485,Improved FQL-GTA,498.0
15,486,Baseline FQL,247.0
15,486,Improved FQL-GTA,323.0
15,487,Baseline FQL,231.0
15,487,Improved FQL-GTA,298.0
15,488,Baseline FQL,153.0
15,488,Improved FQL-GTA,292.0
15,489,Baseline FQL,214.0
15,489,Improved FQL-GTA,323.0
15,490,Baseline FQL,261.0
15,490,Improved FQL-GTA,371.0
15,491,Baseline FQL,285.0
15,491,Improved FQL-GTA,422.0
15,492,Baseline FQL,245.0
15,492,Improved FQL-GTA,411.0
15,493,Baseline FQL,260.0
15,493,Improved FQL-GTA,480.0
15,494,Baseline FQL,309.0
15,494,Improved FQL-GTA,472.0
15,495,Baseline FQL,291.0
15,495,Improved FQL-GTA,500.0
15,496,Baseline FQL,250.0
15,496,Improved FQL-GTA,467.0
15,497,Baseline FQL,234.0
15,497,Improved FQL-GTA,500.0
15,498,Baseline FQL,319.0
15,498,Improved FQL-GTA,500.0
15,499,Baseline FQL,293.0
15,499,Improved FQL-GTA,500.0
15,500,Baseline FQL,293.0
15,500,Improved FQL-GTA,500.0
16,1,Baseline FQL,12.0
16,1,Improved FQL-GTA,41.0
16,2,Baseline FQL,9.0
16,2,Improved FQL-GTA,22.0
16,3,Baseline FQL,10.0
16,3,Improved FQL-GTA,73.0
16,4,Baseline FQL,10.0
16,4,Improved FQL-GTA,31.0
16,5,Baseline FQL,14.0
16,5,Improved FQL-GTA,47.0
16,6,Baseline FQL,9.0
16,6,Improved FQL-GTA,210.0
16,7,Baseline FQL,10.0
16,7,Improved FQL-GTA,237.0
16,8,Baseline FQL,10.0
16,8,Improved FQL-GTA,100.0
16,9,Baseline FQL,9.0
16,9,Improved FQL-GTA,51.0
16,10,Baseline FQL,10.0
16,10,Improved FQL-GTA,29.0
16,11,Baseline FQL,10.0
16,11,Improved FQL-GTA,147.0
16,12,Baseline FQL,11.0
16,12,Improved FQL-GTA,175.0
16,13,Baseline FQL,9.0
16,13,Improved FQL-GTA,18.0
16,14,Baseline FQL,9.0
16,14,Improved FQL-GTA,127.0
16,15,Baseline FQL,11.0
16,15,Improved FQL-GTA,93.0
16,16,Baseline FQL,9.0
16,16,Improved FQL-GTA,147.0
16,17,Baseline FQL,10.0
16,17,Improved FQL-GTA,195.0
16,18,Baseline FQL,12.0
16,18,Improved FQL-GTA,146.0
16,19,Baseline FQL,10.0
16,19,Improved FQL-GTA,130.0
16,20,Baseline FQL,8.0
16,20,Improved FQL-GTA,46.0
16,21,Baseline FQL,8.0
16,21,Improved FQL-GTA,89.0
16,22,Baseline FQL,10.0
16,22,Improved FQL-GTA,102.0
16,23,Baseline FQL,9.0
16,23,Improved FQL-GTA,247.0
16,24,Baseline FQL,10.0
16,24,Improved FQL-GTA,179.0
16,25,Baseline FQL,8.0
16,25,Improved FQL-GTA,176.0
16,26,Baseline FQL,10.0
16,26,Improved FQL-GTA,225.0
16,27,Baseline FQL,8.0
16,27,Improved FQL-GTA,210.0
16,28,Baseline FQL,10.0
16,28,Improved FQL-GTA,123.0
16,29,Baseline FQL,9.0
16,29,Improved FQL-GTA,172.0
16,30,Baseline FQL,9.0
16,30,Improved FQL-GTA,316.0
16,31,Baseline FQL,11.0
16,31,Improved FQL-GTA,147.0
16,32,Baseline FQL,10.0
16,32,Improved FQL-GTA,168.0
16,33,Baseline FQL,9.0
16,33,Improved FQL-GTA,39.0
16,34,Baseline FQL,11.0
16,34,Improved FQL-GTA,214.0
16,35,Baseline FQL,9.0
16,35,Improved FQL-GTA,162.0
16,36,Baseline FQL,10.0
16,36,Improved FQL-GTA,42.0
16,37,Baseline FQL,10.0
16,37,Improved FQL-GTA,312.0
16,38,Baseline FQL,10.0
16,38,Improved FQL-GTA,192.0
16,39,Baseline FQL,10.0
16,39,Improved FQL-GTA,187.0
16,40,Baseline FQL,10.0
16,40,Improved FQL-GTA,208.0
16,41,Baseline FQL,8.0
16,41,Improved FQL-GTA,241.0
16,42,Baseline FQL,10.0
16,42,Improved FQL-GTA,187.0
16,43,Baseline FQL,11.0
16,43,Improved FQL-GTA,192.0
16,44,Baseline FQL,12.0
16,44,Improved FQL-GTA,340.0
16,45,Baseline FQL,10.0
16,45,Improved FQL-GTA,279.0
16,46,Baseline FQL,10.0
16,46,Improved FQL-GTA,154.0
16,47,Baseline FQL,9.0
16,47,Improved FQL-GTA,220.0
16,48,Baseline FQL,10.0
16,48,Improved FQL-GTA,251.0
16,49,Baseline FQL,11.0
16,49,Improved FQL-GTA,186.0
16,50,Baseline FQL,10.0
16,50,Improved FQL-GTA,193.0
16,51,Baseline FQL,11.0
16,51,Improved FQL-GTA,289.0
16,52,Baseline FQL,9.0
16,52,Improved FQL-GTA,238.0
16,53,Baseline FQL,10.0
16,53,Improved FQL-GTA,303.0
16,54,Baseline FQL,9.0
16,54,Improved FQL-GTA,346.0
16,55,Baseline FQL,10.0
16,55,Improved FQL-GTA,280.0
16,56,Baseline FQL,9.0
16,56,Improved FQL-GTA,243.0
16,57,Baseline FQL,12.0
16,57,Improved FQL-GTA,248.0
16,58,Baseline FQL,10.0
16,58,Improved FQL-GTA,350.0
16,59,Baseline FQL,11.0
16,59,Improved FQL-GTA,376.0
16,60,Baseline FQL,9.0
16,60,Improved FQL-GTA,251.0
16,61,Baseline FQL,9.0
16,61,Improved FQL-GTA,278.0
16,62,Baseline FQL,10.0
16,62,Improved FQL-GTA,500.0
16,63,Baseline FQL,9.0
16,63,Improved FQL-GTA,294.0
16,64,Baseline FQL,9.0
16,64,Improved FQL-GTA,474.0
16,65,Baseline FQL,13.0
16,65,Improved FQL-GTA,318.0
16,66,Baseline FQL,8.0
16,66,Improved FQL-GTA,324.0
16,67,Baseline FQL,12.0
16,67,Improved FQL-GTA,452.0
16,68,Baseline FQL,10.0
16,68,Improved FQL-GTA,180.0
16,69,Baseline FQL,11.0
16,69,Improved FQL-GTA,383.0
16,70,Baseline FQL,9.0
16,70,Improved FQL-GTA,275.0
16,71,Baseline FQL,9.0
16,71,Improved FQL-GTA,500.0
16,72,Baseline FQL,10.0
16,72,Improved FQL-GTA,402.0
16,73,Baseline FQL,13.0
16,73,Improved FQL-GTA,154.0
16,74,Baseline FQL,10.0
16,74,Improved FQL-GTA,224.0
16,75,Baseline FQL,12.0
16,75,Improved FQL-GTA,500.0
16,76,Baseline FQL,13.0
16,76,Improved FQL-GTA,500.0
16,77,Baseline FQL,10.0
16,77,Improved FQL-GTA,265.0
16,78,Baseline FQL,17.0
16,78,Improved FQL-GTA,165.0
16,79,Baseline FQL,12.0
16,79,Improved FQL-GTA,415.0
16,80,Baseline FQL,10.0
16,80,Improved FQL-GTA,250.0
16,81,Baseline FQL,12.0
16,81,Improved FQL-GTA,425.0
16,82,Baseline FQL,11.0
16,82,Improved FQL-GTA,295.0
16,83,Baseline FQL,10.0
16,83,Improved FQL-GTA,450.0
16,84,Baseline FQL,13.0
16,84,Improved FQL-GTA,500.0
16,85,Baseline FQL,12.0
16,85,Improved FQL-GTA,157.0
16,86,Baseline FQL,12.0
16,86,Improved FQL-GTA,500.0
16,87,Baseline FQL,12.0
16,87,Improved FQL-GTA,500.0
16,88,Baseline FQL,10.0
16,88,Improved FQL-GTA,410.0
16,89,Baseline FQL,18.0
16,89,Improved FQL-GTA,494.0
16,90,Baseline FQL,14.0
16,90,Improved FQL-GTA,276.0
16,91,Baseline FQL,15.0
16,91,Improved FQL-GTA,422.0
16,92,Baseline FQL,15.0
16,92,Improved FQL-GTA,384.0
16,93,Baseline FQL,14.0
16,93,Improved FQL-GTA,500.0
16,94,Baseline FQL,14.0
16,94,Improved FQL-GTA,500.0
16,95,Baseline FQL,13.0
16,95,Improved FQL-GTA,500.0
16,96,Baseline FQL,14.0
16,96,Improved FQL-GTA,237.0
16,97,Baseline FQL,12.0
16,97,Improved FQL-GTA,435.0
16,98,Baseline FQL,17.0
16,98,Improved FQL-GTA,500.0
16,99,Baseline FQL,17.0
16,99,Improved FQL-GTA,225.0
16,100,Baseline FQL,15.0
16,100,Improved FQL-GTA,463.0
16,101,Baseline FQL,9.0
16,101,Improved FQL-GTA,500.0
16,102,Baseline FQL,13.0
16,102,Improved FQL-GTA,243.0
16,103,Baseline FQL,15.0
16,103,Improved FQL-GTA,500.0
16,104,Baseline FQL,13.0
16,104,Improved FQL-GTA,500.0
16,105,Baseline FQL,15.0
16,105,Improved FQL-GTA,500.0
16,106,Baseline FQL,11.0
16,106,Improved FQL-GTA,500.0
16,107,Baseline FQL,16.0
16,107,Improved FQL-GTA,452.0
16,108,Baseline FQL,18.0
16,108,Improved FQL-GTA,449.0
16,109,Baseline FQL,11.0
16,109,Improved FQL-GTA,287.0
16,110,Baseline FQL,15.0
16,110,Improved FQL-GTA,500.0
16,111,Baseline FQL,23.0
16,111,Improved FQL-GTA,500.0
16,112,Baseline FQL,18.0
16,112,Improved FQL-GTA,500.0
16,113,Baseline FQL,15.0
16,113,Improved FQL-GTA,500.0
16,114,Baseline FQL,12.0
16,114,Improved FQL-GTA,500.0
16,115,Baseline FQL,16.0
16,115,Improved FQL-GTA,453.0
16,116,Baseline FQL,15.0
16,116,Improved FQL-GTA,500.0
16,117,Baseline FQL,14.0
16,117,Improved FQL-GTA,500.0
16,118,Baseline FQL,16.0
16,118,Improved FQL-GTA,500.0
16,119,Baseline FQL,15.0
16,119,Improved FQL-GTA,412.0
16,120,Baseline FQL,14.0
16,120,Improved FQL-GTA,276.0
16,121,Baseline FQL,20.0
16,121,Improved FQL-GTA,500.0
16,122,Baseline FQL,16.0
16,122,Improved FQL-GTA,204.0
16,123,Baseline FQL,13.0
16,123,Improved FQL-GTA,249.0
16,124,Baseline FQL,16.0
16,124,Improved FQL-GTA,186.0
16,125,Baseline FQL,13.0
16,125,Improved FQL-GTA,500.0
16,126,Baseline FQL,17.0
16,126,Improved FQL-GTA,500.0
16,127,Baseline FQL,13.0
16,127,Improved FQL-GTA,281.0
16,128,Baseline FQL,17.0
16,128,Improved FQL-GTA,212.0
16,129,Baseline FQL,15.0
16,129,Improved FQL-GTA,381.0
16,130,Baseline FQL,10.0
16,130,Improved FQL-GTA,500.0
16,131,Baseline FQL,16.0
16,131,Improved FQL-GTA,185.0
16,132,Baseline FQL,15.0
16,132,Improved FQL-GTA,284.0
16,133,Baseline FQL,13.0
16,133,Improved FQL-GTA,421.0
16,134,Baseline FQL,19.0
16,134,Improved FQL-GTA,391.0
16,135,Baseline FQL,13.0
16,135,Improved FQL-GTA,426.0
16,136,Baseline FQL,13.0
16,136,Improved FQL-GTA,462.0
16,137,Baseline FQL,23.0
16,137,Improved FQL-GTA,193.0
16,138,Baseline FQL,19.0
16,138,Improved FQL-GTA,449.0
16,139,Baseline FQL,21.0
16,139,Improved FQL-GTA,438.0
16,140,Baseline FQL,17.0
16,140,Improved FQL-GTA,500.0
16,141,Baseline FQL,23.0
16,141,Improved FQL-GTA,499.0
16,142,Baseline FQL,18.0
16,142,Improved FQL-GTA,471.0
16,143,Baseline FQL,13.0
16,143,Improved FQL-GTA,500.0
16,144,Baseline FQL,19.0
16,144,Improved FQL-GTA,500.0
16,145,Baseline FQL,16.0
16,145,Improved FQL-GTA,500.0
16,146,Baseline FQL,21.0
16,146,Improved FQL-GTA,500.0
16,147,Baseline FQL,13.0
16,147,Improved FQL-GTA,500.0
16,148,Baseline FQL,15.0
16,148,Improved FQL-GTA,495.0
16,149,Baseline FQL,18.0
16,149,Improved FQL-GTA,500.0
16,150,Baseline FQL,13.0
16,150,Improved FQL-GTA,264.0
16,151,Baseline FQL,13.0
16,151,Improved FQL-GTA,432.0
16,152,Baseline FQL,19.0
16,152,Improved FQL-GTA,453.0
16,153,Baseline FQL,12.0
16,153,Improved FQL-GTA,500.0
16,154,Baseline FQL,15.0
16,154,Improved FQL-GTA,166.0
16,155,Baseline FQL,12.0
16,155,Improved FQL-GTA,306.0
16,156,Baseline FQL,15.0
16,156,Improved FQL-GTA,500.0
16,157,Baseline FQL,15.0
16,157,Improved FQL-GTA,372.0
16,158,Baseline FQL,21.0
16,158,Improved FQL-GTA,500.0
16,159,Baseline FQL,11.0
16,159,Improved FQL-GTA,500.0
16,160,Baseline FQL,25.0
16,160,Improved FQL-GTA,486.0
16,161,Baseline FQL,11.0
16,161,Improved FQL-GTA,368.0
16,162,Baseline FQL,15.0
16,162,Improved FQL-GTA,500.0
16,163,Baseline FQL,22.0
16,163,Improved FQL-GTA,469.0
16,164,Baseline FQL,11.0
16,164,Improved FQL-GTA,497.0
16,165,Baseline FQL,15.0
16,165,Improved FQL-GTA,500.0
16,166,Baseline FQL,16.0
16,166,Improved FQL-GTA,490.0
16,167,Baseline FQL,17.0
16,167,Improved FQL-GTA,500.0
16,168,Baseline FQL,14.0
16,168,Improved FQL-GTA,500.0
16,169,Baseline FQL,13.0
16,169,Improved FQL-GTA,500.0
16,170,Baseline FQL,17.0
16,170,Improved FQL-GTA,500.0
16,171,Baseline FQL,12.0
16,171,Improved FQL-GTA,373.0
16,172,Baseline FQL,16.0
16,172,Improved FQL-GTA,423.0
16,173,Baseline FQL,11.0
16,173,Improved FQL-GTA,435.0
16,174,Baseline FQL,19.0
16,174,Improved FQL-GTA,451.0
16,175,Baseline FQL,10.0
16,175,Improved FQL-GTA,402.0
16,176,Baseline FQL,23.0
16,176,Improved FQL-GTA,408.0
16,177,Baseline FQL,20.0
16,177,Improved FQL-GTA,430.0
16,178,Baseline FQL,14.0
16,178,Improved FQL-GTA,421.0
16,179,Baseline FQL,19.0
16,179,Improved FQL-GTA,500.0
16,180,Baseline FQL,12.0
16,180,Improved FQL-GTA,500.0
16,181,Baseline FQL,13.0
16,181,Improved FQL-GTA,378.0
16,182,Baseline FQL,12.0
16,182,Improved FQL-GTA,500.0
16,183,Baseline FQL,20.0
16,183,Improved FQL-GTA,500.0
16,184,Baseline FQL,20.0
16,184,Improved FQL-GTA,500.0
16,185,Baseline FQL,23.0
16,185,Improved FQL-GTA,427.0
16,186,Baseline FQL,15.0
16,186,Improved FQL-GTA,380.0
16,187,Baseline FQL,12.0
16,187,Improved FQL-GTA,500.0
16,188,Baseline FQL,21.0
16,188,Improved FQL-GTA,500.0
16,189,Baseline FQL,15.0
16,189,Improved FQL-GTA,500.0
16,190,Baseline FQL,12.0
16,190,Improved FQL-GTA,500.0
16,191,Baseline FQL,10.0
16,191,Improved FQL-GTA,500.0
16,192,Baseline FQL,13.0
16,192,Improved FQL-GTA,500.0
16,193,Baseline FQL,18.0
16,193,Improved FQL-GTA,500.0
16,194,Baseline FQL,14.0
16,194,Improved FQL-GTA,500.0
16,195,Baseline FQL,19.0
16,195,Improved FQL-GTA,500.0
16,196,Baseline FQL,19.0
16,196,Improved FQL-GTA,395.0
16,197,Baseline FQL,16.0
16,197,Improved FQL-GTA,472.0
16,198,Baseline FQL,18.0
16,198,Improved FQL-GTA,448.0
16,199,Baseline FQL,22.0
16,199,Improved FQL-GTA,492.0
16,200,Baseline FQL,9.0
16,200,Improved FQL-GTA,379.0
16,201,Baseline FQL,17.0
16,201,Improved FQL-GTA,500.0
16,202,Baseline FQL,13.0
16,202,Improved FQL-GTA,500.0
16,203,Baseline FQL,13.0
16,203,Improved FQL-GTA,500.0
16,204,Baseline FQL,11.0
16,204,Improved FQL-GTA,482.0
16,205,Baseline FQL,9.0
16,205,Improved FQL-GTA,500.0
16,206,Baseline FQL,11.0
16,206,Improved FQL-GTA,500.0
16,207,Baseline FQL,12.0
16,207,Improved FQL-GTA,500.0
16,208,Baseline FQL,14.0
16,208,Improved FQL-GTA,494.0
16,209,Baseline FQL,15.0
16,209,Improved FQL-GTA,360.0
16,210,Baseline FQL,10.0
16,210,Improved FQL-GTA,500.0
16,211,Baseline FQL,11.0
16,211,Improved FQL-GTA,500.0
16,212,Baseline FQL,20.0
16,212,Improved FQL-GTA,473.0
16,213,Baseline FQL,16.0
16,213,Improved FQL-GTA,500.0
16,214,Baseline FQL,20.0
16,214,Improved FQL-GTA,500.0
16,215,Baseline FQL,13.0
16,215,Improved FQL-GTA,413.0
16,216,Baseline FQL,20.0
16,216,Improved FQL-GTA,500.0
16,217,Baseline FQL,15.0
16,217,Improved FQL-GTA,500.0
16,218,Baseline FQL,17.0
16,218,Improved FQL-GTA,500.0
16,219,Baseline FQL,14.0
16,219,Improved FQL-GTA,500.0
16,220,Baseline FQL,26.0
16,220,Improved FQL-GTA,500.0
16,221,Baseline FQL,11.0
16,221,Improved FQL-GTA,393.0
16,222,Baseline FQL,22.0
16,222,Improved FQL-GTA,500.0
16,223,Baseline FQL,10.0
16,223,Improved FQL-GTA,500.0
16,224,Baseline FQL,14.0
16,224,Improved FQL-GTA,500.0
16,225,Baseline FQL,23.0
16,225,Improved FQL-GTA,500.0
16,226,Baseline FQL,13.0
16,226,Improved FQL-GTA,438.0
16,227,Baseline FQL,18.0
16,227,Improved FQL-GTA,482.0
16,228,Baseline FQL,11.0
16,228,Improved FQL-GTA,374.0
16,229,Baseline FQL,20.0
16,229,Improved FQL-GTA,460.0
16,230,Baseline FQL,20.0
16,230,Improved FQL-GTA,500.0
16,231,Baseline FQL,12.0
16,231,Improved FQL-GTA,500.0
16,232,Baseline FQL,15.0
16,232,Improved FQL-GTA,443.0
16,233,Baseline FQL,21.0
16,233,Improved FQL-GTA,425.0
16,234,Baseline FQL,11.0
16,234,Improved FQL-GTA,500.0
16,235,Baseline FQL,23.0
16,235,Improved FQL-GTA,460.0
16,236,Baseline FQL,20.0
16,236,Improved FQL-GTA,500.0
16,237,Baseline FQL,12.0
16,237,Improved FQL-GTA,500.0
16,238,Baseline FQL,23.0
16,238,Improved FQL-GTA,466.0
16,239,Baseline FQL,13.0
16,239,Improved FQL-GTA,434.0
16,240,Baseline FQL,13.0
16,240,Improved FQL-GTA,459.0
16,241,Baseline FQL,11.0
16,241,Improved FQL-GTA,309.0
16,242,Baseline FQL,14.0
16,242,Improved FQL-GTA,451.0
16,243,Baseline FQL,13.0
16,243,Improved FQL-GTA,500.0
16,244,Baseline FQL,15.0
16,244,Improved FQL-GTA,471.0
16,245,Baseline FQL,14.0
16,245,Improved FQL-GTA,431.0
16,246,Baseline FQL,10.0
16,246,Improved FQL-GTA,412.0
16,247,Baseline FQL,11.0
16,247,Improved FQL-GTA,441.0
16,248,Baseline FQL,22.0
16,248,Improved FQL-GTA,394.0
16,249,Baseline FQL,19.0
16,249,Improved FQL-GTA,409.0
16,250,Baseline FQL,11.0
16,250,Improved FQL-GTA,416.0
16,251,Baseline FQL,11.0
16,251,Improved FQL-GTA,439.0
16,252,Baseline FQL,12.0
16,252,Improved FQL-GTA,468.0
16,253,Baseline FQL,13.0
16,253,Improved FQL-GTA,265.0
16,254,Baseline FQL,18.0
16,254,Improved FQL-GTA,438.0
16,255,Baseline FQL,16.0
16,255,Improved FQL-GTA,478.0
16,256,Baseline FQL,16.0
16,256,Improved FQL-GTA,470.0
16,257,Baseline FQL,13.0
16,257,Improved FQL-GTA,459.0
16,258,Baseline FQL,14.0
16,258,Improved FQL-GTA,237.0
16,259,Baseline FQL,15.0
16,259,Improved FQL-GTA,193.0
16,260,Baseline FQL,24.0
16,260,Improved FQL-GTA,213.0
16,261,Baseline FQL,17.0
16,261,Improved FQL-GTA,423.0
16,262,Baseline FQL,16.0
16,262,Improved FQL-GTA,416.0
16,263,Baseline FQL,18.0
16,263,Improved FQL-GTA,428.0
16,264,Baseline FQL,20.0
16,264,Improved FQL-GTA,411.0
16,265,Baseline FQL,13.0
16,265,Improved FQL-GTA,277.0
16,266,Baseline FQL,20.0
16,266,Improved FQL-GTA,454.0
16,267,Baseline FQL,13.0
16,267,Improved FQL-GTA,451.0
16,268,Baseline FQL,23.0
16,268,Improved FQL-GTA,445.0
16,269,Baseline FQL,13.0
16,269,Improved FQL-GTA,432.0
16,270,Baseline FQL,11.0
16,270,Improved FQL-GTA,457.0
16,271,Baseline FQL,23.0
16,271,Improved FQL-GTA,500.0
16,272,Baseline FQL,22.0
16,272,Improved FQL-GTA,432.0
16,273,Baseline FQL,17.0
16,273,Improved FQL-GTA,456.0
16,274,Baseline FQL,19.0
16,274,Improved FQL-GTA,422.0
16,275,Baseline FQL,19.0
16,275,Improved FQL-GTA,436.0
16,276,Baseline FQL,14.0
16,276,Improved FQL-GTA,470.0
16,277,Baseline FQL,15.0
16,277,Improved FQL-GTA,478.0
16,278,Baseline FQL,20.0
16,278,Improved FQL-GTA,459.0
16,279,Baseline FQL,15.0
16,279,Improved FQL-GTA,454.0
16,280,Baseline FQL,12.0
16,280,Improved FQL-GTA,467.0
16,281,Baseline FQL,20.0
16,281,Improved FQL-GTA,444.0
16,282,Baseline FQL,17.0
16,282,Improved FQL-GTA,457.0
16,283,Baseline FQL,16.0
16,283,Improved FQL-GTA,234.0
16,284,Baseline FQL,24.0
16,284,Improved FQL-GTA,210.0
16,285,Baseline FQL,18.0
16,285,Improved FQL-GTA,209.0
16,286,Baseline FQL,17.0
16,286,Improved FQL-GTA,217.0
16,287,Baseline FQL,10.0
16,287,Improved FQL-GTA,182.0
16,288,Baseline FQL,13.0
16,288,Improved FQL-GTA,208.0
16,289,Baseline FQL,19.0
16,289,Improved FQL-GTA,194.0
16,290,Baseline FQL,17.0
16,290,Improved FQL-GTA,220.0
16,291,Baseline FQL,20.0
16,291,Improved FQL-GTA,500.0
16,292,Baseline FQL,13.0
16,292,Improved FQL-GTA,221.0
16,293,Baseline FQL,12.0
16,293,Improved FQL-GTA,215.0
16,294,Baseline FQL,11.0
16,294,Improved FQL-GTA,398.0
16,295,Baseline FQL,13.0
16,295,Improved FQL-GTA,425.0
16,296,Baseline FQL,13.0
16,296,Improved FQL-GTA,429.0
16,297,Baseline FQL,17.0
16,297,Improved FQL-GTA,391.0
16,298,Baseline FQL,13.0
16,298,Improved FQL-GTA,395.0
16,299,Baseline FQL,13.0
16,299,Improved FQL-GTA,409.0
16,300,Baseline FQL,17.0
16,300,Improved FQL-GTA,428.0
16,301,Baseline FQL,11.0
16,301,Improved FQL-GTA,213.0
16,302,Baseline FQL,12.0
16,302,Improved FQL-GTA,441.0
16,303,Baseline FQL,13.0
16,303,Improved FQL-GTA,421.0
16,304,Baseline FQL,21.0
16,304,Improved FQL-GTA,500.0
16,305,Baseline FQL,20.0
16,305,Improved FQL-GTA,500.0
16,306,Baseline FQL,17.0
16,306,Improved FQL-GTA,469.0
16,307,Baseline FQL,21.0
16,307,Improved FQL-GTA,463.0
16,308,Baseline FQL,11.0
16,308,Improved FQL-GTA,480.0
16,309,Baseline FQL,15.0
16,309,Improved FQL-GTA,500.0
16,310,Baseline FQL,13.0
16,310,Improved FQL-GTA,500.0
16,311,Baseline FQL,11.0
16,311,Improved FQL-GTA,500.0
16,312,Baseline FQL,15.0
16,312,Improved FQL-GTA,500.0
16,313,Baseline FQL,13.0
16,313,Improved FQL-GTA,500.0
16,314,Baseline FQL,17.0
16,314,Improved FQL-GTA,500.0
16,315,Baseline FQL,14.0
16,315,Improved FQL-GTA,443.0
16,316,Baseline FQL,21.0
16,316,Improved FQL-GTA,420.0
16,317,Baseline FQL,19.0
16,317,Improved FQL-GTA,500.0
16,318,Baseline FQL,13.0
16,318,Improved FQL-GTA,464.0
16,319,Baseline FQL,25.0
16,319,Improved FQL-GTA,393.0
16,320,Baseline FQL,21.0
16,320,Improved FQL-GTA,406.0
16,321,Baseline FQL,11.0
16,321,Improved FQL-GTA,407.0
16,322,Baseline FQL,11.0
16,322,Improved FQL-GTA,500.0
16,323,Baseline FQL,17.0
16,323,Improved FQL-GTA,216.0
16,324,Baseline FQL,12.0
16,324,Improved FQL-GTA,225.0
16,325,Baseline FQL,13.0
16,325,Improved FQL-GTA,192.0
16,326,Baseline FQL,16.0
16,326,Improved FQL-GTA,215.0
16,327,Baseline FQL,25.0
16,327,Improved FQL-GTA,205.0
16,328,Baseline FQL,23.0
16,328,Improved FQL-GTA,224.0
16,329,Baseline FQL,11.0
16,329,Improved FQL-GTA,211.0
16,330,Baseline FQL,13.0
16,330,Improved FQL-GTA,208.0
16,331,Baseline FQL,25.0
16,331,Improved FQL-GTA,500.0
16,332,Baseline FQL,13.0
16,332,Improved FQL-GTA,236.0
16,333,Baseline FQL,17.0
16,333,Improved FQL-GTA,441.0
16,334,Baseline FQL,13.0
16,334,Improved FQL-GTA,443.0
16,335,Baseline FQL,15.0
16,335,Improved FQL-GTA,217.0
16,336,Baseline FQL,20.0
16,336,Improved FQL-GTA,412.0
16,337,Baseline FQL,12.0
16,337,Improved FQL-GTA,431.0
16,338,Baseline FQL,13.0
16,338,Improved FQL-GTA,396.0
16,339,Baseline FQL,19.0
16,339,Improved FQL-GTA,414.0
16,340,Baseline FQL,15.0
16,340,Improved FQL-GTA,500.0
16,341,Baseline FQL,15.0
16,341,Improved FQL-GTA,500.0
16,342,Baseline FQL,25.0
16,342,Improved FQL-GTA,500.0
16,343,Baseline FQL,17.0
16,343,Improved FQL-GTA,500.0
16,344,Baseline FQL,17.0
16,344,Improved FQL-GTA,500.0
16,345,Baseline FQL,11.0
16,345,Improved FQL-GTA,500.0
16,346,Baseline FQL,27.0
16,346,Improved FQL-GTA,500.0
16,347,Baseline FQL,18.0
16,347,Improved FQL-GTA,500.0
16,348,Baseline FQL,21.0
16,348,Improved FQL-GTA,500.0
16,349,Baseline FQL,27.0
16,349,Improved FQL-GTA,500.0
16,350,Baseline FQL,15.0
16,350,Improved FQL-GTA,500.0
16,351,Baseline FQL,26.0
16,351,Improved FQL-GTA,500.0
16,352,Baseline FQL,13.0
16,352,Improved FQL-GTA,500.0
16,353,Baseline FQL,21.0
16,353,Improved FQL-GTA,500.0
16,354,Baseline FQL,21.0
16,354,Improved FQL-GTA,500.0
16,355,Baseline FQL,24.0
16,355,Improved FQL-GTA,500.0
16,356,Baseline FQL,19.0
16,356,Improved FQL-GTA,500.0
16,357,Baseline FQL,23.0
16,357,Improved FQL-GTA,500.0
16,358,Baseline FQL,16.0
16,358,Improved FQL-GTA,500.0
16,359,Baseline FQL,19.0
16,359,Improved FQL-GTA,500.0
16,360,Baseline FQL,19.0
16,360,Improved FQL-GTA,500.0
16,361,Baseline FQL,26.0
16,361,Improved FQL-GTA,405.0
16,362,Baseline FQL,23.0
16,362,Improved FQL-GTA,378.0
16,363,Baseline FQL,23.0
16,363,Improved FQL-GTA,500.0
16,364,Baseline FQL,23.0
16,364,Improved FQL-GTA,500.0
16,365,Baseline FQL,15.0
16,365,Improved FQL-GTA,500.0
16,366,Baseline FQL,15.0
16,366,Improved FQL-GTA,500.0
16,367,Baseline FQL,13.0
16,367,Improved FQL-GTA,500.0
16,368,Baseline FQL,13.0
16,368,Improved FQL-GTA,498.0
16,369,Baseline FQL,17.0
16,369,Improved FQL-GTA,434.0
16,370,Baseline FQL,21.0
16,370,Improved FQL-GTA,396.0
16,371,Baseline FQL,14.0
16,371,Improved FQL-GTA,414.0
16,372,Baseline FQL,17.0
16,372,Improved FQL-GTA,400.0
16,373,Baseline FQL,16.0
16,373,Improved FQL-GTA,419.0
16,374,Baseline FQL,20.0
16,374,Improved FQL-GTA,402.0
16,375,Baseline FQL,13.0
16,375,Improved FQL-GTA,243.0
16,376,Baseline FQL,17.0
16,376,Improved FQL-GTA,500.0
16,377,Baseline FQL,17.0
16,377,Improved FQL-GTA,229.0
16,378,Baseline FQL,22.0
16,378,Improved FQL-GTA,185.0
16,379,Baseline FQL,20.0
16,379,Improved FQL-GTA,185.0
16,380,Baseline FQL,23.0
16,380,Improved FQL-GTA,410.0
16,381,Baseline FQL,24.0
16,381,Improved FQL-GTA,390.0
16,382,Baseline FQL,24.0
16,382,Improved FQL-GTA,402.0
16,383,Baseline FQL,22.0
16,383,Improved FQL-GTA,399.0
16,384,Baseline FQL,22.0
16,384,Improved FQL-GTA,421.0
16,385,Baseline FQL,18.0
16,385,Improved FQL-GTA,433.0
16,386,Baseline FQL,28.0
16,386,Improved FQL-GTA,407.0
16,387,Baseline FQL,29.0
16,387,Improved FQL-GTA,428.0
16,388,Baseline FQL,25.0
16,388,Improved FQL-GTA,437.0
16,389,Baseline FQL,22.0
16,389,Improved FQL-GTA,407.0
16,390,Baseline FQL,18.0
16,390,Improved FQL-GTA,431.0
16,391,Baseline FQL,16.0
16,391,Improved FQL-GTA,473.0
16,392,Baseline FQL,18.0
16,392,Improved FQL-GTA,450.0
16,393,Baseline FQL,23.0
16,393,Improved FQL-GTA,192.0
16,394,Baseline FQL,35.0
16,394,Improved FQL-GTA,444.0
16,395,Baseline FQL,23.0
16,395,Improved FQL-GTA,210.0
16,396,Baseline FQL,16.0
16,396,Improved FQL-GTA,212.0
16,397,Baseline FQL,31.0
16,397,Improved FQL-GTA,387.0
16,398,Baseline FQL,38.0
16,398,Improved FQL-GTA,419.0
16,399,Baseline FQL,20.0
16,399,Improved FQL-GTA,427.0
16,400,Baseline FQL,20.0
16,400,Improved FQL-GTA,418.0
16,401,Baseline FQL,27.0
16,401,Improved FQL-GTA,500.0
16,402,Baseline FQL,24.0
16,402,Improved FQL-GTA,189.0
16,403,Baseline FQL,30.0
16,403,Improved FQL-GTA,500.0
16,404,Baseline FQL,26.0
16,404,Improved FQL-GTA,426.0
16,405,Baseline FQL,22.0
16,405,Improved FQL-GTA,208.0
16,406,Baseline FQL,23.0
16,406,Improved FQL-GTA,500.0
16,407,Baseline FQL,27.0
16,407,Improved FQL-GTA,464.0
16,408,Baseline FQL,19.0
16,408,Improved FQL-GTA,251.0
16,409,Baseline FQL,27.0
16,409,Improved FQL-GTA,459.0
16,410,Baseline FQL,34.0
16,410,Improved FQL-GTA,500.0
16,411,Baseline FQL,34.0
16,411,Improved FQL-GTA,500.0
16,412,Baseline FQL,21.0
16,412,Improved FQL-GTA,476.0
16,413,Baseline FQL,24.0
16,413,Improved FQL-GTA,449.0
16,414,Baseline FQL,23.0
16,414,Improved FQL-GTA,497.0
16,415,Baseline FQL,16.0
16,415,Improved FQL-GTA,448.0
16,416,Baseline FQL,23.0
16,416,Improved FQL-GTA,500.0
16,417,Baseline FQL,35.0
16,417,Improved FQL-GTA,500.0
16,418,Baseline FQL,26.0
16,418,Improved FQL-GTA,500.0
16,419,Baseline FQL,32.0
16,419,Improved FQL-GTA,500.0
16,420,Baseline FQL,29.0
16,420,Improved FQL-GTA,426.0
16,421,Baseline FQL,30.0
16,421,Improved FQL-GTA,500.0
16,422,Baseline FQL,22.0
16,422,Improved FQL-GTA,500.0
16,423,Baseline FQL,24.0
16,423,Improved FQL-GTA,431.0
16,424,Baseline FQL,17.0
16,424,Improved FQL-GTA,452.0
16,425,Baseline FQL,21.0
16,425,Improved FQL-GTA,413.0
16,426,Baseline FQL,39.0
16,426,Improved FQL-GTA,452.0
16,427,Baseline FQL,23.0
16,427,Improved FQL-GTA,500.0
16,428,Baseline FQL,22.0
16,428,Improved FQL-GTA,435.0
16,429,Baseline FQL,19.0
16,429,Improved FQL-GTA,420.0
16,430,Baseline FQL,43.0
16,430,Improved FQL-GTA,426.0
16,431,Baseline FQL,30.0
16,431,Improved FQL-GTA,423.0
16,432,Baseline FQL,44.0
16,432,Improved FQL-GTA,433.0
16,433,Baseline FQL,23.0
16,433,Improved FQL-GTA,439.0
16,434,Baseline FQL,16.0
16,434,Improved FQL-GTA,194.0
16,435,Baseline FQL,20.0
16,435,Improved FQL-GTA,193.0
16,436,Baseline FQL,56.0
16,436,Improved FQL-GTA,423.0
16,437,Baseline FQL,35.0
16,437,Improved FQL-GTA,174.0
16,438,Baseline FQL,43.0
16,438,Improved FQL-GTA,433.0
16,439,Baseline FQL,26.0
16,439,Improved FQL-GTA,420.0
16,440,Baseline FQL,28.0
16,440,Improved FQL-GTA,194.0
16,441,Baseline FQL,43.0
16,441,Improved FQL-GTA,416.0
16,442,Baseline FQL,32.0
16,442,Improved FQL-GTA,426.0
16,443,Baseline FQL,84.0
16,443,Improved FQL-GTA,219.0
16,444,Baseline FQL,41.0
16,444,Improved FQL-GTA,181.0
16,445,Baseline FQL,39.0
16,445,Improved FQL-GTA,480.0
16,446,Baseline FQL,60.0
16,446,Improved FQL-GTA,200.0
16,447,Baseline FQL,40.0
16,447,Improved FQL-GTA,429.0
16,448,Baseline FQL,56.0
16,448,Improved FQL-GTA,203.0
16,449,Baseline FQL,29.0
16,449,Improved FQL-GTA,248.0
16,450,Baseline FQL,49.0
16,450,Improved FQL-GTA,446.0
16,451,Baseline FQL,35.0
16,451,Improved FQL-GTA,470.0
16,452,Baseline FQL,34.0
16,452,Improved FQL-GTA,225.0
16,453,Baseline FQL,101.0
16,453,Improved FQL-GTA,500.0
16,454,Baseline FQL,156.0
16,454,Improved FQL-GTA,500.0
16,455,Baseline FQL,63.0
16,455,Improved FQL-GTA,444.0
16,456,Baseline FQL,82.0
16,456,Improved FQL-GTA,500.0
16,457,Baseline FQL,131.0
16,457,Improved FQL-GTA,440.0
16,458,Baseline FQL,53.0
16,458,Improved FQL-GTA,451.0
16,459,Baseline FQL,63.0
16,459,Improved FQL-GTA,415.0
16,460,Baseline FQL,33.0
16,460,Improved FQL-GTA,500.0
16,461,Baseline FQL,29.0
16,461,Improved FQL-GTA,492.0
16,462,Baseline FQL,63.0
16,462,Improved FQL-GTA,445.0
16,463,Baseline FQL,99.0
16,463,Improved FQL-GTA,393.0
16,464,Baseline FQL,62.0
16,464,Improved FQL-GTA,431.0
16,465,Baseline FQL,41.0
16,465,Improved FQL-GTA,448.0
16,466,Baseline FQL,100.0
16,466,Improved FQL-GTA,441.0
16,467,Baseline FQL,35.0
16,467,Improved FQL-GTA,451.0
16,468,Baseline FQL,111.0
16,468,Improved FQL-GTA,500.0
16,469,Baseline FQL,39.0
16,469,Improved FQL-GTA,206.0
16,470,Baseline FQL,429.0
16,470,Improved FQL-GTA,201.0
16,471,Baseline FQL,29.0
16,471,Improved FQL-GTA,199.0
16,472,Baseline FQL,335.0
16,472,Improved FQL-GTA,179.0
16,473,Baseline FQL,257.0
16,473,Improved FQL-GTA,230.0
16,474,Baseline FQL,127.0
16,474,Improved FQL-GTA,199.0
16,475,Baseline FQL,45.0
16,475,Improved FQL-GTA,211.0
16,476,Baseline FQL,118.0
16,476,Improved FQL-GTA,442.0
16,477,Baseline FQL,39.0
16,477,Improved FQL-GTA,449.0
16,478,Baseline FQL,126.0
16,478,Improved FQL-GTA,250.0
16,479,Baseline FQL,31.0
16,479,Improved FQL-GTA,440.0
16,480,Baseline FQL,42.0
16,480,Improved FQL-GTA,446.0
16,481,Baseline FQL,207.0
16,481,Improved FQL-GTA,440.0
16,482,Baseline FQL,181.0
16,482,Improved FQL-GTA,414.0
16,483,Baseline FQL,106.0
16,483,Improved FQL-GTA,500.0
16,484,Baseline FQL,37.0
16,484,Improved FQL-GTA,412.0
16,485,Baseline FQL,269.0
16,485,Improved FQL-GTA,500.0
16,486,Baseline FQL,159.0
16,486,Improved FQL-GTA,460.0
16,487,Baseline FQL,279.0
16,487,Improved FQL-GTA,500.0
16,488,Baseline FQL,157.0
16,488,Improved FQL-GTA,485.0
16,489,Baseline FQL,85.0
16,489,Improved FQL-GTA,500.0
16,490,Baseline FQL,170.0
16,490,Improved FQL-GTA,448.0
16,491,Baseline FQL,228.0
16,491,Improved FQL-GTA,475.0
16,492,Baseline FQL,238.0
16,492,Improved FQL-GTA,455.0
16,493,Baseline FQL,263.0
16,493,Improved FQL-GTA,444.0
16,494,Baseline FQL,184.0
16,494,Improved FQL-GTA,478.0
16,495,Baseline FQL,186.0
16,495,Improved FQL-GTA,456.0
16,496,Baseline FQL,72.0
16,496,Improved FQL-GTA,205.0
16,497,Baseline FQL,241.0
16,497,Improved FQL-GTA,476.0
16,498,Baseline FQL,196.0
16,498,Improved FQL-GTA,208.0
16,499,Baseline FQL,193.0
16,499,Improved FQL-GTA,196.0
16,500,Baseline FQL,301.0
16,500,Improved FQL-GTA,199.0
17,1,Baseline FQL,9.0
17,1,Improved FQL-GTA,12.0
17,2,Baseline FQL,15.0
17,2,Improved FQL-GTA,12.0
17,3,Baseline FQL,10.0
17,3,Improved FQL-GTA,10.0
17,4,Baseline FQL,10.0
17,4,Improved FQL-GTA,12.0
17,5,Baseline FQL,9.0
17,5,Improved FQL-GTA,13.0
17,6,Baseline FQL,10.0
17,6,Improved FQL-GTA,13.0
17,7,Baseline FQL,10.0
17,7,Improved FQL-GTA,9.0
17,8,Baseline FQL,9.0
17,8,Improved FQL-GTA,10.0
17,9,Baseline FQL,10.0
17,9,Improved FQL-GTA,13.0
17,10,Baseline FQL,10.0
17,10,Improved FQL-GTA,13.0
17,11,Baseline FQL,10.0
17,11,Improved FQL-GTA,13.0
17,12,Baseline FQL,9.0
17,12,Improved FQL-GTA,10.0
17,13,Baseline FQL,12.0
17,13,Improved FQL-GTA,12.0
17,14,Baseline FQL,12.0
17,14,Improved FQL-GTA,8.0
17,15,Baseline FQL,9.0
17,15,Improved FQL-GTA,9.0
17,16,Baseline FQL,12.0
17,16,Improved FQL-GTA,12.0
17,17,Baseline FQL,10.0
17,17,Improved FQL-GTA,10.0
17,18,Baseline FQL,10.0
17,18,Improved FQL-GTA,13.0
17,19,Baseline FQL,8.0
17,19,Improved FQL-GTA,10.0
17,20,Baseline FQL,8.0
17,20,Improved FQL-GTA,10.0
17,21,Baseline FQL,11.0
17,21,Improved FQL-GTA,11.0
17,22,Baseline FQL,9.0
17,22,Improved FQL-GTA,9.0
17,23,Baseline FQL,12.0
17,23,Improved FQL-GTA,8.0
17,24,Baseline FQL,8.0
17,24,Improved FQL-GTA,15.0
17,25,Baseline FQL,10.0
17,25,Improved FQL-GTA,11.0
17,26,Baseline FQL,8.0
17,26,Improved FQL-GTA,11.0
17,27,Baseline FQL,10.0
17,27,Improved FQL-GTA,11.0
17,28,Baseline FQL,10.0
17,28,Improved FQL-GTA,11.0
17,29,Baseline FQL,9.0
17,29,Improved FQL-GTA,11.0
17,30,Baseline FQL,10.0
17,30,Improved FQL-GTA,15.0
17,31,Baseline FQL,10.0
17,31,Improved FQL-GTA,10.0
17,32,Baseline FQL,9.0
17,32,Improved FQL-GTA,12.0
17,33,Baseline FQL,11.0
17,33,Improved FQL-GTA,9.0
17,34,Baseline FQL,9.0
17,34,Improved FQL-GTA,10.0
17,35,Baseline FQL,10.0
17,35,Improved FQL-GTA,10.0
17,36,Baseline FQL,11.0
17,36,Improved FQL-GTA,15.0
17,37,Baseline FQL,11.0
17,37,Improved FQL-GTA,12.0
17,38,Baseline FQL,10.0
17,38,Improved FQL-GTA,9.0
17,39,Baseline FQL,10.0
17,39,Improved FQL-GTA,10.0
17,40,Baseline FQL,8.0
17,40,Improved FQL-GTA,13.0
17,41,Baseline FQL,9.0
17,41,Improved FQL-GTA,9.0
17,42,Baseline FQL,10.0
17,42,Improved FQL-GTA,11.0
17,43,Baseline FQL,10.0
17,43,Improved FQL-GTA,14.0
17,44,Baseline FQL,10.0
17,44,Improved FQL-GTA,14.0
17,45,Baseline FQL,13.0
17,45,Improved FQL-GTA,11.0
17,46,Baseline FQL,9.0
17,46,Improved FQL-GTA,11.0
17,47,Baseline FQL,10.0
17,47,Improved FQL-GTA,10.0
17,48,Baseline FQL,10.0
17,48,Improved FQL-GTA,10.0
17,49,Baseline FQL,10.0
17,49,Improved FQL-GTA,36.0
17,50,Baseline FQL,10.0
17,50,Improved FQL-GTA,11.0
17,51,Baseline FQL,9.0
17,51,Improved FQL-GTA,16.0
17,52,Baseline FQL,9.0
17,52,Improved FQL-GTA,11.0
17,53,Baseline FQL,8.0
17,53,Improved FQL-GTA,8.0
17,54,Baseline FQL,10.0
17,54,Improved FQL-GTA,20.0
17,55,Baseline FQL,9.0
17,55,Improved FQL-GTA,13.0
17,56,Baseline FQL,11.0
17,56,Improved FQL-GTA,17.0
17,57,Baseline FQL,10.0
17,57,Improved FQL-GTA,15.0
17,58,Baseline FQL,9.0
17,58,Improved FQL-GTA,49.0
17,59,Baseline FQL,9.0
17,59,Improved FQL-GTA,21.0
17,60,Baseline FQL,9.0
17,60,Improved FQL-GTA,26.0
17,61,Baseline FQL,10.0
17,61,Improved FQL-GTA,24.0
17,62,Baseline FQL,10.0
17,62,Improved FQL-GTA,19.0
17,63,Baseline FQL,9.0
17,63,Improved FQL-GTA,11.0
17,64,Baseline FQL,11.0
17,64,Improved FQL-GTA,13.0
17,65,Baseline FQL,8.0
17,65,Improved FQL-GTA,40.0
17,66,Baseline FQL,10.0
17,66,Improved FQL-GTA,14.0
17,67,Baseline FQL,9.0
17,67,Improved FQL-GTA,27.0
17,68,Baseline FQL,10.0
17,68,Improved FQL-GTA,19.0
17,69,Baseline FQL,11.0
17,69,Improved FQL-GTA,23.0
17,70,Baseline FQL,10.0
17,70,Improved FQL-GTA,24.0
17,71,Baseline FQL,10.0
17,71,Improved FQL-GTA,22.0
17,72,Baseline FQL,9.0
17,72,Improved FQL-GTA,19.0
17,73,Baseline FQL,9.0
17,73,Improved FQL-GTA,15.0
17,74,Baseline FQL,12.0
17,74,Improved FQL-GTA,21.0
17,75,Baseline FQL,9.0
17,75,Improved FQL-GTA,14.0
17,76,Baseline FQL,11.0
17,76,Improved FQL-GTA,23.0
17,77,Baseline FQL,11.0
17,77,Improved FQL-GTA,15.0
17,78,Baseline FQL,9.0
17,78,Improved FQL-GTA,23.0
17,79,Baseline FQL,10.0
17,79,Improved FQL-GTA,19.0
17,80,Baseline FQL,10.0
17,80,Improved FQL-GTA,15.0
17,81,Baseline FQL,9.0
17,81,Improved FQL-GTA,42.0
17,82,Baseline FQL,10.0
17,82,Improved FQL-GTA,21.0
17,83,Baseline FQL,10.0
17,83,Improved FQL-GTA,28.0
17,84,Baseline FQL,10.0
17,84,Improved FQL-GTA,22.0
17,85,Baseline FQL,11.0
17,85,Improved FQL-GTA,27.0
17,86,Baseline FQL,10.0
17,86,Improved FQL-GTA,22.0
17,87,Baseline FQL,10.0
17,87,Improved FQL-GTA,15.0
17,88,Baseline FQL,13.0
17,88,Improved FQL-GTA,21.0
17,89,Baseline FQL,10.0
17,89,Improved FQL-GTA,20.0
17,90,Baseline FQL,14.0
17,90,Improved FQL-GTA,19.0
17,91,Baseline FQL,9.0
17,91,Improved FQL-GTA,28.0
17,92,Baseline FQL,10.0
17,92,Improved FQL-GTA,15.0
17,93,Baseline FQL,13.0
17,93,Improved FQL-GTA,22.0
17,94,Baseline FQL,12.0
17,94,Improved FQL-GTA,24.0
17,95,Baseline FQL,9.0
17,95,Improved FQL-GTA,23.0
17,96,Baseline FQL,10.0
17,96,Improved FQL-GTA,34.0
17,97,Baseline FQL,10.0
17,97,Improved FQL-GTA,19.0
17,98,Baseline FQL,9.0
17,98,Improved FQL-GTA,30.0
17,99,Baseline FQL,9.0
17,99,Improved FQL-GTA,34.0
17,100,Baseline FQL,10.0
17,100,Improved FQL-GTA,18.0
17,101,Baseline FQL,14.0
17,101,Improved FQL-GTA,23.0
17,102,Baseline FQL,10.0
17,102,Improved FQL-GTA,21.0
17,103,Baseline FQL,12.0
17,103,Improved FQL-GTA,22.0
17,104,Baseline FQL,10.0
17,104,Improved FQL-GTA,19.0
17,105,Baseline FQL,11.0
17,105,Improved FQL-GTA,13.0
17,106,Baseline FQL,10.0
17,106,Improved FQL-GTA,24.0
17,107,Baseline FQL,10.0
17,107,Improved FQL-GTA,18.0
17,108,Baseline FQL,10.0
17,108,Improved FQL-GTA,17.0
17,109,Baseline FQL,10.0
17,109,Improved FQL-GTA,24.0
17,110,Baseline FQL,10.0
17,110,Improved FQL-GTA,11.0
17,111,Baseline FQL,15.0
17,111,Improved FQL-GTA,26.0
17,112,Baseline FQL,10.0
17,112,Improved FQL-GTA,33.0
17,113,Baseline FQL,11.0
17,113,Improved FQL-GTA,24.0
17,114,Baseline FQL,10.0
17,114,Improved FQL-GTA,24.0
17,115,Baseline FQL,9.0
17,115,Improved FQL-GTA,26.0
17,116,Baseline FQL,12.0
17,116,Improved FQL-GTA,21.0
17,117,Baseline FQL,16.0
17,117,Improved FQL-GTA,28.0
17,118,Baseline FQL,15.0
17,118,Improved FQL-GTA,17.0
17,119,Baseline FQL,11.0
17,119,Improved FQL-GTA,15.0
17,120,Baseline FQL,10.0
17,120,Improved FQL-GTA,19.0
17,121,Baseline FQL,10.0
17,121,Improved FQL-GTA,27.0
17,122,Baseline FQL,13.0
17,122,Improved FQL-GTA,22.0
17,123,Baseline FQL,10.0
17,123,Improved FQL-GTA,17.0
17,124,Baseline FQL,13.0
17,124,Improved FQL-GTA,26.0
17,125,Baseline FQL,11.0
17,125,Improved FQL-GTA,13.0
17,126,Baseline FQL,13.0
17,126,Improved FQL-GTA,32.0
17,127,Baseline FQL,14.0
17,127,Improved FQL-GTA,334.0
17,128,Baseline FQL,14.0
17,128,Improved FQL-GTA,84.0
17,129,Baseline FQL,12.0
17,129,Improved FQL-GTA,34.0
17,130,Baseline FQL,15.0
17,130,Improved FQL-GTA,31.0
17,131,Baseline FQL,15.0
17,131,Improved FQL-GTA,25.0
17,132,Baseline FQL,13.0
17,132,Improved FQL-GTA,51.0
17,133,Baseline FQL,15.0
17,133,Improved FQL-GTA,59.0
17,134,Baseline FQL,15.0
17,134,Improved FQL-GTA,305.0
17,135,Baseline FQL,14.0
17,135,Improved FQL-GTA,298.0
17,136,Baseline FQL,18.0
17,136,Improved FQL-GTA,50.0
17,137,Baseline FQL,21.0
17,137,Improved FQL-GTA,189.0
17,138,Baseline FQL,23.0
17,138,Improved FQL-GTA,500.0
17,139,Baseline FQL,17.0
17,139,Improved FQL-GTA,331.0
17,140,Baseline FQL,24.0
17,140,Improved FQL-GTA,296.0
17,141,Baseline FQL,19.0
17,141,Improved FQL-GTA,161.0
17,142,Baseline FQL,15.0
17,142,Improved FQL-GTA,202.0
17,143,Baseline FQL,17.0
17,143,Improved FQL-GTA,237.0
17,144,Baseline FQL,19.0
17,144,Improved FQL-GTA,204.0
17,145,Baseline FQL,20.0
17,145,Improved FQL-GTA,209.0
17,146,Baseline FQL,15.0
17,146,Improved FQL-GTA,155.0
17,147,Baseline FQL,15.0
17,147,Improved FQL-GTA,283.0
17,148,Baseline FQL,20.0
17,148,Improved FQL-GTA,324.0
17,149,Baseline FQL,11.0
17,149,Improved FQL-GTA,118.0
17,150,Baseline FQL,13.0
17,150,Improved FQL-GTA,14.0
17,151,Baseline FQL,16.0
17,151,Improved FQL-GTA,500.0
17,152,Baseline FQL,13.0
17,152,Improved FQL-GTA,414.0
17,153,Baseline FQL,17.0
17,153,Improved FQL-GTA,306.0
17,154,Baseline FQL,13.0
17,154,Improved FQL-GTA,397.0
17,155,Baseline FQL,15.0
17,155,Improved FQL-GTA,334.0
17,156,Baseline FQL,17.0
17,156,Improved FQL-GTA,274.0
17,157,Baseline FQL,19.0
17,157,Improved FQL-GTA,326.0
17,158,Baseline FQL,11.0
17,158,Improved FQL-GTA,244.0
17,159,Baseline FQL,26.0
17,159,Improved FQL-GTA,268.0
17,160,Baseline FQL,13.0
17,160,Improved FQL-GTA,13.0
17,161,Baseline FQL,15.0
17,161,Improved FQL-GTA,500.0
17,162,Baseline FQL,23.0
17,162,Improved FQL-GTA,500.0
17,163,Baseline FQL,12.0
17,163,Improved FQL-GTA,402.0
17,164,Baseline FQL,19.0
17,164,Improved FQL-GTA,271.0
17,165,Baseline FQL,17.0
17,165,Improved FQL-GTA,393.0
17,166,Baseline FQL,19.0
17,166,Improved FQL-GTA,298.0
17,167,Baseline FQL,16.0
17,167,Improved FQL-GTA,364.0
17,168,Baseline FQL,11.0
17,168,Improved FQL-GTA,290.0
17,169,Baseline FQL,17.0
17,169,Improved FQL-GTA,324.0
17,170,Baseline FQL,11.0
17,170,Improved FQL-GTA,270.0
17,171,Baseline FQL,19.0
17,171,Improved FQL-GTA,394.0
17,172,Baseline FQL,11.0
17,172,Improved FQL-GTA,322.0
17,173,Baseline FQL,14.0
17,173,Improved FQL-GTA,306.0
17,174,Baseline FQL,11.0
17,174,Improved FQL-GTA,289.0
17,175,Baseline FQL,24.0
17,175,Improved FQL-GTA,296.0
17,176,Baseline FQL,33.0
17,176,Improved FQL-GTA,333.0
17,177,Baseline FQL,15.0
17,177,Improved FQL-GTA,425.0
17,178,Baseline FQL,24.0
17,178,Improved FQL-GTA,368.0
17,179,Baseline FQL,13.0
17,179,Improved FQL-GTA,400.0
17,180,Baseline FQL,13.0
17,180,Improved FQL-GTA,348.0
17,181,Baseline FQL,13.0
17,181,Improved FQL-GTA,327.0
17,182,Baseline FQL,21.0
17,182,Improved FQL-GTA,407.0
17,183,Baseline FQL,26.0
17,183,Improved FQL-GTA,500.0
17,184,Baseline FQL,26.0
17,184,Improved FQL-GTA,500.0
17,185,Baseline FQL,13.0
17,185,Improved FQL-GTA,364.0
17,186,Baseline FQL,11.0
17,186,Improved FQL-GTA,356.0
17,187,Baseline FQL,23.0
17,187,Improved FQL-GTA,500.0
17,188,Baseline FQL,15.0
17,188,Improved FQL-GTA,500.0
17,189,Baseline FQL,13.0
17,189,Improved FQL-GTA,392.0
17,190,Baseline FQL,11.0
17,190,Improved FQL-GTA,435.0
17,191,Baseline FQL,13.0
17,191,Improved FQL-GTA,496.0
17,192,Baseline FQL,22.0
17,192,Improved FQL-GTA,500.0
17,193,Baseline FQL,16.0
17,193,Improved FQL-GTA,500.0
17,194,Baseline FQL,15.0
17,194,Improved FQL-GTA,384.0
17,195,Baseline FQL,18.0
17,195,Improved FQL-GTA,500.0
17,196,Baseline FQL,15.0
17,196,Improved FQL-GTA,412.0
17,197,Baseline FQL,18.0
17,197,Improved FQL-GTA,284.0
17,198,Baseline FQL,23.0
17,198,Improved FQL-GTA,393.0
17,199,Baseline FQL,9.0
17,199,Improved FQL-GTA,316.0
17,200,Baseline FQL,17.0
17,200,Improved FQL-GTA,361.0
17,201,Baseline FQL,13.0
17,201,Improved FQL-GTA,289.0
17,202,Baseline FQL,12.0
17,202,Improved FQL-GTA,351.0
17,203,Baseline FQL,11.0
17,203,Improved FQL-GTA,355.0
17,204,Baseline FQL,11.0
17,204,Improved FQL-GTA,311.0
17,205,Baseline FQL,14.0
17,205,Improved FQL-GTA,395.0
17,206,Baseline FQL,13.0
17,206,Improved FQL-GTA,500.0
17,207,Baseline FQL,14.0
17,207,Improved FQL-GTA,182.0
17,208,Baseline FQL,14.0
17,208,Improved FQL-GTA,369.0
17,209,Baseline FQL,10.0
17,209,Improved FQL-GTA,441.0
17,210,Baseline FQL,10.0
17,210,Improved FQL-GTA,271.0
17,211,Baseline FQL,19.0
17,211,Improved FQL-GTA,348.0
17,212,Baseline FQL,16.0
17,212,Improved FQL-GTA,252.0
17,213,Baseline FQL,20.0
17,213,Improved FQL-GTA,237.0
17,214,Baseline FQL,13.0
17,214,Improved FQL-GTA,16.0
17,215,Baseline FQL,23.0
17,215,Improved FQL-GTA,468.0
17,216,Baseline FQL,15.0
17,216,Improved FQL-GTA,232.0
17,217,Baseline FQL,22.0
17,217,Improved FQL-GTA,228.0
17,218,Baseline FQL,18.0
17,218,Improved FQL-GTA,436.0
17,219,Baseline FQL,23.0
17,219,Improved FQL-GTA,383.0
17,220,Baseline FQL,13.0
17,220,Improved FQL-GTA,500.0
17,221,Baseline FQL,23.0
17,221,Improved FQL-GTA,500.0
17,222,Baseline FQL,13.0
17,222,Improved FQL-GTA,403.0
17,223,Baseline FQL,12.0
17,223,Improved FQL-GTA,500.0
17,224,Baseline FQL,23.0
17,224,Improved FQL-GTA,500.0
17,225,Baseline FQL,19.0
17,225,Improved FQL-GTA,500.0
17,226,Baseline FQL,23.0
17,226,Improved FQL-GTA,455.0
17,227,Baseline FQL,15.0
17,227,Improved FQL-GTA,388.0
17,228,Baseline FQL,19.0
17,228,Improved FQL-GTA,374.0
17,229,Baseline FQL,20.0
17,229,Improved FQL-GTA,500.0
17,230,Baseline FQL,14.0
17,230,Improved FQL-GTA,460.0
17,231,Baseline FQL,17.0
17,231,Improved FQL-GTA,413.0
17,232,Baseline FQL,20.0
17,232,Improved FQL-GTA,206.0
17,233,Baseline FQL,11.0
17,233,Improved FQL-GTA,500.0
17,234,Baseline FQL,22.0
17,234,Improved FQL-GTA,500.0
17,235,Baseline FQL,18.0
17,235,Improved FQL-GTA,500.0
17,236,Baseline FQL,13.0
17,236,Improved FQL-GTA,500.0
17,237,Baseline FQL,21.0
17,237,Improved FQL-GTA,500.0
17,238,Baseline FQL,13.0
17,238,Improved FQL-GTA,500.0
17,239,Baseline FQL,19.0
17,239,Improved FQL-GTA,491.0
17,240,Baseline FQL,15.0
17,240,Improved FQL-GTA,491.0
17,241,Baseline FQL,19.0
17,241,Improved FQL-GTA,478.0
17,242,Baseline FQL,17.0
17,242,Improved FQL-GTA,500.0
17,243,Baseline FQL,19.0
17,243,Improved FQL-GTA,500.0
17,244,Baseline FQL,21.0
17,244,Improved FQL-GTA,386.0
17,245,Baseline FQL,19.0
17,245,Improved FQL-GTA,478.0
17,246,Baseline FQL,15.0
17,246,Improved FQL-GTA,500.0
17,247,Baseline FQL,29.0
17,247,Improved FQL-GTA,312.0
17,248,Baseline FQL,25.0
17,248,Improved FQL-GTA,363.0
17,249,Baseline FQL,18.0
17,249,Improved FQL-GTA,413.0
17,250,Baseline FQL,17.0
17,250,Improved FQL-GTA,441.0
17,251,Baseline FQL,22.0
17,251,Improved FQL-GTA,461.0
17,252,Baseline FQL,17.0
17,252,Improved FQL-GTA,500.0
17,253,Baseline FQL,25.0
17,253,Improved FQL-GTA,458.0
17,254,Baseline FQL,24.0
17,254,Improved FQL-GTA,500.0
17,255,Baseline FQL,19.0
17,255,Improved FQL-GTA,455.0
17,256,Baseline FQL,20.0
17,256,Improved FQL-GTA,500.0
17,257,Baseline FQL,17.0
17,257,Improved FQL-GTA,497.0
17,258,Baseline FQL,21.0
17,258,Improved FQL-GTA,365.0
17,259,Baseline FQL,33.0
17,259,Improved FQL-GTA,351.0
17,260,Baseline FQL,27.0
17,260,Improved FQL-GTA,500.0
17,261,Baseline FQL,25.0
17,261,Improved FQL-GTA,500.0
17,262,Baseline FQL,28.0
17,262,Improved FQL-GTA,500.0
17,263,Baseline FQL,25.0
17,263,Improved FQL-GTA,500.0
17,264,Baseline FQL,19.0
17,264,Improved FQL-GTA,500.0
17,265,Baseline FQL,19.0
17,265,Improved FQL-GTA,500.0
17,266,Baseline FQL,20.0
17,266,Improved FQL-GTA,500.0
17,267,Baseline FQL,17.0
17,267,Improved FQL-GTA,500.0
17,268,Baseline FQL,15.0
17,268,Improved FQL-GTA,500.0
17,269,Baseline FQL,18.0
17,269,Improved FQL-GTA,214.0
17,270,Baseline FQL,36.0
17,270,Improved FQL-GTA,430.0
17,271,Baseline FQL,25.0
17,271,Improved FQL-GTA,500.0
17,272,Baseline FQL,15.0
17,272,Improved FQL-GTA,484.0
17,273,Baseline FQL,36.0
17,273,Improved FQL-GTA,395.0
17,274,Baseline FQL,28.0
17,274,Improved FQL-GTA,455.0
17,275,Baseline FQL,25.0
17,275,Improved FQL-GTA,500.0
17,276,Baseline FQL,19.0
17,276,Improved FQL-GTA,500.0
17,277,Baseline FQL,21.0
17,277,Improved FQL-GTA,500.0
17,278,Baseline FQL,22.0
17,278,Improved FQL-GTA,500.0
17,279,Baseline FQL,15.0
17,279,Improved FQL-GTA,500.0
17,280,Baseline FQL,31.0
17,280,Improved FQL-GTA,500.0
17,281,Baseline FQL,27.0
17,281,Improved FQL-GTA,500.0
17,282,Baseline FQL,17.0
17,282,Improved FQL-GTA,500.0
17,283,Baseline FQL,33.0
17,283,Improved FQL-GTA,500.0
17,284,Baseline FQL,34.0
17,284,Improved FQL-GTA,339.0
17,285,Baseline FQL,19.0
17,285,Improved FQL-GTA,433.0
17,286,Baseline FQL,15.0
17,286,Improved FQL-GTA,500.0
17,287,Baseline FQL,21.0
17,287,Improved FQL-GTA,500.0
17,288,Baseline FQL,23.0
17,288,Improved FQL-GTA,500.0
17,289,Baseline FQL,25.0
17,289,Improved FQL-GTA,500.0
17,290,Baseline FQL,46.0
17,290,Improved FQL-GTA,500.0
17,291,Baseline FQL,24.0
17,291,Improved FQL-GTA,500.0
17,292,Baseline FQL,20.0
17,292,Improved FQL-GTA,500.0
17,293,Baseline FQL,16.0
17,293,Improved FQL-GTA,500.0
17,294,Baseline FQL,24.0
17,294,Improved FQL-GTA,500.0
17,295,Baseline FQL,23.0
17,295,Improved FQL-GTA,500.0
17,296,Baseline FQL,68.0
17,296,Improved FQL-GTA,500.0
17,297,Baseline FQL,20.0
17,297,Improved FQL-GTA,500.0
17,298,Baseline FQL,21.0
17,298,Improved FQL-GTA,491.0
17,299,Baseline FQL,32.0
17,299,Improved FQL-GTA,276.0
17,300,Baseline FQL,16.0
17,300,Improved FQL-GTA,261.0
17,301,Baseline FQL,15.0
17,301,Improved FQL-GTA,500.0
17,302,Baseline FQL,17.0
17,302,Improved FQL-GTA,500.0
17,303,Baseline FQL,47.0
17,303,Improved FQL-GTA,500.0
17,304,Baseline FQL,30.0
17,304,Improved FQL-GTA,500.0
17,305,Baseline FQL,42.0
17,305,Improved FQL-GTA,500.0
17,306,Baseline FQL,31.0
17,306,Improved FQL-GTA,500.0
17,307,Baseline FQL,14.0
17,307,Improved FQL-GTA,500.0
17,308,Baseline FQL,60.0
17,308,Improved FQL-GTA,500.0
17,309,Baseline FQL,37.0
17,309,Improved FQL-GTA,500.0
17,310,Baseline FQL,17.0
17,310,Improved FQL-GTA,500.0
17,311,Baseline FQL,106.0
17,311,Improved FQL-GTA,500.0
17,312,Baseline FQL,36.0
17,312,Improved FQL-GTA,500.0
17,313,Baseline FQL,59.0
17,313,Improved FQL-GTA,500.0
17,314,Baseline FQL,19.0
17,314,Improved FQL-GTA,500.0
17,315,Baseline FQL,86.0
17,315,Improved FQL-GTA,500.0
17,316,Baseline FQL,166.0
17,316,Improved FQL-GTA,500.0
17,317,Baseline FQL,35.0
17,317,Improved FQL-GTA,500.0
17,318,Baseline FQL,60.0
17,318,Improved FQL-GTA,500.0
17,319,Baseline FQL,155.0
17,319,Improved FQL-GTA,500.0
17,320,Baseline FQL,33.0
17,320,Improved FQL-GTA,500.0
17,321,Baseline FQL,42.0
17,321,Improved FQL-GTA,500.0
17,322,Baseline FQL,42.0
17,322,Improved FQL-GTA,500.0
17,323,Baseline FQL,26.0
17,323,Improved FQL-GTA,500.0
17,324,Baseline FQL,26.0
17,324,Improved FQL-GTA,500.0
17,325,Baseline FQL,49.0
17,325,Improved FQL-GTA,500.0
17,326,Baseline FQL,45.0
17,326,Improved FQL-GTA,500.0
17,327,Baseline FQL,33.0
17,327,Improved FQL-GTA,500.0
17,328,Baseline FQL,26.0
17,328,Improved FQL-GTA,500.0
17,329,Baseline FQL,88.0
17,329,Improved FQL-GTA,500.0
17,330,Baseline FQL,39.0
17,330,Improved FQL-GTA,500.0
17,331,Baseline FQL,61.0
17,331,Improved FQL-GTA,500.0
17,332,Baseline FQL,52.0
17,332,Improved FQL-GTA,500.0
17,333,Baseline FQL,70.0
17,333,Improved FQL-GTA,500.0
17,334,Baseline FQL,56.0
17,334,Improved FQL-GTA,500.0
17,335,Baseline FQL,48.0
17,335,Improved FQL-GTA,500.0
17,336,Baseline FQL,100.0
17,336,Improved FQL-GTA,286.0
17,337,Baseline FQL,194.0
17,337,Improved FQL-GTA,500.0
17,338,Baseline FQL,47.0
17,338,Improved FQL-GTA,500.0
17,339,Baseline FQL,225.0
17,339,Improved FQL-GTA,500.0
17,340,Baseline FQL,349.0
17,340,Improved FQL-GTA,500.0
17,341,Baseline FQL,104.0
17,341,Improved FQL-GTA,500.0
17,342,Baseline FQL,162.0
17,342,Improved FQL-GTA,500.0
17,343,Baseline FQL,77.0
17,343,Improved FQL-GTA,500.0
17,344,Baseline FQL,74.0
17,344,Improved FQL-GTA,500.0
17,345,Baseline FQL,104.0
17,345,Improved FQL-GTA,500.0
17,346,Baseline FQL,35.0
17,346,Improved FQL-GTA,500.0
17,347,Baseline FQL,166.0
17,347,Improved FQL-GTA,500.0
17,348,Baseline FQL,48.0
17,348,Improved FQL-GTA,500.0
17,349,Baseline FQL,232.0
17,349,Improved FQL-GTA,500.0
17,350,Baseline FQL,232.0
17,350,Improved FQL-GTA,500.0
17,351,Baseline FQL,46.0
17,351,Improved FQL-GTA,500.0
17,352,Baseline FQL,169.0
17,352,Improved FQL-GTA,500.0
17,353,Baseline FQL,248.0
17,353,Improved FQL-GTA,500.0
17,354,Baseline FQL,171.0
17,354,Improved FQL-GTA,500.0
17,355,Baseline FQL,171.0
17,355,Improved FQL-GTA,500.0
17,356,Baseline FQL,80.0
17,356,Improved FQL-GTA,500.0
17,357,Baseline FQL,137.0
17,357,Improved FQL-GTA,500.0
17,358,Baseline FQL,201.0
17,358,Improved FQL-GTA,500.0
17,359,Baseline FQL,286.0
17,359,Improved FQL-GTA,500.0
17,360,Baseline FQL,190.0
17,360,Improved FQL-GTA,500.0
17,361,Baseline FQL,194.0
17,361,Improved FQL-GTA,500.0
17,362,Baseline FQL,228.0
17,362,Improved FQL-GTA,500.0
17,363,Baseline FQL,277.0
17,363,Improved FQL-GTA,500.0
17,364,Baseline FQL,500.0
17,364,Improved FQL-GTA,500.0
17,365,Baseline FQL,98.0
17,365,Improved FQL-GTA,500.0
17,366,Baseline FQL,84.0
17,366,Improved FQL-GTA,500.0
17,367,Baseline FQL,37.0
17,367,Improved FQL-GTA,394.0
17,368,Baseline FQL,202.0
17,368,Improved FQL-GTA,500.0
17,369,Baseline FQL,329.0
17,369,Improved FQL-GTA,500.0
17,370,Baseline FQL,237.0
17,370,Improved FQL-GTA,500.0
17,371,Baseline FQL,177.0
17,371,Improved FQL-GTA,500.0
17,372,Baseline FQL,109.0
17,372,Improved FQL-GTA,500.0
17,373,Baseline FQL,232.0
17,373,Improved FQL-GTA,500.0
17,374,Baseline FQL,440.0
17,374,Improved FQL-GTA,500.0
17,375,Baseline FQL,235.0
17,375,Improved FQL-GTA,500.0
17,376,Baseline FQL,283.0
17,376,Improved FQL-GTA,500.0
17,377,Baseline FQL,217.0
17,377,Improved FQL-GTA,500.0
17,378,Baseline FQL,217.0
17,378,Improved FQL-GTA,500.0
17,379,Baseline FQL,261.0
17,379,Improved FQL-GTA,500.0
17,380,Baseline FQL,94.0
17,380,Improved FQL-GTA,500.0
17,381,Baseline FQL,285.0
17,381,Improved FQL-GTA,500.0
17,382,Baseline FQL,247.0
17,382,Improved FQL-GTA,500.0
17,383,Baseline FQL,263.0
17,383,Improved FQL-GTA,500.0
17,384,Baseline FQL,226.0
17,384,Improved FQL-GTA,500.0
17,385,Baseline FQL,213.0
17,385,Improved FQL-GTA,500.0
17,386,Baseline FQL,228.0
17,386,Improved FQL-GTA,500.0
17,387,Baseline FQL,140.0
17,387,Improved FQL-GTA,500.0
17,388,Baseline FQL,282.0
17,388,Improved FQL-GTA,500.0
17,389,Baseline FQL,364.0
17,389,Improved FQL-GTA,500.0
17,390,Baseline FQL,231.0
17,390,Improved FQL-GTA,500.0
17,391,Baseline FQL,221.0
17,391,Improved FQL-GTA,500.0
17,392,Baseline FQL,138.0
17,392,Improved FQL-GTA,500.0
17,393,Baseline FQL,171.0
17,393,Improved FQL-GTA,500.0
17,394,Baseline FQL,244.0
17,394,Improved FQL-GTA,500.0
17,395,Baseline FQL,180.0
17,395,Improved FQL-GTA,500.0
17,396,Baseline FQL,415.0
17,396,Improved FQL-GTA,500.0
17,397,Baseline FQL,224.0
17,397,Improved FQL-GTA,500.0
17,398,Baseline FQL,267.0
17,398,Improved FQL-GTA,500.0
17,399,Baseline FQL,305.0
17,399,Improved FQL-GTA,500.0
17,400,Baseline FQL,265.0
17,400,Improved FQL-GTA,500.0
17,401,Baseline FQL,225.0
17,401,Improved FQL-GTA,500.0
17,402,Baseline FQL,51.0
17,402,Improved FQL-GTA,500.0
17,403,Baseline FQL,367.0
17,403,Improved FQL-GTA,500.0
17,404,Baseline FQL,210.0
17,404,Improved FQL-GTA,500.0
17,405,Baseline FQL,234.0
17,405,Improved FQL-GTA,500.0
17,406,Baseline FQL,373.0
17,406,Improved FQL-GTA,500.0
17,407,Baseline FQL,295.0
17,407,Improved FQL-GTA,500.0
17,408,Baseline FQL,370.0
17,408,Improved FQL-GTA,500.0
17,409,Baseline FQL,368.0
17,409,Improved FQL-GTA,500.0
17,410,Baseline FQL,217.0
17,410,Improved FQL-GTA,500.0
17,411,Baseline FQL,378.0
17,411,Improved FQL-GTA,482.0
17,412,Baseline FQL,401.0
17,412,Improved FQL-GTA,258.0
17,413,Baseline FQL,212.0
17,413,Improved FQL-GTA,264.0
17,414,Baseline FQL,380.0
17,414,Improved FQL-GTA,231.0
17,415,Baseline FQL,233.0
17,415,Improved FQL-GTA,259.0
17,416,Baseline FQL,305.0
17,416,Improved FQL-GTA,324.0
17,417,Baseline FQL,260.0
17,417,Improved FQL-GTA,376.0
17,418,Baseline FQL,130.0
17,418,Improved FQL-GTA,366.0
17,419,Baseline FQL,202.0
17,419,Improved FQL-GTA,427.0
17,420,Baseline FQL,224.0
17,420,Improved FQL-GTA,295.0
17,421,Baseline FQL,272.0
17,421,Improved FQL-GTA,265.0
17,422,Baseline FQL,285.0
17,422,Improved FQL-GTA,270.0
17,423,Baseline FQL,248.0
17,423,Improved FQL-GTA,252.0
17,424,Baseline FQL,432.0
17,424,Improved FQL-GTA,294.0
17,425,Baseline FQL,406.0
17,425,Improved FQL-GTA,214.0
17,426,Baseline FQL,281.0
17,426,Improved FQL-GTA,234.0
17,427,Baseline FQL,346.0
17,427,Improved FQL-GTA,263.0
17,428,Baseline FQL,228.0
17,428,Improved FQL-GTA,294.0
17,429,Baseline FQL,257.0
17,429,Improved FQL-GTA,326.0
17,430,Baseline FQL,222.0
17,430,Improved FQL-GTA,310.0
17,431,Baseline FQL,225.0
17,431,Improved FQL-GTA,290.0
17,432,Baseline FQL,360.0
17,432,Improved FQL-GTA,351.0
17,433,Baseline FQL,299.0
17,433,Improved FQL-GTA,500.0
17,434,Baseline FQL,264.0
17,434,Improved FQL-GTA,406.0
17,435,Baseline FQL,249.0
17,435,Improved FQL-GTA,500.0
17,436,Baseline FQL,162.0
17,436,Improved FQL-GTA,500.0
17,437,Baseline FQL,217.0
17,437,Improved FQL-GTA,461.0
17,438,Baseline FQL,190.0
17,438,Improved FQL-GTA,500.0
17,439,Baseline FQL,257.0
17,439,Improved FQL-GTA,451.0
17,440,Baseline FQL,328.0
17,440,Improved FQL-GTA,500.0
17,441,Baseline FQL,286.0
17,441,Improved FQL-GTA,500.0
17,442,Baseline FQL,205.0
17,442,Improved FQL-GTA,500.0
17,443,Baseline FQL,226.0
17,443,Improved FQL-GTA,500.0
17,444,Baseline FQL,465.0
17,444,Improved FQL-GTA,500.0
17,445,Baseline FQL,247.0
17,445,Improved FQL-GTA,500.0
17,446,Baseline FQL,351.0
17,446,Improved FQL-GTA,500.0
17,447,Baseline FQL,264.0
17,447,Improved FQL-GTA,461.0
17,448,Baseline FQL,299.0
17,448,Improved FQL-GTA,500.0
17,449,Baseline FQL,273.0
17,449,Improved FQL-GTA,500.0
17,450,Baseline FQL,383.0
17,450,Improved FQL-GTA,500.0
17,451,Baseline FQL,351.0
17,451,Improved FQL-GTA,500.0
17,452,Baseline FQL,266.0
17,452,Improved FQL-GTA,500.0
17,453,Baseline FQL,252.0
17,453,Improved FQL-GTA,500.0
17,454,Baseline FQL,319.0
17,454,Improved FQL-GTA,500.0
17,455,Baseline FQL,234.0
17,455,Improved FQL-GTA,500.0
17,456,Baseline FQL,280.0
17,456,Improved FQL-GTA,500.0
17,457,Baseline FQL,113.0
17,457,Improved FQL-GTA,500.0
17,458,Baseline FQL,228.0
17,458,Improved FQL-GTA,500.0
17,459,Baseline FQL,271.0
17,459,Improved FQL-GTA,500.0
17,460,Baseline FQL,239.0
17,460,Improved FQL-GTA,500.0
17,461,Baseline FQL,246.0
17,461,Improved FQL-GTA,500.0
17,462,Baseline FQL,381.0
17,462,Improved FQL-GTA,500.0
17,463,Baseline FQL,258.0
17,463,Improved FQL-GTA,500.0
17,464,Baseline FQL,235.0
17,464,Improved FQL-GTA,500.0
17,465,Baseline FQL,240.0
17,465,Improved FQL-GTA,500.0
17,466,Baseline FQL,273.0
17,466,Improved FQL-GTA,500.0
17,467,Baseline FQL,305.0
17,467,Improved FQL-GTA,500.0
17,468,Baseline FQL,228.0
17,468,Improved FQL-GTA,500.0
17,469,Baseline FQL,248.0
17,469,Improved FQL-GTA,500.0
17,470,Baseline FQL,257.0
17,470,Improved FQL-GTA,500.0
17,471,Baseline FQL,310.0
17,471,Improved FQL-GTA,500.0
17,472,Baseline FQL,361.0
17,472,Improved FQL-GTA,500.0
17,473,Baseline FQL,293.0
17,473,Improved FQL-GTA,500.0
17,474,Baseline FQL,230.0
17,474,Improved FQL-GTA,500.0
17,475,Baseline FQL,210.0
17,475,Improved FQL-GTA,500.0
17,476,Baseline FQL,295.0
17,476,Improved FQL-GTA,500.0
17,477,Baseline FQL,283.0
17,477,Improved FQL-GTA,500.0
17,478,Baseline FQL,227.0
17,478,Improved FQL-GTA,500.0
17,479,Baseline FQL,235.0
17,479,Improved FQL-GTA,500.0
17,480,Baseline FQL,248.0
17,480,Improved FQL-GTA,500.0
17,481,Baseline FQL,126.0
17,481,Improved FQL-GTA,500.0
17,482,Baseline FQL,293.0
17,482,Improved FQL-GTA,500.0
17,483,Baseline FQL,227.0
17,483,Improved FQL-GTA,500.0
17,484,Baseline FQL,389.0
17,484,Improved FQL-GTA,500.0
17,485,Baseline FQL,344.0
17,485,Improved FQL-GTA,494.0
17,486,Baseline FQL,259.0
17,486,Improved FQL-GTA,500.0
17,487,Baseline FQL,293.0
17,487,Improved FQL-GTA,500.0
17,488,Baseline FQL,262.0
17,488,Improved FQL-GTA,500.0
17,489,Baseline FQL,224.0
17,489,Improved FQL-GTA,500.0
17,490,Baseline FQL,168.0
17,490,Improved FQL-GTA,500.0
17,491,Baseline FQL,316.0
17,491,Improved FQL-GTA,500.0
17,492,Baseline FQL,247.0
17,492,Improved FQL-GTA,500.0
17,493,Baseline FQL,335.0
17,493,Improved FQL-GTA,500.0
17,494,Baseline FQL,236.0
17,494,Improved FQL-GTA,500.0
17,495,Baseline FQL,258.0
17,495,Improved FQL-GTA,500.0
17,496,Baseline FQL,247.0
17,496,Improved FQL-GTA,500.0
17,497,Baseline FQL,258.0
17,497,Improved FQL-GTA,500.0
17,498,Baseline FQL,262.0
17,498,Improved FQL-GTA,500.0
17,499,Baseline FQL,424.0
17,499,Improved FQL-GTA,500.0
17,500,Baseline FQL,266.0
17,500,Improved FQL-GTA,500.0
18,1,Baseline FQL,11.0
18,1,Improved FQL-GTA,11.0
18,2,Baseline FQL,12.0
18,2,Improved FQL-GTA,10.0
18,3,Baseline FQL,10.0
18,3,Improved FQL-GTA,12.0
18,4,Baseline FQL,9.0
18,4,Improved FQL-GTA,22.0
18,5,Baseline FQL,11.0
18,5,Improved FQL-GTA,9.0
18,6,Baseline FQL,10.0
18,6,Improved FQL-GTA,9.0
18,7,Baseline FQL,9.0
18,7,Improved FQL-GTA,12.0
18,8,Baseline FQL,10.0
18,8,Improved FQL-GTA,10.0
18,9,Baseline FQL,10.0
18,9,Improved FQL-GTA,10.0
18,10,Baseline FQL,10.0
18,10,Improved FQL-GTA,26.0
18,11,Baseline FQL,10.0
18,11,Improved FQL-GTA,11.0
18,12,Baseline FQL,9.0
18,12,Improved FQL-GTA,9.0
18,13,Baseline FQL,10.0
18,13,Improved FQL-GTA,12.0
18,14,Baseline FQL,9.0
18,14,Improved FQL-GTA,10.0
18,15,Baseline FQL,11.0
18,15,Improved FQL-GTA,11.0
18,16,Baseline FQL,8.0
18,16,Improved FQL-GTA,12.0
18,17,Baseline FQL,10.0
18,17,Improved FQL-GTA,10.0
18,18,Baseline FQL,8.0
18,18,Improved FQL-GTA,11.0
18,19,Baseline FQL,8.0
18,19,Improved FQL-GTA,13.0
18,20,Baseline FQL,13.0
18,20,Improved FQL-GTA,11.0
18,21,Baseline FQL,10.0
18,21,Improved FQL-GTA,12.0
18,22,Baseline FQL,10.0
18,22,Improved FQL-GTA,20.0
18,23,Baseline FQL,8.0
18,23,Improved FQL-GTA,14.0
18,24,Baseline FQL,10.0
18,24,Improved FQL-GTA,15.0
18,25,Baseline FQL,8.0
18,25,Improved FQL-GTA,16.0
18,26,Baseline FQL,10.0
18,26,Improved FQL-GTA,8.0
18,27,Baseline FQL,9.0
18,27,Improved FQL-GTA,13.0
18,28,Baseline FQL,9.0
18,28,Improved FQL-GTA,19.0
18,29,Baseline FQL,10.0
18,29,Improved FQL-GTA,19.0
18,30,Baseline FQL,10.0
18,30,Improved FQL-GTA,17.0
18,31,Baseline FQL,10.0
18,31,Improved FQL-GTA,19.0
18,32,Baseline FQL,10.0
18,32,Improved FQL-GTA,14.0
18,33,Baseline FQL,11.0
18,33,Improved FQL-GTA,18.0
18,34,Baseline FQL,10.0
18,34,Improved FQL-GTA,10.0
18,35,Baseline FQL,10.0
18,35,Improved FQL-GTA,11.0
18,36,Baseline FQL,11.0
18,36,Improved FQL-GTA,13.0
18,37,Baseline FQL,10.0
18,37,Improved FQL-GTA,13.0
18,38,Baseline FQL,11.0
18,38,Improved FQL-GTA,11.0
18,39,Baseline FQL,9.0
18,39,Improved FQL-GTA,17.0
18,40,Baseline FQL,9.0
18,40,Improved FQL-GTA,12.0
18,41,Baseline FQL,11.0
18,41,Improved FQL-GTA,18.0
18,42,Baseline FQL,11.0
18,42,Improved FQL-GTA,19.0
18,43,Baseline FQL,10.0
18,43,Improved FQL-GTA,8.0
18,44,Baseline FQL,9.0
18,44,Improved FQL-GTA,15.0
18,45,Baseline FQL,9.0
18,45,Improved FQL-GTA,15.0
18,46,Baseline FQL,10.0
18,46,Improved FQL-GTA,12.0
18,47,Baseline FQL,10.0
18,47,Improved FQL-GTA,18.0
18,48,Baseline FQL,13.0
18,48,Improved FQL-GTA,14.0
18,49,Baseline FQL,10.0
18,49,Improved FQL-GTA,28.0
18,50,Baseline FQL,11.0
18,50,Improved FQL-GTA,19.0
18,51,Baseline FQL,10.0
18,51,Improved FQL-GTA,28.0
18,52,Baseline FQL,8.0
18,52,Improved FQL-GTA,17.0
18,53,Baseline FQL,10.0
18,53,Improved FQL-GTA,30.0
18,54,Baseline FQL,9.0
18,54,Improved FQL-GTA,19.0
18,55,Baseline FQL,10.0
18,55,Improved FQL-GTA,15.0
18,56,Baseline FQL,10.0
18,56,Improved FQL-GTA,15.0
18,57,Baseline FQL,9.0
18,57,Improved FQL-GTA,16.0
18,58,Baseline FQL,9.0
18,58,Improved FQL-GTA,16.0
18,59,Baseline FQL,10.0
18,59,Improved FQL-GTA,27.0
18,60,Baseline FQL,10.0
18,60,Improved FQL-GTA,20.0
18,61,Baseline FQL,11.0
18,61,Improved FQL-GTA,25.0
18,62,Baseline FQL,9.0
18,62,Improved FQL-GTA,13.0
18,63,Baseline FQL,12.0
18,63,Improved FQL-GTA,19.0
18,64,Baseline FQL,8.0
18,64,Improved FQL-GTA,23.0
18,65,Baseline FQL,12.0
18,65,Improved FQL-GTA,19.0
18,66,Baseline FQL,9.0
18,66,Improved FQL-GTA,22.0
18,67,Baseline FQL,9.0
18,67,Improved FQL-GTA,22.0
18,68,Baseline FQL,9.0
18,68,Improved FQL-GTA,31.0
18,69,Baseline FQL,12.0
18,69,Improved FQL-GTA,27.0
18,70,Baseline FQL,10.0
18,70,Improved FQL-GTA,18.0
18,71,Baseline FQL,11.0
18,71,Improved FQL-GTA,21.0
18,72,Baseline FQL,15.0
18,72,Improved FQL-GTA,15.0
18,73,Baseline FQL,9.0
18,73,Improved FQL-GTA,17.0
18,74,Baseline FQL,11.0
18,74,Improved FQL-GTA,13.0
18,75,Baseline FQL,13.0
18,75,Improved FQL-GTA,29.0
18,76,Baseline FQL,17.0
18,76,Improved FQL-GTA,30.0
18,77,Baseline FQL,14.0
18,77,Improved FQL-GTA,26.0
18,78,Baseline FQL,10.0
18,78,Improved FQL-GTA,17.0
18,79,Baseline FQL,18.0
18,79,Improved FQL-GTA,23.0
18,80,Baseline FQL,13.0
18,80,Improved FQL-GTA,30.0
18,81,Baseline FQL,10.0
18,81,Improved FQL-GTA,15.0
18,82,Baseline FQL,13.0
18,82,Improved FQL-GTA,21.0
18,83,Baseline FQL,16.0
18,83,Improved FQL-GTA,19.0
18,84,Baseline FQL,13.0
18,84,Improved FQL-GTA,22.0
18,85,Baseline FQL,13.0
18,85,Improved FQL-GTA,17.0
18,86,Baseline FQL,17.0
18,86,Improved FQL-GTA,23.0
18,87,Baseline FQL,21.0
18,87,Improved FQL-GTA,17.0
18,88,Baseline FQL,20.0
18,88,Improved FQL-GTA,17.0
18,89,Baseline FQL,20.0
18,89,Improved FQL-GTA,17.0
18,90,Baseline FQL,18.0
18,90,Improved FQL-GTA,27.0
18,91,Baseline FQL,20.0
18,91,Improved FQL-GTA,14.0
18,92,Baseline FQL,12.0
18,92,Improved FQL-GTA,17.0
18,93,Baseline FQL,13.0
18,93,Improved FQL-GTA,34.0
18,94,Baseline FQL,15.0
18,94,Improved FQL-GTA,32.0
18,95,Baseline FQL,11.0
18,95,Improved FQL-GTA,19.0
18,96,Baseline FQL,22.0
18,96,Improved FQL-GTA,22.0
18,97,Baseline FQL,15.0
18,97,Improved FQL-GTA,23.0
18,98,Baseline FQL,17.0
18,98,Improved FQL-GTA,28.0
18,99,Baseline FQL,11.0
18,99,Improved FQL-GTA,33.0
18,100,Baseline FQL,15.0
18,100,Improved FQL-GTA,25.0
18,101,Baseline FQL,21.0
18,101,Improved FQL-GTA,20.0
18,102,Baseline FQL,15.0
18,102,Improved FQL-GTA,42.0
18,103,Baseline FQL,19.0
18,103,Improved FQL-GTA,21.0
18,104,Baseline FQL,12.0
18,104,Improved FQL-GTA,16.0
18,105,Baseline FQL,19.0
18,105,Improved FQL-GTA,21.0
18,106,Baseline FQL,21.0
18,106,Improved FQL-GTA,13.0
18,107,Baseline FQL,11.0
18,107,Improved FQL-GTA,23.0
18,108,Baseline FQL,21.0
18,108,Improved FQL-GTA,36.0
18,109,Baseline FQL,24.0
18,109,Improved FQL-GTA,23.0
18,110,Baseline FQL,21.0
18,110,Improved FQL-GTA,21.0
18,111,Baseline FQL,17.0
18,111,Improved FQL-GTA,17.0
18,112,Baseline FQL,11.0
18,112,Improved FQL-GTA,29.0
18,113,Baseline FQL,20.0
18,113,Improved FQL-GTA,36.0
18,114,Baseline FQL,17.0
18,114,Improved FQL-GTA,469.0
18,115,Baseline FQL,17.0
18,115,Improved FQL-GTA,122.0
18,116,Baseline FQL,17.0
18,116,Improved FQL-GTA,206.0
18,117,Baseline FQL,15.0
18,117,Improved FQL-GTA,155.0
18,118,Baseline FQL,11.0
18,118,Improved FQL-GTA,293.0
18,119,Baseline FQL,25.0
18,119,Improved FQL-GTA,30.0
18,120,Baseline FQL,19.0
18,120,Improved FQL-GTA,82.0
18,121,Baseline FQL,15.0
18,121,Improved FQL-GTA,132.0
18,122,Baseline FQL,23.0
18,122,Improved FQL-GTA,227.0
18,123,Baseline FQL,13.0
18,123,Improved FQL-GTA,233.0
18,124,Baseline FQL,26.0
18,124,Improved FQL-GTA,153.0
18,125,Baseline FQL,15.0
18,125,Improved FQL-GTA,183.0
18,126,Baseline FQL,15.0
18,126,Improved FQL-GTA,227.0
18,127,Baseline FQL,18.0
18,127,Improved FQL-GTA,137.0
18,128,Baseline FQL,11.0
18,128,Improved FQL-GTA,175.0
18,129,Baseline FQL,17.0
18,129,Improved FQL-GTA,173.0
18,130,Baseline FQL,17.0
18,130,Improved FQL-GTA,233.0
18,131,Baseline FQL,15.0
18,131,Improved FQL-GTA,202.0
18,132,Baseline FQL,19.0
18,132,Improved FQL-GTA,140.0
18,133,Baseline FQL,13.0
18,133,Improved FQL-GTA,303.0
18,134,Baseline FQL,14.0
18,134,Improved FQL-GTA,194.0
18,135,Baseline FQL,21.0
18,135,Improved FQL-GTA,17.0
18,136,Baseline FQL,21.0
18,136,Improved FQL-GTA,175.0
18,137,Baseline FQL,22.0
18,137,Improved FQL-GTA,326.0
18,138,Baseline FQL,17.0
18,138,Improved FQL-GTA,314.0
18,139,Baseline FQL,25.0
18,139,Improved FQL-GTA,286.0
18,140,Baseline FQL,19.0
18,140,Improved FQL-GTA,281.0
18,141,Baseline FQL,17.0
18,141,Improved FQL-GTA,367.0
18,142,Baseline FQL,18.0
18,142,Improved FQL-GTA,316.0
18,143,Baseline FQL,17.0
18,143,Improved FQL-GTA,341.0
18,144,Baseline FQL,21.0
18,144,Improved FQL-GTA,255.0
18,145,Baseline FQL,13.0
18,145,Improved FQL-GTA,219.0
18,146,Baseline FQL,15.0
18,146,Improved FQL-GTA,298.0
18,147,Baseline FQL,18.0
18,147,Improved FQL-GTA,341.0
18,148,Baseline FQL,13.0
18,148,Improved FQL-GTA,283.0
18,149,Baseline FQL,13.0
18,149,Improved FQL-GTA,21.0
18,150,Baseline FQL,15.0
18,150,Improved FQL-GTA,389.0
18,151,Baseline FQL,13.0
18,151,Improved FQL-GTA,388.0
18,152,Baseline FQL,15.0
18,152,Improved FQL-GTA,400.0
18,153,Baseline FQL,11.0
18,153,Improved FQL-GTA,500.0
18,154,Baseline FQL,17.0
18,154,Improved FQL-GTA,315.0
18,155,Baseline FQL,15.0
18,155,Improved FQL-GTA,278.0
18,156,Baseline FQL,19.0
18,156,Improved FQL-GTA,254.0
18,157,Baseline FQL,11.0
18,157,Improved FQL-GTA,352.0
18,158,Baseline FQL,26.0
18,158,Improved FQL-GTA,253.0
18,159,Baseline FQL,14.0
18,159,Improved FQL-GTA,301.0
18,160,Baseline FQL,21.0
18,160,Improved FQL-GTA,263.0
18,161,Baseline FQL,23.0
18,161,Improved FQL-GTA,275.0
18,162,Baseline FQL,11.0
18,162,Improved FQL-GTA,341.0
18,163,Baseline FQL,14.0
18,163,Improved FQL-GTA,288.0
18,164,Baseline FQL,17.0
18,164,Improved FQL-GTA,176.0
18,165,Baseline FQL,17.0
18,165,Improved FQL-GTA,326.0
18,166,Baseline FQL,14.0
18,166,Improved FQL-GTA,500.0
18,167,Baseline FQL,10.0
18,167,Improved FQL-GTA,500.0
18,168,Baseline FQL,19.0
18,168,Improved FQL-GTA,408.0
18,169,Baseline FQL,15.0
18,169,Improved FQL-GTA,500.0
18,170,Baseline FQL,27.0
18,170,Improved FQL-GTA,500.0
18,171,Baseline FQL,17.0
18,171,Improved FQL-GTA,290.0
18,172,Baseline FQL,19.0
18,172,Improved FQL-GTA,451.0
18,173,Baseline FQL,13.0
18,173,Improved FQL-GTA,500.0
18,174,Baseline FQL,29.0
18,174,Improved FQL-GTA,500.0
18,175,Baseline FQL,32.0
18,175,Improved FQL-GTA,500.0
18,176,Baseline FQL,23.0
18,176,Improved FQL-GTA,500.0
18,177,Baseline FQL,29.0
18,177,Improved FQL-GTA,500.0
18,178,Baseline FQL,21.0
18,178,Improved FQL-GTA,500.0
18,179,Baseline FQL,17.0
18,179,Improved FQL-GTA,500.0
18,180,Baseline FQL,19.0
18,180,Improved FQL-GTA,500.0
18,181,Baseline FQL,30.0
18,181,Improved FQL-GTA,475.0
18,182,Baseline FQL,29.0
18,182,Improved FQL-GTA,500.0
18,183,Baseline FQL,23.0
18,183,Improved FQL-GTA,369.0
18,184,Baseline FQL,25.0
18,184,Improved FQL-GTA,334.0
18,185,Baseline FQL,18.0
18,185,Improved FQL-GTA,377.0
18,186,Baseline FQL,28.0
18,186,Improved FQL-GTA,419.0
18,187,Baseline FQL,26.0
18,187,Improved FQL-GTA,500.0
18,188,Baseline FQL,17.0
18,188,Improved FQL-GTA,334.0
18,189,Baseline FQL,18.0
18,189,Improved FQL-GTA,326.0
18,190,Baseline FQL,19.0
18,190,Improved FQL-GTA,434.0
18,191,Baseline FQL,33.0
18,191,Improved FQL-GTA,316.0
18,192,Baseline FQL,25.0
18,192,Improved FQL-GTA,317.0
18,193,Baseline FQL,26.0
18,193,Improved FQL-GTA,289.0
18,194,Baseline FQL,26.0
18,194,Improved FQL-GTA,430.0
18,195,Baseline FQL,23.0
18,195,Improved FQL-GTA,500.0
18,196,Baseline FQL,23.0
18,196,Improved FQL-GTA,500.0
18,197,Baseline FQL,35.0
18,197,Improved FQL-GTA,500.0
18,198,Baseline FQL,15.0
18,198,Improved FQL-GTA,500.0
18,199,Baseline FQL,29.0
18,199,Improved FQL-GTA,500.0
18,200,Baseline FQL,18.0
18,200,Improved FQL-GTA,500.0
18,201,Baseline FQL,15.0
18,201,Improved FQL-GTA,500.0
18,202,Baseline FQL,31.0
18,202,Improved FQL-GTA,500.0
18,203,Baseline FQL,16.0
18,203,Improved FQL-GTA,500.0
18,204,Baseline FQL,15.0
18,204,Improved FQL-GTA,447.0
18,205,Baseline FQL,20.0
18,205,Improved FQL-GTA,493.0
18,206,Baseline FQL,24.0
18,206,Improved FQL-GTA,446.0
18,207,Baseline FQL,44.0
18,207,Improved FQL-GTA,485.0
18,208,Baseline FQL,17.0
18,208,Improved FQL-GTA,500.0
18,209,Baseline FQL,18.0
18,209,Improved FQL-GTA,500.0
18,210,Baseline FQL,35.0
18,210,Improved FQL-GTA,500.0
18,211,Baseline FQL,50.0
18,211,Improved FQL-GTA,269.0
18,212,Baseline FQL,25.0
18,212,Improved FQL-GTA,500.0
18,213,Baseline FQL,14.0
18,213,Improved FQL-GTA,500.0
18,214,Baseline FQL,30.0
18,214,Improved FQL-GTA,500.0
18,215,Baseline FQL,25.0
18,215,Improved FQL-GTA,500.0
18,216,Baseline FQL,57.0
18,216,Improved FQL-GTA,500.0
18,217,Baseline FQL,28.0
18,217,Improved FQL-GTA,500.0
18,218,Baseline FQL,60.0
18,218,Improved FQL-GTA,500.0
18,219,Baseline FQL,15.0
18,219,Improved FQL-GTA,500.0
18,220,Baseline FQL,46.0
18,220,Improved FQL-GTA,500.0
18,221,Baseline FQL,16.0
18,221,Improved FQL-GTA,500.0
18,222,Baseline FQL,42.0
18,222,Improved FQL-GTA,500.0
18,223,Baseline FQL,62.0
18,223,Improved FQL-GTA,500.0
18,224,Baseline FQL,40.0
18,224,Improved FQL-GTA,500.0
18,225,Baseline FQL,30.0
18,225,Improved FQL-GTA,500.0
18,226,Baseline FQL,18.0
18,226,Improved FQL-GTA,500.0
18,227,Baseline FQL,28.0
18,227,Improved FQL-GTA,500.0
18,228,Baseline FQL,76.0
18,228,Improved FQL-GTA,500.0
18,229,Baseline FQL,32.0
18,229,Improved FQL-GTA,493.0
18,230,Baseline FQL,38.0
18,230,Improved FQL-GTA,500.0
18,231,Baseline FQL,112.0
18,231,Improved FQL-GTA,500.0
18,232,Baseline FQL,20.0
18,232,Improved FQL-GTA,500.0
18,233,Baseline FQL,70.0
18,233,Improved FQL-GTA,500.0
18,234,Baseline FQL,25.0
18,234,Improved FQL-GTA,500.0
18,235,Baseline FQL,38.0
18,235,Improved FQL-GTA,500.0
18,236,Baseline FQL,62.0
18,236,Improved FQL-GTA,500.0
18,237,Baseline FQL,43.0
18,237,Improved FQL-GTA,500.0
18,238,Baseline FQL,40.0
18,238,Improved FQL-GTA,500.0
18,239,Baseline FQL,17.0
18,239,Improved FQL-GTA,500.0
18,240,Baseline FQL,58.0
18,240,Improved FQL-GTA,500.0
18,241,Baseline FQL,37.0
18,241,Improved FQL-GTA,500.0
18,242,Baseline FQL,56.0
18,242,Improved FQL-GTA,500.0
18,243,Baseline FQL,89.0
18,243,Improved FQL-GTA,500.0
18,244,Baseline FQL,38.0
18,244,Improved FQL-GTA,188.0
18,245,Baseline FQL,38.0
18,245,Improved FQL-GTA,366.0
18,246,Baseline FQL,56.0
18,246,Improved FQL-GTA,500.0
18,247,Baseline FQL,46.0
18,247,Improved FQL-GTA,500.0
18,248,Baseline FQL,73.0
18,248,Improved FQL-GTA,500.0
18,249,Baseline FQL,51.0
18,249,Improved FQL-GTA,500.0
18,250,Baseline FQL,143.0
18,250,Improved FQL-GTA,500.0
18,251,Baseline FQL,46.0
18,251,Improved FQL-GTA,500.0
18,252,Baseline FQL,37.0
18,252,Improved FQL-GTA,500.0
18,253,Baseline FQL,56.0
18,253,Improved FQL-GTA,500.0
18,254,Baseline FQL,99.0
18,254,Improved FQL-GTA,500.0
18,255,Baseline FQL,133.0
18,255,Improved FQL-GTA,500.0
18,256,Baseline FQL,90.0
18,256,Improved FQL-GTA,500.0
18,257,Baseline FQL,113.0
18,257,Improved FQL-GTA,500.0
18,258,Baseline FQL,88.0
18,258,Improved FQL-GTA,459.0
18,259,Baseline FQL,99.0
18,259,Improved FQL-GTA,332.0
18,260,Baseline FQL,43.0
18,260,Improved FQL-GTA,456.0
18,261,Baseline FQL,56.0
18,261,Improved FQL-GTA,500.0
18,262,Baseline FQL,58.0
18,262,Improved FQL-GTA,500.0
18,263,Baseline FQL,60.0
18,263,Improved FQL-GTA,500.0
18,264,Baseline FQL,104.0
18,264,Improved FQL-GTA,500.0
18,265,Baseline FQL,164.0
18,265,Improved FQL-GTA,500.0
18,266,Baseline FQL,165.0
18,266,Improved FQL-GTA,500.0
18,267,Baseline FQL,239.0
18,267,Improved FQL-GTA,500.0
18,268,Baseline FQL,211.0
18,268,Improved FQL-GTA,500.0
18,269,Baseline FQL,125.0
18,269,Improved FQL-GTA,500.0
18,270,Baseline FQL,144.0
18,270,Improved FQL-GTA,500.0
18,271,Baseline FQL,256.0
18,271,Improved FQL-GTA,500.0
18,272,Baseline FQL,174.0
18,272,Improved FQL-GTA,500.0
18,273,Baseline FQL,67.0
18,273,Improved FQL-GTA,500.0
18,274,Baseline FQL,231.0
18,274,Improved FQL-GTA,394.0
18,275,Baseline FQL,124.0
18,275,Improved FQL-GTA,285.0
18,276,Baseline FQL,80.0
18,276,Improved FQL-GTA,279.0
18,277,Baseline FQL,113.0
18,277,Improved FQL-GTA,310.0
18,278,Baseline FQL,172.0
18,278,Improved FQL-GTA,500.0
18,279,Baseline FQL,225.0
18,279,Improved FQL-GTA,283.0
18,280,Baseline FQL,195.0
18,280,Improved FQL-GTA,169.0
18,281,Baseline FQL,263.0
18,281,Improved FQL-GTA,500.0
18,282,Baseline FQL,226.0
18,282,Improved FQL-GTA,500.0
18,283,Baseline FQL,295.0
18,283,Improved FQL-GTA,500.0
18,284,Baseline FQL,180.0
18,284,Improved FQL-GTA,500.0
18,285,Baseline FQL,248.0
18,285,Improved FQL-GTA,500.0
18,286,Baseline FQL,211.0
18,286,Improved FQL-GTA,500.0
18,287,Baseline FQL,255.0
18,287,Improved FQL-GTA,500.0
18,288,Baseline FQL,284.0
18,288,Improved FQL-GTA,500.0
18,289,Baseline FQL,141.0
18,289,Improved FQL-GTA,500.0
18,290,Baseline FQL,159.0
18,290,Improved FQL-GTA,500.0
18,291,Baseline FQL,60.0
18,291,Improved FQL-GTA,500.0
18,292,Baseline FQL,110.0
18,292,Improved FQL-GTA,500.0
18,293,Baseline FQL,208.0
18,293,Improved FQL-GTA,500.0
18,294,Baseline FQL,218.0
18,294,Improved FQL-GTA,500.0
18,295,Baseline FQL,331.0
18,295,Improved FQL-GTA,500.0
18,296,Baseline FQL,233.0
18,296,Improved FQL-GTA,500.0
18,297,Baseline FQL,232.0
18,297,Improved FQL-GTA,500.0
18,298,Baseline FQL,224.0
18,298,Improved FQL-GTA,500.0
18,299,Baseline FQL,286.0
18,299,Improved FQL-GTA,500.0
18,300,Baseline FQL,237.0
18,300,Improved FQL-GTA,500.0
18,301,Baseline FQL,219.0
18,301,Improved FQL-GTA,500.0
18,302,Baseline FQL,226.0
18,302,Improved FQL-GTA,500.0
18,303,Baseline FQL,241.0
18,303,Improved FQL-GTA,500.0
18,304,Baseline FQL,233.0
18,304,Improved FQL-GTA,500.0
18,305,Baseline FQL,288.0
18,305,Improved FQL-GTA,500.0
18,306,Baseline FQL,210.0
18,306,Improved FQL-GTA,492.0
18,307,Baseline FQL,231.0
18,307,Improved FQL-GTA,242.0
18,308,Baseline FQL,249.0
18,308,Improved FQL-GTA,500.0
18,309,Baseline FQL,231.0
18,309,Improved FQL-GTA,500.0
18,310,Baseline FQL,248.0
18,310,Improved FQL-GTA,500.0
18,311,Baseline FQL,294.0
18,311,Improved FQL-GTA,500.0
18,312,Baseline FQL,355.0
18,312,Improved FQL-GTA,500.0
18,313,Baseline FQL,283.0
18,313,Improved FQL-GTA,500.0
18,314,Baseline FQL,281.0
18,314,Improved FQL-GTA,500.0
18,315,Baseline FQL,187.0
18,315,Improved FQL-GTA,500.0
18,316,Baseline FQL,191.0
18,316,Improved FQL-GTA,500.0
18,317,Baseline FQL,281.0
18,317,Improved FQL-GTA,500.0
18,318,Baseline FQL,351.0
18,318,Improved FQL-GTA,500.0
18,319,Baseline FQL,226.0
18,319,Improved FQL-GTA,500.0
18,320,Baseline FQL,231.0
18,320,Improved FQL-GTA,500.0
18,321,Baseline FQL,223.0
18,321,Improved FQL-GTA,500.0
18,322,Baseline FQL,226.0
18,322,Improved FQL-GTA,500.0
18,323,Baseline FQL,207.0
18,323,Improved FQL-GTA,500.0
18,324,Baseline FQL,217.0
18,324,Improved FQL-GTA,500.0
18,325,Baseline FQL,302.0
18,325,Improved FQL-GTA,500.0
18,326,Baseline FQL,500.0
18,326,Improved FQL-GTA,500.0
18,327,Baseline FQL,415.0
18,327,Improved FQL-GTA,500.0
18,328,Baseline FQL,264.0
18,328,Improved FQL-GTA,492.0
18,329,Baseline FQL,248.0
18,329,Improved FQL-GTA,288.0
18,330,Baseline FQL,230.0
18,330,Improved FQL-GTA,261.0
18,331,Baseline FQL,255.0
18,331,Improved FQL-GTA,498.0
18,332,Baseline FQL,246.0
18,332,Improved FQL-GTA,365.0
18,333,Baseline FQL,344.0
18,333,Improved FQL-GTA,297.0
18,334,Baseline FQL,148.0
18,334,Improved FQL-GTA,500.0
18,335,Baseline FQL,310.0
18,335,Improved FQL-GTA,500.0
18,336,Baseline FQL,283.0
18,336,Improved FQL-GTA,500.0
18,337,Baseline FQL,260.0
18,337,Improved FQL-GTA,500.0
18,338,Baseline FQL,311.0
18,338,Improved FQL-GTA,500.0
18,339,Baseline FQL,276.0
18,339,Improved FQL-GTA,500.0
18,340,Baseline FQL,266.0
18,340,Improved FQL-GTA,500.0
18,341,Baseline FQL,229.0
18,341,Improved FQL-GTA,500.0
18,342,Baseline FQL,228.0
18,342,Improved FQL-GTA,500.0
18,343,Baseline FQL,223.0
18,343,Improved FQL-GTA,500.0
18,344,Baseline FQL,299.0
18,344,Improved FQL-GTA,500.0
18,345,Baseline FQL,311.0
18,345,Improved FQL-GTA,500.0
18,346,Baseline FQL,291.0
18,346,Improved FQL-GTA,500.0
18,347,Baseline FQL,500.0
18,347,Improved FQL-GTA,500.0
18,348,Baseline FQL,274.0
18,348,Improved FQL-GTA,500.0
18,349,Baseline FQL,355.0
18,349,Improved FQL-GTA,500.0
18,350,Baseline FQL,288.0
18,350,Improved FQL-GTA,500.0
18,351,Baseline FQL,250.0
18,351,Improved FQL-GTA,500.0
18,352,Baseline FQL,357.0
18,352,Improved FQL-GTA,500.0
18,353,Baseline FQL,229.0
18,353,Improved FQL-GTA,500.0
18,354,Baseline FQL,260.0
18,354,Improved FQL-GTA,500.0
18,355,Baseline FQL,215.0
18,355,Improved FQL-GTA,500.0
18,356,Baseline FQL,256.0
18,356,Improved FQL-GTA,500.0
18,357,Baseline FQL,255.0
18,357,Improved FQL-GTA,500.0
18,358,Baseline FQL,271.0
18,358,Improved FQL-GTA,500.0
18,359,Baseline FQL,236.0
18,359,Improved FQL-GTA,500.0
18,360,Baseline FQL,222.0
18,360,Improved FQL-GTA,500.0
18,361,Baseline FQL,205.0
18,361,Improved FQL-GTA,478.0
18,362,Baseline FQL,231.0
18,362,Improved FQL-GTA,500.0
18,363,Baseline FQL,66.0
18,363,Improved FQL-GTA,500.0
18,364,Baseline FQL,242.0
18,364,Improved FQL-GTA,500.0
18,365,Baseline FQL,212.0
18,365,Improved FQL-GTA,500.0
18,366,Baseline FQL,215.0
18,366,Improved FQL-GTA,500.0
18,367,Baseline FQL,202.0
18,367,Improved FQL-GTA,500.0
18,368,Baseline FQL,192.0
18,368,Improved FQL-GTA,500.0
18,369,Baseline FQL,234.0
18,369,Improved FQL-GTA,500.0
18,370,Baseline FQL,298.0
18,370,Improved FQL-GTA,500.0
18,371,Baseline FQL,265.0
18,371,Improved FQL-GTA,500.0
18,372,Baseline FQL,282.0
18,372,Improved FQL-GTA,500.0
18,373,Baseline FQL,239.0
18,373,Improved FQL-GTA,500.0
18,374,Baseline FQL,246.0
18,374,Improved FQL-GTA,500.0
18,375,Baseline FQL,270.0
18,375,Improved FQL-GTA,500.0
18,376,Baseline FQL,293.0
18,376,Improved FQL-GTA,500.0
18,377,Baseline FQL,302.0
18,377,Improved FQL-GTA,500.0
18,378,Baseline FQL,20.0
18,378,Improved FQL-GTA,500.0
18,379,Baseline FQL,244.0
18,379,Improved FQL-GTA,500.0
18,380,Baseline FQL,374.0
18,380,Improved FQL-GTA,500.0
18,381,Baseline FQL,257.0
18,381,Improved FQL-GTA,500.0
18,382,Baseline FQL,276.0
18,382,Improved FQL-GTA,500.0
18,383,Baseline FQL,261.0
18,383,Improved FQL-GTA,500.0
18,384,Baseline FQL,500.0
18,384,Improved FQL-GTA,500.0
18,385,Baseline FQL,340.0
18,385,Improved FQL-GTA,328.0
18,386,Baseline FQL,325.0
18,386,Improved FQL-GTA,500.0
18,387,Baseline FQL,273.0
18,387,Improved FQL-GTA,500.0
18,388,Baseline FQL,259.0
18,388,Improved FQL-GTA,500.0
18,389,Baseline FQL,296.0
18,389,Improved FQL-GTA,500.0
18,390,Baseline FQL,247.0
18,390,Improved FQL-GTA,500.0
18,391,Baseline FQL,431.0
18,391,Improved FQL-GTA,500.0
18,392,Baseline FQL,206.0
18,392,Improved FQL-GTA,500.0
18,393,Baseline FQL,459.0
18,393,Improved FQL-GTA,500.0
18,394,Baseline FQL,199.0
18,394,Improved FQL-GTA,500.0
18,395,Baseline FQL,359.0
18,395,Improved FQL-GTA,500.0
18,396,Baseline FQL,223.0
18,396,Improved FQL-GTA,500.0
18,397,Baseline FQL,243.0
18,397,Improved FQL-GTA,500.0
18,398,Baseline FQL,255.0
18,398,Improved FQL-GTA,500.0
18,399,Baseline FQL,221.0
18,399,Improved FQL-GTA,500.0
18,400,Baseline FQL,268.0
18,400,Improved FQL-GTA,500.0
18,401,Baseline FQL,261.0
18,401,Improved FQL-GTA,500.0
18,402,Baseline FQL,271.0
18,402,Improved FQL-GTA,500.0
18,403,Baseline FQL,213.0
18,403,Improved FQL-GTA,500.0
18,404,Baseline FQL,300.0
18,404,Improved FQL-GTA,500.0
18,405,Baseline FQL,381.0
18,405,Improved FQL-GTA,500.0
18,406,Baseline FQL,316.0
18,406,Improved FQL-GTA,500.0
18,407,Baseline FQL,229.0
18,407,Improved FQL-GTA,500.0
18,408,Baseline FQL,227.0
18,408,Improved FQL-GTA,500.0
18,409,Baseline FQL,216.0
18,409,Improved FQL-GTA,500.0
18,410,Baseline FQL,500.0
18,410,Improved FQL-GTA,500.0
18,411,Baseline FQL,453.0
18,411,Improved FQL-GTA,500.0
18,412,Baseline FQL,367.0
18,412,Improved FQL-GTA,500.0
18,413,Baseline FQL,192.0
18,413,Improved FQL-GTA,500.0
18,414,Baseline FQL,217.0
18,414,Improved FQL-GTA,500.0
18,415,Baseline FQL,264.0
18,415,Improved FQL-GTA,500.0
18,416,Baseline FQL,279.0
18,416,Improved FQL-GTA,500.0
18,417,Baseline FQL,338.0
18,417,Improved FQL-GTA,500.0
18,418,Baseline FQL,129.0
18,418,Improved FQL-GTA,500.0
18,419,Baseline FQL,252.0
18,419,Improved FQL-GTA,500.0
18,420,Baseline FQL,401.0
18,420,Improved FQL-GTA,500.0
18,421,Baseline FQL,316.0
18,421,Improved FQL-GTA,500.0
18,422,Baseline FQL,411.0
18,422,Improved FQL-GTA,500.0
18,423,Baseline FQL,260.0
18,423,Improved FQL-GTA,500.0
18,424,Baseline FQL,266.0
18,424,Improved FQL-GTA,500.0
18,425,Baseline FQL,328.0
18,425,Improved FQL-GTA,500.0
18,426,Baseline FQL,253.0
18,426,Improved FQL-GTA,500.0
18,427,Baseline FQL,276.0
18,427,Improved FQL-GTA,500.0
18,428,Baseline FQL,373.0
18,428,Improved FQL-GTA,500.0
18,429,Baseline FQL,276.0
18,429,Improved FQL-GTA,500.0
18,430,Baseline FQL,235.0
18,430,Improved FQL-GTA,500.0
18,431,Baseline FQL,454.0
18,431,Improved FQL-GTA,475.0
18,432,Baseline FQL,230.0
18,432,Improved FQL-GTA,241.0
18,433,Baseline FQL,280.0
18,433,Improved FQL-GTA,500.0
18,434,Baseline FQL,500.0
18,434,Improved FQL-GTA,500.0
18,435,Baseline FQL,315.0
18,435,Improved FQL-GTA,500.0
18,436,Baseline FQL,359.0
18,436,Improved FQL-GTA,500.0
18,437,Baseline FQL,402.0
18,437,Improved FQL-GTA,500.0
18,438,Baseline FQL,203.0
18,438,Improved FQL-GTA,291.0
18,439,Baseline FQL,310.0
18,439,Improved FQL-GTA,228.0
18,440,Baseline FQL,294.0
18,440,Improved FQL-GTA,271.0
18,441,Baseline FQL,290.0
18,441,Improved FQL-GTA,282.0
18,442,Baseline FQL,205.0
18,442,Improved FQL-GTA,234.0
18,443,Baseline FQL,500.0
18,443,Improved FQL-GTA,500.0
18,444,Baseline FQL,257.0
18,444,Improved FQL-GTA,500.0
18,445,Baseline FQL,227.0
18,445,Improved FQL-GTA,227.0
18,446,Baseline FQL,268.0
18,446,Improved FQL-GTA,498.0
18,447,Baseline FQL,346.0
18,447,Improved FQL-GTA,500.0
18,448,Baseline FQL,284.0
18,448,Improved FQL-GTA,500.0
18,449,Baseline FQL,335.0
18,449,Improved FQL-GTA,500.0
18,450,Baseline FQL,261.0
18,450,Improved FQL-GTA,500.0
18,451,Baseline FQL,293.0
18,451,Improved FQL-GTA,500.0
18,452,Baseline FQL,272.0
18,452,Improved FQL-GTA,500.0
18,453,Baseline FQL,280.0
18,453,Improved FQL-GTA,500.0
18,454,Baseline FQL,251.0
18,454,Improved FQL-GTA,500.0
18,455,Baseline FQL,302.0
18,455,Improved FQL-GTA,500.0
18,456,Baseline FQL,256.0
18,456,Improved FQL-GTA,500.0
18,457,Baseline FQL,328.0
18,457,Improved FQL-GTA,500.0
18,458,Baseline FQL,473.0
18,458,Improved FQL-GTA,500.0
18,459,Baseline FQL,254.0
18,459,Improved FQL-GTA,500.0
18,460,Baseline FQL,227.0
18,460,Improved FQL-GTA,500.0
18,461,Baseline FQL,372.0
18,461,Improved FQL-GTA,500.0
18,462,Baseline FQL,214.0
18,462,Improved FQL-GTA,500.0
18,463,Baseline FQL,234.0
18,463,Improved FQL-GTA,500.0
18,464,Baseline FQL,296.0
18,464,Improved FQL-GTA,500.0
18,465,Baseline FQL,300.0
18,465,Improved FQL-GTA,500.0
18,466,Baseline FQL,280.0
18,466,Improved FQL-GTA,500.0
18,467,Baseline FQL,225.0
18,467,Improved FQL-GTA,500.0
18,468,Baseline FQL,234.0
18,468,Improved FQL-GTA,500.0
18,469,Baseline FQL,245.0
18,469,Improved FQL-GTA,500.0
18,470,Baseline FQL,269.0
18,470,Improved FQL-GTA,500.0
18,471,Baseline FQL,236.0
18,471,Improved FQL-GTA,500.0
18,472,Baseline FQL,242.0
18,472,Improved FQL-GTA,500.0
18,473,Baseline FQL,299.0
18,473,Improved FQL-GTA,500.0
18,474,Baseline FQL,260.0
18,474,Improved FQL-GTA,500.0
18,475,Baseline FQL,238.0
18,475,Improved FQL-GTA,500.0
18,476,Baseline FQL,258.0
18,476,Improved FQL-GTA,500.0
18,477,Baseline FQL,222.0
18,477,Improved FQL-GTA,500.0
18,478,Baseline FQL,205.0
18,478,Improved FQL-GTA,500.0
18,479,Baseline FQL,280.0
18,479,Improved FQL-GTA,500.0
18,480,Baseline FQL,276.0
18,480,Improved FQL-GTA,500.0
18,481,Baseline FQL,196.0
18,481,Improved FQL-GTA,500.0
18,482,Baseline FQL,230.0
18,482,Improved FQL-GTA,500.0
18,483,Baseline FQL,272.0
18,483,Improved FQL-GTA,500.0
18,484,Baseline FQL,336.0
18,484,Improved FQL-GTA,500.0
18,485,Baseline FQL,296.0
18,485,Improved FQL-GTA,500.0
18,486,Baseline FQL,438.0
18,486,Improved FQL-GTA,500.0
18,487,Baseline FQL,239.0
18,487,Improved FQL-GTA,500.0
18,488,Baseline FQL,246.0
18,488,Improved FQL-GTA,500.0
18,489,Baseline FQL,258.0
18,489,Improved FQL-GTA,491.0
18,490,Baseline FQL,289.0
18,490,Improved FQL-GTA,233.0
18,491,Baseline FQL,262.0
18,491,Improved FQL-GTA,197.0
18,492,Baseline FQL,219.0
18,492,Improved FQL-GTA,249.0
18,493,Baseline FQL,272.0
18,493,Improved FQL-GTA,256.0
18,494,Baseline FQL,285.0
18,494,Improved FQL-GTA,233.0
18,495,Baseline FQL,372.0
18,495,Improved FQL-GTA,500.0
18,496,Baseline FQL,301.0
18,496,Improved FQL-GTA,192.0
18,497,Baseline FQL,324.0
18,497,Improved FQL-GTA,500.0
18,498,Baseline FQL,276.0
18,498,Improved FQL-GTA,500.0
18,499,Baseline FQL,261.0
18,499,Improved FQL-GTA,500.0
18,500,Baseline FQL,335.0
18,500,Improved FQL-GTA,500.0
19,1,Baseline FQL,10.0
19,1,Improved FQL-GTA,13.0
19,2,Baseline FQL,10.0
19,2,Improved FQL-GTA,24.0
19,3,Baseline FQL,11.0
19,3,Improved FQL-GTA,12.0
19,4,Baseline FQL,10.0
19,4,Improved FQL-GTA,12.0
19,5,Baseline FQL,14.0
19,5,Improved FQL-GTA,21.0
19,6,Baseline FQL,9.0
19,6,Improved FQL-GTA,89.0
19,7,Baseline FQL,10.0
19,7,Improved FQL-GTA,17.0
19,8,Baseline FQL,10.0
19,8,Improved FQL-GTA,74.0
19,9,Baseline FQL,11.0
19,9,Improved FQL-GTA,13.0
19,10,Baseline FQL,10.0
19,10,Improved FQL-GTA,77.0
19,11,Baseline FQL,9.0
19,11,Improved FQL-GTA,31.0
19,12,Baseline FQL,10.0
19,12,Improved FQL-GTA,11.0
19,13,Baseline FQL,9.0
19,13,Improved FQL-GTA,20.0
19,14,Baseline FQL,12.0
19,14,Improved FQL-GTA,55.0
19,15,Baseline FQL,8.0
19,15,Improved FQL-GTA,31.0
19,16,Baseline FQL,10.0
19,16,Improved FQL-GTA,24.0
19,17,Baseline FQL,10.0
19,17,Improved FQL-GTA,23.0
19,18,Baseline FQL,8.0
19,18,Improved FQL-GTA,16.0
19,19,Baseline FQL,10.0
19,19,Improved FQL-GTA,21.0
19,20,Baseline FQL,9.0
19,20,Improved FQL-GTA,20.0
19,21,Baseline FQL,10.0
19,21,Improved FQL-GTA,19.0
19,22,Baseline FQL,8.0
19,22,Improved FQL-GTA,17.0
19,23,Baseline FQL,11.0
19,23,Improved FQL-GTA,19.0
19,24,Baseline FQL,8.0
19,24,Improved FQL-GTA,28.0
19,25,Baseline FQL,10.0
19,25,Improved FQL-GTA,24.0
19,26,Baseline FQL,9.0
19,26,Improved FQL-GTA,17.0
19,27,Baseline FQL,9.0
19,27,Improved FQL-GTA,26.0
19,28,Baseline FQL,10.0
19,28,Improved FQL-GTA,27.0
19,29,Baseline FQL,10.0
19,29,Improved FQL-GTA,14.0
19,30,Baseline FQL,9.0
19,30,Improved FQL-GTA,17.0
19,31,Baseline FQL,11.0
19,31,Improved FQL-GTA,22.0
19,32,Baseline FQL,9.0
19,32,Improved FQL-GTA,16.0
19,33,Baseline FQL,10.0
19,33,Improved FQL-GTA,21.0
19,34,Baseline FQL,12.0
19,34,Improved FQL-GTA,14.0
19,35,Baseline FQL,10.0
19,35,Improved FQL-GTA,20.0
19,36,Baseline FQL,10.0
19,36,Improved FQL-GTA,18.0
19,37,Baseline FQL,11.0
19,37,Improved FQL-GTA,24.0
19,38,Baseline FQL,8.0
19,38,Improved FQL-GTA,14.0
19,39,Baseline FQL,9.0
19,39,Improved FQL-GTA,24.0
19,40,Baseline FQL,12.0
19,40,Improved FQL-GTA,47.0
19,41,Baseline FQL,12.0
19,41,Improved FQL-GTA,33.0
19,42,Baseline FQL,10.0
19,42,Improved FQL-GTA,13.0
19,43,Baseline FQL,10.0
19,43,Improved FQL-GTA,44.0
19,44,Baseline FQL,11.0
19,44,Improved FQL-GTA,66.0
19,45,Baseline FQL,10.0
19,45,Improved FQL-GTA,65.0
19,46,Baseline FQL,10.0
19,46,Improved FQL-GTA,78.0
19,47,Baseline FQL,10.0
19,47,Improved FQL-GTA,41.0
19,48,Baseline FQL,11.0
19,48,Improved FQL-GTA,70.0
19,49,Baseline FQL,9.0
19,49,Improved FQL-GTA,73.0
19,50,Baseline FQL,10.0
19,50,Improved FQL-GTA,12.0
19,51,Baseline FQL,8.0
19,51,Improved FQL-GTA,60.0
19,52,Baseline FQL,10.0
19,52,Improved FQL-GTA,53.0
19,53,Baseline FQL,9.0
19,53,Improved FQL-GTA,45.0
19,54,Baseline FQL,10.0
19,54,Improved FQL-GTA,33.0
19,55,Baseline FQL,10.0
19,55,Improved FQL-GTA,54.0
19,56,Baseline FQL,11.0
19,56,Improved FQL-GTA,33.0
19,57,Baseline FQL,10.0
19,57,Improved FQL-GTA,83.0
19,58,Baseline FQL,9.0
19,58,Improved FQL-GTA,13.0
19,59,Baseline FQL,10.0
19,59,Improved FQL-GTA,54.0
19,60,Baseline FQL,9.0
19,60,Improved FQL-GTA,26.0
19,61,Baseline FQL,9.0
19,61,Improved FQL-GTA,22.0
19,62,Baseline FQL,11.0
19,62,Improved FQL-GTA,22.0
19,63,Baseline FQL,10.0
19,63,Improved FQL-GTA,17.0
19,64,Baseline FQL,10.0
19,64,Improved FQL-GTA,17.0
19,65,Baseline FQL,9.0
19,65,Improved FQL-GTA,17.0
19,66,Baseline FQL,9.0
19,66,Improved FQL-GTA,23.0
19,67,Baseline FQL,9.0
19,67,Improved FQL-GTA,23.0
19,68,Baseline FQL,10.0
19,68,Improved FQL-GTA,24.0
19,69,Baseline FQL,11.0
19,69,Improved FQL-GTA,23.0
19,70,Baseline FQL,9.0
19,70,Improved FQL-GTA,16.0
19,71,Baseline FQL,9.0
19,71,Improved FQL-GTA,20.0
19,72,Baseline FQL,9.0
19,72,Improved FQL-GTA,15.0
19,73,Baseline FQL,9.0
19,73,Improved FQL-GTA,19.0
19,74,Baseline FQL,10.0
19,74,Improved FQL-GTA,22.0
19,75,Baseline FQL,10.0
19,75,Improved FQL-GTA,20.0
19,76,Baseline FQL,12.0
19,76,Improved FQL-GTA,18.0
19,77,Baseline FQL,10.0
19,77,Improved FQL-GTA,75.0
19,78,Baseline FQL,9.0
19,78,Improved FQL-GTA,44.0
19,79,Baseline FQL,9.0
19,79,Improved FQL-GTA,90.0
19,80,Baseline FQL,10.0
19,80,Improved FQL-GTA,17.0
19,81,Baseline FQL,15.0
19,81,Improved FQL-GTA,86.0
19,82,Baseline FQL,10.0
19,82,Improved FQL-GTA,107.0
19,83,Baseline FQL,12.0
19,83,Improved FQL-GTA,45.0
19,84,Baseline FQL,12.0
19,84,Improved FQL-GTA,96.0
19,85,Baseline FQL,10.0
19,85,Improved FQL-GTA,98.0
19,86,Baseline FQL,10.0
19,86,Improved FQL-GTA,82.0
19,87,Baseline FQL,19.0
19,87,Improved FQL-GTA,22.0
19,88,Baseline FQL,10.0
19,88,Improved FQL-GTA,57.0
19,89,Baseline FQL,15.0
19,89,Improved FQL-GTA,64.0
19,90,Baseline FQL,10.0
19,90,Improved FQL-GTA,89.0
19,91,Baseline FQL,15.0
19,91,Improved FQL-GTA,100.0
19,92,Baseline FQL,12.0
19,92,Improved FQL-GTA,99.0
19,93,Baseline FQL,13.0
19,93,Improved FQL-GTA,105.0
19,94,Baseline FQL,13.0
19,94,Improved FQL-GTA,63.0
19,95,Baseline FQL,20.0
19,95,Improved FQL-GTA,80.0
19,96,Baseline FQL,17.0
19,96,Improved FQL-GTA,96.0
19,97,Baseline FQL,13.0
19,97,Improved FQL-GTA,69.0
19,98,Baseline FQL,10.0
19,98,Improved FQL-GTA,99.0
19,99,Baseline FQL,17.0
19,99,Improved FQL-GTA,88.0
19,100,Baseline FQL,17.0
19,100,Improved FQL-GTA,104.0
19,101,Baseline FQL,13.0
19,101,Improved FQL-GTA,94.0
19,102,Baseline FQL,17.0
19,102,Improved FQL-GTA,77.0
19,103,Baseline FQL,12.0
19,103,Improved FQL-GTA,88.0
19,104,Baseline FQL,15.0
19,104,Improved FQL-GTA,90.0
19,105,Baseline FQL,21.0
19,105,Improved FQL-GTA,89.0
19,106,Baseline FQL,12.0
19,106,Improved FQL-GTA,104.0
19,107,Baseline FQL,18.0
19,107,Improved FQL-GTA,86.0
19,108,Baseline FQL,22.0
19,108,Improved FQL-GTA,86.0
19,109,Baseline FQL,19.0
19,109,Improved FQL-GTA,78.0
19,110,Baseline FQL,17.0
19,110,Improved FQL-GTA,111.0
19,111,Baseline FQL,11.0
19,111,Improved FQL-GTA,107.0
19,112,Baseline FQL,22.0
19,112,Improved FQL-GTA,97.0
19,113,Baseline FQL,17.0
19,113,Improved FQL-GTA,113.0
19,114,Baseline FQL,13.0
19,114,Improved FQL-GTA,105.0
19,115,Baseline FQL,17.0
19,115,Improved FQL-GTA,110.0
19,116,Baseline FQL,16.0
19,116,Improved FQL-GTA,109.0
19,117,Baseline FQL,11.0
19,117,Improved FQL-GTA,109.0
19,118,Baseline FQL,25.0
19,118,Improved FQL-GTA,117.0
19,119,Baseline FQL,17.0
19,119,Improved FQL-GTA,106.0
19,120,Baseline FQL,16.0
19,120,Improved FQL-GTA,107.0
19,121,Baseline FQL,25.0
19,121,Improved FQL-GTA,90.0
19,122,Baseline FQL,19.0
19,122,Improved FQL-GTA,79.0
19,123,Baseline FQL,27.0
19,123,Improved FQL-GTA,76.0
19,124,Baseline FQL,13.0
19,124,Improved FQL-GTA,112.0
19,125,Baseline FQL,16.0
19,125,Improved FQL-GTA,89.0
19,126,Baseline FQL,22.0
19,126,Improved FQL-GTA,124.0
19,127,Baseline FQL,13.0
19,127,Improved FQL-GTA,113.0
19,128,Baseline FQL,17.0
19,128,Improved FQL-GTA,114.0
19,129,Baseline FQL,15.0
19,129,Improved FQL-GTA,110.0
19,130,Baseline FQL,14.0
19,130,Improved FQL-GTA,108.0
19,131,Baseline FQL,19.0
19,131,Improved FQL-GTA,93.0
19,132,Baseline FQL,15.0
19,132,Improved FQL-GTA,107.0
19,133,Baseline FQL,13.0
19,133,Improved FQL-GTA,117.0
19,134,Baseline FQL,22.0
19,134,Improved FQL-GTA,125.0
19,135,Baseline FQL,21.0
19,135,Improved FQL-GTA,115.0
19,136,Baseline FQL,21.0
19,136,Improved FQL-GTA,121.0
19,137,Baseline FQL,20.0
19,137,Improved FQL-GTA,113.0
19,138,Baseline FQL,24.0
19,138,Improved FQL-GTA,121.0
19,139,Baseline FQL,18.0
19,139,Improved FQL-GTA,113.0
19,140,Baseline FQL,15.0
19,140,Improved FQL-GTA,113.0
19,141,Baseline FQL,19.0
19,141,Improved FQL-GTA,117.0
19,142,Baseline FQL,17.0
19,142,Improved FQL-GTA,114.0
19,143,Baseline FQL,18.0
19,143,Improved FQL-GTA,117.0
19,144,Baseline FQL,15.0
19,144,Improved FQL-GTA,114.0
19,145,Baseline FQL,15.0
19,145,Improved FQL-GTA,117.0
19,146,Baseline FQL,19.0
19,146,Improved FQL-GTA,117.0
19,147,Baseline FQL,14.0
19,147,Improved FQL-GTA,110.0
19,148,Baseline FQL,15.0
19,148,Improved FQL-GTA,115.0
19,149,Baseline FQL,15.0
19,149,Improved FQL-GTA,115.0
19,150,Baseline FQL,15.0
19,150,Improved FQL-GTA,112.0
19,151,Baseline FQL,15.0
19,151,Improved FQL-GTA,113.0
19,152,Baseline FQL,11.0
19,152,Improved FQL-GTA,106.0
19,153,Baseline FQL,15.0
19,153,Improved FQL-GTA,117.0
19,154,Baseline FQL,17.0
19,154,Improved FQL-GTA,117.0
19,155,Baseline FQL,21.0
19,155,Improved FQL-GTA,121.0
19,156,Baseline FQL,11.0
19,156,Improved FQL-GTA,103.0
19,157,Baseline FQL,25.0
19,157,Improved FQL-GTA,126.0
19,158,Baseline FQL,11.0
19,158,Improved FQL-GTA,110.0
19,159,Baseline FQL,15.0
19,159,Improved FQL-GTA,115.0
19,160,Baseline FQL,21.0
19,160,Improved FQL-GTA,119.0
19,161,Baseline FQL,11.0
19,161,Improved FQL-GTA,108.0
19,162,Baseline FQL,15.0
19,162,Improved FQL-GTA,113.0
19,163,Baseline FQL,17.0
19,163,Improved FQL-GTA,117.0
19,164,Baseline FQL,15.0
19,164,Improved FQL-GTA,116.0
19,165,Baseline FQL,15.0
19,165,Improved FQL-GTA,113.0
19,166,Baseline FQL,11.0
19,166,Improved FQL-GTA,112.0
19,167,Baseline FQL,17.0
19,167,Improved FQL-GTA,119.0
19,168,Baseline FQL,11.0
19,168,Improved FQL-GTA,86.0
19,169,Baseline FQL,16.0
19,169,Improved FQL-GTA,120.0
19,170,Baseline FQL,11.0
19,170,Improved FQL-GTA,115.0
19,171,Baseline FQL,17.0
19,171,Improved FQL-GTA,93.0
19,172,Baseline FQL,11.0
19,172,Improved FQL-GTA,115.0
19,173,Baseline FQL,21.0
19,173,Improved FQL-GTA,124.0
19,174,Baseline FQL,22.0
19,174,Improved FQL-GTA,126.0
19,175,Baseline FQL,14.0
19,175,Improved FQL-GTA,117.0
19,176,Baseline FQL,21.0
19,176,Improved FQL-GTA,118.0
19,177,Baseline FQL,15.0
19,177,Improved FQL-GTA,119.0
19,178,Baseline FQL,13.0
19,178,Improved FQL-GTA,116.0
19,179,Baseline FQL,12.0
19,179,Improved FQL-GTA,109.0
19,180,Baseline FQL,25.0
19,180,Improved FQL-GTA,116.0
19,181,Baseline FQL,22.0
19,181,Improved FQL-GTA,123.0
19,182,Baseline FQL,23.0
19,182,Improved FQL-GTA,124.0
19,183,Baseline FQL,17.0
19,183,Improved FQL-GTA,118.0
19,184,Baseline FQL,13.0
19,184,Improved FQL-GTA,115.0
19,185,Baseline FQL,22.0
19,185,Improved FQL-GTA,126.0
19,186,Baseline FQL,16.0
19,186,Improved FQL-GTA,115.0
19,187,Baseline FQL,12.0
19,187,Improved FQL-GTA,115.0
19,188,Baseline FQL,11.0
19,188,Improved FQL-GTA,113.0
19,189,Baseline FQL,12.0
19,189,Improved FQL-GTA,113.0
19,190,Baseline FQL,21.0
19,190,Improved FQL-GTA,121.0
19,191,Baseline FQL,14.0
19,191,Improved FQL-GTA,123.0
19,192,Baseline FQL,16.0
19,192,Improved FQL-GTA,121.0
19,193,Baseline FQL,19.0
19,193,Improved FQL-GTA,124.0
19,194,Baseline FQL,17.0
19,194,Improved FQL-GTA,122.0
19,195,Baseline FQL,18.0
19,195,Improved FQL-GTA,118.0
19,196,Baseline FQL,20.0
19,196,Improved FQL-GTA,127.0
19,197,Baseline FQL,11.0
19,197,Improved FQL-GTA,117.0
19,198,Baseline FQL,19.0
19,198,Improved FQL-GTA,121.0
19,199,Baseline FQL,14.0
19,199,Improved FQL-GTA,115.0
19,200,Baseline FQL,12.0
19,200,Improved FQL-GTA,115.0
19,201,Baseline FQL,11.0
19,201,Improved FQL-GTA,112.0
19,202,Baseline FQL,11.0
19,202,Improved FQL-GTA,112.0
19,203,Baseline FQL,11.0
19,203,Improved FQL-GTA,114.0
19,204,Baseline FQL,13.0
19,204,Improved FQL-GTA,113.0
19,205,Baseline FQL,13.0
19,205,Improved FQL-GTA,114.0
19,206,Baseline FQL,16.0
19,206,Improved FQL-GTA,88.0
19,207,Baseline FQL,11.0
19,207,Improved FQL-GTA,113.0
19,208,Baseline FQL,13.0
19,208,Improved FQL-GTA,112.0
19,209,Baseline FQL,24.0
19,209,Improved FQL-GTA,124.0
19,210,Baseline FQL,19.0
19,210,Improved FQL-GTA,118.0
19,211,Baseline FQL,22.0
19,211,Improved FQL-GTA,125.0
19,212,Baseline FQL,20.0
19,212,Improved FQL-GTA,113.0
19,213,Baseline FQL,21.0
19,213,Improved FQL-GTA,88.0
19,214,Baseline FQL,23.0
19,214,Improved FQL-GTA,119.0
19,215,Baseline FQL,31.0
19,215,Improved FQL-GTA,128.0
19,216,Baseline FQL,23.0
19,216,Improved FQL-GTA,127.0
19,217,Baseline FQL,23.0
19,217,Improved FQL-GTA,135.0
19,218,Baseline FQL,15.0
19,218,Improved FQL-GTA,121.0
19,219,Baseline FQL,25.0
19,219,Improved FQL-GTA,128.0
19,220,Baseline FQL,15.0
19,220,Improved FQL-GTA,115.0
19,221,Baseline FQL,20.0
19,221,Improved FQL-GTA,125.0
19,222,Baseline FQL,28.0
19,222,Improved FQL-GTA,133.0
19,223,Baseline FQL,19.0
19,223,Improved FQL-GTA,123.0
19,224,Baseline FQL,26.0
19,224,Improved FQL-GTA,125.0
19,225,Baseline FQL,17.0
19,225,Improved FQL-GTA,114.0
19,226,Baseline FQL,25.0
19,226,Improved FQL-GTA,126.0
19,227,Baseline FQL,23.0
19,227,Improved FQL-GTA,131.0
19,228,Baseline FQL,18.0
19,228,Improved FQL-GTA,120.0
19,229,Baseline FQL,19.0
19,229,Improved FQL-GTA,119.0
19,230,Baseline FQL,21.0
19,230,Improved FQL-GTA,128.0
19,231,Baseline FQL,13.0
19,231,Improved FQL-GTA,119.0
19,232,Baseline FQL,25.0
19,232,Improved FQL-GTA,130.0
19,233,Baseline FQL,21.0
19,233,Improved FQL-GTA,124.0
19,234,Baseline FQL,13.0
19,234,Improved FQL-GTA,118.0
19,235,Baseline FQL,23.0
19,235,Improved FQL-GTA,125.0
19,236,Baseline FQL,15.0
19,236,Improved FQL-GTA,121.0
19,237,Baseline FQL,24.0
19,237,Improved FQL-GTA,121.0
19,238,Baseline FQL,15.0
19,238,Improved FQL-GTA,118.0
19,239,Baseline FQL,22.0
19,239,Improved FQL-GTA,123.0
19,240,Baseline FQL,20.0
19,240,Improved FQL-GTA,124.0
19,241,Baseline FQL,19.0
19,241,Improved FQL-GTA,126.0
19,242,Baseline FQL,22.0
19,242,Improved FQL-GTA,124.0
19,243,Baseline FQL,20.0
19,243,Improved FQL-GTA,124.0
19,244,Baseline FQL,19.0
19,244,Improved FQL-GTA,120.0
19,245,Baseline FQL,28.0
19,245,Improved FQL-GTA,138.0
19,246,Baseline FQL,28.0
19,246,Improved FQL-GTA,134.0
19,247,Baseline FQL,18.0
19,247,Improved FQL-GTA,126.0
19,248,Baseline FQL,22.0
19,248,Improved FQL-GTA,126.0
19,249,Baseline FQL,24.0
19,249,Improved FQL-GTA,128.0
19,250,Baseline FQL,18.0
19,250,Improved FQL-GTA,122.0
19,251,Baseline FQL,27.0
19,251,Improved FQL-GTA,131.0
19,252,Baseline FQL,28.0
19,252,Improved FQL-GTA,128.0
19,253,Baseline FQL,19.0
19,253,Improved FQL-GTA,126.0
19,254,Baseline FQL,24.0
19,254,Improved FQL-GTA,126.0
19,255,Baseline FQL,19.0
19,255,Improved FQL-GTA,123.0
19,256,Baseline FQL,24.0
19,256,Improved FQL-GTA,128.0
19,257,Baseline FQL,42.0
19,257,Improved FQL-GTA,136.0
19,258,Baseline FQL,42.0
19,258,Improved FQL-GTA,133.0
19,259,Baseline FQL,28.0
19,259,Improved FQL-GTA,135.0
19,260,Baseline FQL,30.0
19,260,Improved FQL-GTA,136.0
19,261,Baseline FQL,34.0
19,261,Improved FQL-GTA,137.0
19,262,Baseline FQL,22.0
19,262,Improved FQL-GTA,123.0
19,263,Baseline FQL,28.0
19,263,Improved FQL-GTA,133.0
19,264,Baseline FQL,20.0
19,264,Improved FQL-GTA,128.0
19,265,Baseline FQL,28.0
19,265,Improved FQL-GTA,136.0
19,266,Baseline FQL,34.0
19,266,Improved FQL-GTA,131.0
19,267,Baseline FQL,20.0
19,267,Improved FQL-GTA,132.0
19,268,Baseline FQL,38.0
19,268,Improved FQL-GTA,138.0
19,269,Baseline FQL,31.0
19,269,Improved FQL-GTA,136.0
19,270,Baseline FQL,17.0
19,270,Improved FQL-GTA,126.0
19,271,Baseline FQL,28.0
19,271,Improved FQL-GTA,145.0
19,272,Baseline FQL,27.0
19,272,Improved FQL-GTA,144.0
19,273,Baseline FQL,42.0
19,273,Improved FQL-GTA,140.0
19,274,Baseline FQL,22.0
19,274,Improved FQL-GTA,129.0
19,275,Baseline FQL,30.0
19,275,Improved FQL-GTA,140.0
19,276,Baseline FQL,24.0
19,276,Improved FQL-GTA,137.0
19,277,Baseline FQL,15.0
19,277,Improved FQL-GTA,136.0
19,278,Baseline FQL,25.0
19,278,Improved FQL-GTA,149.0
19,279,Baseline FQL,58.0
19,279,Improved FQL-GTA,164.0
19,280,Baseline FQL,25.0
19,280,Improved FQL-GTA,147.0
19,281,Baseline FQL,32.0
19,281,Improved FQL-GTA,181.0
19,282,Baseline FQL,58.0
19,282,Improved FQL-GTA,177.0
19,283,Baseline FQL,24.0
19,283,Improved FQL-GTA,177.0
19,284,Baseline FQL,16.0
19,284,Improved FQL-GTA,174.0
19,285,Baseline FQL,35.0
19,285,Improved FQL-GTA,191.0
19,286,Baseline FQL,44.0
19,286,Improved FQL-GTA,174.0
19,287,Baseline FQL,46.0
19,287,Improved FQL-GTA,181.0
19,288,Baseline FQL,55.0
19,288,Improved FQL-GTA,202.0
19,289,Baseline FQL,38.0
19,289,Improved FQL-GTA,168.0
19,290,Baseline FQL,41.0
19,290,Improved FQL-GTA,187.0
19,291,Baseline FQL,14.0
19,291,Improved FQL-GTA,196.0
19,292,Baseline FQL,48.0
19,292,Improved FQL-GTA,178.0
19,293,Baseline FQL,22.0
19,293,Improved FQL-GTA,190.0
19,294,Baseline FQL,313.0
19,294,Improved FQL-GTA,205.0
19,295,Baseline FQL,18.0
19,295,Improved FQL-GTA,198.0
19,296,Baseline FQL,44.0
19,296,Improved FQL-GTA,184.0
19,297,Baseline FQL,63.0
19,297,Improved FQL-GTA,171.0
19,298,Baseline FQL,27.0
19,298,Improved FQL-GTA,190.0
19,299,Baseline FQL,31.0
19,299,Improved FQL-GTA,174.0
19,300,Baseline FQL,46.0
19,300,Improved FQL-GTA,167.0
19,301,Baseline FQL,290.0
19,301,Improved FQL-GTA,197.0
19,302,Baseline FQL,70.0
19,302,Improved FQL-GTA,188.0
19,303,Baseline FQL,309.0
19,303,Improved FQL-GTA,178.0
19,304,Baseline FQL,89.0
19,304,Improved FQL-GTA,204.0
19,305,Baseline FQL,28.0
19,305,Improved FQL-GTA,163.0
19,306,Baseline FQL,51.0
19,306,Improved FQL-GTA,192.0
19,307,Baseline FQL,95.0
19,307,Improved FQL-GTA,188.0
19,308,Baseline FQL,43.0
19,308,Improved FQL-GTA,179.0
19,309,Baseline FQL,67.0
19,309,Improved FQL-GTA,204.0
19,310,Baseline FQL,113.0
19,310,Improved FQL-GTA,173.0
19,311,Baseline FQL,33.0
19,311,Improved FQL-GTA,185.0
19,312,Baseline FQL,55.0
19,312,Improved FQL-GTA,185.0
19,313,Baseline FQL,140.0
19,313,Improved FQL-GTA,197.0
19,314,Baseline FQL,89.0
19,314,Improved FQL-GTA,175.0
19,315,Baseline FQL,143.0
19,315,Improved FQL-GTA,203.0
19,316,Baseline FQL,75.0
19,316,Improved FQL-GTA,210.0
19,317,Baseline FQL,139.0
19,317,Improved FQL-GTA,196.0
19,318,Baseline FQL,90.0
19,318,Improved FQL-GTA,202.0
19,319,Baseline FQL,205.0
19,319,Improved FQL-GTA,184.0
19,320,Baseline FQL,108.0
19,320,Improved FQL-GTA,182.0
19,321,Baseline FQL,117.0
19,321,Improved FQL-GTA,171.0
19,322,Baseline FQL,170.0
19,322,Improved FQL-GTA,189.0
19,323,Baseline FQL,147.0
19,323,Improved FQL-GTA,179.0
19,324,Baseline FQL,227.0
19,324,Improved FQL-GTA,203.0
19,325,Baseline FQL,115.0
19,325,Improved FQL-GTA,217.0
19,326,Baseline FQL,150.0
19,326,Improved FQL-GTA,185.0
19,327,Baseline FQL,111.0
19,327,Improved FQL-GTA,188.0
19,328,Baseline FQL,184.0
19,328,Improved FQL-GTA,138.0
19,329,Baseline FQL,396.0
19,329,Improved FQL-GTA,211.0
19,330,Baseline FQL,40.0
19,330,Improved FQL-GTA,205.0
19,331,Baseline FQL,95.0
19,331,Improved FQL-GTA,189.0
19,332,Baseline FQL,114.0
19,332,Improved FQL-GTA,192.0
19,333,Baseline FQL,308.0
19,333,Improved FQL-GTA,200.0
19,334,Baseline FQL,200.0
19,334,Improved FQL-GTA,170.0
19,335,Baseline FQL,267.0
19,335,Improved FQL-GTA,219.0
19,336,Baseline FQL,244.0
19,336,Improved FQL-GTA,203.0
19,337,Baseline FQL,131.0
19,337,Improved FQL-GTA,189.0
19,338,Baseline FQL,214.0
19,338,Improved FQL-GTA,196.0
19,339,Baseline FQL,342.0
19,339,Improved FQL-GTA,198.0
19,340,Baseline FQL,241.0
19,340,Improved FQL-GTA,193.0
19,341,Baseline FQL,249.0
19,341,Improved FQL-GTA,184.0
19,342,Baseline FQL,198.0
19,342,Improved FQL-GTA,191.0
19,343,Baseline FQL,118.0
19,343,Improved FQL-GTA,199.0
19,344,Baseline FQL,112.0
19,344,Improved FQL-GTA,216.0
19,345,Baseline FQL,120.0
19,345,Improved FQL-GTA,206.0
19,346,Baseline FQL,168.0
19,346,Improved FQL-GTA,203.0
19,347,Baseline FQL,266.0
19,347,Improved FQL-GTA,211.0
19,348,Baseline FQL,221.0
19,348,Improved FQL-GTA,210.0
19,349,Baseline FQL,291.0
19,349,Improved FQL-GTA,206.0
19,350,Baseline FQL,179.0
19,350,Improved FQL-GTA,199.0
19,351,Baseline FQL,109.0
19,351,Improved FQL-GTA,198.0
19,352,Baseline FQL,225.0
19,352,Improved FQL-GTA,206.0
19,353,Baseline FQL,242.0
19,353,Improved FQL-GTA,202.0
19,354,Baseline FQL,263.0
19,354,Improved FQL-GTA,217.0
19,355,Baseline FQL,248.0
19,355,Improved FQL-GTA,198.0
19,356,Baseline FQL,250.0
19,356,Improved FQL-GTA,179.0
19,357,Baseline FQL,257.0
19,357,Improved FQL-GTA,209.0
19,358,Baseline FQL,299.0
19,358,Improved FQL-GTA,213.0
19,359,Baseline FQL,262.0
19,359,Improved FQL-GTA,215.0
19,360,Baseline FQL,199.0
19,360,Improved FQL-GTA,214.0
19,361,Baseline FQL,228.0
19,361,Improved FQL-GTA,207.0
19,362,Baseline FQL,270.0
19,362,Improved FQL-GTA,189.0
19,363,Baseline FQL,218.0
19,363,Improved FQL-GTA,193.0
19,364,Baseline FQL,212.0
19,364,Improved FQL-GTA,204.0
19,365,Baseline FQL,206.0
19,365,Improved FQL-GTA,192.0
19,366,Baseline FQL,211.0
19,366,Improved FQL-GTA,175.0
19,367,Baseline FQL,252.0
19,367,Improved FQL-GTA,180.0
19,368,Baseline FQL,245.0
19,368,Improved FQL-GTA,225.0
19,369,Baseline FQL,250.0
19,369,Improved FQL-GTA,227.0
19,370,Baseline FQL,228.0
19,370,Improved FQL-GTA,216.0
19,371,Baseline FQL,272.0
19,371,Improved FQL-GTA,215.0
19,372,Baseline FQL,227.0
19,372,Improved FQL-GTA,202.0
19,373,Baseline FQL,235.0
19,373,Improved FQL-GTA,187.0
19,374,Baseline FQL,294.0
19,374,Improved FQL-GTA,203.0
19,375,Baseline FQL,292.0
19,375,Improved FQL-GTA,198.0
19,376,Baseline FQL,162.0
19,376,Improved FQL-GTA,217.0
19,377,Baseline FQL,292.0
19,377,Improved FQL-GTA,197.0
19,378,Baseline FQL,198.0
19,378,Improved FQL-GTA,203.0
19,379,Baseline FQL,396.0
19,379,Improved FQL-GTA,183.0
19,380,Baseline FQL,265.0
19,380,Improved FQL-GTA,213.0
19,381,Baseline FQL,292.0
19,381,Improved FQL-GTA,212.0
19,382,Baseline FQL,393.0
19,382,Improved FQL-GTA,214.0
19,383,Baseline FQL,332.0
19,383,Improved FQL-GTA,214.0
19,384,Baseline FQL,228.0
19,384,Improved FQL-GTA,201.0
19,385,Baseline FQL,266.0
19,385,Improved FQL-GTA,187.0
19,386,Baseline FQL,210.0
19,386,Improved FQL-GTA,204.0
19,387,Baseline FQL,288.0
19,387,Improved FQL-GTA,197.0
19,388,Baseline FQL,323.0
19,388,Improved FQL-GTA,194.0
19,389,Baseline FQL,308.0
19,389,Improved FQL-GTA,188.0
19,390,Baseline FQL,231.0
19,390,Improved FQL-GTA,246.0
19,391,Baseline FQL,265.0
19,391,Improved FQL-GTA,238.0
19,392,Baseline FQL,279.0
19,392,Improved FQL-GTA,204.0
19,393,Baseline FQL,137.0
19,393,Improved FQL-GTA,203.0
19,394,Baseline FQL,284.0
19,394,Improved FQL-GTA,235.0
19,395,Baseline FQL,379.0
19,395,Improved FQL-GTA,234.0
19,396,Baseline FQL,232.0
19,396,Improved FQL-GTA,208.0
19,397,Baseline FQL,321.0
19,397,Improved FQL-GTA,200.0
19,398,Baseline FQL,273.0
19,398,Improved FQL-GTA,192.0
19,399,Baseline FQL,258.0
19,399,Improved FQL-GTA,211.0
19,400,Baseline FQL,146.0
19,400,Improved FQL-GTA,216.0
19,401,Baseline FQL,221.0
19,401,Improved FQL-GTA,211.0
19,402,Baseline FQL,222.0
19,402,Improved FQL-GTA,211.0
19,403,Baseline FQL,244.0
19,403,Improved FQL-GTA,236.0
19,404,Baseline FQL,226.0
19,404,Improved FQL-GTA,228.0
19,405,Baseline FQL,304.0
19,405,Improved FQL-GTA,210.0
19,406,Baseline FQL,170.0
19,406,Improved FQL-GTA,226.0
19,407,Baseline FQL,196.0
19,407,Improved FQL-GTA,223.0
19,408,Baseline FQL,215.0
19,408,Improved FQL-GTA,213.0
19,409,Baseline FQL,295.0
19,409,Improved FQL-GTA,188.0
19,410,Baseline FQL,252.0
19,410,Improved FQL-GTA,196.0
19,411,Baseline FQL,280.0
19,411,Improved FQL-GTA,199.0
19,412,Baseline FQL,224.0
19,412,Improved FQL-GTA,190.0
19,413,Baseline FQL,218.0
19,413,Improved FQL-GTA,174.0
19,414,Baseline FQL,289.0
19,414,Improved FQL-GTA,235.0
19,415,Baseline FQL,225.0
19,415,Improved FQL-GTA,220.0
19,416,Baseline FQL,313.0
19,416,Improved FQL-GTA,225.0
19,417,Baseline FQL,199.0
19,417,Improved FQL-GTA,229.0
19,418,Baseline FQL,227.0
19,418,Improved FQL-GTA,208.0
19,419,Baseline FQL,353.0
19,419,Improved FQL-GTA,205.0
19,420,Baseline FQL,473.0
19,420,Improved FQL-GTA,211.0
19,421,Baseline FQL,346.0
19,421,Improved FQL-GTA,225.0
19,422,Baseline FQL,435.0
19,422,Improved FQL-GTA,227.0
19,423,Baseline FQL,253.0
19,423,Improved FQL-GTA,206.0
19,424,Baseline FQL,315.0
19,424,Improved FQL-GTA,214.0
19,425,Baseline FQL,285.0
19,425,Improved FQL-GTA,189.0
19,426,Baseline FQL,262.0
19,426,Improved FQL-GTA,209.0
19,427,Baseline FQL,281.0
19,427,Improved FQL-GTA,227.0
19,428,Baseline FQL,317.0
19,428,Improved FQL-GTA,218.0
19,429,Baseline FQL,290.0
19,429,Improved FQL-GTA,196.0
19,430,Baseline FQL,241.0
19,430,Improved FQL-GTA,206.0
19,431,Baseline FQL,288.0
19,431,Improved FQL-GTA,224.0
19,432,Baseline FQL,266.0
19,432,Improved FQL-GTA,226.0
19,433,Baseline FQL,215.0
19,433,Improved FQL-GTA,199.0
19,434,Baseline FQL,229.0
19,434,Improved FQL-GTA,218.0
19,435,Baseline FQL,229.0
19,435,Improved FQL-GTA,180.0
19,436,Baseline FQL,351.0
19,436,Improved FQL-GTA,213.0
19,437,Baseline FQL,220.0
19,437,Improved FQL-GTA,205.0
19,438,Baseline FQL,287.0
19,438,Improved FQL-GTA,217.0
19,439,Baseline FQL,330.0
19,439,Improved FQL-GTA,210.0
19,440,Baseline FQL,237.0
19,440,Improved FQL-GTA,238.0
19,441,Baseline FQL,208.0
19,441,Improved FQL-GTA,229.0
19,442,Baseline FQL,264.0
19,442,Improved FQL-GTA,215.0
19,443,Baseline FQL,237.0
19,443,Improved FQL-GTA,238.0
19,444,Baseline FQL,265.0
19,444,Improved FQL-GTA,223.0
19,445,Baseline FQL,247.0
19,445,Improved FQL-GTA,226.0
19,446,Baseline FQL,285.0
19,446,Improved FQL-GTA,209.0
19,447,Baseline FQL,269.0
19,447,Improved FQL-GTA,221.0
19,448,Baseline FQL,313.0
19,448,Improved FQL-GTA,191.0
19,449,Baseline FQL,500.0
19,449,Improved FQL-GTA,197.0
19,450,Baseline FQL,266.0
19,450,Improved FQL-GTA,198.0
19,451,Baseline FQL,302.0
19,451,Improved FQL-GTA,218.0
19,452,Baseline FQL,214.0
19,452,Improved FQL-GTA,226.0
19,453,Baseline FQL,227.0
19,453,Improved FQL-GTA,221.0
19,454,Baseline FQL,235.0
19,454,Improved FQL-GTA,205.0
19,455,Baseline FQL,217.0
19,455,Improved FQL-GTA,208.0
19,456,Baseline FQL,250.0
19,456,Improved FQL-GTA,220.0
19,457,Baseline FQL,285.0
19,457,Improved FQL-GTA,178.0
19,458,Baseline FQL,244.0
19,458,Improved FQL-GTA,227.0
19,459,Baseline FQL,319.0
19,459,Improved FQL-GTA,220.0
19,460,Baseline FQL,345.0
19,460,Improved FQL-GTA,243.0
19,461,Baseline FQL,223.0
19,461,Improved FQL-GTA,206.0
19,462,Baseline FQL,222.0
19,462,Improved FQL-GTA,211.0
19,463,Baseline FQL,235.0
19,463,Improved FQL-GTA,222.0
19,464,Baseline FQL,240.0
19,464,Improved FQL-GTA,226.0
19,465,Baseline FQL,257.0
19,465,Improved FQL-GTA,221.0
19,466,Baseline FQL,222.0
19,466,Improved FQL-GTA,179.0
19,467,Baseline FQL,243.0
19,467,Improved FQL-GTA,213.0
19,468,Baseline FQL,214.0
19,468,Improved FQL-GTA,218.0
19,469,Baseline FQL,299.0
19,469,Improved FQL-GTA,213.0
19,470,Baseline FQL,335.0
19,470,Improved FQL-GTA,200.0
19,471,Baseline FQL,246.0
19,471,Improved FQL-GTA,192.0
19,472,Baseline FQL,433.0
19,472,Improved FQL-GTA,194.0
19,473,Baseline FQL,278.0
19,473,Improved FQL-GTA,205.0
19,474,Baseline FQL,250.0
19,474,Improved FQL-GTA,193.0
19,475,Baseline FQL,216.0
19,475,Improved FQL-GTA,197.0
19,476,Baseline FQL,231.0
19,476,Improved FQL-GTA,206.0
19,477,Baseline FQL,229.0
19,477,Improved FQL-GTA,211.0
19,478,Baseline FQL,266.0
19,478,Improved FQL-GTA,215.0
19,479,Baseline FQL,244.0
19,479,Improved FQL-GTA,205.0
19,480,Baseline FQL,289.0
19,480,Improved FQL-GTA,195.0
19,481,Baseline FQL,243.0
19,481,Improved FQL-GTA,234.0
19,482,Baseline FQL,237.0
19,482,Improved FQL-GTA,217.0
19,483,Baseline FQL,201.0
19,483,Improved FQL-GTA,222.0
19,484,Baseline FQL,255.0
19,484,Improved FQL-GTA,217.0
19,485,Baseline FQL,240.0
19,485,Improved FQL-GTA,225.0
19,486,Baseline FQL,300.0
19,486,Improved FQL-GTA,222.0
19,487,Baseline FQL,316.0
19,487,Improved FQL-GTA,222.0
19,488,Baseline FQL,340.0
19,488,Improved FQL-GTA,214.0
19,489,Baseline FQL,319.0
19,489,Improved FQL-GTA,215.0
19,490,Baseline FQL,500.0
19,490,Improved FQL-GTA,233.0
19,491,Baseline FQL,332.0
19,491,Improved FQL-GTA,176.0
19,492,Baseline FQL,323.0
19,492,Improved FQL-GTA,202.0
19,493,Baseline FQL,361.0
19,493,Improved FQL-GTA,206.0
19,494,Baseline FQL,391.0
19,494,Improved FQL-GTA,168.0
19,495,Baseline FQL,337.0
19,495,Improved FQL-GTA,309.0
19,496,Baseline FQL,212.0
19,496,Improved FQL-GTA,300.0
19,497,Baseline FQL,369.0
19,497,Improved FQL-GTA,286.0
19,498,Baseline FQL,264.0
19,498,Improved FQL-GTA,294.0
19,499,Baseline FQL,246.0
19,499,Improved FQL-GTA,287.0
19,500,Baseline FQL,313.0
19,500,Improved FQL-GTA,268.0
20,1,Baseline FQL,10.0
20,1,Improved FQL-GTA,11.0
20,2,Baseline FQL,12.0
20,2,Improved FQL-GTA,12.0
20,3,Baseline FQL,10.0
20,3,Improved FQL-GTA,11.0
20,4,Baseline FQL,10.0
20,4,Improved FQL-GTA,13.0
20,5,Baseline FQL,10.0
20,5,Improved FQL-GTA,10.0
20,6,Baseline FQL,12.0
20,6,Improved FQL-GTA,14.0
20,7,Baseline FQL,12.0
20,7,Improved FQL-GTA,14.0
20,8,Baseline FQL,10.0
20,8,Improved FQL-GTA,14.0
20,9,Baseline FQL,9.0
20,9,Improved FQL-GTA,13.0
20,10,Baseline FQL,11.0
20,10,Improved FQL-GTA,14.0
20,11,Baseline FQL,14.0
20,11,Improved FQL-GTA,18.0
20,12,Baseline FQL,9.0
20,12,Improved FQL-GTA,10.0
20,13,Baseline FQL,10.0
20,13,Improved FQL-GTA,14.0
20,14,Baseline FQL,9.0
20,14,Improved FQL-GTA,9.0
20,15,Baseline FQL,10.0
20,15,Improved FQL-GTA,13.0
20,16,Baseline FQL,8.0
20,16,Improved FQL-GTA,10.0
20,17,Baseline FQL,8.0
20,17,Improved FQL-GTA,9.0
20,18,Baseline FQL,10.0
20,18,Improved FQL-GTA,11.0
20,19,Baseline FQL,9.0
20,19,Improved FQL-GTA,10.0
20,20,Baseline FQL,12.0
20,20,Improved FQL-GTA,17.0
20,21,Baseline FQL,8.0
20,21,Improved FQL-GTA,11.0
20,22,Baseline FQL,10.0
20,22,Improved FQL-GTA,14.0
20,23,Baseline FQL,8.0
20,23,Improved FQL-GTA,10.0
20,24,Baseline FQL,17.0
20,24,Improved FQL-GTA,16.0
20,25,Baseline FQL,9.0
20,25,Improved FQL-GTA,11.0
20,26,Baseline FQL,9.0
20,26,Improved FQL-GTA,19.0
20,27,Baseline FQL,11.0
20,27,Improved FQL-GTA,15.0
20,28,Baseline FQL,10.0
20,28,Improved FQL-GTA,13.0
20,29,Baseline FQL,9.0
20,29,Improved FQL-GTA,12.0
20,30,Baseline FQL,14.0
20,30,Improved FQL-GTA,12.0
20,31,Baseline FQL,10.0
20,31,Improved FQL-GTA,12.0
20,32,Baseline FQL,10.0
20,32,Improved FQL-GTA,14.0
20,33,Baseline FQL,11.0
20,33,Improved FQL-GTA,29.0
20,34,Baseline FQL,10.0
20,34,Improved FQL-GTA,21.0
20,35,Baseline FQL,10.0
20,35,Improved FQL-GTA,19.0
20,36,Baseline FQL,12.0
20,36,Improved FQL-GTA,19.0
20,37,Baseline FQL,8.0
20,37,Improved FQL-GTA,14.0
20,38,Baseline FQL,9.0
20,38,Improved FQL-GTA,16.0
20,39,Baseline FQL,12.0
20,39,Improved FQL-GTA,19.0
20,40,Baseline FQL,10.0
20,40,Improved FQL-GTA,15.0
20,41,Baseline FQL,11.0
20,41,Improved FQL-GTA,21.0
20,42,Baseline FQL,10.0
20,42,Improved FQL-GTA,23.0
20,43,Baseline FQL,9.0
20,43,Improved FQL-GTA,13.0
20,44,Baseline FQL,12.0
20,44,Improved FQL-GTA,14.0
20,45,Baseline FQL,10.0
20,45,Improved FQL-GTA,17.0
20,46,Baseline FQL,10.0
20,46,Improved FQL-GTA,34.0
20,47,Baseline FQL,12.0
20,47,Improved FQL-GTA,20.0
20,48,Baseline FQL,9.0
20,48,Improved FQL-GTA,19.0
20,49,Baseline FQL,10.0
20,49,Improved FQL-GTA,14.0
20,50,Baseline FQL,8.0
20,50,Improved FQL-GTA,13.0
20,51,Baseline FQL,10.0
20,51,Improved FQL-GTA,19.0
20,52,Baseline FQL,10.0
20,52,Improved FQL-GTA,13.0
20,53,Baseline FQL,10.0
20,53,Improved FQL-GTA,18.0
20,54,Baseline FQL,11.0
20,54,Improved FQL-GTA,21.0
20,55,Baseline FQL,9.0
20,55,Improved FQL-GTA,13.0
20,56,Baseline FQL,12.0
20,56,Improved FQL-GTA,14.0
20,57,Baseline FQL,9.0
20,57,Improved FQL-GTA,12.0
20,58,Baseline FQL,11.0
20,58,Improved FQL-GTA,13.0
20,59,Baseline FQL,10.0
20,59,Improved FQL-GTA,19.0
20,60,Baseline FQL,9.0
20,60,Improved FQL-GTA,12.0
20,61,Baseline FQL,10.0
20,61,Improved FQL-GTA,21.0
20,62,Baseline FQL,9.0
20,62,Improved FQL-GTA,10.0
20,63,Baseline FQL,12.0
20,63,Improved FQL-GTA,19.0
20,64,Baseline FQL,11.0
20,64,Improved FQL-GTA,19.0
20,65,Baseline FQL,9.0
20,65,Improved FQL-GTA,13.0
20,66,Baseline FQL,10.0
20,66,Improved FQL-GTA,18.0
20,67,Baseline FQL,9.0
20,67,Improved FQL-GTA,16.0
20,68,Baseline FQL,16.0
20,68,Improved FQL-GTA,18.0
20,69,Baseline FQL,12.0
20,69,Improved FQL-GTA,24.0
20,70,Baseline FQL,10.0
20,70,Improved FQL-GTA,14.0
20,71,Baseline FQL,14.0
20,71,Improved FQL-GTA,18.0
20,72,Baseline FQL,15.0
20,72,Improved FQL-GTA,13.0
20,73,Baseline FQL,19.0
20,73,Improved FQL-GTA,15.0
20,74,Baseline FQL,17.0
20,74,Improved FQL-GTA,20.0
20,75,Baseline FQL,12.0
20,75,Improved FQL-GTA,24.0
20,76,Baseline FQL,18.0
20,76,Improved FQL-GTA,27.0
20,77,Baseline FQL,15.0
20,77,Improved FQL-GTA,15.0
20,78,Baseline FQL,15.0
20,78,Improved FQL-GTA,15.0
20,79,Baseline FQL,20.0
20,79,Improved FQL-GTA,23.0
20,80,Baseline FQL,15.0
20,80,Improved FQL-GTA,14.0
20,81,Baseline FQL,16.0
20,81,Improved FQL-GTA,18.0
20,82,Baseline FQL,12.0
20,82,Improved FQL-GTA,18.0
20,83,Baseline FQL,12.0
20,83,Improved FQL-GTA,12.0
20,84,Baseline FQL,19.0
20,84,Improved FQL-GTA,18.0
20,85,Baseline FQL,22.0
20,85,Improved FQL-GTA,21.0
20,86,Baseline FQL,28.0
20,86,Improved FQL-GTA,21.0
20,87,Baseline FQL,21.0
20,87,Improved FQL-GTA,19.0
20,88,Baseline FQL,17.0
20,88,Improved FQL-GTA,23.0
20,89,Baseline FQL,23.0
20,89,Improved FQL-GTA,21.0
20,90,Baseline FQL,12.0
20,90,Improved FQL-GTA,26.0
20,91,Baseline FQL,15.0
20,91,Improved FQL-GTA,26.0
20,92,Baseline FQL,17.0
20,92,Improved FQL-GTA,20.0
20,93,Baseline FQL,12.0
20,93,Improved FQL-GTA,19.0
20,94,Baseline FQL,21.0
20,94,Improved FQL-GTA,27.0
20,95,Baseline FQL,16.0
20,95,Improved FQL-GTA,21.0
20,96,Baseline FQL,17.0
20,96,Improved FQL-GTA,21.0
20,97,Baseline FQL,11.0
20,97,Improved FQL-GTA,15.0
20,98,Baseline FQL,19.0
20,98,Improved FQL-GTA,31.0
20,99,Baseline FQL,20.0
20,99,Improved FQL-GTA,23.0
20,100,Baseline FQL,13.0
20,100,Improved FQL-GTA,13.0
20,101,Baseline FQL,19.0
20,101,Improved FQL-GTA,18.0
20,102,Baseline FQL,13.0
20,102,Improved FQL-GTA,19.0
20,103,Baseline FQL,18.0
20,103,Improved FQL-GTA,25.0
20,104,Baseline FQL,26.0
20,104,Improved FQL-GTA,29.0
20,105,Baseline FQL,11.0
20,105,Improved FQL-GTA,11.0
20,106,Baseline FQL,17.0
20,106,Improved FQL-GTA,34.0
20,107,Baseline FQL,24.0
20,107,Improved FQL-GTA,31.0
20,108,Baseline FQL,17.0
20,108,Improved FQL-GTA,18.0
20,109,Baseline FQL,18.0
20,109,Improved FQL-GTA,27.0
20,110,Baseline FQL,11.0
20,110,Improved FQL-GTA,19.0
20,111,Baseline FQL,18.0
20,111,Improved FQL-GTA,27.0
20,112,Baseline FQL,16.0
20,112,Improved FQL-GTA,47.0
20,113,Baseline FQL,13.0
20,113,Improved FQL-GTA,15.0
20,114,Baseline FQL,17.0
20,114,Improved FQL-GTA,23.0
20,115,Baseline FQL,13.0
20,115,Improved FQL-GTA,24.0
20,116,Baseline FQL,12.0
20,116,Improved FQL-GTA,16.0
20,117,Baseline FQL,22.0
20,117,Improved FQL-GTA,32.0
20,118,Baseline FQL,17.0
20,118,Improved FQL-GTA,19.0
20,119,Baseline FQL,15.0
20,119,Improved FQL-GTA,24.0
20,120,Baseline FQL,22.0
20,120,Improved FQL-GTA,47.0
20,121,Baseline FQL,14.0
20,121,Improved FQL-GTA,45.0
20,122,Baseline FQL,23.0
20,122,Improved FQL-GTA,52.0
20,123,Baseline FQL,15.0
20,123,Improved FQL-GTA,19.0
20,124,Baseline FQL,16.0
20,124,Improved FQL-GTA,34.0
20,125,Baseline FQL,20.0
20,125,Improved FQL-GTA,54.0
20,126,Baseline FQL,12.0
20,126,Improved FQL-GTA,17.0
20,127,Baseline FQL,18.0
20,127,Improved FQL-GTA,30.0
20,128,Baseline FQL,14.0
20,128,Improved FQL-GTA,28.0
20,129,Baseline FQL,13.0
20,129,Improved FQL-GTA,34.0
20,130,Baseline FQL,17.0
20,130,Improved FQL-GTA,233.0
20,131,Baseline FQL,13.0
20,131,Improved FQL-GTA,42.0
20,132,Baseline FQL,19.0
20,132,Improved FQL-GTA,249.0
20,133,Baseline FQL,34.0
20,133,Improved FQL-GTA,115.0
20,134,Baseline FQL,19.0
20,134,Improved FQL-GTA,65.0
20,135,Baseline FQL,21.0
20,135,Improved FQL-GTA,129.0
20,136,Baseline FQL,17.0
20,136,Improved FQL-GTA,51.0
20,137,Baseline FQL,22.0
20,137,Improved FQL-GTA,261.0
20,138,Baseline FQL,19.0
20,138,Improved FQL-GTA,154.0
20,139,Baseline FQL,15.0
20,139,Improved FQL-GTA,143.0
20,140,Baseline FQL,19.0
20,140,Improved FQL-GTA,201.0
20,141,Baseline FQL,19.0
20,141,Improved FQL-GTA,30.0
20,142,Baseline FQL,21.0
20,142,Improved FQL-GTA,169.0
20,143,Baseline FQL,14.0
20,143,Improved FQL-GTA,144.0
20,144,Baseline FQL,15.0
20,144,Improved FQL-GTA,181.0
20,145,Baseline FQL,19.0
20,145,Improved FQL-GTA,195.0
20,146,Baseline FQL,14.0
20,146,Improved FQL-GTA,151.0
20,147,Baseline FQL,13.0
20,147,Improved FQL-GTA,181.0
20,148,Baseline FQL,16.0
20,148,Improved FQL-GTA,183.0
20,149,Baseline FQL,11.0
20,149,Improved FQL-GTA,175.0
20,150,Baseline FQL,17.0
20,150,Improved FQL-GTA,178.0
20,151,Baseline FQL,11.0
20,151,Improved FQL-GTA,164.0
20,152,Baseline FQL,15.0
20,152,Improved FQL-GTA,203.0
20,153,Baseline FQL,14.0
20,153,Improved FQL-GTA,175.0
20,154,Baseline FQL,23.0
20,154,Improved FQL-GTA,115.0
20,155,Baseline FQL,11.0
20,155,Improved FQL-GTA,237.0
20,156,Baseline FQL,25.0
20,156,Improved FQL-GTA,278.0
20,157,Baseline FQL,11.0
20,157,Improved FQL-GTA,96.0
20,158,Baseline FQL,15.0
20,158,Improved FQL-GTA,257.0
20,159,Baseline FQL,23.0
20,159,Improved FQL-GTA,15.0
20,160,Baseline FQL,11.0
20,160,Improved FQL-GTA,10.0
20,161,Baseline FQL,16.0
20,161,Improved FQL-GTA,450.0
20,162,Baseline FQL,16.0
20,162,Improved FQL-GTA,342.0
20,163,Baseline FQL,15.0
20,163,Improved FQL-GTA,317.0
20,164,Baseline FQL,16.0
20,164,Improved FQL-GTA,301.0
20,165,Baseline FQL,11.0
20,165,Improved FQL-GTA,253.0
20,166,Baseline FQL,19.0
20,166,Improved FQL-GTA,14.0
20,167,Baseline FQL,17.0
20,167,Improved FQL-GTA,236.0
20,168,Baseline FQL,17.0
20,168,Improved FQL-GTA,286.0
20,169,Baseline FQL,11.0
20,169,Improved FQL-GTA,223.0
20,170,Baseline FQL,15.0
20,170,Improved FQL-GTA,208.0
20,171,Baseline FQL,12.0
20,171,Improved FQL-GTA,219.0
20,172,Baseline FQL,23.0
20,172,Improved FQL-GTA,224.0
20,173,Baseline FQL,23.0
20,173,Improved FQL-GTA,246.0
20,174,Baseline FQL,17.0
20,174,Improved FQL-GTA,153.0
20,175,Baseline FQL,20.0
20,175,Improved FQL-GTA,263.0
20,176,Baseline FQL,15.0
20,176,Improved FQL-GTA,277.0
20,177,Baseline FQL,13.0
20,177,Improved FQL-GTA,186.0
20,178,Baseline FQL,19.0
20,178,Improved FQL-GTA,14.0
20,179,Baseline FQL,21.0
20,179,Improved FQL-GTA,330.0
20,180,Baseline FQL,24.0
20,180,Improved FQL-GTA,317.0
20,181,Baseline FQL,22.0
20,181,Improved FQL-GTA,325.0
20,182,Baseline FQL,15.0
20,182,Improved FQL-GTA,285.0
20,183,Baseline FQL,11.0
20,183,Improved FQL-GTA,257.0
20,184,Baseline FQL,23.0
20,184,Improved FQL-GTA,274.0
20,185,Baseline FQL,21.0
20,185,Improved FQL-GTA,247.0
20,186,Baseline FQL,22.0
20,186,Improved FQL-GTA,250.0
20,187,Baseline FQL,18.0
20,187,Improved FQL-GTA,226.0
20,188,Baseline FQL,20.0
20,188,Improved FQL-GTA,218.0
20,189,Baseline FQL,27.0
20,189,Improved FQL-GTA,235.0
20,190,Baseline FQL,26.0
20,190,Improved FQL-GTA,220.0
20,191,Baseline FQL,24.0
20,191,Improved FQL-GTA,17.0
20,192,Baseline FQL,26.0
20,192,Improved FQL-GTA,384.0
20,193,Baseline FQL,37.0
20,193,Improved FQL-GTA,410.0
20,194,Baseline FQL,23.0
20,194,Improved FQL-GTA,364.0
20,195,Baseline FQL,27.0
20,195,Improved FQL-GTA,380.0
20,196,Baseline FQL,15.0
20,196,Improved FQL-GTA,16.0
20,197,Baseline FQL,28.0
20,197,Improved FQL-GTA,344.0
20,198,Baseline FQL,21.0
20,198,Improved FQL-GTA,284.0
20,199,Baseline FQL,20.0
20,199,Improved FQL-GTA,307.0
20,200,Baseline FQL,18.0
20,200,Improved FQL-GTA,249.0
20,201,Baseline FQL,16.0
20,201,Improved FQL-GTA,210.0
20,202,Baseline FQL,20.0
20,202,Improved FQL-GTA,10.0
20,203,Baseline FQL,20.0
20,203,Improved FQL-GTA,313.0
20,204,Baseline FQL,22.0
20,204,Improved FQL-GTA,500.0
20,205,Baseline FQL,28.0
20,205,Improved FQL-GTA,500.0
20,206,Baseline FQL,20.0
20,206,Improved FQL-GTA,238.0
20,207,Baseline FQL,16.0
20,207,Improved FQL-GTA,235.0
20,208,Baseline FQL,32.0
20,208,Improved FQL-GTA,286.0
20,209,Baseline FQL,47.0
20,209,Improved FQL-GTA,289.0
20,210,Baseline FQL,23.0
20,210,Improved FQL-GTA,309.0
20,211,Baseline FQL,21.0
20,211,Improved FQL-GTA,263.0
20,212,Baseline FQL,31.0
20,212,Improved FQL-GTA,279.0
20,213,Baseline FQL,36.0
20,213,Improved FQL-GTA,263.0
20,214,Baseline FQL,32.0
20,214,Improved FQL-GTA,267.0
20,215,Baseline FQL,30.0
20,215,Improved FQL-GTA,274.0
20,216,Baseline FQL,43.0
20,216,Improved FQL-GTA,316.0
20,217,Baseline FQL,16.0
20,217,Improved FQL-GTA,11.0
20,218,Baseline FQL,51.0
20,218,Improved FQL-GTA,500.0
20,219,Baseline FQL,18.0
20,219,Improved FQL-GTA,500.0
20,220,Baseline FQL,27.0
20,220,Improved FQL-GTA,500.0
20,221,Baseline FQL,47.0
20,221,Improved FQL-GTA,500.0
20,222,Baseline FQL,22.0
20,222,Improved FQL-GTA,500.0
20,223,Baseline FQL,50.0
20,223,Improved FQL-GTA,500.0
20,224,Baseline FQL,20.0
20,224,Improved FQL-GTA,500.0
20,225,Baseline FQL,54.0
20,225,Improved FQL-GTA,500.0
20,226,Baseline FQL,34.0
20,226,Improved FQL-GTA,500.0
20,227,Baseline FQL,32.0
20,227,Improved FQL-GTA,500.0
20,228,Baseline FQL,21.0
20,228,Improved FQL-GTA,500.0
20,229,Baseline FQL,54.0
20,229,Improved FQL-GTA,500.0
20,230,Baseline FQL,24.0
20,230,Improved FQL-GTA,500.0
20,231,Baseline FQL,29.0
20,231,Improved FQL-GTA,500.0
20,232,Baseline FQL,78.0
20,232,Improved FQL-GTA,500.0
20,233,Baseline FQL,20.0
20,233,Improved FQL-GTA,500.0
20,234,Baseline FQL,80.0
20,234,Improved FQL-GTA,500.0
20,235,Baseline FQL,32.0
20,235,Improved FQL-GTA,275.0
20,236,Baseline FQL,51.0
20,236,Improved FQL-GTA,500.0
20,237,Baseline FQL,16.0
20,237,Improved FQL-GTA,500.0
20,238,Baseline FQL,35.0
20,238,Improved FQL-GTA,500.0
20,239,Baseline FQL,61.0
20,239,Improved FQL-GTA,28.0
20,240,Baseline FQL,38.0
20,240,Improved FQL-GTA,467.0
20,241,Baseline FQL,42.0
20,241,Improved FQL-GTA,329.0
20,242,Baseline FQL,35.0
20,242,Improved FQL-GTA,362.0
20,243,Baseline FQL,30.0
20,243,Improved FQL-GTA,383.0
20,244,Baseline FQL,455.0
20,244,Improved FQL-GTA,283.0
20,245,Baseline FQL,95.0
20,245,Improved FQL-GTA,402.0
20,246,Baseline FQL,81.0
20,246,Improved FQL-GTA,500.0
20,247,Baseline FQL,29.0
20,247,Improved FQL-GTA,500.0
20,248,Baseline FQL,45.0
20,248,Improved FQL-GTA,500.0
20,249,Baseline FQL,33.0
20,249,Improved FQL-GTA,500.0
20,250,Baseline FQL,207.0
20,250,Improved FQL-GTA,500.0
20,251,Baseline FQL,97.0
20,251,Improved FQL-GTA,500.0
20,252,Baseline FQL,67.0
20,252,Improved FQL-GTA,500.0
20,253,Baseline FQL,217.0
20,253,Improved FQL-GTA,500.0
20,254,Baseline FQL,421.0
20,254,Improved FQL-GTA,500.0
20,255,Baseline FQL,63.0
20,255,Improved FQL-GTA,500.0
20,256,Baseline FQL,29.0
20,256,Improved FQL-GTA,388.0
20,257,Baseline FQL,68.0
20,257,Improved FQL-GTA,386.0
20,258,Baseline FQL,37.0
20,258,Improved FQL-GTA,403.0
20,259,Baseline FQL,22.0
20,259,Improved FQL-GTA,487.0
20,260,Baseline FQL,55.0
20,260,Improved FQL-GTA,500.0
20,261,Baseline FQL,138.0
20,261,Improved FQL-GTA,408.0
20,262,Baseline FQL,157.0
20,262,Improved FQL-GTA,500.0
20,263,Baseline FQL,43.0
20,263,Improved FQL-GTA,500.0
20,264,Baseline FQL,151.0
20,264,Improved FQL-GTA,434.0
20,265,Baseline FQL,153.0
20,265,Improved FQL-GTA,373.0
20,266,Baseline FQL,302.0
20,266,Improved FQL-GTA,500.0
20,267,Baseline FQL,113.0
20,267,Improved FQL-GTA,500.0
20,268,Baseline FQL,27.0
20,268,Improved FQL-GTA,419.0
20,269,Baseline FQL,59.0
20,269,Improved FQL-GTA,13.0
20,270,Baseline FQL,109.0
20,270,Improved FQL-GTA,353.0
20,271,Baseline FQL,163.0
20,271,Improved FQL-GTA,320.0
20,272,Baseline FQL,41.0
20,272,Improved FQL-GTA,297.0
20,273,Baseline FQL,60.0
20,273,Improved FQL-GTA,385.0
20,274,Baseline FQL,236.0
20,274,Improved FQL-GTA,357.0
20,275,Baseline FQL,360.0
20,275,Improved FQL-GTA,396.0
20,276,Baseline FQL,302.0
20,276,Improved FQL-GTA,486.0
20,277,Baseline FQL,194.0
20,277,Improved FQL-GTA,452.0
20,278,Baseline FQL,162.0
20,278,Improved FQL-GTA,500.0
20,279,Baseline FQL,212.0
20,279,Improved FQL-GTA,500.0
20,280,Baseline FQL,299.0
20,280,Improved FQL-GTA,476.0
20,281,Baseline FQL,98.0
20,281,Improved FQL-GTA,500.0
20,282,Baseline FQL,179.0
20,282,Improved FQL-GTA,500.0
20,283,Baseline FQL,125.0
20,283,Improved FQL-GTA,500.0
20,284,Baseline FQL,125.0
20,284,Improved FQL-GTA,500.0
20,285,Baseline FQL,208.0
20,285,Improved FQL-GTA,500.0
20,286,Baseline FQL,262.0
20,286,Improved FQL-GTA,496.0
20,287,Baseline FQL,242.0
20,287,Improved FQL-GTA,500.0
20,288,Baseline FQL,197.0
20,288,Improved FQL-GTA,500.0
20,289,Baseline FQL,221.0
20,289,Improved FQL-GTA,500.0
20,290,Baseline FQL,95.0
20,290,Improved FQL-GTA,390.0
20,291,Baseline FQL,396.0
20,291,Improved FQL-GTA,456.0
20,292,Baseline FQL,223.0
20,292,Improved FQL-GTA,461.0
20,293,Baseline FQL,256.0
20,293,Improved FQL-GTA,389.0
20,294,Baseline FQL,234.0
20,294,Improved FQL-GTA,500.0
20,295,Baseline FQL,221.0
20,295,Improved FQL-GTA,500.0
20,296,Baseline FQL,223.0
20,296,Improved FQL-GTA,500.0
20,297,Baseline FQL,264.0
20,297,Improved FQL-GTA,13.0
20,298,Baseline FQL,221.0
20,298,Improved FQL-GTA,500.0
20,299,Baseline FQL,234.0
20,299,Improved FQL-GTA,500.0
20,300,Baseline FQL,266.0
20,300,Improved FQL-GTA,495.0
20,301,Baseline FQL,254.0
20,301,Improved FQL-GTA,480.0
20,302,Baseline FQL,226.0
20,302,Improved FQL-GTA,500.0
20,303,Baseline FQL,302.0
20,303,Improved FQL-GTA,407.0
20,304,Baseline FQL,202.0
20,304,Improved FQL-GTA,500.0
20,305,Baseline FQL,231.0
20,305,Improved FQL-GTA,483.0
20,306,Baseline FQL,247.0
20,306,Improved FQL-GTA,500.0
20,307,Baseline FQL,203.0
20,307,Improved FQL-GTA,500.0
20,308,Baseline FQL,289.0
20,308,Improved FQL-GTA,500.0
20,309,Baseline FQL,211.0
20,309,Improved FQL-GTA,500.0
20,310,Baseline FQL,200.0
20,310,Improved FQL-GTA,500.0
20,311,Baseline FQL,210.0
20,311,Improved FQL-GTA,500.0
20,312,Baseline FQL,135.0
20,312,Improved FQL-GTA,500.0
20,313,Baseline FQL,212.0
20,313,Improved FQL-GTA,500.0
20,314,Baseline FQL,263.0
20,314,Improved FQL-GTA,500.0
20,315,Baseline FQL,171.0
20,315,Improved FQL-GTA,378.0
20,316,Baseline FQL,260.0
20,316,Improved FQL-GTA,500.0
20,317,Baseline FQL,253.0
20,317,Improved FQL-GTA,500.0
20,318,Baseline FQL,246.0
20,318,Improved FQL-GTA,500.0
20,319,Baseline FQL,236.0
20,319,Improved FQL-GTA,500.0
20,320,Baseline FQL,177.0
20,320,Improved FQL-GTA,500.0
20,321,Baseline FQL,216.0
20,321,Improved FQL-GTA,500.0
20,322,Baseline FQL,234.0
20,322,Improved FQL-GTA,500.0
20,323,Baseline FQL,353.0
20,323,Improved FQL-GTA,394.0
20,324,Baseline FQL,288.0
20,324,Improved FQL-GTA,500.0
20,325,Baseline FQL,190.0
20,325,Improved FQL-GTA,500.0
20,326,Baseline FQL,291.0
20,326,Improved FQL-GTA,500.0
20,327,Baseline FQL,223.0
20,327,Improved FQL-GTA,500.0
20,328,Baseline FQL,311.0
20,328,Improved FQL-GTA,17.0
20,329,Baseline FQL,167.0
20,329,Improved FQL-GTA,500.0
20,330,Baseline FQL,232.0
20,330,Improved FQL-GTA,500.0
20,331,Baseline FQL,259.0
20,331,Improved FQL-GTA,500.0
20,332,Baseline FQL,289.0
20,332,Improved FQL-GTA,500.0
20,333,Baseline FQL,221.0
20,333,Improved FQL-GTA,500.0
20,334,Baseline FQL,260.0
20,334,Improved FQL-GTA,500.0
20,335,Baseline FQL,265.0
20,335,Improved FQL-GTA,500.0
20,336,Baseline FQL,226.0
20,336,Improved FQL-GTA,500.0
20,337,Baseline FQL,253.0
20,337,Improved FQL-GTA,500.0
20,338,Baseline FQL,244.0
20,338,Improved FQL-GTA,500.0
20,339,Baseline FQL,232.0
20,339,Improved FQL-GTA,500.0
20,340,Baseline FQL,216.0
20,340,Improved FQL-GTA,500.0
20,341,Baseline FQL,206.0
20,341,Improved FQL-GTA,500.0
20,342,Baseline FQL,264.0
20,342,Improved FQL-GTA,380.0
20,343,Baseline FQL,278.0
20,343,Improved FQL-GTA,410.0
20,344,Baseline FQL,243.0
20,344,Improved FQL-GTA,500.0
20,345,Baseline FQL,277.0
20,345,Improved FQL-GTA,500.0
20,346,Baseline FQL,221.0
20,346,Improved FQL-GTA,500.0
20,347,Baseline FQL,160.0
20,347,Improved FQL-GTA,500.0
20,348,Baseline FQL,206.0
20,348,Improved FQL-GTA,500.0
20,349,Baseline FQL,217.0
20,349,Improved FQL-GTA,500.0
20,350,Baseline FQL,293.0
20,350,Improved FQL-GTA,500.0
20,351,Baseline FQL,260.0
20,351,Improved FQL-GTA,500.0
20,352,Baseline FQL,237.0
20,352,Improved FQL-GTA,500.0
20,353,Baseline FQL,270.0
20,353,Improved FQL-GTA,500.0
20,354,Baseline FQL,271.0
20,354,Improved FQL-GTA,500.0
20,355,Baseline FQL,262.0
20,355,Improved FQL-GTA,500.0
20,356,Baseline FQL,286.0
20,356,Improved FQL-GTA,500.0
20,357,Baseline FQL,13.0
20,357,Improved FQL-GTA,500.0
20,358,Baseline FQL,247.0
20,358,Improved FQL-GTA,500.0
20,359,Baseline FQL,227.0
20,359,Improved FQL-GTA,470.0
20,360,Baseline FQL,220.0
20,360,Improved FQL-GTA,357.0
20,361,Baseline FQL,231.0
20,361,Improved FQL-GTA,315.0
20,362,Baseline FQL,229.0
20,362,Improved FQL-GTA,500.0
20,363,Baseline FQL,222.0
20,363,Improved FQL-GTA,500.0
20,364,Baseline FQL,209.0
20,364,Improved FQL-GTA,500.0
20,365,Baseline FQL,231.0
20,365,Improved FQL-GTA,500.0
20,366,Baseline FQL,271.0
20,366,Improved FQL-GTA,466.0
20,367,Baseline FQL,295.0
20,367,Improved FQL-GTA,500.0
20,368,Baseline FQL,291.0
20,368,Improved FQL-GTA,500.0
20,369,Baseline FQL,260.0
20,369,Improved FQL-GTA,500.0
20,370,Baseline FQL,290.0
20,370,Improved FQL-GTA,500.0
20,371,Baseline FQL,241.0
20,371,Improved FQL-GTA,500.0
20,372,Baseline FQL,241.0
20,372,Improved FQL-GTA,500.0
20,373,Baseline FQL,372.0
20,373,Improved FQL-GTA,500.0
20,374,Baseline FQL,321.0
20,374,Improved FQL-GTA,500.0
20,375,Baseline FQL,309.0
20,375,Improved FQL-GTA,500.0
20,376,Baseline FQL,336.0
20,376,Improved FQL-GTA,500.0
20,377,Baseline FQL,255.0
20,377,Improved FQL-GTA,492.0
20,378,Baseline FQL,297.0
20,378,Improved FQL-GTA,348.0
20,379,Baseline FQL,264.0
20,379,Improved FQL-GTA,286.0
20,380,Baseline FQL,266.0
20,380,Improved FQL-GTA,346.0
20,381,Baseline FQL,263.0
20,381,Improved FQL-GTA,307.0
20,382,Baseline FQL,232.0
20,382,Improved FQL-GTA,371.0
20,383,Baseline FQL,253.0
20,383,Improved FQL-GTA,369.0
20,384,Baseline FQL,500.0
20,384,Improved FQL-GTA,500.0
20,385,Baseline FQL,255.0
20,385,Improved FQL-GTA,412.0
20,386,Baseline FQL,257.0
20,386,Improved FQL-GTA,203.0
20,387,Baseline FQL,308.0
20,387,Improved FQL-GTA,294.0
20,388,Baseline FQL,318.0
20,388,Improved FQL-GTA,391.0
20,389,Baseline FQL,245.0
20,389,Improved FQL-GTA,500.0
20,390,Baseline FQL,184.0
20,390,Improved FQL-GTA,500.0
20,391,Baseline FQL,304.0
20,391,Improved FQL-GTA,500.0
20,392,Baseline FQL,291.0
20,392,Improved FQL-GTA,500.0
20,393,Baseline FQL,306.0
20,393,Improved FQL-GTA,500.0
20,394,Baseline FQL,217.0
20,394,Improved FQL-GTA,500.0
20,395,Baseline FQL,287.0
20,395,Improved FQL-GTA,500.0
20,396,Baseline FQL,116.0
20,396,Improved FQL-GTA,500.0
20,397,Baseline FQL,258.0
20,397,Improved FQL-GTA,500.0
20,398,Baseline FQL,256.0
20,398,Improved FQL-GTA,500.0
20,399,Baseline FQL,259.0
20,399,Improved FQL-GTA,500.0
20,400,Baseline FQL,232.0
20,400,Improved FQL-GTA,500.0
20,401,Baseline FQL,290.0
20,401,Improved FQL-GTA,500.0
20,402,Baseline FQL,268.0
20,402,Improved FQL-GTA,154.0
20,403,Baseline FQL,238.0
20,403,Improved FQL-GTA,500.0
20,404,Baseline FQL,257.0
20,404,Improved FQL-GTA,500.0
20,405,Baseline FQL,230.0
20,405,Improved FQL-GTA,500.0
20,406,Baseline FQL,225.0
20,406,Improved FQL-GTA,500.0
20,407,Baseline FQL,274.0
20,407,Improved FQL-GTA,500.0
20,408,Baseline FQL,322.0
20,408,Improved FQL-GTA,500.0
20,409,Baseline FQL,284.0
20,409,Improved FQL-GTA,500.0
20,410,Baseline FQL,257.0
20,410,Improved FQL-GTA,500.0
20,411,Baseline FQL,223.0
20,411,Improved FQL-GTA,500.0
20,412,Baseline FQL,228.0
20,412,Improved FQL-GTA,500.0
20,413,Baseline FQL,294.0
20,413,Improved FQL-GTA,500.0
20,414,Baseline FQL,252.0
20,414,Improved FQL-GTA,500.0
20,415,Baseline FQL,306.0
20,415,Improved FQL-GTA,500.0
20,416,Baseline FQL,355.0
20,416,Improved FQL-GTA,500.0
20,417,Baseline FQL,273.0
20,417,Improved FQL-GTA,500.0
20,418,Baseline FQL,405.0
20,418,Improved FQL-GTA,500.0
20,419,Baseline FQL,332.0
20,419,Improved FQL-GTA,493.0
20,420,Baseline FQL,353.0
20,420,Improved FQL-GTA,10.0
20,421,Baseline FQL,265.0
20,421,Improved FQL-GTA,500.0
20,422,Baseline FQL,425.0
20,422,Improved FQL-GTA,500.0
20,423,Baseline FQL,265.0
20,423,Improved FQL-GTA,500.0
20,424,Baseline FQL,267.0
20,424,Improved FQL-GTA,500.0
20,425,Baseline FQL,264.0
20,425,Improved FQL-GTA,500.0
20,426,Baseline FQL,277.0
20,426,Improved FQL-GTA,500.0
20,427,Baseline FQL,311.0
20,427,Improved FQL-GTA,500.0
20,428,Baseline FQL,390.0
20,428,Improved FQL-GTA,500.0
20,429,Baseline FQL,242.0
20,429,Improved FQL-GTA,500.0
20,430,Baseline FQL,248.0
20,430,Improved FQL-GTA,500.0
20,431,Baseline FQL,247.0
20,431,Improved FQL-GTA,500.0
20,432,Baseline FQL,284.0
20,432,Improved FQL-GTA,500.0
20,433,Baseline FQL,264.0
20,433,Improved FQL-GTA,500.0
20,434,Baseline FQL,313.0
20,434,Improved FQL-GTA,500.0
20,435,Baseline FQL,232.0
20,435,Improved FQL-GTA,500.0
20,436,Baseline FQL,287.0
20,436,Improved FQL-GTA,500.0
20,437,Baseline FQL,226.0
20,437,Improved FQL-GTA,500.0
20,438,Baseline FQL,283.0
20,438,Improved FQL-GTA,500.0
20,439,Baseline FQL,237.0
20,439,Improved FQL-GTA,500.0
20,440,Baseline FQL,239.0
20,440,Improved FQL-GTA,500.0
20,441,Baseline FQL,245.0
20,441,Improved FQL-GTA,500.0
20,442,Baseline FQL,240.0
20,442,Improved FQL-GTA,500.0
20,443,Baseline FQL,248.0
20,443,Improved FQL-GTA,500.0
20,444,Baseline FQL,285.0
20,444,Improved FQL-GTA,500.0
20,445,Baseline FQL,324.0
20,445,Improved FQL-GTA,500.0
20,446,Baseline FQL,360.0
20,446,Improved FQL-GTA,500.0
20,447,Baseline FQL,261.0
20,447,Improved FQL-GTA,500.0
20,448,Baseline FQL,251.0
20,448,Improved FQL-GTA,500.0
20,449,Baseline FQL,353.0
20,449,Improved FQL-GTA,500.0
20,450,Baseline FQL,295.0
20,450,Improved FQL-GTA,500.0
20,451,Baseline FQL,264.0
20,451,Improved FQL-GTA,500.0
20,452,Baseline FQL,243.0
20,452,Improved FQL-GTA,500.0
20,453,Baseline FQL,274.0
20,453,Improved FQL-GTA,500.0
20,454,Baseline FQL,236.0
20,454,Improved FQL-GTA,500.0
20,455,Baseline FQL,284.0
20,455,Improved FQL-GTA,500.0
20,456,Baseline FQL,284.0
20,456,Improved FQL-GTA,500.0
20,457,Baseline FQL,417.0
20,457,Improved FQL-GTA,500.0
20,458,Baseline FQL,358.0
20,458,Improved FQL-GTA,500.0
20,459,Baseline FQL,209.0
20,459,Improved FQL-GTA,462.0
20,460,Baseline FQL,277.0
20,460,Improved FQL-GTA,500.0
20,461,Baseline FQL,309.0
20,461,Improved FQL-GTA,386.0
20,462,Baseline FQL,246.0
20,462,Improved FQL-GTA,500.0
20,463,Baseline FQL,253.0
20,463,Improved FQL-GTA,500.0
20,464,Baseline FQL,258.0
20,464,Improved FQL-GTA,500.0
20,465,Baseline FQL,285.0
20,465,Improved FQL-GTA,500.0
20,466,Baseline FQL,231.0
20,466,Improved FQL-GTA,500.0
20,467,Baseline FQL,256.0
20,467,Improved FQL-GTA,500.0
20,468,Baseline FQL,269.0
20,468,Improved FQL-GTA,500.0
20,469,Baseline FQL,341.0
20,469,Improved FQL-GTA,500.0
20,470,Baseline FQL,243.0
20,470,Improved FQL-GTA,500.0
20,471,Baseline FQL,347.0
20,471,Improved FQL-GTA,500.0
20,472,Baseline FQL,206.0
20,472,Improved FQL-GTA,500.0
20,473,Baseline FQL,238.0
20,473,Improved FQL-GTA,500.0
20,474,Baseline FQL,345.0
20,474,Improved FQL-GTA,500.0
20,475,Baseline FQL,284.0
20,475,Improved FQL-GTA,500.0
20,476,Baseline FQL,310.0
20,476,Improved FQL-GTA,500.0
20,477,Baseline FQL,288.0
20,477,Improved FQL-GTA,500.0
20,478,Baseline FQL,401.0
20,478,Improved FQL-GTA,500.0
20,479,Baseline FQL,282.0
20,479,Improved FQL-GTA,500.0
20,480,Baseline FQL,221.0
20,480,Improved FQL-GTA,500.0
20,481,Baseline FQL,394.0
20,481,Improved FQL-GTA,500.0
20,482,Baseline FQL,247.0
20,482,Improved FQL-GTA,500.0
20,483,Baseline FQL,240.0
20,483,Improved FQL-GTA,500.0
20,484,Baseline FQL,284.0
20,484,Improved FQL-GTA,500.0
20,485,Baseline FQL,332.0
20,485,Improved FQL-GTA,500.0
20,486,Baseline FQL,276.0
20,486,Improved FQL-GTA,500.0
20,487,Baseline FQL,288.0
20,487,Improved FQL-GTA,500.0
20,488,Baseline FQL,256.0
20,488,Improved FQL-GTA,500.0
20,489,Baseline FQL,259.0
20,489,Improved FQL-GTA,447.0
20,490,Baseline FQL,210.0
20,490,Improved FQL-GTA,366.0
20,491,Baseline FQL,317.0
20,491,Improved FQL-GTA,332.0
20,492,Baseline FQL,246.0
20,492,Improved FQL-GTA,320.0
20,493,Baseline FQL,282.0
20,493,Improved FQL-GTA,224.0
20,494,Baseline FQL,311.0
20,494,Improved FQL-GTA,275.0
20,495,Baseline FQL,309.0
20,495,Improved FQL-GTA,282.0
20,496,Baseline FQL,268.0
20,496,Improved FQL-GTA,228.0
20,497,Baseline FQL,340.0
20,497,Improved FQL-GTA,258.0
20,498,Baseline FQL,471.0
20,498,Improved FQL-GTA,209.0
20,499,Baseline FQL,236.0
20,499,Improved FQL-GTA,301.0
20,500,Baseline FQL,318.0
20,500,Improved FQL-GTA,260.0
21,1,Baseline FQL,9.0
21,1,Improved FQL-GTA,41.0
21,2,Baseline FQL,10.0
21,2,Improved FQL-GTA,15.0
21,3,Baseline FQL,12.0
21,3,Improved FQL-GTA,59.0
21,4,Baseline FQL,9.0
21,4,Improved FQL-GTA,19.0
21,5,Baseline FQL,10.0
21,5,Improved FQL-GTA,17.0
21,6,Baseline FQL,13.0
21,6,Improved FQL-GTA,12.0
21,7,Baseline FQL,10.0
21,7,Improved FQL-GTA,38.0
21,8,Baseline FQL,10.0
21,8,Improved FQL-GTA,16.0
21,9,Baseline FQL,9.0
21,9,Improved FQL-GTA,41.0
21,10,Baseline FQL,13.0
21,10,Improved FQL-GTA,26.0
21,11,Baseline FQL,11.0
21,11,Improved FQL-GTA,12.0
21,12,Baseline FQL,10.0
21,12,Improved FQL-GTA,80.0
21,13,Baseline FQL,9.0
21,13,Improved FQL-GTA,115.0
21,14,Baseline FQL,12.0
21,14,Improved FQL-GTA,98.0
21,15,Baseline FQL,8.0
21,15,Improved FQL-GTA,31.0
21,16,Baseline FQL,8.0
21,16,Improved FQL-GTA,21.0
21,17,Baseline FQL,11.0
21,17,Improved FQL-GTA,20.0
21,18,Baseline FQL,9.0
21,18,Improved FQL-GTA,28.0
21,19,Baseline FQL,10.0
21,19,Improved FQL-GTA,59.0
21,20,Baseline FQL,8.0
21,20,Improved FQL-GTA,31.0
21,21,Baseline FQL,10.0
21,21,Improved FQL-GTA,30.0
21,22,Baseline FQL,12.0
21,22,Improved FQL-GTA,22.0
21,23,Baseline FQL,13.0
21,23,Improved FQL-GTA,33.0
21,24,Baseline FQL,9.0
21,24,Improved FQL-GTA,36.0
21,25,Baseline FQL,9.0
21,25,Improved FQL-GTA,28.0
21,26,Baseline FQL,10.0
21,26,Improved FQL-GTA,45.0
21,27,Baseline FQL,10.0
21,27,Improved FQL-GTA,24.0
21,28,Baseline FQL,9.0
21,28,Improved FQL-GTA,18.0
21,29,Baseline FQL,15.0
21,29,Improved FQL-GTA,17.0
21,30,Baseline FQL,9.0
21,30,Improved FQL-GTA,16.0
21,31,Baseline FQL,10.0
21,31,Improved FQL-GTA,22.0
21,32,Baseline FQL,11.0
21,32,Improved FQL-GTA,22.0
21,33,Baseline FQL,10.0
21,33,Improved FQL-GTA,69.0
21,34,Baseline FQL,10.0
21,34,Improved FQL-GTA,80.0
21,35,Baseline FQL,10.0
21,35,Improved FQL-GTA,21.0
21,36,Baseline FQL,8.0
21,36,Improved FQL-GTA,112.0
21,37,Baseline FQL,9.0
21,37,Improved FQL-GTA,35.0
21,38,Baseline FQL,11.0
21,38,Improved FQL-GTA,48.0
21,39,Baseline FQL,10.0
21,39,Improved FQL-GTA,110.0
21,40,Baseline FQL,10.0
21,40,Improved FQL-GTA,74.0
21,41,Baseline FQL,9.0
21,41,Improved FQL-GTA,100.0
21,42,Baseline FQL,11.0
21,42,Improved FQL-GTA,95.0
21,43,Baseline FQL,10.0
21,43,Improved FQL-GTA,17.0
21,44,Baseline FQL,14.0
21,44,Improved FQL-GTA,109.0
21,45,Baseline FQL,10.0
21,45,Improved FQL-GTA,121.0
21,46,Baseline FQL,10.0
21,46,Improved FQL-GTA,22.0
21,47,Baseline FQL,9.0
21,47,Improved FQL-GTA,116.0
21,48,Baseline FQL,10.0
21,48,Improved FQL-GTA,119.0
21,49,Baseline FQL,8.0
21,49,Improved FQL-GTA,83.0
21,50,Baseline FQL,10.0
21,50,Improved FQL-GTA,52.0
21,51,Baseline FQL,13.0
21,51,Improved FQL-GTA,80.0
21,52,Baseline FQL,10.0
21,52,Improved FQL-GTA,110.0
21,53,Baseline FQL,12.0
21,53,Improved FQL-GTA,100.0
21,54,Baseline FQL,10.0
21,54,Improved FQL-GTA,111.0
21,55,Baseline FQL,9.0
21,55,Improved FQL-GTA,110.0
21,56,Baseline FQL,9.0
21,56,Improved FQL-GTA,107.0
21,57,Baseline FQL,10.0
21,57,Improved FQL-GTA,51.0
21,58,Baseline FQL,9.0
21,58,Improved FQL-GTA,110.0
21,59,Baseline FQL,9.0
21,59,Improved FQL-GTA,114.0
21,60,Baseline FQL,10.0
21,60,Improved FQL-GTA,56.0
21,61,Baseline FQL,8.0
21,61,Improved FQL-GTA,70.0
21,62,Baseline FQL,10.0
21,62,Improved FQL-GTA,75.0
21,63,Baseline FQL,10.0
21,63,Improved FQL-GTA,115.0
21,64,Baseline FQL,11.0
21,64,Improved FQL-GTA,72.0
21,65,Baseline FQL,12.0
21,65,Improved FQL-GTA,114.0
21,66,Baseline FQL,15.0
21,66,Improved FQL-GTA,77.0
21,67,Baseline FQL,10.0
21,67,Improved FQL-GTA,123.0
21,68,Baseline FQL,12.0
21,68,Improved FQL-GTA,107.0
21,69,Baseline FQL,17.0
21,69,Improved FQL-GTA,86.0
21,70,Baseline FQL,15.0
21,70,Improved FQL-GTA,106.0
21,71,Baseline FQL,12.0
21,71,Improved FQL-GTA,109.0
21,72,Baseline FQL,10.0
21,72,Improved FQL-GTA,118.0
21,73,Baseline FQL,14.0
21,73,Improved FQL-GTA,116.0
21,74,Baseline FQL,13.0
21,74,Improved FQL-GTA,114.0
21,75,Baseline FQL,10.0
21,75,Improved FQL-GTA,119.0
21,76,Baseline FQL,16.0
21,76,Improved FQL-GTA,34.0
21,77,Baseline FQL,13.0
21,77,Improved FQL-GTA,90.0
21,78,Baseline FQL,28.0
21,78,Improved FQL-GTA,119.0
21,79,Baseline FQL,14.0
21,79,Improved FQL-GTA,117.0
21,80,Baseline FQL,17.0
21,80,Improved FQL-GTA,114.0
21,81,Baseline FQL,13.0
21,81,Improved FQL-GTA,108.0
21,82,Baseline FQL,12.0
21,82,Improved FQL-GTA,115.0
21,83,Baseline FQL,20.0
21,83,Improved FQL-GTA,120.0
21,84,Baseline FQL,18.0
21,84,Improved FQL-GTA,122.0
21,85,Baseline FQL,23.0
21,85,Improved FQL-GTA,92.0
21,86,Baseline FQL,21.0
21,86,Improved FQL-GTA,119.0
21,87,Baseline FQL,15.0
21,87,Improved FQL-GTA,120.0
21,88,Baseline FQL,22.0
21,88,Improved FQL-GTA,96.0
21,89,Baseline FQL,13.0
21,89,Improved FQL-GTA,98.0
21,90,Baseline FQL,15.0
21,90,Improved FQL-GTA,109.0
21,91,Baseline FQL,17.0
21,91,Improved FQL-GTA,13.0
21,92,Baseline FQL,11.0
21,92,Improved FQL-GTA,118.0
21,93,Baseline FQL,22.0
21,93,Improved FQL-GTA,106.0
21,94,Baseline FQL,17.0
21,94,Improved FQL-GTA,123.0
21,95,Baseline FQL,15.0
21,95,Improved FQL-GTA,122.0
21,96,Baseline FQL,11.0
21,96,Improved FQL-GTA,111.0
21,97,Baseline FQL,15.0
21,97,Improved FQL-GTA,123.0
21,98,Baseline FQL,21.0
21,98,Improved FQL-GTA,122.0
21,99,Baseline FQL,13.0
21,99,Improved FQL-GTA,121.0
21,100,Baseline FQL,19.0
21,100,Improved FQL-GTA,124.0
21,101,Baseline FQL,19.0
21,101,Improved FQL-GTA,118.0
21,102,Baseline FQL,17.0
21,102,Improved FQL-GTA,129.0
21,103,Baseline FQL,23.0
21,103,Improved FQL-GTA,127.0
21,104,Baseline FQL,11.0
21,104,Improved FQL-GTA,124.0
21,105,Baseline FQL,24.0
21,105,Improved FQL-GTA,126.0
21,106,Baseline FQL,22.0
21,106,Improved FQL-GTA,120.0
21,107,Baseline FQL,19.0
21,107,Improved FQL-GTA,128.0
21,108,Baseline FQL,18.0
21,108,Improved FQL-GTA,120.0
21,109,Baseline FQL,11.0
21,109,Improved FQL-GTA,117.0
21,110,Baseline FQL,19.0
21,110,Improved FQL-GTA,127.0
21,111,Baseline FQL,17.0
21,111,Improved FQL-GTA,119.0
21,112,Baseline FQL,13.0
21,112,Improved FQL-GTA,117.0
21,113,Baseline FQL,23.0
21,113,Improved FQL-GTA,97.0
21,114,Baseline FQL,18.0
21,114,Improved FQL-GTA,112.0
21,115,Baseline FQL,11.0
21,115,Improved FQL-GTA,100.0
21,116,Baseline FQL,24.0
21,116,Improved FQL-GTA,133.0
21,117,Baseline FQL,19.0
21,117,Improved FQL-GTA,129.0
21,118,Baseline FQL,15.0
21,118,Improved FQL-GTA,120.0
21,119,Baseline FQL,27.0
21,119,Improved FQL-GTA,126.0
21,120,Baseline FQL,15.0
21,120,Improved FQL-GTA,107.0
21,121,Baseline FQL,29.0
21,121,Improved FQL-GTA,130.0
21,122,Baseline FQL,14.0
21,122,Improved FQL-GTA,124.0
21,123,Baseline FQL,15.0
21,123,Improved FQL-GTA,125.0
21,124,Baseline FQL,22.0
21,124,Improved FQL-GTA,137.0
21,125,Baseline FQL,13.0
21,125,Improved FQL-GTA,117.0
21,126,Baseline FQL,17.0
21,126,Improved FQL-GTA,129.0
21,127,Baseline FQL,13.0
21,127,Improved FQL-GTA,95.0
21,128,Baseline FQL,13.0
21,128,Improved FQL-GTA,118.0
21,129,Baseline FQL,19.0
21,129,Improved FQL-GTA,137.0
21,130,Baseline FQL,13.0
21,130,Improved FQL-GTA,130.0
21,131,Baseline FQL,13.0
21,131,Improved FQL-GTA,130.0
21,132,Baseline FQL,23.0
21,132,Improved FQL-GTA,141.0
21,133,Baseline FQL,20.0
21,133,Improved FQL-GTA,110.0
21,134,Baseline FQL,21.0
21,134,Improved FQL-GTA,140.0
21,135,Baseline FQL,19.0
21,135,Improved FQL-GTA,104.0
21,136,Baseline FQL,27.0
21,136,Improved FQL-GTA,144.0
21,137,Baseline FQL,18.0
21,137,Improved FQL-GTA,148.0
21,138,Baseline FQL,15.0
21,138,Improved FQL-GTA,182.0
21,139,Baseline FQL,19.0
21,139,Improved FQL-GTA,178.0
21,140,Baseline FQL,17.0
21,140,Improved FQL-GTA,152.0
21,141,Baseline FQL,21.0
21,141,Improved FQL-GTA,171.0
21,142,Baseline FQL,13.0
21,142,Improved FQL-GTA,176.0
21,143,Baseline FQL,15.0
21,143,Improved FQL-GTA,173.0
21,144,Baseline FQL,16.0
21,144,Improved FQL-GTA,176.0
21,145,Baseline FQL,13.0
21,145,Improved FQL-GTA,164.0
21,146,Baseline FQL,13.0
21,146,Improved FQL-GTA,186.0
21,147,Baseline FQL,15.0
21,147,Improved FQL-GTA,171.0
21,148,Baseline FQL,13.0
21,148,Improved FQL-GTA,166.0
21,149,Baseline FQL,16.0
21,149,Improved FQL-GTA,150.0
21,150,Baseline FQL,11.0
21,150,Improved FQL-GTA,160.0
21,151,Baseline FQL,19.0
21,151,Improved FQL-GTA,185.0
21,152,Baseline FQL,15.0
21,152,Improved FQL-GTA,163.0
21,153,Baseline FQL,21.0
21,153,Improved FQL-GTA,157.0
21,154,Baseline FQL,11.0
21,154,Improved FQL-GTA,168.0
21,155,Baseline FQL,23.0
21,155,Improved FQL-GTA,183.0
21,156,Baseline FQL,15.0
21,156,Improved FQL-GTA,164.0
21,157,Baseline FQL,21.0
21,157,Improved FQL-GTA,191.0
21,158,Baseline FQL,27.0
21,158,Improved FQL-GTA,221.0
21,159,Baseline FQL,13.0
21,159,Improved FQL-GTA,152.0
21,160,Baseline FQL,18.0
21,160,Improved FQL-GTA,172.0
21,161,Baseline FQL,23.0
21,161,Improved FQL-GTA,170.0
21,162,Baseline FQL,23.0
21,162,Improved FQL-GTA,184.0
21,163,Baseline FQL,21.0
21,163,Improved FQL-GTA,163.0
21,164,Baseline FQL,22.0
21,164,Improved FQL-GTA,196.0
21,165,Baseline FQL,19.0
21,165,Improved FQL-GTA,190.0
21,166,Baseline FQL,18.0
21,166,Improved FQL-GTA,174.0
21,167,Baseline FQL,15.0
21,167,Improved FQL-GTA,192.0
21,168,Baseline FQL,18.0
21,168,Improved FQL-GTA,163.0
21,169,Baseline FQL,21.0
21,169,Improved FQL-GTA,190.0
21,170,Baseline FQL,15.0
21,170,Improved FQL-GTA,193.0
21,171,Baseline FQL,25.0
21,171,Improved FQL-GTA,164.0
21,172,Baseline FQL,23.0
21,172,Improved FQL-GTA,216.0
21,173,Baseline FQL,21.0
21,173,Improved FQL-GTA,188.0
21,174,Baseline FQL,25.0
21,174,Improved FQL-GTA,173.0
21,175,Baseline FQL,21.0
21,175,Improved FQL-GTA,189.0
21,176,Baseline FQL,19.0
21,176,Improved FQL-GTA,168.0
21,177,Baseline FQL,17.0
21,177,Improved FQL-GTA,182.0
21,178,Baseline FQL,21.0
21,178,Improved FQL-GTA,180.0
21,179,Baseline FQL,23.0
21,179,Improved FQL-GTA,200.0
21,180,Baseline FQL,25.0
21,180,Improved FQL-GTA,208.0
21,181,Baseline FQL,19.0
21,181,Improved FQL-GTA,176.0
21,182,Baseline FQL,21.0
21,182,Improved FQL-GTA,174.0
21,183,Baseline FQL,25.0
21,183,Improved FQL-GTA,198.0
21,184,Baseline FQL,15.0
21,184,Improved FQL-GTA,183.0
21,185,Baseline FQL,13.0
21,185,Improved FQL-GTA,195.0
21,186,Baseline FQL,11.0
21,186,Improved FQL-GTA,195.0
21,187,Baseline FQL,13.0
21,187,Improved FQL-GTA,175.0
21,188,Baseline FQL,17.0
21,188,Improved FQL-GTA,206.0
21,189,Baseline FQL,15.0
21,189,Improved FQL-GTA,192.0
21,190,Baseline FQL,20.0
21,190,Improved FQL-GTA,186.0
21,191,Baseline FQL,21.0
21,191,Improved FQL-GTA,195.0
21,192,Baseline FQL,15.0
21,192,Improved FQL-GTA,159.0
21,193,Baseline FQL,19.0
21,193,Improved FQL-GTA,211.0
21,194,Baseline FQL,21.0
21,194,Improved FQL-GTA,222.0
21,195,Baseline FQL,15.0
21,195,Improved FQL-GTA,192.0
21,196,Baseline FQL,23.0
21,196,Improved FQL-GTA,191.0
21,197,Baseline FQL,20.0
21,197,Improved FQL-GTA,187.0
21,198,Baseline FQL,19.0
21,198,Improved FQL-GTA,200.0
21,199,Baseline FQL,17.0
21,199,Improved FQL-GTA,178.0
21,200,Baseline FQL,16.0
21,200,Improved FQL-GTA,177.0
21,201,Baseline FQL,17.0
21,201,Improved FQL-GTA,182.0
21,202,Baseline FQL,19.0
21,202,Improved FQL-GTA,167.0
21,203,Baseline FQL,25.0
21,203,Improved FQL-GTA,211.0
21,204,Baseline FQL,26.0
21,204,Improved FQL-GTA,225.0
21,205,Baseline FQL,19.0
21,205,Improved FQL-GTA,223.0
21,206,Baseline FQL,15.0
21,206,Improved FQL-GTA,179.0
21,207,Baseline FQL,29.0
21,207,Improved FQL-GTA,209.0
21,208,Baseline FQL,25.0
21,208,Improved FQL-GTA,195.0
21,209,Baseline FQL,31.0
21,209,Improved FQL-GTA,190.0
21,210,Baseline FQL,17.0
21,210,Improved FQL-GTA,160.0
21,211,Baseline FQL,30.0
21,211,Improved FQL-GTA,186.0
21,212,Baseline FQL,25.0
21,212,Improved FQL-GTA,188.0
21,213,Baseline FQL,28.0
21,213,Improved FQL-GTA,207.0
21,214,Baseline FQL,26.0
21,214,Improved FQL-GTA,230.0
21,215,Baseline FQL,16.0
21,215,Improved FQL-GTA,250.0
21,216,Baseline FQL,18.0
21,216,Improved FQL-GTA,209.0
21,217,Baseline FQL,41.0
21,217,Improved FQL-GTA,209.0
21,218,Baseline FQL,16.0
21,218,Improved FQL-GTA,169.0
21,219,Baseline FQL,22.0
21,219,Improved FQL-GTA,213.0
21,220,Baseline FQL,56.0
21,220,Improved FQL-GTA,227.0
21,221,Baseline FQL,46.0
21,221,Improved FQL-GTA,199.0
21,222,Baseline FQL,30.0
21,222,Improved FQL-GTA,206.0
21,223,Baseline FQL,18.0
21,223,Improved FQL-GTA,192.0
21,224,Baseline FQL,45.0
21,224,Improved FQL-GTA,195.0
21,225,Baseline FQL,34.0
21,225,Improved FQL-GTA,238.0
21,226,Baseline FQL,36.0
21,226,Improved FQL-GTA,222.0
21,227,Baseline FQL,23.0
21,227,Improved FQL-GTA,203.0
21,228,Baseline FQL,68.0
21,228,Improved FQL-GTA,200.0
21,229,Baseline FQL,18.0
21,229,Improved FQL-GTA,205.0
21,230,Baseline FQL,69.0
21,230,Improved FQL-GTA,199.0
21,231,Baseline FQL,30.0
21,231,Improved FQL-GTA,204.0
21,232,Baseline FQL,30.0
21,232,Improved FQL-GTA,200.0
21,233,Baseline FQL,40.0
21,233,Improved FQL-GTA,202.0
21,234,Baseline FQL,48.0
21,234,Improved FQL-GTA,203.0
21,235,Baseline FQL,28.0
21,235,Improved FQL-GTA,202.0
21,236,Baseline FQL,16.0
21,236,Improved FQL-GTA,187.0
21,237,Baseline FQL,18.0
21,237,Improved FQL-GTA,187.0
21,238,Baseline FQL,60.0
21,238,Improved FQL-GTA,208.0
21,239,Baseline FQL,35.0
21,239,Improved FQL-GTA,197.0
21,240,Baseline FQL,96.0
21,240,Improved FQL-GTA,218.0
21,241,Baseline FQL,32.0
21,241,Improved FQL-GTA,221.0
21,242,Baseline FQL,30.0
21,242,Improved FQL-GTA,216.0
21,243,Baseline FQL,133.0
21,243,Improved FQL-GTA,235.0
21,244,Baseline FQL,176.0
21,244,Improved FQL-GTA,221.0
21,245,Baseline FQL,38.0
21,245,Improved FQL-GTA,196.0
21,246,Baseline FQL,33.0
21,246,Improved FQL-GTA,203.0
21,247,Baseline FQL,42.0
21,247,Improved FQL-GTA,216.0
21,248,Baseline FQL,44.0
21,248,Improved FQL-GTA,184.0
21,249,Baseline FQL,175.0
21,249,Improved FQL-GTA,181.0
21,250,Baseline FQL,66.0
21,250,Improved FQL-GTA,177.0
21,251,Baseline FQL,52.0
21,251,Improved FQL-GTA,207.0
21,252,Baseline FQL,37.0
21,252,Improved FQL-GTA,217.0
21,253,Baseline FQL,54.0
21,253,Improved FQL-GTA,203.0
21,254,Baseline FQL,58.0
21,254,Improved FQL-GTA,210.0
21,255,Baseline FQL,47.0
21,255,Improved FQL-GTA,225.0
21,256,Baseline FQL,23.0
21,256,Improved FQL-GTA,198.0
21,257,Baseline FQL,66.0
21,257,Improved FQL-GTA,210.0
21,258,Baseline FQL,92.0
21,258,Improved FQL-GTA,187.0
21,259,Baseline FQL,35.0
21,259,Improved FQL-GTA,169.0
21,260,Baseline FQL,99.0
21,260,Improved FQL-GTA,205.0
21,261,Baseline FQL,485.0
21,261,Improved FQL-GTA,184.0
21,262,Baseline FQL,125.0
21,262,Improved FQL-GTA,198.0
21,263,Baseline FQL,175.0
21,263,Improved FQL-GTA,197.0
21,264,Baseline FQL,59.0
21,264,Improved FQL-GTA,211.0
21,265,Baseline FQL,101.0
21,265,Improved FQL-GTA,195.0
21,266,Baseline FQL,42.0
21,266,Improved FQL-GTA,198.0
21,267,Baseline FQL,212.0
21,267,Improved FQL-GTA,186.0
21,268,Baseline FQL,220.0
21,268,Improved FQL-GTA,202.0
21,269,Baseline FQL,440.0
21,269,Improved FQL-GTA,252.0
21,270,Baseline FQL,86.0
21,270,Improved FQL-GTA,235.0
21,271,Baseline FQL,187.0
21,271,Improved FQL-GTA,208.0
21,272,Baseline FQL,46.0
21,272,Improved FQL-GTA,178.0
21,273,Baseline FQL,117.0
21,273,Improved FQL-GTA,200.0
21,274,Baseline FQL,169.0
21,274,Improved FQL-GTA,262.0
21,275,Baseline FQL,77.0
21,275,Improved FQL-GTA,227.0
21,276,Baseline FQL,223.0
21,276,Improved FQL-GTA,233.0
21,277,Baseline FQL,48.0
21,277,Improved FQL-GTA,227.0
21,278,Baseline FQL,158.0
21,278,Improved FQL-GTA,194.0
21,279,Baseline FQL,194.0
21,279,Improved FQL-GTA,221.0
21,280,Baseline FQL,138.0
21,280,Improved FQL-GTA,196.0
21,281,Baseline FQL,194.0
21,281,Improved FQL-GTA,197.0
21,282,Baseline FQL,211.0
21,282,Improved FQL-GTA,197.0
21,283,Baseline FQL,177.0
21,283,Improved FQL-GTA,204.0
21,284,Baseline FQL,222.0
21,284,Improved FQL-GTA,190.0
21,285,Baseline FQL,228.0
21,285,Improved FQL-GTA,195.0
21,286,Baseline FQL,296.0
21,286,Improved FQL-GTA,177.0
21,287,Baseline FQL,221.0
21,287,Improved FQL-GTA,219.0
21,288,Baseline FQL,208.0
21,288,Improved FQL-GTA,237.0
21,289,Baseline FQL,247.0
21,289,Improved FQL-GTA,209.0
21,290,Baseline FQL,209.0
21,290,Improved FQL-GTA,161.0
21,291,Baseline FQL,231.0
21,291,Improved FQL-GTA,185.0
21,292,Baseline FQL,270.0
21,292,Improved FQL-GTA,230.0
21,293,Baseline FQL,218.0
21,293,Improved FQL-GTA,196.0
21,294,Baseline FQL,202.0
21,294,Improved FQL-GTA,183.0
21,295,Baseline FQL,131.0
21,295,Improved FQL-GTA,186.0
21,296,Baseline FQL,228.0
21,296,Improved FQL-GTA,238.0
21,297,Baseline FQL,225.0
21,297,Improved FQL-GTA,199.0
21,298,Baseline FQL,210.0
21,298,Improved FQL-GTA,186.0
21,299,Baseline FQL,243.0
21,299,Improved FQL-GTA,174.0
21,300,Baseline FQL,205.0
21,300,Improved FQL-GTA,226.0
21,301,Baseline FQL,216.0
21,301,Improved FQL-GTA,195.0
21,302,Baseline FQL,309.0
21,302,Improved FQL-GTA,189.0
21,303,Baseline FQL,161.0
21,303,Improved FQL-GTA,162.0
21,304,Baseline FQL,262.0
21,304,Improved FQL-GTA,221.0
21,305,Baseline FQL,500.0
21,305,Improved FQL-GTA,220.0
21,306,Baseline FQL,220.0
21,306,Improved FQL-GTA,207.0
21,307,Baseline FQL,119.0
21,307,Improved FQL-GTA,205.0
21,308,Baseline FQL,391.0
21,308,Improved FQL-GTA,160.0
21,309,Baseline FQL,204.0
21,309,Improved FQL-GTA,197.0
21,310,Baseline FQL,176.0
21,310,Improved FQL-GTA,182.0
21,311,Baseline FQL,500.0
21,311,Improved FQL-GTA,201.0
21,312,Baseline FQL,118.0
21,312,Improved FQL-GTA,185.0
21,313,Baseline FQL,297.0
21,313,Improved FQL-GTA,205.0
21,314,Baseline FQL,101.0
21,314,Improved FQL-GTA,234.0
21,315,Baseline FQL,171.0
21,315,Improved FQL-GTA,189.0
21,316,Baseline FQL,359.0
21,316,Improved FQL-GTA,234.0
21,317,Baseline FQL,224.0
21,317,Improved FQL-GTA,177.0
21,318,Baseline FQL,190.0
21,318,Improved FQL-GTA,197.0
21,319,Baseline FQL,151.0
21,319,Improved FQL-GTA,177.0
21,320,Baseline FQL,235.0
21,320,Improved FQL-GTA,184.0
21,321,Baseline FQL,232.0
21,321,Improved FQL-GTA,230.0
21,322,Baseline FQL,400.0
21,322,Improved FQL-GTA,202.0
21,323,Baseline FQL,254.0
21,323,Improved FQL-GTA,257.0
21,324,Baseline FQL,295.0
21,324,Improved FQL-GTA,259.0
21,325,Baseline FQL,230.0
21,325,Improved FQL-GTA,248.0
21,326,Baseline FQL,348.0
21,326,Improved FQL-GTA,206.0
21,327,Baseline FQL,257.0
21,327,Improved FQL-GTA,199.0
21,328,Baseline FQL,255.0
21,328,Improved FQL-GTA,174.0
21,329,Baseline FQL,254.0
21,329,Improved FQL-GTA,235.0
21,330,Baseline FQL,259.0
21,330,Improved FQL-GTA,248.0
21,331,Baseline FQL,273.0
21,331,Improved FQL-GTA,244.0
21,332,Baseline FQL,235.0
21,332,Improved FQL-GTA,193.0
21,333,Baseline FQL,275.0
21,333,Improved FQL-GTA,210.0
21,334,Baseline FQL,295.0
21,334,Improved FQL-GTA,201.0
21,335,Baseline FQL,350.0
21,335,Improved FQL-GTA,172.0
21,336,Baseline FQL,261.0
21,336,Improved FQL-GTA,224.0
21,337,Baseline FQL,294.0
21,337,Improved FQL-GTA,222.0
21,338,Baseline FQL,271.0
21,338,Improved FQL-GTA,189.0
21,339,Baseline FQL,232.0
21,339,Improved FQL-GTA,184.0
21,340,Baseline FQL,220.0
21,340,Improved FQL-GTA,206.0
21,341,Baseline FQL,300.0
21,341,Improved FQL-GTA,227.0
21,342,Baseline FQL,246.0
21,342,Improved FQL-GTA,206.0
21,343,Baseline FQL,246.0
21,343,Improved FQL-GTA,242.0
21,344,Baseline FQL,349.0
21,344,Improved FQL-GTA,257.0
21,345,Baseline FQL,235.0
21,345,Improved FQL-GTA,222.0
21,346,Baseline FQL,283.0
21,346,Improved FQL-GTA,212.0
21,347,Baseline FQL,223.0
21,347,Improved FQL-GTA,200.0
21,348,Baseline FQL,226.0
21,348,Improved FQL-GTA,191.0
21,349,Baseline FQL,301.0
21,349,Improved FQL-GTA,213.0
21,350,Baseline FQL,259.0
21,350,Improved FQL-GTA,211.0
21,351,Baseline FQL,283.0
21,351,Improved FQL-GTA,198.0
21,352,Baseline FQL,463.0
21,352,Improved FQL-GTA,209.0
21,353,Baseline FQL,252.0
21,353,Improved FQL-GTA,204.0
21,354,Baseline FQL,265.0
21,354,Improved FQL-GTA,184.0
21,355,Baseline FQL,272.0
21,355,Improved FQL-GTA,244.0
21,356,Baseline FQL,343.0
21,356,Improved FQL-GTA,251.0
21,357,Baseline FQL,213.0
21,357,Improved FQL-GTA,241.0
21,358,Baseline FQL,186.0
21,358,Improved FQL-GTA,246.0
21,359,Baseline FQL,198.0
21,359,Improved FQL-GTA,203.0
21,360,Baseline FQL,261.0
21,360,Improved FQL-GTA,235.0
21,361,Baseline FQL,237.0
21,361,Improved FQL-GTA,207.0
21,362,Baseline FQL,205.0
21,362,Improved FQL-GTA,190.0
21,363,Baseline FQL,204.0
21,363,Improved FQL-GTA,175.0
21,364,Baseline FQL,228.0
21,364,Improved FQL-GTA,186.0
21,365,Baseline FQL,269.0
21,365,Improved FQL-GTA,247.0
21,366,Baseline FQL,216.0
21,366,Improved FQL-GTA,219.0
21,367,Baseline FQL,285.0
21,367,Improved FQL-GTA,236.0
21,368,Baseline FQL,254.0
21,368,Improved FQL-GTA,227.0
21,369,Baseline FQL,241.0
21,369,Improved FQL-GTA,228.0
21,370,Baseline FQL,244.0
21,370,Improved FQL-GTA,200.0
21,371,Baseline FQL,221.0
21,371,Improved FQL-GTA,173.0
21,372,Baseline FQL,246.0
21,372,Improved FQL-GTA,248.0
21,373,Baseline FQL,282.0
21,373,Improved FQL-GTA,252.0
21,374,Baseline FQL,298.0
21,374,Improved FQL-GTA,255.0
21,375,Baseline FQL,232.0
21,375,Improved FQL-GTA,244.0
21,376,Baseline FQL,228.0
21,376,Improved FQL-GTA,263.0
21,377,Baseline FQL,231.0
21,377,Improved FQL-GTA,228.0
21,378,Baseline FQL,230.0
21,378,Improved FQL-GTA,227.0
21,379,Baseline FQL,122.0
21,379,Improved FQL-GTA,236.0
21,380,Baseline FQL,261.0
21,380,Improved FQL-GTA,217.0
21,381,Baseline FQL,204.0
21,381,Improved FQL-GTA,213.0
21,382,Baseline FQL,238.0
21,382,Improved FQL-GTA,196.0
21,383,Baseline FQL,280.0
21,383,Improved FQL-GTA,221.0
21,384,Baseline FQL,251.0
21,384,Improved FQL-GTA,263.0
21,385,Baseline FQL,227.0
21,385,Improved FQL-GTA,236.0
21,386,Baseline FQL,241.0
21,386,Improved FQL-GTA,254.0
21,387,Baseline FQL,241.0
21,387,Improved FQL-GTA,253.0
21,388,Baseline FQL,314.0
21,388,Improved FQL-GTA,283.0
21,389,Baseline FQL,344.0
21,389,Improved FQL-GTA,237.0
21,390,Baseline FQL,266.0
21,390,Improved FQL-GTA,187.0
21,391,Baseline FQL,206.0
21,391,Improved FQL-GTA,165.0
21,392,Baseline FQL,317.0
21,392,Improved FQL-GTA,269.0
21,393,Baseline FQL,244.0
21,393,Improved FQL-GTA,292.0
21,394,Baseline FQL,300.0
21,394,Improved FQL-GTA,254.0
21,395,Baseline FQL,331.0
21,395,Improved FQL-GTA,249.0
21,396,Baseline FQL,257.0
21,396,Improved FQL-GTA,248.0
21,397,Baseline FQL,251.0
21,397,Improved FQL-GTA,237.0
21,398,Baseline FQL,263.0
21,398,Improved FQL-GTA,227.0
21,399,Baseline FQL,256.0
21,399,Improved FQL-GTA,239.0
21,400,Baseline FQL,212.0
21,400,Improved FQL-GTA,213.0
21,401,Baseline FQL,313.0
21,401,Improved FQL-GTA,238.0
21,402,Baseline FQL,500.0
21,402,Improved FQL-GTA,238.0
21,403,Baseline FQL,146.0
21,403,Improved FQL-GTA,218.0
21,404,Baseline FQL,261.0
21,404,Improved FQL-GTA,234.0
21,405,Baseline FQL,263.0
21,405,Improved FQL-GTA,203.0
21,406,Baseline FQL,238.0
21,406,Improved FQL-GTA,283.0
21,407,Baseline FQL,278.0
21,407,Improved FQL-GTA,251.0
21,408,Baseline FQL,239.0
21,408,Improved FQL-GTA,267.0
21,409,Baseline FQL,236.0
21,409,Improved FQL-GTA,246.0
21,410,Baseline FQL,202.0
21,410,Improved FQL-GTA,223.0
21,411,Baseline FQL,243.0
21,411,Improved FQL-GTA,240.0
21,412,Baseline FQL,443.0
21,412,Improved FQL-GTA,251.0
21,413,Baseline FQL,358.0
21,413,Improved FQL-GTA,233.0
21,414,Baseline FQL,225.0
21,414,Improved FQL-GTA,234.0
21,415,Baseline FQL,267.0
21,415,Improved FQL-GTA,252.0
21,416,Baseline FQL,259.0
21,416,Improved FQL-GTA,214.0
21,417,Baseline FQL,371.0
21,417,Improved FQL-GTA,199.0
21,418,Baseline FQL,232.0
21,418,Improved FQL-GTA,206.0
21,419,Baseline FQL,256.0
21,419,Improved FQL-GTA,226.0
21,420,Baseline FQL,310.0
21,420,Improved FQL-GTA,245.0
21,421,Baseline FQL,222.0
21,421,Improved FQL-GTA,190.0
21,422,Baseline FQL,258.0
21,422,Improved FQL-GTA,233.0
21,423,Baseline FQL,225.0
21,423,Improved FQL-GTA,192.0
21,424,Baseline FQL,259.0
21,424,Improved FQL-GTA,270.0
21,425,Baseline FQL,500.0
21,425,Improved FQL-GTA,276.0
21,426,Baseline FQL,269.0
21,426,Improved FQL-GTA,271.0
21,427,Baseline FQL,259.0
21,427,Improved FQL-GTA,237.0
21,428,Baseline FQL,326.0
21,428,Improved FQL-GTA,267.0
21,429,Baseline FQL,221.0
21,429,Improved FQL-GTA,283.0
21,430,Baseline FQL,290.0
21,430,Improved FQL-GTA,276.0
21,431,Baseline FQL,329.0
21,431,Improved FQL-GTA,239.0
21,432,Baseline FQL,261.0
21,432,Improved FQL-GTA,263.0
21,433,Baseline FQL,391.0
21,433,Improved FQL-GTA,216.0
21,434,Baseline FQL,287.0
21,434,Improved FQL-GTA,230.0
21,435,Baseline FQL,473.0
21,435,Improved FQL-GTA,189.0
21,436,Baseline FQL,261.0
21,436,Improved FQL-GTA,309.0
21,437,Baseline FQL,271.0
21,437,Improved FQL-GTA,281.0
21,438,Baseline FQL,227.0
21,438,Improved FQL-GTA,360.0
21,439,Baseline FQL,259.0
21,439,Improved FQL-GTA,500.0
21,440,Baseline FQL,283.0
21,440,Improved FQL-GTA,360.0
21,441,Baseline FQL,277.0
21,441,Improved FQL-GTA,263.0
21,442,Baseline FQL,206.0
21,442,Improved FQL-GTA,262.0
21,443,Baseline FQL,268.0
21,443,Improved FQL-GTA,276.0
21,444,Baseline FQL,216.0
21,444,Improved FQL-GTA,277.0
21,445,Baseline FQL,342.0
21,445,Improved FQL-GTA,283.0
21,446,Baseline FQL,251.0
21,446,Improved FQL-GTA,298.0
21,447,Baseline FQL,307.0
21,447,Improved FQL-GTA,327.0
21,448,Baseline FQL,295.0
21,448,Improved FQL-GTA,306.0
21,449,Baseline FQL,273.0
21,449,Improved FQL-GTA,263.0
21,450,Baseline FQL,231.0
21,450,Improved FQL-GTA,318.0
21,451,Baseline FQL,242.0
21,451,Improved FQL-GTA,272.0
21,452,Baseline FQL,344.0
21,452,Improved FQL-GTA,296.0
21,453,Baseline FQL,266.0
21,453,Improved FQL-GTA,282.0
21,454,Baseline FQL,286.0
21,454,Improved FQL-GTA,258.0
21,455,Baseline FQL,323.0
21,455,Improved FQL-GTA,199.0
21,456,Baseline FQL,420.0
21,456,Improved FQL-GTA,233.0
21,457,Baseline FQL,315.0
21,457,Improved FQL-GTA,220.0
21,458,Baseline FQL,248.0
21,458,Improved FQL-GTA,264.0
21,459,Baseline FQL,397.0
21,459,Improved FQL-GTA,200.0
21,460,Baseline FQL,242.0
21,460,Improved FQL-GTA,229.0
21,461,Baseline FQL,246.0
21,461,Improved FQL-GTA,252.0
21,462,Baseline FQL,283.0
21,462,Improved FQL-GTA,232.0
21,463,Baseline FQL,495.0
21,463,Improved FQL-GTA,258.0
21,464,Baseline FQL,336.0
21,464,Improved FQL-GTA,232.0
21,465,Baseline FQL,252.0
21,465,Improved FQL-GTA,255.0
21,466,Baseline FQL,271.0
21,466,Improved FQL-GTA,232.0
21,467,Baseline FQL,252.0
21,467,Improved FQL-GTA,264.0
21,468,Baseline FQL,274.0
21,468,Improved FQL-GTA,230.0
21,469,Baseline FQL,279.0
21,469,Improved FQL-GTA,229.0
21,470,Baseline FQL,284.0
21,470,Improved FQL-GTA,241.0
21,471,Baseline FQL,274.0
21,471,Improved FQL-GTA,246.0
21,472,Baseline FQL,271.0
21,472,Improved FQL-GTA,244.0
21,473,Baseline FQL,231.0
21,473,Improved FQL-GTA,233.0
21,474,Baseline FQL,231.0
21,474,Improved FQL-GTA,228.0
21,475,Baseline FQL,236.0
21,475,Improved FQL-GTA,246.0
21,476,Baseline FQL,276.0
21,476,Improved FQL-GTA,263.0
21,477,Baseline FQL,269.0
21,477,Improved FQL-GTA,241.0
21,478,Baseline FQL,369.0
21,478,Improved FQL-GTA,266.0
21,479,Baseline FQL,321.0
21,479,Improved FQL-GTA,500.0
21,480,Baseline FQL,280.0
21,480,Improved FQL-GTA,350.0
21,481,Baseline FQL,136.0
21,481,Improved FQL-GTA,235.0
21,482,Baseline FQL,282.0
21,482,Improved FQL-GTA,337.0
21,483,Baseline FQL,301.0
21,483,Improved FQL-GTA,500.0
21,484,Baseline FQL,265.0
21,484,Improved FQL-GTA,463.0
21,485,Baseline FQL,305.0
21,485,Improved FQL-GTA,347.0
21,486,Baseline FQL,188.0
21,486,Improved FQL-GTA,468.0
21,487,Baseline FQL,341.0
21,487,Improved FQL-GTA,500.0
21,488,Baseline FQL,285.0
21,488,Improved FQL-GTA,490.0
21,489,Baseline FQL,244.0
21,489,Improved FQL-GTA,500.0
21,490,Baseline FQL,280.0
21,490,Improved FQL-GTA,500.0
21,491,Baseline FQL,244.0
21,491,Improved FQL-GTA,473.0
21,492,Baseline FQL,272.0
21,492,Improved FQL-GTA,500.0
21,493,Baseline FQL,307.0
21,493,Improved FQL-GTA,476.0
21,494,Baseline FQL,266.0
21,494,Improved FQL-GTA,500.0
21,495,Baseline FQL,238.0
21,495,Improved FQL-GTA,404.0
21,496,Baseline FQL,348.0
21,496,Improved FQL-GTA,384.0
21,497,Baseline FQL,297.0
21,497,Improved FQL-GTA,470.0
21,498,Baseline FQL,393.0
21,498,Improved FQL-GTA,386.0
21,499,Baseline FQL,310.0
21,499,Improved FQL-GTA,423.0
21,500,Baseline FQL,225.0
21,500,Improved FQL-GTA,500.0
22,1,Baseline FQL,11.0
22,1,Improved FQL-GTA,14.0
22,2,Baseline FQL,11.0
22,2,Improved FQL-GTA,10.0
22,3,Baseline FQL,9.0
22,3,Improved FQL-GTA,11.0
22,4,Baseline FQL,10.0
22,4,Improved FQL-GTA,10.0
22,5,Baseline FQL,11.0
22,5,Improved FQL-GTA,13.0
22,6,Baseline FQL,10.0
22,6,Improved FQL-GTA,11.0
22,7,Baseline FQL,9.0
22,7,Improved FQL-GTA,11.0
22,8,Baseline FQL,9.0
22,8,Improved FQL-GTA,12.0
22,9,Baseline FQL,10.0
22,9,Improved FQL-GTA,13.0
22,10,Baseline FQL,9.0
22,10,Improved FQL-GTA,18.0
22,11,Baseline FQL,10.0
22,11,Improved FQL-GTA,11.0
22,12,Baseline FQL,8.0
22,12,Improved FQL-GTA,9.0
22,13,Baseline FQL,13.0
22,13,Improved FQL-GTA,17.0
22,14,Baseline FQL,8.0
22,14,Improved FQL-GTA,11.0
22,15,Baseline FQL,9.0
22,15,Improved FQL-GTA,25.0
22,16,Baseline FQL,10.0
22,16,Improved FQL-GTA,13.0
22,17,Baseline FQL,11.0
22,17,Improved FQL-GTA,9.0
22,18,Baseline FQL,10.0
22,18,Improved FQL-GTA,12.0
22,19,Baseline FQL,8.0
22,19,Improved FQL-GTA,9.0
22,20,Baseline FQL,13.0
22,20,Improved FQL-GTA,12.0
22,21,Baseline FQL,10.0
22,21,Improved FQL-GTA,8.0
22,22,Baseline FQL,10.0
22,22,Improved FQL-GTA,24.0
22,23,Baseline FQL,10.0
22,23,Improved FQL-GTA,29.0
22,24,Baseline FQL,9.0
22,24,Improved FQL-GTA,13.0
22,25,Baseline FQL,12.0
22,25,Improved FQL-GTA,12.0
22,26,Baseline FQL,10.0
22,26,Improved FQL-GTA,16.0
22,27,Baseline FQL,9.0
22,27,Improved FQL-GTA,11.0
22,28,Baseline FQL,10.0
22,28,Improved FQL-GTA,16.0
22,29,Baseline FQL,9.0
22,29,Improved FQL-GTA,12.0
22,30,Baseline FQL,11.0
22,30,Improved FQL-GTA,12.0
22,31,Baseline FQL,11.0
22,31,Improved FQL-GTA,16.0
22,32,Baseline FQL,10.0
22,32,Improved FQL-GTA,14.0
22,33,Baseline FQL,12.0
22,33,Improved FQL-GTA,21.0
22,34,Baseline FQL,14.0
22,34,Improved FQL-GTA,32.0
22,35,Baseline FQL,8.0
22,35,Improved FQL-GTA,13.0
22,36,Baseline FQL,9.0
22,36,Improved FQL-GTA,26.0
22,37,Baseline FQL,11.0
22,37,Improved FQL-GTA,21.0
22,38,Baseline FQL,10.0
22,38,Improved FQL-GTA,19.0
22,39,Baseline FQL,10.0
22,39,Improved FQL-GTA,29.0
22,40,Baseline FQL,10.0
22,40,Improved FQL-GTA,25.0
22,41,Baseline FQL,9.0
22,41,Improved FQL-GTA,14.0
22,42,Baseline FQL,10.0
22,42,Improved FQL-GTA,21.0
22,43,Baseline FQL,11.0
22,43,Improved FQL-GTA,17.0
22,44,Baseline FQL,12.0
22,44,Improved FQL-GTA,22.0
22,45,Baseline FQL,12.0
22,45,Improved FQL-GTA,19.0
22,46,Baseline FQL,9.0
22,46,Improved FQL-GTA,37.0
22,47,Baseline FQL,9.0
22,47,Improved FQL-GTA,13.0
22,48,Baseline FQL,9.0
22,48,Improved FQL-GTA,9.0
22,49,Baseline FQL,10.0
22,49,Improved FQL-GTA,15.0
22,50,Baseline FQL,10.0
22,50,Improved FQL-GTA,13.0
22,51,Baseline FQL,10.0
22,51,Improved FQL-GTA,17.0
22,52,Baseline FQL,10.0
22,52,Improved FQL-GTA,33.0
22,53,Baseline FQL,9.0
22,53,Improved FQL-GTA,15.0
22,54,Baseline FQL,9.0
22,54,Improved FQL-GTA,14.0
22,55,Baseline FQL,9.0
22,55,Improved FQL-GTA,17.0
22,56,Baseline FQL,10.0
22,56,Improved FQL-GTA,22.0
22,57,Baseline FQL,9.0
22,57,Improved FQL-GTA,11.0
22,58,Baseline FQL,9.0
22,58,Improved FQL-GTA,15.0
22,59,Baseline FQL,11.0
22,59,Improved FQL-GTA,27.0
22,60,Baseline FQL,8.0
22,60,Improved FQL-GTA,13.0
22,61,Baseline FQL,11.0
22,61,Improved FQL-GTA,17.0
22,62,Baseline FQL,9.0
22,62,Improved FQL-GTA,21.0
22,63,Baseline FQL,10.0
22,63,Improved FQL-GTA,20.0
22,64,Baseline FQL,9.0
22,64,Improved FQL-GTA,15.0
22,65,Baseline FQL,9.0
22,65,Improved FQL-GTA,13.0
22,66,Baseline FQL,11.0
22,66,Improved FQL-GTA,24.0
22,67,Baseline FQL,9.0
22,67,Improved FQL-GTA,13.0
22,68,Baseline FQL,12.0
22,68,Improved FQL-GTA,14.0
22,69,Baseline FQL,14.0
22,69,Improved FQL-GTA,19.0
22,70,Baseline FQL,10.0
22,70,Improved FQL-GTA,18.0
22,71,Baseline FQL,10.0
22,71,Improved FQL-GTA,21.0
22,72,Baseline FQL,17.0
22,72,Improved FQL-GTA,16.0
22,73,Baseline FQL,12.0
22,73,Improved FQL-GTA,29.0
22,74,Baseline FQL,10.0
22,74,Improved FQL-GTA,26.0
22,75,Baseline FQL,14.0
22,75,Improved FQL-GTA,22.0
22,76,Baseline FQL,14.0
22,76,Improved FQL-GTA,22.0
22,77,Baseline FQL,19.0
22,77,Improved FQL-GTA,26.0
22,78,Baseline FQL,15.0
22,78,Improved FQL-GTA,28.0
22,79,Baseline FQL,19.0
22,79,Improved FQL-GTA,20.0
22,80,Baseline FQL,12.0
22,80,Improved FQL-GTA,25.0
22,81,Baseline FQL,13.0
22,81,Improved FQL-GTA,25.0
22,82,Baseline FQL,17.0
22,82,Improved FQL-GTA,16.0
22,83,Baseline FQL,17.0
22,83,Improved FQL-GTA,38.0
22,84,Baseline FQL,19.0
22,84,Improved FQL-GTA,43.0
22,85,Baseline FQL,17.0
22,85,Improved FQL-GTA,39.0
22,86,Baseline FQL,15.0
22,86,Improved FQL-GTA,28.0
22,87,Baseline FQL,19.0
22,87,Improved FQL-GTA,23.0
22,88,Baseline FQL,14.0
22,88,Improved FQL-GTA,30.0
22,89,Baseline FQL,14.0
22,89,Improved FQL-GTA,24.0
22,90,Baseline FQL,16.0
22,90,Improved FQL-GTA,25.0
22,91,Baseline FQL,16.0
22,91,Improved FQL-GTA,24.0
22,92,Baseline FQL,23.0
22,92,Improved FQL-GTA,33.0
22,93,Baseline FQL,16.0
22,93,Improved FQL-GTA,27.0
22,94,Baseline FQL,14.0
22,94,Improved FQL-GTA,23.0
22,95,Baseline FQL,11.0
22,95,Improved FQL-GTA,15.0
22,96,Baseline FQL,13.0
22,96,Improved FQL-GTA,26.0
22,97,Baseline FQL,21.0
22,97,Improved FQL-GTA,29.0
22,98,Baseline FQL,13.0
22,98,Improved FQL-GTA,24.0
22,99,Baseline FQL,19.0
22,99,Improved FQL-GTA,33.0
22,100,Baseline FQL,13.0
22,100,Improved FQL-GTA,19.0
22,101,Baseline FQL,19.0
22,101,Improved FQL-GTA,39.0
22,102,Baseline FQL,21.0
22,102,Improved FQL-GTA,33.0
22,103,Baseline FQL,11.0
22,103,Improved FQL-GTA,13.0
22,104,Baseline FQL,21.0
22,104,Improved FQL-GTA,27.0
22,105,Baseline FQL,20.0
22,105,Improved FQL-GTA,66.0
22,106,Baseline FQL,19.0
22,106,Improved FQL-GTA,58.0
22,107,Baseline FQL,21.0
22,107,Improved FQL-GTA,44.0
22,108,Baseline FQL,11.0
22,108,Improved FQL-GTA,14.0
22,109,Baseline FQL,19.0
22,109,Improved FQL-GTA,29.0
22,110,Baseline FQL,15.0
22,110,Improved FQL-GTA,38.0
22,111,Baseline FQL,12.0
22,111,Improved FQL-GTA,27.0
22,112,Baseline FQL,21.0
22,112,Improved FQL-GTA,27.0
22,113,Baseline FQL,15.0
22,113,Improved FQL-GTA,67.0
22,114,Baseline FQL,12.0
22,114,Improved FQL-GTA,190.0
22,115,Baseline FQL,25.0
22,115,Improved FQL-GTA,97.0
22,116,Baseline FQL,20.0
22,116,Improved FQL-GTA,153.0
22,117,Baseline FQL,13.0
22,117,Improved FQL-GTA,30.0
22,118,Baseline FQL,25.0
22,118,Improved FQL-GTA,102.0
22,119,Baseline FQL,13.0
22,119,Improved FQL-GTA,31.0
22,120,Baseline FQL,23.0
22,120,Improved FQL-GTA,193.0
22,121,Baseline FQL,13.0
22,121,Improved FQL-GTA,195.0
22,122,Baseline FQL,15.0
22,122,Improved FQL-GTA,82.0
22,123,Baseline FQL,20.0
22,123,Improved FQL-GTA,56.0
22,124,Baseline FQL,15.0
22,124,Improved FQL-GTA,313.0
22,125,Baseline FQL,17.0
22,125,Improved FQL-GTA,40.0
22,126,Baseline FQL,15.0
22,126,Improved FQL-GTA,145.0
22,127,Baseline FQL,13.0
22,127,Improved FQL-GTA,128.0
22,128,Baseline FQL,21.0
22,128,Improved FQL-GTA,160.0
22,129,Baseline FQL,13.0
22,129,Improved FQL-GTA,251.0
22,130,Baseline FQL,13.0
22,130,Improved FQL-GTA,262.0
22,131,Baseline FQL,22.0
22,131,Improved FQL-GTA,15.0
22,132,Baseline FQL,21.0
22,132,Improved FQL-GTA,18.0
22,133,Baseline FQL,23.0
22,133,Improved FQL-GTA,338.0
22,134,Baseline FQL,17.0
22,134,Improved FQL-GTA,322.0
22,135,Baseline FQL,24.0
22,135,Improved FQL-GTA,221.0
22,136,Baseline FQL,30.0
22,136,Improved FQL-GTA,137.0
22,137,Baseline FQL,17.0
22,137,Improved FQL-GTA,145.0
22,138,Baseline FQL,18.0
22,138,Improved FQL-GTA,295.0
22,139,Baseline FQL,19.0
22,139,Improved FQL-GTA,216.0
22,140,Baseline FQL,22.0
22,140,Improved FQL-GTA,219.0
22,141,Baseline FQL,14.0
22,141,Improved FQL-GTA,13.0
22,142,Baseline FQL,13.0
22,142,Improved FQL-GTA,285.0
22,143,Baseline FQL,19.0
22,143,Improved FQL-GTA,275.0
22,144,Baseline FQL,13.0
22,144,Improved FQL-GTA,189.0
22,145,Baseline FQL,13.0
22,145,Improved FQL-GTA,219.0
22,146,Baseline FQL,15.0
22,146,Improved FQL-GTA,177.0
22,147,Baseline FQL,11.0
22,147,Improved FQL-GTA,10.0
22,148,Baseline FQL,17.0
22,148,Improved FQL-GTA,323.0
22,149,Baseline FQL,11.0
22,149,Improved FQL-GTA,256.0
22,150,Baseline FQL,15.0
22,150,Improved FQL-GTA,336.0
22,151,Baseline FQL,14.0
22,151,Improved FQL-GTA,251.0
22,152,Baseline FQL,19.0
22,152,Improved FQL-GTA,149.0
22,153,Baseline FQL,11.0
22,153,Improved FQL-GTA,258.0
22,154,Baseline FQL,25.0
22,154,Improved FQL-GTA,275.0
22,155,Baseline FQL,11.0
22,155,Improved FQL-GTA,224.0
22,156,Baseline FQL,15.0
22,156,Improved FQL-GTA,240.0
22,157,Baseline FQL,21.0
22,157,Improved FQL-GTA,275.0
22,158,Baseline FQL,11.0
22,158,Improved FQL-GTA,178.0
22,159,Baseline FQL,15.0
22,159,Improved FQL-GTA,242.0
22,160,Baseline FQL,17.0
22,160,Improved FQL-GTA,232.0
22,161,Baseline FQL,15.0
22,161,Improved FQL-GTA,248.0
22,162,Baseline FQL,14.0
22,162,Improved FQL-GTA,234.0
22,163,Baseline FQL,11.0
22,163,Improved FQL-GTA,220.0
22,164,Baseline FQL,16.0
22,164,Improved FQL-GTA,195.0
22,165,Baseline FQL,11.0
22,165,Improved FQL-GTA,188.0
22,166,Baseline FQL,16.0
22,166,Improved FQL-GTA,451.0
22,167,Baseline FQL,13.0
22,167,Improved FQL-GTA,389.0
22,168,Baseline FQL,14.0
22,168,Improved FQL-GTA,382.0
22,169,Baseline FQL,10.0
22,169,Improved FQL-GTA,376.0
22,170,Baseline FQL,20.0
22,170,Improved FQL-GTA,303.0
22,171,Baseline FQL,23.0
22,171,Improved FQL-GTA,278.0
22,172,Baseline FQL,14.0
22,172,Improved FQL-GTA,266.0
22,173,Baseline FQL,22.0
22,173,Improved FQL-GTA,257.0
22,174,Baseline FQL,13.0
22,174,Improved FQL-GTA,274.0
22,175,Baseline FQL,17.0
22,175,Improved FQL-GTA,249.0
22,176,Baseline FQL,15.0
22,176,Improved FQL-GTA,219.0
22,177,Baseline FQL,29.0
22,177,Improved FQL-GTA,229.0
22,178,Baseline FQL,28.0
22,178,Improved FQL-GTA,252.0
22,179,Baseline FQL,27.0
22,179,Improved FQL-GTA,245.0
22,180,Baseline FQL,25.0
22,180,Improved FQL-GTA,229.0
22,181,Baseline FQL,13.0
22,181,Improved FQL-GTA,238.0
22,182,Baseline FQL,29.0
22,182,Improved FQL-GTA,263.0
22,183,Baseline FQL,23.0
22,183,Improved FQL-GTA,267.0
22,184,Baseline FQL,23.0
22,184,Improved FQL-GTA,302.0
22,185,Baseline FQL,18.0
22,185,Improved FQL-GTA,259.0
22,186,Baseline FQL,19.0
22,186,Improved FQL-GTA,268.0
22,187,Baseline FQL,28.0
22,187,Improved FQL-GTA,280.0
22,188,Baseline FQL,21.0
22,188,Improved FQL-GTA,277.0
22,189,Baseline FQL,23.0
22,189,Improved FQL-GTA,260.0
22,190,Baseline FQL,33.0
22,190,Improved FQL-GTA,309.0
22,191,Baseline FQL,28.0
22,191,Improved FQL-GTA,320.0
22,192,Baseline FQL,20.0
22,192,Improved FQL-GTA,297.0
22,193,Baseline FQL,28.0
22,193,Improved FQL-GTA,278.0
22,194,Baseline FQL,15.0
22,194,Improved FQL-GTA,314.0
22,195,Baseline FQL,24.0
22,195,Improved FQL-GTA,278.0
22,196,Baseline FQL,20.0
22,196,Improved FQL-GTA,241.0
22,197,Baseline FQL,22.0
22,197,Improved FQL-GTA,244.0
22,198,Baseline FQL,18.0
22,198,Improved FQL-GTA,246.0
22,199,Baseline FQL,18.0
22,199,Improved FQL-GTA,271.0
22,200,Baseline FQL,17.0
22,200,Improved FQL-GTA,233.0
22,201,Baseline FQL,20.0
22,201,Improved FQL-GTA,204.0
22,202,Baseline FQL,19.0
22,202,Improved FQL-GTA,241.0
22,203,Baseline FQL,21.0
22,203,Improved FQL-GTA,268.0
22,204,Baseline FQL,16.0
22,204,Improved FQL-GTA,237.0
22,205,Baseline FQL,16.0
22,205,Improved FQL-GTA,224.0
22,206,Baseline FQL,31.0
22,206,Improved FQL-GTA,262.0
22,207,Baseline FQL,28.0
22,207,Improved FQL-GTA,227.0
22,208,Baseline FQL,31.0
22,208,Improved FQL-GTA,274.0
22,209,Baseline FQL,16.0
22,209,Improved FQL-GTA,345.0
22,210,Baseline FQL,29.0
22,210,Improved FQL-GTA,336.0
22,211,Baseline FQL,22.0
22,211,Improved FQL-GTA,274.0
22,212,Baseline FQL,32.0
22,212,Improved FQL-GTA,350.0
22,213,Baseline FQL,26.0
22,213,Improved FQL-GTA,351.0
22,214,Baseline FQL,34.0
22,214,Improved FQL-GTA,367.0
22,215,Baseline FQL,16.0
22,215,Improved FQL-GTA,240.0
22,216,Baseline FQL,27.0
22,216,Improved FQL-GTA,305.0
22,217,Baseline FQL,19.0
22,217,Improved FQL-GTA,218.0
22,218,Baseline FQL,44.0
22,218,Improved FQL-GTA,253.0
22,219,Baseline FQL,24.0
22,219,Improved FQL-GTA,293.0
22,220,Baseline FQL,20.0
22,220,Improved FQL-GTA,268.0
22,221,Baseline FQL,25.0
22,221,Improved FQL-GTA,282.0
22,222,Baseline FQL,22.0
22,222,Improved FQL-GTA,248.0
22,223,Baseline FQL,44.0
22,223,Improved FQL-GTA,299.0
22,224,Baseline FQL,31.0
22,224,Improved FQL-GTA,342.0
22,225,Baseline FQL,18.0
22,225,Improved FQL-GTA,341.0
22,226,Baseline FQL,36.0
22,226,Improved FQL-GTA,300.0
22,227,Baseline FQL,28.0
22,227,Improved FQL-GTA,370.0
22,228,Baseline FQL,17.0
22,228,Improved FQL-GTA,287.0
22,229,Baseline FQL,35.0
22,229,Improved FQL-GTA,298.0
22,230,Baseline FQL,35.0
22,230,Improved FQL-GTA,286.0
22,231,Baseline FQL,34.0
22,231,Improved FQL-GTA,292.0
22,232,Baseline FQL,30.0
22,232,Improved FQL-GTA,287.0
22,233,Baseline FQL,48.0
22,233,Improved FQL-GTA,266.0
22,234,Baseline FQL,20.0
22,234,Improved FQL-GTA,269.0
22,235,Baseline FQL,17.0
22,235,Improved FQL-GTA,153.0
22,236,Baseline FQL,46.0
22,236,Improved FQL-GTA,284.0
22,237,Baseline FQL,24.0
22,237,Improved FQL-GTA,500.0
22,238,Baseline FQL,52.0
22,238,Improved FQL-GTA,500.0
22,239,Baseline FQL,66.0
22,239,Improved FQL-GTA,500.0
22,240,Baseline FQL,33.0
22,240,Improved FQL-GTA,425.0
22,241,Baseline FQL,16.0
22,241,Improved FQL-GTA,500.0
22,242,Baseline FQL,25.0
22,242,Improved FQL-GTA,500.0
22,243,Baseline FQL,102.0
22,243,Improved FQL-GTA,500.0
22,244,Baseline FQL,30.0
22,244,Improved FQL-GTA,500.0
22,245,Baseline FQL,35.0
22,245,Improved FQL-GTA,500.0
22,246,Baseline FQL,22.0
22,246,Improved FQL-GTA,500.0
22,247,Baseline FQL,45.0
22,247,Improved FQL-GTA,500.0
22,248,Baseline FQL,71.0
22,248,Improved FQL-GTA,500.0
22,249,Baseline FQL,56.0
22,249,Improved FQL-GTA,500.0
22,250,Baseline FQL,44.0
22,250,Improved FQL-GTA,500.0
22,251,Baseline FQL,26.0
22,251,Improved FQL-GTA,443.0
22,252,Baseline FQL,121.0
22,252,Improved FQL-GTA,361.0
22,253,Baseline FQL,48.0
22,253,Improved FQL-GTA,282.0
22,254,Baseline FQL,74.0
22,254,Improved FQL-GTA,500.0
22,255,Baseline FQL,160.0
22,255,Improved FQL-GTA,487.0
22,256,Baseline FQL,41.0
22,256,Improved FQL-GTA,500.0
22,257,Baseline FQL,156.0
22,257,Improved FQL-GTA,474.0
22,258,Baseline FQL,139.0
22,258,Improved FQL-GTA,500.0
22,259,Baseline FQL,129.0
22,259,Improved FQL-GTA,500.0
22,260,Baseline FQL,56.0
22,260,Improved FQL-GTA,378.0
22,261,Baseline FQL,95.0
22,261,Improved FQL-GTA,500.0
22,262,Baseline FQL,132.0
22,262,Improved FQL-GTA,453.0
22,263,Baseline FQL,104.0
22,263,Improved FQL-GTA,500.0
22,264,Baseline FQL,51.0
22,264,Improved FQL-GTA,347.0
22,265,Baseline FQL,166.0
22,265,Improved FQL-GTA,398.0
22,266,Baseline FQL,31.0
22,266,Improved FQL-GTA,288.0
22,267,Baseline FQL,60.0
22,267,Improved FQL-GTA,500.0
22,268,Baseline FQL,52.0
22,268,Improved FQL-GTA,417.0
22,269,Baseline FQL,28.0
22,269,Improved FQL-GTA,500.0
22,270,Baseline FQL,409.0
22,270,Improved FQL-GTA,321.0
22,271,Baseline FQL,53.0
22,271,Improved FQL-GTA,325.0
22,272,Baseline FQL,212.0
22,272,Improved FQL-GTA,500.0
22,273,Baseline FQL,53.0
22,273,Improved FQL-GTA,500.0
22,274,Baseline FQL,43.0
22,274,Improved FQL-GTA,337.0
22,275,Baseline FQL,181.0
22,275,Improved FQL-GTA,500.0
22,276,Baseline FQL,53.0
22,276,Improved FQL-GTA,492.0
22,277,Baseline FQL,190.0
22,277,Improved FQL-GTA,461.0
22,278,Baseline FQL,167.0
22,278,Improved FQL-GTA,500.0
22,279,Baseline FQL,110.0
22,279,Improved FQL-GTA,500.0
22,280,Baseline FQL,229.0
22,280,Improved FQL-GTA,500.0
22,281,Baseline FQL,83.0
22,281,Improved FQL-GTA,500.0
22,282,Baseline FQL,103.0
22,282,Improved FQL-GTA,500.0
22,283,Baseline FQL,95.0
22,283,Improved FQL-GTA,500.0
22,284,Baseline FQL,101.0
22,284,Improved FQL-GTA,500.0
22,285,Baseline FQL,313.0
22,285,Improved FQL-GTA,475.0
22,286,Baseline FQL,130.0
22,286,Improved FQL-GTA,500.0
22,287,Baseline FQL,179.0
22,287,Improved FQL-GTA,500.0
22,288,Baseline FQL,235.0
22,288,Improved FQL-GTA,500.0
22,289,Baseline FQL,266.0
22,289,Improved FQL-GTA,500.0
22,290,Baseline FQL,172.0
22,290,Improved FQL-GTA,500.0
22,291,Baseline FQL,287.0
22,291,Improved FQL-GTA,450.0
22,292,Baseline FQL,262.0
22,292,Improved FQL-GTA,500.0
22,293,Baseline FQL,293.0
22,293,Improved FQL-GTA,500.0
22,294,Baseline FQL,250.0
22,294,Improved FQL-GTA,500.0
22,295,Baseline FQL,304.0
22,295,Improved FQL-GTA,500.0
22,296,Baseline FQL,233.0
22,296,Improved FQL-GTA,500.0
22,297,Baseline FQL,191.0
22,297,Improved FQL-GTA,500.0
22,298,Baseline FQL,237.0
22,298,Improved FQL-GTA,500.0
22,299,Baseline FQL,236.0
22,299,Improved FQL-GTA,500.0
22,300,Baseline FQL,210.0
22,300,Improved FQL-GTA,500.0
22,301,Baseline FQL,249.0
22,301,Improved FQL-GTA,500.0
22,302,Baseline FQL,190.0
22,302,Improved FQL-GTA,500.0
22,303,Baseline FQL,103.0
22,303,Improved FQL-GTA,500.0
22,304,Baseline FQL,230.0
22,304,Improved FQL-GTA,500.0
22,305,Baseline FQL,198.0
22,305,Improved FQL-GTA,500.0
22,306,Baseline FQL,341.0
22,306,Improved FQL-GTA,419.0
22,307,Baseline FQL,228.0
22,307,Improved FQL-GTA,500.0
22,308,Baseline FQL,243.0
22,308,Improved FQL-GTA,196.0
22,309,Baseline FQL,130.0
22,309,Improved FQL-GTA,500.0
22,310,Baseline FQL,305.0
22,310,Improved FQL-GTA,470.0
22,311,Baseline FQL,230.0
22,311,Improved FQL-GTA,500.0
22,312,Baseline FQL,204.0
22,312,Improved FQL-GTA,500.0
22,313,Baseline FQL,111.0
22,313,Improved FQL-GTA,420.0
22,314,Baseline FQL,170.0
22,314,Improved FQL-GTA,451.0
22,315,Baseline FQL,500.0
22,315,Improved FQL-GTA,500.0
22,316,Baseline FQL,146.0
22,316,Improved FQL-GTA,500.0
22,317,Baseline FQL,197.0
22,317,Improved FQL-GTA,500.0
22,318,Baseline FQL,188.0
22,318,Improved FQL-GTA,500.0
22,319,Baseline FQL,195.0
22,319,Improved FQL-GTA,500.0
22,320,Baseline FQL,110.0
22,320,Improved FQL-GTA,500.0
22,321,Baseline FQL,264.0
22,321,Improved FQL-GTA,475.0
22,322,Baseline FQL,447.0
22,322,Improved FQL-GTA,500.0
22,323,Baseline FQL,249.0
22,323,Improved FQL-GTA,500.0
22,324,Baseline FQL,216.0
22,324,Improved FQL-GTA,500.0
22,325,Baseline FQL,353.0
22,325,Improved FQL-GTA,500.0
22,326,Baseline FQL,218.0
22,326,Improved FQL-GTA,500.0
22,327,Baseline FQL,214.0
22,327,Improved FQL-GTA,500.0
22,328,Baseline FQL,227.0
22,328,Improved FQL-GTA,500.0
22,329,Baseline FQL,218.0
22,329,Improved FQL-GTA,500.0
22,330,Baseline FQL,245.0
22,330,Improved FQL-GTA,500.0
22,331,Baseline FQL,217.0
22,331,Improved FQL-GTA,500.0
22,332,Baseline FQL,255.0
22,332,Improved FQL-GTA,500.0
22,333,Baseline FQL,261.0
22,333,Improved FQL-GTA,500.0
22,334,Baseline FQL,247.0
22,334,Improved FQL-GTA,500.0
22,335,Baseline FQL,393.0
22,335,Improved FQL-GTA,500.0
22,336,Baseline FQL,195.0
22,336,Improved FQL-GTA,500.0
22,337,Baseline FQL,479.0
22,337,Improved FQL-GTA,500.0
22,338,Baseline FQL,241.0
22,338,Improved FQL-GTA,500.0
22,339,Baseline FQL,222.0
22,339,Improved FQL-GTA,500.0
22,340,Baseline FQL,316.0
22,340,Improved FQL-GTA,500.0
22,341,Baseline FQL,331.0
22,341,Improved FQL-GTA,500.0
22,342,Baseline FQL,258.0
22,342,Improved FQL-GTA,500.0
22,343,Baseline FQL,290.0
22,343,Improved FQL-GTA,500.0
22,344,Baseline FQL,243.0
22,344,Improved FQL-GTA,500.0
22,345,Baseline FQL,283.0
22,345,Improved FQL-GTA,500.0
22,346,Baseline FQL,217.0
22,346,Improved FQL-GTA,500.0
22,347,Baseline FQL,248.0
22,347,Improved FQL-GTA,500.0
22,348,Baseline FQL,268.0
22,348,Improved FQL-GTA,500.0
22,349,Baseline FQL,262.0
22,349,Improved FQL-GTA,287.0
22,350,Baseline FQL,275.0
22,350,Improved FQL-GTA,304.0
22,351,Baseline FQL,257.0
22,351,Improved FQL-GTA,500.0
22,352,Baseline FQL,230.0
22,352,Improved FQL-GTA,500.0
22,353,Baseline FQL,158.0
22,353,Improved FQL-GTA,500.0
22,354,Baseline FQL,257.0
22,354,Improved FQL-GTA,500.0
22,355,Baseline FQL,101.0
22,355,Improved FQL-GTA,500.0
22,356,Baseline FQL,190.0
22,356,Improved FQL-GTA,500.0
22,357,Baseline FQL,189.0
22,357,Improved FQL-GTA,500.0
22,358,Baseline FQL,220.0
22,358,Improved FQL-GTA,500.0
22,359,Baseline FQL,263.0
22,359,Improved FQL-GTA,500.0
22,360,Baseline FQL,281.0
22,360,Improved FQL-GTA,500.0
22,361,Baseline FQL,201.0
22,361,Improved FQL-GTA,500.0
22,362,Baseline FQL,197.0
22,362,Improved FQL-GTA,500.0
22,363,Baseline FQL,207.0
22,363,Improved FQL-GTA,500.0
22,364,Baseline FQL,224.0
22,364,Improved FQL-GTA,500.0
22,365,Baseline FQL,240.0
22,365,Improved FQL-GTA,500.0
22,366,Baseline FQL,252.0
22,366,Improved FQL-GTA,500.0
22,367,Baseline FQL,254.0
22,367,Improved FQL-GTA,500.0
22,368,Baseline FQL,265.0
22,368,Improved FQL-GTA,500.0
22,369,Baseline FQL,223.0
22,369,Improved FQL-GTA,500.0
22,370,Baseline FQL,236.0
22,370,Improved FQL-GTA,500.0
22,371,Baseline FQL,273.0
22,371,Improved FQL-GTA,500.0
22,372,Baseline FQL,279.0
22,372,Improved FQL-GTA,500.0
22,373,Baseline FQL,285.0
22,373,Improved FQL-GTA,500.0
22,374,Baseline FQL,264.0
22,374,Improved FQL-GTA,500.0
22,375,Baseline FQL,277.0
22,375,Improved FQL-GTA,500.0
22,376,Baseline FQL,327.0
22,376,Improved FQL-GTA,500.0
22,377,Baseline FQL,282.0
22,377,Improved FQL-GTA,500.0
22,378,Baseline FQL,234.0
22,378,Improved FQL-GTA,500.0
22,379,Baseline FQL,232.0
22,379,Improved FQL-GTA,500.0
22,380,Baseline FQL,290.0
22,380,Improved FQL-GTA,500.0
22,381,Baseline FQL,317.0
22,381,Improved FQL-GTA,500.0
22,382,Baseline FQL,270.0
22,382,Improved FQL-GTA,500.0
22,383,Baseline FQL,263.0
22,383,Improved FQL-GTA,500.0
22,384,Baseline FQL,239.0
22,384,Improved FQL-GTA,500.0
22,385,Baseline FQL,263.0
22,385,Improved FQL-GTA,500.0
22,386,Baseline FQL,234.0
22,386,Improved FQL-GTA,500.0
22,387,Baseline FQL,178.0
22,387,Improved FQL-GTA,500.0
22,388,Baseline FQL,220.0
22,388,Improved FQL-GTA,500.0
22,389,Baseline FQL,237.0
22,389,Improved FQL-GTA,500.0
22,390,Baseline FQL,194.0
22,390,Improved FQL-GTA,500.0
22,391,Baseline FQL,266.0
22,391,Improved FQL-GTA,424.0
22,392,Baseline FQL,256.0
22,392,Improved FQL-GTA,418.0
22,393,Baseline FQL,307.0
22,393,Improved FQL-GTA,500.0
22,394,Baseline FQL,236.0
22,394,Improved FQL-GTA,500.0
22,395,Baseline FQL,256.0
22,395,Improved FQL-GTA,500.0
22,396,Baseline FQL,236.0
22,396,Improved FQL-GTA,500.0
22,397,Baseline FQL,232.0
22,397,Improved FQL-GTA,500.0
22,398,Baseline FQL,227.0
22,398,Improved FQL-GTA,500.0
22,399,Baseline FQL,215.0
22,399,Improved FQL-GTA,500.0
22,400,Baseline FQL,365.0
22,400,Improved FQL-GTA,500.0
22,401,Baseline FQL,288.0
22,401,Improved FQL-GTA,500.0
22,402,Baseline FQL,247.0
22,402,Improved FQL-GTA,500.0
22,403,Baseline FQL,287.0
22,403,Improved FQL-GTA,500.0
22,404,Baseline FQL,312.0
22,404,Improved FQL-GTA,500.0
22,405,Baseline FQL,325.0
22,405,Improved FQL-GTA,500.0
22,406,Baseline FQL,296.0
22,406,Improved FQL-GTA,500.0
22,407,Baseline FQL,306.0
22,407,Improved FQL-GTA,500.0
22,408,Baseline FQL,226.0
22,408,Improved FQL-GTA,500.0
22,409,Baseline FQL,271.0
22,409,Improved FQL-GTA,500.0
22,410,Baseline FQL,219.0
22,410,Improved FQL-GTA,500.0
22,411,Baseline FQL,239.0
22,411,Improved FQL-GTA,500.0
22,412,Baseline FQL,248.0
22,412,Improved FQL-GTA,500.0
22,413,Baseline FQL,312.0
22,413,Improved FQL-GTA,500.0
22,414,Baseline FQL,347.0
22,414,Improved FQL-GTA,500.0
22,415,Baseline FQL,254.0
22,415,Improved FQL-GTA,500.0
22,416,Baseline FQL,317.0
22,416,Improved FQL-GTA,500.0
22,417,Baseline FQL,208.0
22,417,Improved FQL-GTA,500.0
22,418,Baseline FQL,218.0
22,418,Improved FQL-GTA,500.0
22,419,Baseline FQL,323.0
22,419,Improved FQL-GTA,500.0
22,420,Baseline FQL,233.0
22,420,Improved FQL-GTA,500.0
22,421,Baseline FQL,240.0
22,421,Improved FQL-GTA,500.0
22,422,Baseline FQL,227.0
22,422,Improved FQL-GTA,328.0
22,423,Baseline FQL,259.0
22,423,Improved FQL-GTA,248.0
22,424,Baseline FQL,328.0
22,424,Improved FQL-GTA,293.0
22,425,Baseline FQL,281.0
22,425,Improved FQL-GTA,500.0
22,426,Baseline FQL,264.0
22,426,Improved FQL-GTA,500.0
22,427,Baseline FQL,335.0
22,427,Improved FQL-GTA,278.0
22,428,Baseline FQL,310.0
22,428,Improved FQL-GTA,234.0
22,429,Baseline FQL,280.0
22,429,Improved FQL-GTA,500.0
22,430,Baseline FQL,317.0
22,430,Improved FQL-GTA,263.0
22,431,Baseline FQL,281.0
22,431,Improved FQL-GTA,500.0
22,432,Baseline FQL,147.0
22,432,Improved FQL-GTA,500.0
22,433,Baseline FQL,216.0
22,433,Improved FQL-GTA,500.0
22,434,Baseline FQL,295.0
22,434,Improved FQL-GTA,500.0
22,435,Baseline FQL,244.0
22,435,Improved FQL-GTA,500.0
22,436,Baseline FQL,255.0
22,436,Improved FQL-GTA,500.0
22,437,Baseline FQL,279.0
22,437,Improved FQL-GTA,500.0
22,438,Baseline FQL,260.0
22,438,Improved FQL-GTA,500.0
22,439,Baseline FQL,253.0
22,439,Improved FQL-GTA,500.0
22,440,Baseline FQL,374.0
22,440,Improved FQL-GTA,500.0
22,441,Baseline FQL,243.0
22,441,Improved FQL-GTA,500.0
22,442,Baseline FQL,294.0
22,442,Improved FQL-GTA,500.0
22,443,Baseline FQL,236.0
22,443,Improved FQL-GTA,500.0
22,444,Baseline FQL,301.0
22,444,Improved FQL-GTA,500.0
22,445,Baseline FQL,480.0
22,445,Improved FQL-GTA,500.0
22,446,Baseline FQL,254.0
22,446,Improved FQL-GTA,500.0
22,447,Baseline FQL,301.0
22,447,Improved FQL-GTA,500.0
22,448,Baseline FQL,364.0
22,448,Improved FQL-GTA,500.0
22,449,Baseline FQL,222.0
22,449,Improved FQL-GTA,500.0
22,450,Baseline FQL,235.0
22,450,Improved FQL-GTA,500.0
22,451,Baseline FQL,267.0
22,451,Improved FQL-GTA,500.0
22,452,Baseline FQL,236.0
22,452,Improved FQL-GTA,500.0
22,453,Baseline FQL,313.0
22,453,Improved FQL-GTA,500.0
22,454,Baseline FQL,280.0
22,454,Improved FQL-GTA,500.0
22,455,Baseline FQL,316.0
22,455,Improved FQL-GTA,500.0
22,456,Baseline FQL,237.0
22,456,Improved FQL-GTA,500.0
22,457,Baseline FQL,14.0
22,457,Improved FQL-GTA,500.0
22,458,Baseline FQL,298.0
22,458,Improved FQL-GTA,428.0
22,459,Baseline FQL,239.0
22,459,Improved FQL-GTA,500.0
22,460,Baseline FQL,302.0
22,460,Improved FQL-GTA,500.0
22,461,Baseline FQL,257.0
22,461,Improved FQL-GTA,500.0
22,462,Baseline FQL,406.0
22,462,Improved FQL-GTA,500.0
22,463,Baseline FQL,254.0
22,463,Improved FQL-GTA,500.0
22,464,Baseline FQL,321.0
22,464,Improved FQL-GTA,500.0
22,465,Baseline FQL,319.0
22,465,Improved FQL-GTA,292.0
22,466,Baseline FQL,301.0
22,466,Improved FQL-GTA,285.0
22,467,Baseline FQL,291.0
22,467,Improved FQL-GTA,299.0
22,468,Baseline FQL,265.0
22,468,Improved FQL-GTA,321.0
22,469,Baseline FQL,451.0
22,469,Improved FQL-GTA,500.0
22,470,Baseline FQL,277.0
22,470,Improved FQL-GTA,500.0
22,471,Baseline FQL,246.0
22,471,Improved FQL-GTA,307.0
22,472,Baseline FQL,224.0
22,472,Improved FQL-GTA,253.0
22,473,Baseline FQL,213.0
22,473,Improved FQL-GTA,251.0
22,474,Baseline FQL,244.0
22,474,Improved FQL-GTA,255.0
22,475,Baseline FQL,349.0
22,475,Improved FQL-GTA,500.0
22,476,Baseline FQL,122.0
22,476,Improved FQL-GTA,500.0
22,477,Baseline FQL,142.0
22,477,Improved FQL-GTA,255.0
22,478,Baseline FQL,177.0
22,478,Improved FQL-GTA,282.0
22,479,Baseline FQL,270.0
22,479,Improved FQL-GTA,309.0
22,480,Baseline FQL,263.0
22,480,Improved FQL-GTA,301.0
22,481,Baseline FQL,245.0
22,481,Improved FQL-GTA,262.0
22,482,Baseline FQL,265.0
22,482,Improved FQL-GTA,234.0
22,483,Baseline FQL,262.0
22,483,Improved FQL-GTA,263.0
22,484,Baseline FQL,290.0
22,484,Improved FQL-GTA,277.0
22,485,Baseline FQL,284.0
22,485,Improved FQL-GTA,243.0
22,486,Baseline FQL,314.0
22,486,Improved FQL-GTA,244.0
22,487,Baseline FQL,328.0
22,487,Improved FQL-GTA,317.0
22,488,Baseline FQL,233.0
22,488,Improved FQL-GTA,316.0
22,489,Baseline FQL,304.0
22,489,Improved FQL-GTA,261.0
22,490,Baseline FQL,242.0
22,490,Improved FQL-GTA,261.0
22,491,Baseline FQL,296.0
22,491,Improved FQL-GTA,243.0
22,492,Baseline FQL,428.0
22,492,Improved FQL-GTA,247.0
22,493,Baseline FQL,230.0
22,493,Improved FQL-GTA,237.0
22,494,Baseline FQL,305.0
22,494,Improved FQL-GTA,234.0
22,495,Baseline FQL,256.0
22,495,Improved FQL-GTA,257.0
22,496,Baseline FQL,222.0
22,496,Improved FQL-GTA,297.0
22,497,Baseline FQL,330.0
22,497,Improved FQL-GTA,231.0
22,498,Baseline FQL,385.0
22,498,Improved FQL-GTA,288.0
22,499,Baseline FQL,255.0
22,499,Improved FQL-GTA,317.0
22,500,Baseline FQL,242.0
22,500,Improved FQL-GTA,290.0
23,1,Baseline FQL,10.0
23,1,Improved FQL-GTA,14.0
23,2,Baseline FQL,9.0
23,2,Improved FQL-GTA,10.0
23,3,Baseline FQL,10.0
23,3,Improved FQL-GTA,12.0
23,4,Baseline FQL,10.0
23,4,Improved FQL-GTA,12.0
23,5,Baseline FQL,10.0
23,5,Improved FQL-GTA,12.0
23,6,Baseline FQL,9.0
23,6,Improved FQL-GTA,13.0
23,7,Baseline FQL,9.0
23,7,Improved FQL-GTA,12.0
23,8,Baseline FQL,11.0
23,8,Improved FQL-GTA,13.0
23,9,Baseline FQL,9.0
23,9,Improved FQL-GTA,9.0
23,10,Baseline FQL,12.0
23,10,Improved FQL-GTA,11.0
23,11,Baseline FQL,11.0
23,11,Improved FQL-GTA,11.0
23,12,Baseline FQL,10.0
23,12,Improved FQL-GTA,12.0
23,13,Baseline FQL,8.0
23,13,Improved FQL-GTA,11.0
23,14,Baseline FQL,8.0
23,14,Improved FQL-GTA,13.0
23,15,Baseline FQL,11.0
23,15,Improved FQL-GTA,11.0
23,16,Baseline FQL,11.0
23,16,Improved FQL-GTA,13.0
23,17,Baseline FQL,10.0
23,17,Improved FQL-GTA,15.0
23,18,Baseline FQL,8.0
23,18,Improved FQL-GTA,10.0
23,19,Baseline FQL,10.0
23,19,Improved FQL-GTA,10.0
23,20,Baseline FQL,8.0
23,20,Improved FQL-GTA,12.0
23,21,Baseline FQL,10.0
23,21,Improved FQL-GTA,11.0
23,22,Baseline FQL,9.0
23,22,Improved FQL-GTA,9.0
23,23,Baseline FQL,9.0
23,23,Improved FQL-GTA,10.0
23,24,Baseline FQL,11.0
23,24,Improved FQL-GTA,14.0
23,25,Baseline FQL,11.0
23,25,Improved FQL-GTA,13.0
23,26,Baseline FQL,11.0
23,26,Improved FQL-GTA,10.0
23,27,Baseline FQL,10.0
23,27,Improved FQL-GTA,10.0
23,28,Baseline FQL,11.0
23,28,Improved FQL-GTA,21.0
23,29,Baseline FQL,10.0
23,29,Improved FQL-GTA,12.0
23,30,Baseline FQL,10.0
23,30,Improved FQL-GTA,24.0
23,31,Baseline FQL,10.0
23,31,Improved FQL-GTA,13.0
23,32,Baseline FQL,10.0
23,32,Improved FQL-GTA,15.0
23,33,Baseline FQL,10.0
23,33,Improved FQL-GTA,23.0
23,34,Baseline FQL,8.0
23,34,Improved FQL-GTA,12.0
23,35,Baseline FQL,9.0
23,35,Improved FQL-GTA,13.0
23,36,Baseline FQL,10.0
23,36,Improved FQL-GTA,19.0
23,37,Baseline FQL,10.0
23,37,Improved FQL-GTA,21.0
23,38,Baseline FQL,12.0
23,38,Improved FQL-GTA,17.0
23,39,Baseline FQL,9.0
23,39,Improved FQL-GTA,16.0
23,40,Baseline FQL,9.0
23,40,Improved FQL-GTA,17.0
23,41,Baseline FQL,10.0
23,41,Improved FQL-GTA,18.0
23,42,Baseline FQL,10.0
23,42,Improved FQL-GTA,17.0
23,43,Baseline FQL,10.0
23,43,Improved FQL-GTA,19.0
23,44,Baseline FQL,10.0
23,44,Improved FQL-GTA,18.0
23,45,Baseline FQL,9.0
23,45,Improved FQL-GTA,15.0
23,46,Baseline FQL,9.0
23,46,Improved FQL-GTA,15.0
23,47,Baseline FQL,8.0
23,47,Improved FQL-GTA,15.0
23,48,Baseline FQL,10.0
23,48,Improved FQL-GTA,24.0
23,49,Baseline FQL,9.0
23,49,Improved FQL-GTA,11.0
23,50,Baseline FQL,10.0
23,50,Improved FQL-GTA,15.0
23,51,Baseline FQL,10.0
23,51,Improved FQL-GTA,16.0
23,52,Baseline FQL,10.0
23,52,Improved FQL-GTA,13.0
23,53,Baseline FQL,9.0
23,53,Improved FQL-GTA,17.0
23,54,Baseline FQL,11.0
23,54,Improved FQL-GTA,13.0
23,55,Baseline FQL,11.0
23,55,Improved FQL-GTA,16.0
23,56,Baseline FQL,9.0
23,56,Improved FQL-GTA,17.0
23,57,Baseline FQL,9.0
23,57,Improved FQL-GTA,11.0
23,58,Baseline FQL,11.0
23,58,Improved FQL-GTA,14.0
23,59,Baseline FQL,10.0
23,59,Improved FQL-GTA,13.0
23,60,Baseline FQL,10.0
23,60,Improved FQL-GTA,13.0
23,61,Baseline FQL,9.0
23,61,Improved FQL-GTA,13.0
23,62,Baseline FQL,9.0
23,62,Improved FQL-GTA,20.0
23,63,Baseline FQL,9.0
23,63,Improved FQL-GTA,12.0
23,64,Baseline FQL,9.0
23,64,Improved FQL-GTA,14.0
23,65,Baseline FQL,10.0
23,65,Improved FQL-GTA,19.0
23,66,Baseline FQL,9.0
23,66,Improved FQL-GTA,15.0
23,67,Baseline FQL,9.0
23,67,Improved FQL-GTA,15.0
23,68,Baseline FQL,9.0
23,68,Improved FQL-GTA,15.0
23,69,Baseline FQL,9.0
23,69,Improved FQL-GTA,14.0
23,70,Baseline FQL,12.0
23,70,Improved FQL-GTA,16.0
23,71,Baseline FQL,10.0
23,71,Improved FQL-GTA,18.0
23,72,Baseline FQL,9.0
23,72,Improved FQL-GTA,13.0
23,73,Baseline FQL,10.0
23,73,Improved FQL-GTA,15.0
23,74,Baseline FQL,12.0
23,74,Improved FQL-GTA,15.0
23,75,Baseline FQL,9.0
23,75,Improved FQL-GTA,18.0
23,76,Baseline FQL,10.0
23,76,Improved FQL-GTA,16.0
23,77,Baseline FQL,10.0
23,77,Improved FQL-GTA,15.0
23,78,Baseline FQL,11.0
23,78,Improved FQL-GTA,24.0
23,79,Baseline FQL,11.0
23,79,Improved FQL-GTA,13.0
23,80,Baseline FQL,12.0
23,80,Improved FQL-GTA,14.0
23,81,Baseline FQL,10.0
23,81,Improved FQL-GTA,21.0
23,82,Baseline FQL,10.0
23,82,Improved FQL-GTA,23.0
23,83,Baseline FQL,13.0
23,83,Improved FQL-GTA,17.0
23,84,Baseline FQL,10.0
23,84,Improved FQL-GTA,23.0
23,85,Baseline FQL,15.0
23,85,Improved FQL-GTA,16.0
23,86,Baseline FQL,10.0
23,86,Improved FQL-GTA,21.0
23,87,Baseline FQL,15.0
23,87,Improved FQL-GTA,13.0
23,88,Baseline FQL,13.0
23,88,Improved FQL-GTA,13.0
23,89,Baseline FQL,14.0
23,89,Improved FQL-GTA,15.0
23,90,Baseline FQL,15.0
23,90,Improved FQL-GTA,15.0
23,91,Baseline FQL,10.0
23,91,Improved FQL-GTA,13.0
23,92,Baseline FQL,9.0
23,92,Improved FQL-GTA,17.0
23,93,Baseline FQL,13.0
23,93,Improved FQL-GTA,16.0
23,94,Baseline FQL,10.0
23,94,Improved FQL-GTA,10.0
23,95,Baseline FQL,13.0
23,95,Improved FQL-GTA,13.0
23,96,Baseline FQL,10.0
23,96,Improved FQL-GTA,18.0
23,97,Baseline FQL,12.0
23,97,Improved FQL-GTA,13.0
23,98,Baseline FQL,10.0
23,98,Improved FQL-GTA,19.0
23,99,Baseline FQL,11.0
23,99,Improved FQL-GTA,13.0
23,100,Baseline FQL,11.0
23,100,Improved FQL-GTA,19.0
23,101,Baseline FQL,17.0
23,101,Improved FQL-GTA,19.0
23,102,Baseline FQL,11.0
23,102,Improved FQL-GTA,14.0
23,103,Baseline FQL,17.0
23,103,Improved FQL-GTA,21.0
23,104,Baseline FQL,10.0
23,104,Improved FQL-GTA,20.0
23,105,Baseline FQL,15.0
23,105,Improved FQL-GTA,19.0
23,106,Baseline FQL,15.0
23,106,Improved FQL-GTA,17.0
23,107,Baseline FQL,12.0
23,107,Improved FQL-GTA,11.0
23,108,Baseline FQL,17.0
23,108,Improved FQL-GTA,19.0
23,109,Baseline FQL,12.0
23,109,Improved FQL-GTA,17.0
23,110,Baseline FQL,15.0
23,110,Improved FQL-GTA,13.0
23,111,Baseline FQL,15.0
23,111,Improved FQL-GTA,23.0
23,112,Baseline FQL,15.0
23,112,Improved FQL-GTA,22.0
23,113,Baseline FQL,11.0
23,113,Improved FQL-GTA,20.0
23,114,Baseline FQL,17.0
23,114,Improved FQL-GTA,24.0
23,115,Baseline FQL,17.0
23,115,Improved FQL-GTA,23.0
23,116,Baseline FQL,17.0
23,116,Improved FQL-GTA,13.0
23,117,Baseline FQL,18.0
23,117,Improved FQL-GTA,21.0
23,118,Baseline FQL,13.0
23,118,Improved FQL-GTA,13.0
23,119,Baseline FQL,21.0
23,119,Improved FQL-GTA,23.0
23,120,Baseline FQL,15.0
23,120,Improved FQL-GTA,20.0
23,121,Baseline FQL,15.0
23,121,Improved FQL-GTA,22.0
23,122,Baseline FQL,19.0
23,122,Improved FQL-GTA,24.0
23,123,Baseline FQL,12.0
23,123,Improved FQL-GTA,15.0
23,124,Baseline FQL,17.0
23,124,Improved FQL-GTA,15.0
23,125,Baseline FQL,15.0
23,125,Improved FQL-GTA,13.0
23,126,Baseline FQL,13.0
23,126,Improved FQL-GTA,13.0
23,127,Baseline FQL,19.0
23,127,Improved FQL-GTA,23.0
23,128,Baseline FQL,13.0
23,128,Improved FQL-GTA,21.0
23,129,Baseline FQL,13.0
23,129,Improved FQL-GTA,20.0
23,130,Baseline FQL,23.0
23,130,Improved FQL-GTA,20.0
23,131,Baseline FQL,25.0
23,131,Improved FQL-GTA,29.0
23,132,Baseline FQL,23.0
23,132,Improved FQL-GTA,23.0
23,133,Baseline FQL,17.0
23,133,Improved FQL-GTA,19.0
23,134,Baseline FQL,25.0
23,134,Improved FQL-GTA,33.0
23,135,Baseline FQL,18.0
23,135,Improved FQL-GTA,27.0
23,136,Baseline FQL,18.0
23,136,Improved FQL-GTA,21.0
23,137,Baseline FQL,18.0
23,137,Improved FQL-GTA,28.0
23,138,Baseline FQL,17.0
23,138,Improved FQL-GTA,25.0
23,139,Baseline FQL,19.0
23,139,Improved FQL-GTA,29.0
23,140,Baseline FQL,15.0
23,140,Improved FQL-GTA,21.0
23,141,Baseline FQL,15.0
23,141,Improved FQL-GTA,23.0
23,142,Baseline FQL,22.0
23,142,Improved FQL-GTA,28.0
23,143,Baseline FQL,13.0
23,143,Improved FQL-GTA,15.0
23,144,Baseline FQL,13.0
23,144,Improved FQL-GTA,26.0
23,145,Baseline FQL,15.0
23,145,Improved FQL-GTA,28.0
23,146,Baseline FQL,13.0
23,146,Improved FQL-GTA,17.0
23,147,Baseline FQL,17.0
23,147,Improved FQL-GTA,28.0
23,148,Baseline FQL,11.0
23,148,Improved FQL-GTA,13.0
23,149,Baseline FQL,15.0
23,149,Improved FQL-GTA,26.0
23,150,Baseline FQL,17.0
23,150,Improved FQL-GTA,26.0
23,151,Baseline FQL,21.0
23,151,Improved FQL-GTA,31.0
23,152,Baseline FQL,12.0
23,152,Improved FQL-GTA,13.0
23,153,Baseline FQL,23.0
23,153,Improved FQL-GTA,33.0
23,154,Baseline FQL,13.0
23,154,Improved FQL-GTA,13.0
23,155,Baseline FQL,15.0
23,155,Improved FQL-GTA,24.0
23,156,Baseline FQL,22.0
23,156,Improved FQL-GTA,31.0
23,157,Baseline FQL,11.0
23,157,Improved FQL-GTA,19.0
23,158,Baseline FQL,17.0
23,158,Improved FQL-GTA,30.0
23,159,Baseline FQL,17.0
23,159,Improved FQL-GTA,29.0
23,160,Baseline FQL,17.0
23,160,Improved FQL-GTA,27.0
23,161,Baseline FQL,14.0
23,161,Improved FQL-GTA,23.0
23,162,Baseline FQL,12.0
23,162,Improved FQL-GTA,19.0
23,163,Baseline FQL,20.0
23,163,Improved FQL-GTA,24.0
23,164,Baseline FQL,13.0
23,164,Improved FQL-GTA,13.0
23,165,Baseline FQL,16.0
23,165,Improved FQL-GTA,29.0
23,166,Baseline FQL,13.0
23,166,Improved FQL-GTA,17.0
23,167,Baseline FQL,15.0
23,167,Improved FQL-GTA,26.0
23,168,Baseline FQL,10.0
23,168,Improved FQL-GTA,15.0
23,169,Baseline FQL,22.0
23,169,Improved FQL-GTA,39.0
23,170,Baseline FQL,26.0
23,170,Improved FQL-GTA,42.0
23,171,Baseline FQL,14.0
23,171,Improved FQL-GTA,34.0
23,172,Baseline FQL,20.0
23,172,Improved FQL-GTA,89.0
23,173,Baseline FQL,13.0
23,173,Improved FQL-GTA,30.0
23,174,Baseline FQL,13.0
23,174,Improved FQL-GTA,28.0
23,175,Baseline FQL,12.0
23,175,Improved FQL-GTA,19.0
23,176,Baseline FQL,23.0
23,176,Improved FQL-GTA,59.0
23,177,Baseline FQL,24.0
23,177,Improved FQL-GTA,361.0
23,178,Baseline FQL,22.0
23,178,Improved FQL-GTA,249.0
23,179,Baseline FQL,17.0
23,179,Improved FQL-GTA,299.0
23,180,Baseline FQL,11.0
23,180,Improved FQL-GTA,65.0
23,181,Baseline FQL,23.0
23,181,Improved FQL-GTA,33.0
23,182,Baseline FQL,17.0
23,182,Improved FQL-GTA,165.0
23,183,Baseline FQL,12.0
23,183,Improved FQL-GTA,227.0
23,184,Baseline FQL,10.0
23,184,Improved FQL-GTA,198.0
23,185,Baseline FQL,11.0
23,185,Improved FQL-GTA,252.0
23,186,Baseline FQL,19.0
23,186,Improved FQL-GTA,214.0
23,187,Baseline FQL,15.0
23,187,Improved FQL-GTA,216.0
23,188,Baseline FQL,16.0
23,188,Improved FQL-GTA,135.0
23,189,Baseline FQL,18.0
23,189,Improved FQL-GTA,165.0
23,190,Baseline FQL,17.0
23,190,Improved FQL-GTA,147.0
23,191,Baseline FQL,17.0
23,191,Improved FQL-GTA,187.0
23,192,Baseline FQL,23.0
23,192,Improved FQL-GTA,13.0
23,193,Baseline FQL,9.0
23,193,Improved FQL-GTA,236.0
23,194,Baseline FQL,18.0
23,194,Improved FQL-GTA,260.0
23,195,Baseline FQL,13.0
23,195,Improved FQL-GTA,139.0
23,196,Baseline FQL,10.0
23,196,Improved FQL-GTA,227.0
23,197,Baseline FQL,11.0
23,197,Improved FQL-GTA,252.0
23,198,Baseline FQL,11.0
23,198,Improved FQL-GTA,224.0
23,199,Baseline FQL,14.0
23,199,Improved FQL-GTA,15.0
23,200,Baseline FQL,18.0
23,200,Improved FQL-GTA,266.0
23,201,Baseline FQL,14.0
23,201,Improved FQL-GTA,277.0
23,202,Baseline FQL,15.0
23,202,Improved FQL-GTA,263.0
23,203,Baseline FQL,10.0
23,203,Improved FQL-GTA,16.0
23,204,Baseline FQL,14.0
23,204,Improved FQL-GTA,231.0
23,205,Baseline FQL,21.0
23,205,Improved FQL-GTA,270.0
23,206,Baseline FQL,17.0
23,206,Improved FQL-GTA,114.0
23,207,Baseline FQL,20.0
23,207,Improved FQL-GTA,330.0
23,208,Baseline FQL,11.0
23,208,Improved FQL-GTA,246.0
23,209,Baseline FQL,19.0
23,209,Improved FQL-GTA,239.0
23,210,Baseline FQL,15.0
23,210,Improved FQL-GTA,230.0
23,211,Baseline FQL,22.0
23,211,Improved FQL-GTA,157.0
23,212,Baseline FQL,19.0
23,212,Improved FQL-GTA,14.0
23,213,Baseline FQL,22.0
23,213,Improved FQL-GTA,355.0
23,214,Baseline FQL,13.0
23,214,Improved FQL-GTA,271.0
23,215,Baseline FQL,20.0
23,215,Improved FQL-GTA,285.0
23,216,Baseline FQL,10.0
23,216,Improved FQL-GTA,201.0
23,217,Baseline FQL,12.0
23,217,Improved FQL-GTA,198.0
23,218,Baseline FQL,18.0
23,218,Improved FQL-GTA,231.0
23,219,Baseline FQL,13.0
23,219,Improved FQL-GTA,207.0
23,220,Baseline FQL,16.0
23,220,Improved FQL-GTA,17.0
23,221,Baseline FQL,13.0
23,221,Improved FQL-GTA,289.0
23,222,Baseline FQL,17.0
23,222,Improved FQL-GTA,327.0
23,223,Baseline FQL,21.0
23,223,Improved FQL-GTA,324.0
23,224,Baseline FQL,12.0
23,224,Improved FQL-GTA,265.0
23,225,Baseline FQL,16.0
23,225,Improved FQL-GTA,246.0
23,226,Baseline FQL,21.0
23,226,Improved FQL-GTA,236.0
23,227,Baseline FQL,11.0
23,227,Improved FQL-GTA,210.0
23,228,Baseline FQL,22.0
23,228,Improved FQL-GTA,134.0
23,229,Baseline FQL,20.0
23,229,Improved FQL-GTA,313.0
23,230,Baseline FQL,12.0
23,230,Improved FQL-GTA,283.0
23,231,Baseline FQL,25.0
23,231,Improved FQL-GTA,282.0
23,232,Baseline FQL,13.0
23,232,Improved FQL-GTA,266.0
23,233,Baseline FQL,13.0
23,233,Improved FQL-GTA,245.0
23,234,Baseline FQL,9.0
23,234,Improved FQL-GTA,208.0
23,235,Baseline FQL,21.0
23,235,Improved FQL-GTA,194.0
23,236,Baseline FQL,17.0
23,236,Improved FQL-GTA,192.0
23,237,Baseline FQL,19.0
23,237,Improved FQL-GTA,208.0
23,238,Baseline FQL,21.0
23,238,Improved FQL-GTA,248.0
23,239,Baseline FQL,20.0
23,239,Improved FQL-GTA,252.0
23,240,Baseline FQL,18.0
23,240,Improved FQL-GTA,230.0
23,241,Baseline FQL,32.0
23,241,Improved FQL-GTA,168.0
23,242,Baseline FQL,25.0
23,242,Improved FQL-GTA,334.0
23,243,Baseline FQL,18.0
23,243,Improved FQL-GTA,301.0
23,244,Baseline FQL,18.0
23,244,Improved FQL-GTA,270.0
23,245,Baseline FQL,22.0
23,245,Improved FQL-GTA,276.0
23,246,Baseline FQL,17.0
23,246,Improved FQL-GTA,231.0
23,247,Baseline FQL,25.0
23,247,Improved FQL-GTA,240.0
23,248,Baseline FQL,24.0
23,248,Improved FQL-GTA,221.0
23,249,Baseline FQL,21.0
23,249,Improved FQL-GTA,239.0
23,250,Baseline FQL,20.0
23,250,Improved FQL-GTA,240.0
23,251,Baseline FQL,19.0
23,251,Improved FQL-GTA,206.0
23,252,Baseline FQL,21.0
23,252,Improved FQL-GTA,217.0
23,253,Baseline FQL,26.0
23,253,Improved FQL-GTA,253.0
23,254,Baseline FQL,24.0
23,254,Improved FQL-GTA,243.0
23,255,Baseline FQL,25.0
23,255,Improved FQL-GTA,159.0
23,256,Baseline FQL,21.0
23,256,Improved FQL-GTA,311.0
23,257,Baseline FQL,30.0
23,257,Improved FQL-GTA,301.0
23,258,Baseline FQL,21.0
23,258,Improved FQL-GTA,268.0
23,259,Baseline FQL,32.0
23,259,Improved FQL-GTA,269.0
23,260,Baseline FQL,18.0
23,260,Improved FQL-GTA,256.0
23,261,Baseline FQL,28.0
23,261,Improved FQL-GTA,269.0
23,262,Baseline FQL,26.0
23,262,Improved FQL-GTA,244.0
23,263,Baseline FQL,17.0
23,263,Improved FQL-GTA,233.0
23,264,Baseline FQL,33.0
23,264,Improved FQL-GTA,17.0
23,265,Baseline FQL,34.0
23,265,Improved FQL-GTA,352.0
23,266,Baseline FQL,18.0
23,266,Improved FQL-GTA,353.0
23,267,Baseline FQL,27.0
23,267,Improved FQL-GTA,384.0
23,268,Baseline FQL,28.0
23,268,Improved FQL-GTA,418.0
23,269,Baseline FQL,26.0
23,269,Improved FQL-GTA,376.0
23,270,Baseline FQL,22.0
23,270,Improved FQL-GTA,314.0
23,271,Baseline FQL,29.0
23,271,Improved FQL-GTA,311.0
23,272,Baseline FQL,24.0
23,272,Improved FQL-GTA,307.0
23,273,Baseline FQL,16.0
23,273,Improved FQL-GTA,322.0
23,274,Baseline FQL,32.0
23,274,Improved FQL-GTA,327.0
23,275,Baseline FQL,26.0
23,275,Improved FQL-GTA,306.0
23,276,Baseline FQL,24.0
23,276,Improved FQL-GTA,249.0
23,277,Baseline FQL,21.0
23,277,Improved FQL-GTA,303.0
23,278,Baseline FQL,17.0
23,278,Improved FQL-GTA,295.0
23,279,Baseline FQL,22.0
23,279,Improved FQL-GTA,274.0
23,280,Baseline FQL,16.0
23,280,Improved FQL-GTA,227.0
23,281,Baseline FQL,19.0
23,281,Improved FQL-GTA,239.0
23,282,Baseline FQL,26.0
23,282,Improved FQL-GTA,233.0
23,283,Baseline FQL,24.0
23,283,Improved FQL-GTA,241.0
23,284,Baseline FQL,28.0
23,284,Improved FQL-GTA,265.0
23,285,Baseline FQL,20.0
23,285,Improved FQL-GTA,244.0
23,286,Baseline FQL,17.0
23,286,Improved FQL-GTA,257.0
23,287,Baseline FQL,14.0
23,287,Improved FQL-GTA,269.0
23,288,Baseline FQL,21.0
23,288,Improved FQL-GTA,236.0
23,289,Baseline FQL,34.0
23,289,Improved FQL-GTA,244.0
23,290,Baseline FQL,27.0
23,290,Improved FQL-GTA,249.0
23,291,Baseline FQL,22.0
23,291,Improved FQL-GTA,246.0
23,292,Baseline FQL,20.0
23,292,Improved FQL-GTA,230.0
23,293,Baseline FQL,28.0
23,293,Improved FQL-GTA,212.0
23,294,Baseline FQL,16.0
23,294,Improved FQL-GTA,11.0
23,295,Baseline FQL,15.0
23,295,Improved FQL-GTA,500.0
23,296,Baseline FQL,19.0
23,296,Improved FQL-GTA,500.0
23,297,Baseline FQL,23.0
23,297,Improved FQL-GTA,385.0
23,298,Baseline FQL,42.0
23,298,Improved FQL-GTA,453.0
23,299,Baseline FQL,21.0
23,299,Improved FQL-GTA,437.0
23,300,Baseline FQL,39.0
23,300,Improved FQL-GTA,500.0
23,301,Baseline FQL,15.0
23,301,Improved FQL-GTA,437.0
23,302,Baseline FQL,46.0
23,302,Improved FQL-GTA,474.0
23,303,Baseline FQL,32.0
23,303,Improved FQL-GTA,397.0
23,304,Baseline FQL,16.0
23,304,Improved FQL-GTA,332.0
23,305,Baseline FQL,56.0
23,305,Improved FQL-GTA,389.0
23,306,Baseline FQL,21.0
23,306,Improved FQL-GTA,362.0
23,307,Baseline FQL,40.0
23,307,Improved FQL-GTA,412.0
23,308,Baseline FQL,21.0
23,308,Improved FQL-GTA,500.0
23,309,Baseline FQL,48.0
23,309,Improved FQL-GTA,500.0
23,310,Baseline FQL,40.0
23,310,Improved FQL-GTA,16.0
23,311,Baseline FQL,24.0
23,311,Improved FQL-GTA,500.0
23,312,Baseline FQL,59.0
23,312,Improved FQL-GTA,472.0
23,313,Baseline FQL,28.0
23,313,Improved FQL-GTA,500.0
23,314,Baseline FQL,18.0
23,314,Improved FQL-GTA,500.0
23,315,Baseline FQL,38.0
23,315,Improved FQL-GTA,500.0
23,316,Baseline FQL,15.0
23,316,Improved FQL-GTA,500.0
23,317,Baseline FQL,16.0
23,317,Improved FQL-GTA,500.0
23,318,Baseline FQL,34.0
23,318,Improved FQL-GTA,500.0
23,319,Baseline FQL,45.0
23,319,Improved FQL-GTA,438.0
23,320,Baseline FQL,30.0
23,320,Improved FQL-GTA,295.0
23,321,Baseline FQL,211.0
23,321,Improved FQL-GTA,265.0
23,322,Baseline FQL,30.0
23,322,Improved FQL-GTA,471.0
23,323,Baseline FQL,42.0
23,323,Improved FQL-GTA,500.0
23,324,Baseline FQL,50.0
23,324,Improved FQL-GTA,500.0
23,325,Baseline FQL,49.0
23,325,Improved FQL-GTA,500.0
23,326,Baseline FQL,52.0
23,326,Improved FQL-GTA,500.0
23,327,Baseline FQL,36.0
23,327,Improved FQL-GTA,500.0
23,328,Baseline FQL,54.0
23,328,Improved FQL-GTA,500.0
23,329,Baseline FQL,179.0
23,329,Improved FQL-GTA,477.0
23,330,Baseline FQL,72.0
23,330,Improved FQL-GTA,500.0
23,331,Baseline FQL,28.0
23,331,Improved FQL-GTA,500.0
23,332,Baseline FQL,57.0
23,332,Improved FQL-GTA,500.0
23,333,Baseline FQL,52.0
23,333,Improved FQL-GTA,500.0
23,334,Baseline FQL,50.0
23,334,Improved FQL-GTA,500.0
23,335,Baseline FQL,101.0
23,335,Improved FQL-GTA,500.0
23,336,Baseline FQL,187.0
23,336,Improved FQL-GTA,500.0
23,337,Baseline FQL,41.0
23,337,Improved FQL-GTA,481.0
23,338,Baseline FQL,37.0
23,338,Improved FQL-GTA,500.0
23,339,Baseline FQL,66.0
23,339,Improved FQL-GTA,500.0
23,340,Baseline FQL,36.0
23,340,Improved FQL-GTA,500.0
23,341,Baseline FQL,77.0
23,341,Improved FQL-GTA,500.0
23,342,Baseline FQL,31.0
23,342,Improved FQL-GTA,424.0
23,343,Baseline FQL,293.0
23,343,Improved FQL-GTA,500.0
23,344,Baseline FQL,193.0
23,344,Improved FQL-GTA,500.0
23,345,Baseline FQL,126.0
23,345,Improved FQL-GTA,416.0
23,346,Baseline FQL,73.0
23,346,Improved FQL-GTA,350.0
23,347,Baseline FQL,135.0
23,347,Improved FQL-GTA,14.0
23,348,Baseline FQL,48.0
23,348,Improved FQL-GTA,218.0
23,349,Baseline FQL,204.0
23,349,Improved FQL-GTA,333.0
23,350,Baseline FQL,310.0
23,350,Improved FQL-GTA,402.0
23,351,Baseline FQL,106.0
23,351,Improved FQL-GTA,450.0
23,352,Baseline FQL,73.0
23,352,Improved FQL-GTA,500.0
23,353,Baseline FQL,100.0
23,353,Improved FQL-GTA,500.0
23,354,Baseline FQL,40.0
23,354,Improved FQL-GTA,500.0
23,355,Baseline FQL,152.0
23,355,Improved FQL-GTA,500.0
23,356,Baseline FQL,117.0
23,356,Improved FQL-GTA,470.0
23,357,Baseline FQL,198.0
23,357,Improved FQL-GTA,500.0
23,358,Baseline FQL,238.0
23,358,Improved FQL-GTA,500.0
23,359,Baseline FQL,30.0
23,359,Improved FQL-GTA,500.0
23,360,Baseline FQL,189.0
23,360,Improved FQL-GTA,500.0
23,361,Baseline FQL,143.0
23,361,Improved FQL-GTA,500.0
23,362,Baseline FQL,110.0
23,362,Improved FQL-GTA,500.0
23,363,Baseline FQL,214.0
23,363,Improved FQL-GTA,465.0
23,364,Baseline FQL,231.0
23,364,Improved FQL-GTA,432.0
23,365,Baseline FQL,236.0
23,365,Improved FQL-GTA,378.0
23,366,Baseline FQL,177.0
23,366,Improved FQL-GTA,500.0
23,367,Baseline FQL,199.0
23,367,Improved FQL-GTA,500.0
23,368,Baseline FQL,174.0
23,368,Improved FQL-GTA,500.0
23,369,Baseline FQL,154.0
23,369,Improved FQL-GTA,500.0
23,370,Baseline FQL,223.0
23,370,Improved FQL-GTA,445.0
23,371,Baseline FQL,233.0
23,371,Improved FQL-GTA,275.0
23,372,Baseline FQL,99.0
23,372,Improved FQL-GTA,500.0
23,373,Baseline FQL,213.0
23,373,Improved FQL-GTA,344.0
23,374,Baseline FQL,173.0
23,374,Improved FQL-GTA,381.0
23,375,Baseline FQL,168.0
23,375,Improved FQL-GTA,406.0
23,376,Baseline FQL,81.0
23,376,Improved FQL-GTA,327.0
23,377,Baseline FQL,129.0
23,377,Improved FQL-GTA,500.0
23,378,Baseline FQL,128.0
23,378,Improved FQL-GTA,500.0
23,379,Baseline FQL,92.0
23,379,Improved FQL-GTA,500.0
23,380,Baseline FQL,427.0
23,380,Improved FQL-GTA,420.0
23,381,Baseline FQL,236.0
23,381,Improved FQL-GTA,500.0
23,382,Baseline FQL,307.0
23,382,Improved FQL-GTA,500.0
23,383,Baseline FQL,248.0
23,383,Improved FQL-GTA,500.0
23,384,Baseline FQL,213.0
23,384,Improved FQL-GTA,500.0
23,385,Baseline FQL,215.0
23,385,Improved FQL-GTA,500.0
23,386,Baseline FQL,190.0
23,386,Improved FQL-GTA,357.0
23,387,Baseline FQL,162.0
23,387,Improved FQL-GTA,249.0
23,388,Baseline FQL,275.0
23,388,Improved FQL-GTA,470.0
23,389,Baseline FQL,132.0
23,389,Improved FQL-GTA,500.0
23,390,Baseline FQL,251.0
23,390,Improved FQL-GTA,500.0
23,391,Baseline FQL,158.0
23,391,Improved FQL-GTA,500.0
23,392,Baseline FQL,241.0
23,392,Improved FQL-GTA,273.0
23,393,Baseline FQL,366.0
23,393,Improved FQL-GTA,265.0
23,394,Baseline FQL,260.0
23,394,Improved FQL-GTA,17.0
23,395,Baseline FQL,258.0
23,395,Improved FQL-GTA,254.0
23,396,Baseline FQL,253.0
23,396,Improved FQL-GTA,479.0
23,397,Baseline FQL,245.0
23,397,Improved FQL-GTA,500.0
23,398,Baseline FQL,221.0
23,398,Improved FQL-GTA,428.0
23,399,Baseline FQL,248.0
23,399,Improved FQL-GTA,500.0
23,400,Baseline FQL,231.0
23,400,Improved FQL-GTA,500.0
23,401,Baseline FQL,208.0
23,401,Improved FQL-GTA,427.0
23,402,Baseline FQL,232.0
23,402,Improved FQL-GTA,380.0
23,403,Baseline FQL,265.0
23,403,Improved FQL-GTA,500.0
23,404,Baseline FQL,436.0
23,404,Improved FQL-GTA,432.0
23,405,Baseline FQL,181.0
23,405,Improved FQL-GTA,297.0
23,406,Baseline FQL,220.0
23,406,Improved FQL-GTA,384.0
23,407,Baseline FQL,245.0
23,407,Improved FQL-GTA,298.0
23,408,Baseline FQL,210.0
23,408,Improved FQL-GTA,255.0
23,409,Baseline FQL,217.0
23,409,Improved FQL-GTA,285.0
23,410,Baseline FQL,236.0
23,410,Improved FQL-GTA,280.0
23,411,Baseline FQL,281.0
23,411,Improved FQL-GTA,260.0
23,412,Baseline FQL,266.0
23,412,Improved FQL-GTA,248.0
23,413,Baseline FQL,301.0
23,413,Improved FQL-GTA,20.0
23,414,Baseline FQL,277.0
23,414,Improved FQL-GTA,500.0
23,415,Baseline FQL,258.0
23,415,Improved FQL-GTA,500.0
23,416,Baseline FQL,212.0
23,416,Improved FQL-GTA,500.0
23,417,Baseline FQL,255.0
23,417,Improved FQL-GTA,500.0
23,418,Baseline FQL,292.0
23,418,Improved FQL-GTA,500.0
23,419,Baseline FQL,344.0
23,419,Improved FQL-GTA,500.0
23,420,Baseline FQL,383.0
23,420,Improved FQL-GTA,500.0
23,421,Baseline FQL,227.0
23,421,Improved FQL-GTA,500.0
23,422,Baseline FQL,268.0
23,422,Improved FQL-GTA,500.0
23,423,Baseline FQL,275.0
23,423,Improved FQL-GTA,500.0
23,424,Baseline FQL,282.0
23,424,Improved FQL-GTA,500.0
23,425,Baseline FQL,245.0
23,425,Improved FQL-GTA,500.0
23,426,Baseline FQL,458.0
23,426,Improved FQL-GTA,455.0
23,427,Baseline FQL,276.0
23,427,Improved FQL-GTA,500.0
23,428,Baseline FQL,258.0
23,428,Improved FQL-GTA,500.0
23,429,Baseline FQL,226.0
23,429,Improved FQL-GTA,500.0
23,430,Baseline FQL,264.0
23,430,Improved FQL-GTA,500.0
23,431,Baseline FQL,229.0
23,431,Improved FQL-GTA,500.0
23,432,Baseline FQL,347.0
23,432,Improved FQL-GTA,500.0
23,433,Baseline FQL,233.0
23,433,Improved FQL-GTA,500.0
23,434,Baseline FQL,244.0
23,434,Improved FQL-GTA,478.0
23,435,Baseline FQL,252.0
23,435,Improved FQL-GTA,493.0
23,436,Baseline FQL,487.0
23,436,Improved FQL-GTA,376.0
23,437,Baseline FQL,47.0
23,437,Improved FQL-GTA,385.0
23,438,Baseline FQL,283.0
23,438,Improved FQL-GTA,500.0
23,439,Baseline FQL,272.0
23,439,Improved FQL-GTA,500.0
23,440,Baseline FQL,288.0
23,440,Improved FQL-GTA,500.0
23,441,Baseline FQL,500.0
23,441,Improved FQL-GTA,500.0
23,442,Baseline FQL,203.0
23,442,Improved FQL-GTA,500.0
23,443,Baseline FQL,233.0
23,443,Improved FQL-GTA,500.0
23,444,Baseline FQL,219.0
23,444,Improved FQL-GTA,500.0
23,445,Baseline FQL,226.0
23,445,Improved FQL-GTA,500.0
23,446,Baseline FQL,250.0
23,446,Improved FQL-GTA,500.0
23,447,Baseline FQL,240.0
23,447,Improved FQL-GTA,500.0
23,448,Baseline FQL,297.0
23,448,Improved FQL-GTA,389.0
23,449,Baseline FQL,275.0
23,449,Improved FQL-GTA,331.0
23,450,Baseline FQL,248.0
23,450,Improved FQL-GTA,500.0
23,451,Baseline FQL,270.0
23,451,Improved FQL-GTA,500.0
23,452,Baseline FQL,232.0
23,452,Improved FQL-GTA,500.0
23,453,Baseline FQL,247.0
23,453,Improved FQL-GTA,500.0
23,454,Baseline FQL,265.0
23,454,Improved FQL-GTA,500.0
23,455,Baseline FQL,228.0
23,455,Improved FQL-GTA,500.0
23,456,Baseline FQL,316.0
23,456,Improved FQL-GTA,375.0
23,457,Baseline FQL,238.0
23,457,Improved FQL-GTA,14.0
23,458,Baseline FQL,234.0
23,458,Improved FQL-GTA,500.0
23,459,Baseline FQL,233.0
23,459,Improved FQL-GTA,500.0
23,460,Baseline FQL,249.0
23,460,Improved FQL-GTA,500.0
23,461,Baseline FQL,317.0
23,461,Improved FQL-GTA,458.0
23,462,Baseline FQL,304.0
23,462,Improved FQL-GTA,500.0
23,463,Baseline FQL,354.0
23,463,Improved FQL-GTA,438.0
23,464,Baseline FQL,267.0
23,464,Improved FQL-GTA,467.0
23,465,Baseline FQL,239.0
23,465,Improved FQL-GTA,500.0
23,466,Baseline FQL,362.0
23,466,Improved FQL-GTA,473.0
23,467,Baseline FQL,232.0
23,467,Improved FQL-GTA,500.0
23,468,Baseline FQL,300.0
23,468,Improved FQL-GTA,414.0
23,469,Baseline FQL,225.0
23,469,Improved FQL-GTA,400.0
23,470,Baseline FQL,316.0
23,470,Improved FQL-GTA,403.0
23,471,Baseline FQL,214.0
23,471,Improved FQL-GTA,439.0
23,472,Baseline FQL,206.0
23,472,Improved FQL-GTA,484.0
23,473,Baseline FQL,218.0
23,473,Improved FQL-GTA,422.0
23,474,Baseline FQL,233.0
23,474,Improved FQL-GTA,346.0
23,475,Baseline FQL,218.0
23,475,Improved FQL-GTA,413.0
23,476,Baseline FQL,231.0
23,476,Improved FQL-GTA,500.0
23,477,Baseline FQL,266.0
23,477,Improved FQL-GTA,345.0
23,478,Baseline FQL,232.0
23,478,Improved FQL-GTA,421.0
23,479,Baseline FQL,426.0
23,479,Improved FQL-GTA,498.0
23,480,Baseline FQL,242.0
23,480,Improved FQL-GTA,488.0
23,481,Baseline FQL,269.0
23,481,Improved FQL-GTA,500.0
23,482,Baseline FQL,277.0
23,482,Improved FQL-GTA,500.0
23,483,Baseline FQL,284.0
23,483,Improved FQL-GTA,500.0
23,484,Baseline FQL,268.0
23,484,Improved FQL-GTA,500.0
23,485,Baseline FQL,284.0
23,485,Improved FQL-GTA,500.0
23,486,Baseline FQL,261.0
23,486,Improved FQL-GTA,500.0
23,487,Baseline FQL,230.0
23,487,Improved FQL-GTA,500.0
23,488,Baseline FQL,327.0
23,488,Improved FQL-GTA,500.0
23,489,Baseline FQL,262.0
23,489,Improved FQL-GTA,500.0
23,490,Baseline FQL,302.0
23,490,Improved FQL-GTA,500.0
23,491,Baseline FQL,325.0
23,491,Improved FQL-GTA,500.0
23,492,Baseline FQL,245.0
23,492,Improved FQL-GTA,500.0
23,493,Baseline FQL,234.0
23,493,Improved FQL-GTA,500.0
23,494,Baseline FQL,261.0
23,494,Improved FQL-GTA,500.0
23,495,Baseline FQL,304.0
23,495,Improved FQL-GTA,500.0
23,496,Baseline FQL,185.0
23,496,Improved FQL-GTA,500.0
23,497,Baseline FQL,211.0
23,497,Improved FQL-GTA,500.0
23,498,Baseline FQL,197.0
23,498,Improved FQL-GTA,500.0
23,499,Baseline FQL,226.0
23,499,Improved FQL-GTA,500.0
23,500,Baseline FQL,275.0
23,500,Improved FQL-GTA,500.0
24,1,Baseline FQL,9.0
24,1,Improved FQL-GTA,12.0
24,2,Baseline FQL,13.0
24,2,Improved FQL-GTA,13.0
24,3,Baseline FQL,10.0
24,3,Improved FQL-GTA,47.0
24,4,Baseline FQL,10.0
24,4,Improved FQL-GTA,37.0
24,5,Baseline FQL,9.0
24,5,Improved FQL-GTA,13.0
24,6,Baseline FQL,9.0
24,6,Improved FQL-GTA,34.0
24,7,Baseline FQL,10.0
24,7,Improved FQL-GTA,16.0
24,8,Baseline FQL,11.0
24,8,Improved FQL-GTA,19.0
24,9,Baseline FQL,10.0
24,9,Improved FQL-GTA,11.0
24,10,Baseline FQL,8.0
24,10,Improved FQL-GTA,12.0
24,11,Baseline FQL,10.0
24,11,Improved FQL-GTA,14.0
24,12,Baseline FQL,10.0
24,12,Improved FQL-GTA,38.0
24,13,Baseline FQL,8.0
24,13,Improved FQL-GTA,37.0
24,14,Baseline FQL,13.0
24,14,Improved FQL-GTA,10.0
24,15,Baseline FQL,9.0
24,15,Improved FQL-GTA,16.0
24,16,Baseline FQL,10.0
24,16,Improved FQL-GTA,29.0
24,17,Baseline FQL,8.0
24,17,Improved FQL-GTA,37.0
24,18,Baseline FQL,11.0
24,18,Improved FQL-GTA,36.0
24,19,Baseline FQL,8.0
24,19,Improved FQL-GTA,19.0
24,20,Baseline FQL,13.0
24,20,Improved FQL-GTA,9.0
24,21,Baseline FQL,9.0
24,21,Improved FQL-GTA,64.0
24,22,Baseline FQL,9.0
24,22,Improved FQL-GTA,34.0
24,23,Baseline FQL,10.0
24,23,Improved FQL-GTA,107.0
24,24,Baseline FQL,10.0
24,24,Improved FQL-GTA,25.0
24,25,Baseline FQL,10.0
24,25,Improved FQL-GTA,16.0
24,26,Baseline FQL,10.0
24,26,Improved FQL-GTA,29.0
24,27,Baseline FQL,9.0
24,27,Improved FQL-GTA,25.0
24,28,Baseline FQL,12.0
24,28,Improved FQL-GTA,24.0
24,29,Baseline FQL,10.0
24,29,Improved FQL-GTA,29.0
24,30,Baseline FQL,10.0
24,30,Improved FQL-GTA,22.0
24,31,Baseline FQL,10.0
24,31,Improved FQL-GTA,26.0
24,32,Baseline FQL,12.0
24,32,Improved FQL-GTA,18.0
24,33,Baseline FQL,9.0
24,33,Improved FQL-GTA,21.0
24,34,Baseline FQL,9.0
24,34,Improved FQL-GTA,25.0
24,35,Baseline FQL,11.0
24,35,Improved FQL-GTA,14.0
24,36,Baseline FQL,12.0
24,36,Improved FQL-GTA,55.0
24,37,Baseline FQL,10.0
24,37,Improved FQL-GTA,47.0
24,38,Baseline FQL,11.0
24,38,Improved FQL-GTA,34.0
24,39,Baseline FQL,9.0
24,39,Improved FQL-GTA,103.0
24,40,Baseline FQL,10.0
24,40,Improved FQL-GTA,14.0
24,41,Baseline FQL,10.0
24,41,Improved FQL-GTA,86.0
24,42,Baseline FQL,10.0
24,42,Improved FQL-GTA,97.0
24,43,Baseline FQL,10.0
24,43,Improved FQL-GTA,91.0
24,44,Baseline FQL,9.0
24,44,Improved FQL-GTA,95.0
24,45,Baseline FQL,9.0
24,45,Improved FQL-GTA,25.0
24,46,Baseline FQL,8.0
24,46,Improved FQL-GTA,98.0
24,47,Baseline FQL,10.0
24,47,Improved FQL-GTA,31.0
24,48,Baseline FQL,9.0
24,48,Improved FQL-GTA,100.0
24,49,Baseline FQL,10.0
24,49,Improved FQL-GTA,99.0
24,50,Baseline FQL,11.0
24,50,Improved FQL-GTA,107.0
24,51,Baseline FQL,10.0
24,51,Improved FQL-GTA,117.0
24,52,Baseline FQL,9.0
24,52,Improved FQL-GTA,50.0
24,53,Baseline FQL,9.0
24,53,Improved FQL-GTA,108.0
24,54,Baseline FQL,12.0
24,54,Improved FQL-GTA,95.0
24,55,Baseline FQL,9.0
24,55,Improved FQL-GTA,108.0
24,56,Baseline FQL,9.0
24,56,Improved FQL-GTA,12.0
24,57,Baseline FQL,10.0
24,57,Improved FQL-GTA,85.0
24,58,Baseline FQL,9.0
24,58,Improved FQL-GTA,50.0
24,59,Baseline FQL,10.0
24,59,Improved FQL-GTA,80.0
24,60,Baseline FQL,9.0
24,60,Improved FQL-GTA,109.0
24,61,Baseline FQL,9.0
24,61,Improved FQL-GTA,12.0
24,62,Baseline FQL,9.0
24,62,Improved FQL-GTA,108.0
24,63,Baseline FQL,9.0
24,63,Improved FQL-GTA,24.0
24,64,Baseline FQL,12.0
24,64,Improved FQL-GTA,22.0
24,65,Baseline FQL,11.0
24,65,Improved FQL-GTA,112.0
24,66,Baseline FQL,9.0
24,66,Improved FQL-GTA,122.0
24,67,Baseline FQL,10.0
24,67,Improved FQL-GTA,118.0
24,68,Baseline FQL,9.0
24,68,Improved FQL-GTA,17.0
24,69,Baseline FQL,12.0
24,69,Improved FQL-GTA,82.0
24,70,Baseline FQL,10.0
24,70,Improved FQL-GTA,111.0
24,71,Baseline FQL,12.0
24,71,Improved FQL-GTA,77.0
24,72,Baseline FQL,10.0
24,72,Improved FQL-GTA,108.0
24,73,Baseline FQL,9.0
24,73,Improved FQL-GTA,115.0
24,74,Baseline FQL,11.0
24,74,Improved FQL-GTA,119.0
24,75,Baseline FQL,10.0
24,75,Improved FQL-GTA,10.0
24,76,Baseline FQL,9.0
24,76,Improved FQL-GTA,116.0
24,77,Baseline FQL,10.0
24,77,Improved FQL-GTA,111.0
24,78,Baseline FQL,12.0
24,78,Improved FQL-GTA,83.0
24,79,Baseline FQL,12.0
24,79,Improved FQL-GTA,100.0
24,80,Baseline FQL,10.0
24,80,Improved FQL-GTA,90.0
24,81,Baseline FQL,16.0
24,81,Improved FQL-GTA,102.0
24,82,Baseline FQL,18.0
24,82,Improved FQL-GTA,112.0
24,83,Baseline FQL,17.0
24,83,Improved FQL-GTA,106.0
24,84,Baseline FQL,18.0
24,84,Improved FQL-GTA,115.0
24,85,Baseline FQL,20.0
24,85,Improved FQL-GTA,112.0
24,86,Baseline FQL,19.0
24,86,Improved FQL-GTA,92.0
24,87,Baseline FQL,15.0
24,87,Improved FQL-GTA,117.0
24,88,Baseline FQL,15.0
24,88,Improved FQL-GTA,22.0
24,89,Baseline FQL,12.0
24,89,Improved FQL-GTA,119.0
24,90,Baseline FQL,20.0
24,90,Improved FQL-GTA,115.0
24,91,Baseline FQL,16.0
24,91,Improved FQL-GTA,122.0
24,92,Baseline FQL,15.0
24,92,Improved FQL-GTA,115.0
24,93,Baseline FQL,10.0
24,93,Improved FQL-GTA,122.0
24,94,Baseline FQL,15.0
24,94,Improved FQL-GTA,83.0
24,95,Baseline FQL,19.0
24,95,Improved FQL-GTA,103.0
24,96,Baseline FQL,13.0
24,96,Improved FQL-GTA,95.0
24,97,Baseline FQL,15.0
24,97,Improved FQL-GTA,93.0
24,98,Baseline FQL,13.0
24,98,Improved FQL-GTA,137.0
24,99,Baseline FQL,18.0
24,99,Improved FQL-GTA,122.0
24,100,Baseline FQL,21.0
24,100,Improved FQL-GTA,112.0
24,101,Baseline FQL,11.0
24,101,Improved FQL-GTA,124.0
24,102,Baseline FQL,19.0
24,102,Improved FQL-GTA,108.0
24,103,Baseline FQL,21.0
24,103,Improved FQL-GTA,117.0
24,104,Baseline FQL,17.0
24,104,Improved FQL-GTA,115.0
24,105,Baseline FQL,17.0
24,105,Improved FQL-GTA,119.0
24,106,Baseline FQL,11.0
24,106,Improved FQL-GTA,120.0
24,107,Baseline FQL,17.0
24,107,Improved FQL-GTA,114.0
24,108,Baseline FQL,20.0
24,108,Improved FQL-GTA,117.0
24,109,Baseline FQL,13.0
24,109,Improved FQL-GTA,123.0
24,110,Baseline FQL,17.0
24,110,Improved FQL-GTA,93.0
24,111,Baseline FQL,15.0
24,111,Improved FQL-GTA,119.0
24,112,Baseline FQL,13.0
24,112,Improved FQL-GTA,123.0
24,113,Baseline FQL,20.0
24,113,Improved FQL-GTA,115.0
24,114,Baseline FQL,17.0
24,114,Improved FQL-GTA,117.0
24,115,Baseline FQL,15.0
24,115,Improved FQL-GTA,125.0
24,116,Baseline FQL,24.0
24,116,Improved FQL-GTA,114.0
24,117,Baseline FQL,15.0
24,117,Improved FQL-GTA,123.0
24,118,Baseline FQL,24.0
24,118,Improved FQL-GTA,116.0
24,119,Baseline FQL,13.0
24,119,Improved FQL-GTA,124.0
24,120,Baseline FQL,17.0
24,120,Improved FQL-GTA,124.0
24,121,Baseline FQL,21.0
24,121,Improved FQL-GTA,119.0
24,122,Baseline FQL,13.0
24,122,Improved FQL-GTA,118.0
24,123,Baseline FQL,17.0
24,123,Improved FQL-GTA,119.0
24,124,Baseline FQL,15.0
24,124,Improved FQL-GTA,129.0
24,125,Baseline FQL,16.0
24,125,Improved FQL-GTA,121.0
24,126,Baseline FQL,23.0
24,126,Improved FQL-GTA,117.0
24,127,Baseline FQL,11.0
24,127,Improved FQL-GTA,123.0
24,128,Baseline FQL,10.0
24,128,Improved FQL-GTA,126.0
24,129,Baseline FQL,26.0
24,129,Improved FQL-GTA,122.0
24,130,Baseline FQL,21.0
24,130,Improved FQL-GTA,134.0
24,131,Baseline FQL,25.0
24,131,Improved FQL-GTA,124.0
24,132,Baseline FQL,17.0
24,132,Improved FQL-GTA,130.0
24,133,Baseline FQL,23.0
24,133,Improved FQL-GTA,122.0
24,134,Baseline FQL,17.0
24,134,Improved FQL-GTA,135.0
24,135,Baseline FQL,17.0
24,135,Improved FQL-GTA,12.0
24,136,Baseline FQL,23.0
24,136,Improved FQL-GTA,100.0
24,137,Baseline FQL,18.0
24,137,Improved FQL-GTA,137.0
24,138,Baseline FQL,21.0
24,138,Improved FQL-GTA,135.0
24,139,Baseline FQL,13.0
24,139,Improved FQL-GTA,135.0
24,140,Baseline FQL,15.0
24,140,Improved FQL-GTA,134.0
24,141,Baseline FQL,19.0
24,141,Improved FQL-GTA,168.0
24,142,Baseline FQL,13.0
24,142,Improved FQL-GTA,143.0
24,143,Baseline FQL,13.0
24,143,Improved FQL-GTA,143.0
24,144,Baseline FQL,17.0
24,144,Improved FQL-GTA,149.0
24,145,Baseline FQL,13.0
24,145,Improved FQL-GTA,189.0
24,146,Baseline FQL,15.0
24,146,Improved FQL-GTA,120.0
24,147,Baseline FQL,11.0
24,147,Improved FQL-GTA,204.0
24,148,Baseline FQL,17.0
24,148,Improved FQL-GTA,177.0
24,149,Baseline FQL,18.0
24,149,Improved FQL-GTA,194.0
24,150,Baseline FQL,21.0
24,150,Improved FQL-GTA,155.0
24,151,Baseline FQL,12.0
24,151,Improved FQL-GTA,182.0
24,152,Baseline FQL,25.0
24,152,Improved FQL-GTA,145.0
24,153,Baseline FQL,15.0
24,153,Improved FQL-GTA,193.0
24,154,Baseline FQL,19.0
24,154,Improved FQL-GTA,165.0
24,155,Baseline FQL,24.0
24,155,Improved FQL-GTA,162.0
24,156,Baseline FQL,11.0
24,156,Improved FQL-GTA,199.0
24,157,Baseline FQL,17.0
24,157,Improved FQL-GTA,184.0
24,158,Baseline FQL,18.0
24,158,Improved FQL-GTA,173.0
24,159,Baseline FQL,17.0
24,159,Improved FQL-GTA,167.0
24,160,Baseline FQL,15.0
24,160,Improved FQL-GTA,195.0
24,161,Baseline FQL,11.0
24,161,Improved FQL-GTA,191.0
24,162,Baseline FQL,17.0
24,162,Improved FQL-GTA,177.0
24,163,Baseline FQL,11.0
24,163,Improved FQL-GTA,189.0
24,164,Baseline FQL,15.0
24,164,Improved FQL-GTA,162.0
24,165,Baseline FQL,11.0
24,165,Improved FQL-GTA,182.0
24,166,Baseline FQL,15.0
24,166,Improved FQL-GTA,179.0
24,167,Baseline FQL,10.0
24,167,Improved FQL-GTA,184.0
24,168,Baseline FQL,20.0
24,168,Improved FQL-GTA,189.0
24,169,Baseline FQL,22.0
24,169,Improved FQL-GTA,128.0
24,170,Baseline FQL,21.0
24,170,Improved FQL-GTA,207.0
24,171,Baseline FQL,23.0
24,171,Improved FQL-GTA,200.0
24,172,Baseline FQL,11.0
24,172,Improved FQL-GTA,177.0
24,173,Baseline FQL,15.0
24,173,Improved FQL-GTA,198.0
24,174,Baseline FQL,15.0
24,174,Improved FQL-GTA,210.0
24,175,Baseline FQL,27.0
24,175,Improved FQL-GTA,199.0
24,176,Baseline FQL,31.0
24,176,Improved FQL-GTA,179.0
24,177,Baseline FQL,23.0
24,177,Improved FQL-GTA,182.0
24,178,Baseline FQL,26.0
24,178,Improved FQL-GTA,189.0
24,179,Baseline FQL,18.0
24,179,Improved FQL-GTA,209.0
24,180,Baseline FQL,24.0
24,180,Improved FQL-GTA,176.0
24,181,Baseline FQL,19.0
24,181,Improved FQL-GTA,203.0
24,182,Baseline FQL,25.0
24,182,Improved FQL-GTA,179.0
24,183,Baseline FQL,16.0
24,183,Improved FQL-GTA,199.0
24,184,Baseline FQL,17.0
24,184,Improved FQL-GTA,219.0
24,185,Baseline FQL,27.0
24,185,Improved FQL-GTA,199.0
24,186,Baseline FQL,25.0
24,186,Improved FQL-GTA,192.0
24,187,Baseline FQL,24.0
24,187,Improved FQL-GTA,195.0
24,188,Baseline FQL,25.0
24,188,Improved FQL-GTA,173.0
24,189,Baseline FQL,21.0
24,189,Improved FQL-GTA,183.0
24,190,Baseline FQL,21.0
24,190,Improved FQL-GTA,255.0
24,191,Baseline FQL,24.0
24,191,Improved FQL-GTA,248.0
24,192,Baseline FQL,15.0
24,192,Improved FQL-GTA,217.0
24,193,Baseline FQL,25.0
24,193,Improved FQL-GTA,195.0
24,194,Baseline FQL,18.0
24,194,Improved FQL-GTA,215.0
24,195,Baseline FQL,17.0
24,195,Improved FQL-GTA,215.0
24,196,Baseline FQL,20.0
24,196,Improved FQL-GTA,189.0
24,197,Baseline FQL,16.0
24,197,Improved FQL-GTA,205.0
24,198,Baseline FQL,18.0
24,198,Improved FQL-GTA,200.0
24,199,Baseline FQL,24.0
24,199,Improved FQL-GTA,206.0
24,200,Baseline FQL,23.0
24,200,Improved FQL-GTA,180.0
24,201,Baseline FQL,22.0
24,201,Improved FQL-GTA,183.0
24,202,Baseline FQL,15.0
24,202,Improved FQL-GTA,208.0
24,203,Baseline FQL,18.0
24,203,Improved FQL-GTA,255.0
24,204,Baseline FQL,28.0
24,204,Improved FQL-GTA,192.0
24,205,Baseline FQL,24.0
24,205,Improved FQL-GTA,204.0
24,206,Baseline FQL,32.0
24,206,Improved FQL-GTA,185.0
24,207,Baseline FQL,14.0
24,207,Improved FQL-GTA,248.0
24,208,Baseline FQL,44.0
24,208,Improved FQL-GTA,199.0
24,209,Baseline FQL,22.0
24,209,Improved FQL-GTA,197.0
24,210,Baseline FQL,33.0
24,210,Improved FQL-GTA,211.0
24,211,Baseline FQL,29.0
24,211,Improved FQL-GTA,188.0
24,212,Baseline FQL,33.0
24,212,Improved FQL-GTA,188.0
24,213,Baseline FQL,16.0
24,213,Improved FQL-GTA,217.0
24,214,Baseline FQL,27.0
24,214,Improved FQL-GTA,205.0
24,215,Baseline FQL,20.0
24,215,Improved FQL-GTA,253.0
24,216,Baseline FQL,22.0
24,216,Improved FQL-GTA,204.0
24,217,Baseline FQL,28.0
24,217,Improved FQL-GTA,203.0
24,218,Baseline FQL,16.0
24,218,Improved FQL-GTA,213.0
24,219,Baseline FQL,29.0
24,219,Improved FQL-GTA,227.0
24,220,Baseline FQL,15.0
24,220,Improved FQL-GTA,218.0
24,221,Baseline FQL,27.0
24,221,Improved FQL-GTA,236.0
24,222,Baseline FQL,39.0
24,222,Improved FQL-GTA,207.0
24,223,Baseline FQL,35.0
24,223,Improved FQL-GTA,236.0
24,224,Baseline FQL,19.0
24,224,Improved FQL-GTA,231.0
24,225,Baseline FQL,38.0
24,225,Improved FQL-GTA,219.0
24,226,Baseline FQL,21.0
24,226,Improved FQL-GTA,211.0
24,227,Baseline FQL,32.0
24,227,Improved FQL-GTA,206.0
24,228,Baseline FQL,35.0
24,228,Improved FQL-GTA,219.0
24,229,Baseline FQL,20.0
24,229,Improved FQL-GTA,203.0
24,230,Baseline FQL,29.0
24,230,Improved FQL-GTA,194.0
24,231,Baseline FQL,42.0
24,231,Improved FQL-GTA,206.0
24,232,Baseline FQL,20.0
24,232,Improved FQL-GTA,206.0
24,233,Baseline FQL,18.0
24,233,Improved FQL-GTA,213.0
24,234,Baseline FQL,37.0
24,234,Improved FQL-GTA,227.0
24,235,Baseline FQL,24.0
24,235,Improved FQL-GTA,211.0
24,236,Baseline FQL,36.0
24,236,Improved FQL-GTA,195.0
24,237,Baseline FQL,42.0
24,237,Improved FQL-GTA,196.0
24,238,Baseline FQL,34.0
24,238,Improved FQL-GTA,223.0
24,239,Baseline FQL,17.0
24,239,Improved FQL-GTA,219.0
24,240,Baseline FQL,142.0
24,240,Improved FQL-GTA,202.0
24,241,Baseline FQL,49.0
24,241,Improved FQL-GTA,199.0
24,242,Baseline FQL,18.0
24,242,Improved FQL-GTA,221.0
24,243,Baseline FQL,31.0
24,243,Improved FQL-GTA,236.0
24,244,Baseline FQL,42.0
24,244,Improved FQL-GTA,233.0
24,245,Baseline FQL,20.0
24,245,Improved FQL-GTA,228.0
24,246,Baseline FQL,92.0
24,246,Improved FQL-GTA,224.0
24,247,Baseline FQL,51.0
24,247,Improved FQL-GTA,239.0
24,248,Baseline FQL,41.0
24,248,Improved FQL-GTA,227.0
24,249,Baseline FQL,34.0
24,249,Improved FQL-GTA,235.0
24,250,Baseline FQL,34.0
24,250,Improved FQL-GTA,236.0
24,251,Baseline FQL,58.0
24,251,Improved FQL-GTA,217.0
24,252,Baseline FQL,105.0
24,252,Improved FQL-GTA,202.0
24,253,Baseline FQL,255.0
24,253,Improved FQL-GTA,175.0
24,254,Baseline FQL,43.0
24,254,Improved FQL-GTA,204.0
24,255,Baseline FQL,62.0
24,255,Improved FQL-GTA,203.0
24,256,Baseline FQL,27.0
24,256,Improved FQL-GTA,224.0
24,257,Baseline FQL,99.0
24,257,Improved FQL-GTA,232.0
24,258,Baseline FQL,52.0
24,258,Improved FQL-GTA,211.0
24,259,Baseline FQL,43.0
24,259,Improved FQL-GTA,222.0
24,260,Baseline FQL,329.0
24,260,Improved FQL-GTA,199.0
24,261,Baseline FQL,39.0
24,261,Improved FQL-GTA,218.0
24,262,Baseline FQL,37.0
24,262,Improved FQL-GTA,231.0
24,263,Baseline FQL,64.0
24,263,Improved FQL-GTA,207.0
24,264,Baseline FQL,25.0
24,264,Improved FQL-GTA,186.0
24,265,Baseline FQL,38.0
24,265,Improved FQL-GTA,213.0
24,266,Baseline FQL,47.0
24,266,Improved FQL-GTA,191.0
24,267,Baseline FQL,43.0
24,267,Improved FQL-GTA,208.0
24,268,Baseline FQL,112.0
24,268,Improved FQL-GTA,227.0
24,269,Baseline FQL,40.0
24,269,Improved FQL-GTA,239.0
24,270,Baseline FQL,99.0
24,270,Improved FQL-GTA,207.0
24,271,Baseline FQL,161.0
24,271,Improved FQL-GTA,208.0
24,272,Baseline FQL,191.0
24,272,Improved FQL-GTA,226.0
24,273,Baseline FQL,39.0
24,273,Improved FQL-GTA,201.0
24,274,Baseline FQL,37.0
24,274,Improved FQL-GTA,208.0
24,275,Baseline FQL,199.0
24,275,Improved FQL-GTA,249.0
24,276,Baseline FQL,234.0
24,276,Improved FQL-GTA,220.0
24,277,Baseline FQL,141.0
24,277,Improved FQL-GTA,196.0
24,278,Baseline FQL,163.0
24,278,Improved FQL-GTA,210.0
24,279,Baseline FQL,165.0
24,279,Improved FQL-GTA,242.0
24,280,Baseline FQL,112.0
24,280,Improved FQL-GTA,217.0
24,281,Baseline FQL,158.0
24,281,Improved FQL-GTA,257.0
24,282,Baseline FQL,104.0
24,282,Improved FQL-GTA,228.0
24,283,Baseline FQL,174.0
24,283,Improved FQL-GTA,217.0
24,284,Baseline FQL,116.0
24,284,Improved FQL-GTA,233.0
24,285,Baseline FQL,121.0
24,285,Improved FQL-GTA,223.0
24,286,Baseline FQL,196.0
24,286,Improved FQL-GTA,251.0
24,287,Baseline FQL,102.0
24,287,Improved FQL-GTA,268.0
24,288,Baseline FQL,153.0
24,288,Improved FQL-GTA,279.0
24,289,Baseline FQL,177.0
24,289,Improved FQL-GTA,237.0
24,290,Baseline FQL,94.0
24,290,Improved FQL-GTA,210.0
24,291,Baseline FQL,210.0
24,291,Improved FQL-GTA,240.0
24,292,Baseline FQL,117.0
24,292,Improved FQL-GTA,235.0
24,293,Baseline FQL,217.0
24,293,Improved FQL-GTA,235.0
24,294,Baseline FQL,221.0
24,294,Improved FQL-GTA,200.0
24,295,Baseline FQL,260.0
24,295,Improved FQL-GTA,203.0
24,296,Baseline FQL,298.0
24,296,Improved FQL-GTA,310.0
24,297,Baseline FQL,247.0
24,297,Improved FQL-GTA,255.0
24,298,Baseline FQL,216.0
24,298,Improved FQL-GTA,283.0
24,299,Baseline FQL,101.0
24,299,Improved FQL-GTA,306.0
24,300,Baseline FQL,379.0
24,300,Improved FQL-GTA,271.0
24,301,Baseline FQL,221.0
24,301,Improved FQL-GTA,233.0
24,302,Baseline FQL,262.0
24,302,Improved FQL-GTA,179.0
24,303,Baseline FQL,203.0
24,303,Improved FQL-GTA,251.0
24,304,Baseline FQL,71.0
24,304,Improved FQL-GTA,215.0
24,305,Baseline FQL,251.0
24,305,Improved FQL-GTA,236.0
24,306,Baseline FQL,233.0
24,306,Improved FQL-GTA,230.0
24,307,Baseline FQL,194.0
24,307,Improved FQL-GTA,204.0
24,308,Baseline FQL,134.0
24,308,Improved FQL-GTA,206.0
24,309,Baseline FQL,276.0
24,309,Improved FQL-GTA,284.0
24,310,Baseline FQL,113.0
24,310,Improved FQL-GTA,257.0
24,311,Baseline FQL,108.0
24,311,Improved FQL-GTA,237.0
24,312,Baseline FQL,218.0
24,312,Improved FQL-GTA,226.0
24,313,Baseline FQL,123.0
24,313,Improved FQL-GTA,194.0
24,314,Baseline FQL,224.0
24,314,Improved FQL-GTA,230.0
24,315,Baseline FQL,250.0
24,315,Improved FQL-GTA,252.0
24,316,Baseline FQL,222.0
24,316,Improved FQL-GTA,266.0
24,317,Baseline FQL,235.0
24,317,Improved FQL-GTA,191.0
24,318,Baseline FQL,238.0
24,318,Improved FQL-GTA,250.0
24,319,Baseline FQL,261.0
24,319,Improved FQL-GTA,254.0
24,320,Baseline FQL,72.0
24,320,Improved FQL-GTA,213.0
24,321,Baseline FQL,245.0
24,321,Improved FQL-GTA,246.0
24,322,Baseline FQL,179.0
24,322,Improved FQL-GTA,195.0
24,323,Baseline FQL,444.0
24,323,Improved FQL-GTA,233.0
24,324,Baseline FQL,366.0
24,324,Improved FQL-GTA,239.0
24,325,Baseline FQL,253.0
24,325,Improved FQL-GTA,245.0
24,326,Baseline FQL,215.0
24,326,Improved FQL-GTA,229.0
24,327,Baseline FQL,218.0
24,327,Improved FQL-GTA,242.0
24,328,Baseline FQL,297.0
24,328,Improved FQL-GTA,224.0
24,329,Baseline FQL,254.0
24,329,Improved FQL-GTA,267.0
24,330,Baseline FQL,312.0
24,330,Improved FQL-GTA,241.0
24,331,Baseline FQL,320.0
24,331,Improved FQL-GTA,196.0
24,332,Baseline FQL,236.0
24,332,Improved FQL-GTA,235.0
24,333,Baseline FQL,271.0
24,333,Improved FQL-GTA,208.0
24,334,Baseline FQL,303.0
24,334,Improved FQL-GTA,180.0
24,335,Baseline FQL,277.0
24,335,Improved FQL-GTA,204.0
24,336,Baseline FQL,245.0
24,336,Improved FQL-GTA,249.0
24,337,Baseline FQL,216.0
24,337,Improved FQL-GTA,216.0
24,338,Baseline FQL,267.0
24,338,Improved FQL-GTA,229.0
24,339,Baseline FQL,347.0
24,339,Improved FQL-GTA,217.0
24,340,Baseline FQL,461.0
24,340,Improved FQL-GTA,237.0
24,341,Baseline FQL,477.0
24,341,Improved FQL-GTA,219.0
24,342,Baseline FQL,260.0
24,342,Improved FQL-GTA,268.0
24,343,Baseline FQL,225.0
24,343,Improved FQL-GTA,500.0
24,344,Baseline FQL,233.0
24,344,Improved FQL-GTA,451.0
24,345,Baseline FQL,173.0
24,345,Improved FQL-GTA,279.0
24,346,Baseline FQL,179.0
24,346,Improved FQL-GTA,197.0
24,347,Baseline FQL,231.0
24,347,Improved FQL-GTA,324.0
24,348,Baseline FQL,297.0
24,348,Improved FQL-GTA,424.0
24,349,Baseline FQL,236.0
24,349,Improved FQL-GTA,304.0
24,350,Baseline FQL,232.0
24,350,Improved FQL-GTA,294.0
24,351,Baseline FQL,233.0
24,351,Improved FQL-GTA,351.0
24,352,Baseline FQL,240.0
24,352,Improved FQL-GTA,360.0
24,353,Baseline FQL,272.0
24,353,Improved FQL-GTA,302.0
24,354,Baseline FQL,336.0
24,354,Improved FQL-GTA,256.0
24,355,Baseline FQL,333.0
24,355,Improved FQL-GTA,235.0
24,356,Baseline FQL,263.0
24,356,Improved FQL-GTA,290.0
24,357,Baseline FQL,329.0
24,357,Improved FQL-GTA,500.0
24,358,Baseline FQL,202.0
24,358,Improved FQL-GTA,500.0
24,359,Baseline FQL,215.0
24,359,Improved FQL-GTA,299.0
24,360,Baseline FQL,213.0
24,360,Improved FQL-GTA,416.0
24,361,Baseline FQL,206.0
24,361,Improved FQL-GTA,500.0
24,362,Baseline FQL,237.0
24,362,Improved FQL-GTA,500.0
24,363,Baseline FQL,240.0
24,363,Improved FQL-GTA,500.0
24,364,Baseline FQL,233.0
24,364,Improved FQL-GTA,500.0
24,365,Baseline FQL,245.0
24,365,Improved FQL-GTA,500.0
24,366,Baseline FQL,293.0
24,366,Improved FQL-GTA,446.0
24,367,Baseline FQL,221.0
24,367,Improved FQL-GTA,500.0
24,368,Baseline FQL,233.0
24,368,Improved FQL-GTA,417.0
24,369,Baseline FQL,262.0
24,369,Improved FQL-GTA,500.0
24,370,Baseline FQL,297.0
24,370,Improved FQL-GTA,500.0
24,371,Baseline FQL,455.0
24,371,Improved FQL-GTA,462.0
24,372,Baseline FQL,237.0
24,372,Improved FQL-GTA,402.0
24,373,Baseline FQL,272.0
24,373,Improved FQL-GTA,317.0
24,374,Baseline FQL,254.0
24,374,Improved FQL-GTA,420.0
24,375,Baseline FQL,252.0
24,375,Improved FQL-GTA,500.0
24,376,Baseline FQL,240.0
24,376,Improved FQL-GTA,436.0
24,377,Baseline FQL,228.0
24,377,Improved FQL-GTA,404.0
24,378,Baseline FQL,341.0
24,378,Improved FQL-GTA,373.0
24,379,Baseline FQL,274.0
24,379,Improved FQL-GTA,500.0
24,380,Baseline FQL,252.0
24,380,Improved FQL-GTA,500.0
24,381,Baseline FQL,350.0
24,381,Improved FQL-GTA,334.0
24,382,Baseline FQL,255.0
24,382,Improved FQL-GTA,359.0
24,383,Baseline FQL,322.0
24,383,Improved FQL-GTA,500.0
24,384,Baseline FQL,238.0
24,384,Improved FQL-GTA,500.0
24,385,Baseline FQL,399.0
24,385,Improved FQL-GTA,500.0
24,386,Baseline FQL,358.0
24,386,Improved FQL-GTA,500.0
24,387,Baseline FQL,217.0
24,387,Improved FQL-GTA,500.0
24,388,Baseline FQL,209.0
24,388,Improved FQL-GTA,425.0
24,389,Baseline FQL,116.0
24,389,Improved FQL-GTA,413.0
24,390,Baseline FQL,32.0
24,390,Improved FQL-GTA,500.0
24,391,Baseline FQL,254.0
24,391,Improved FQL-GTA,500.0
24,392,Baseline FQL,354.0
24,392,Improved FQL-GTA,500.0
24,393,Baseline FQL,348.0
24,393,Improved FQL-GTA,500.0
24,394,Baseline FQL,309.0
24,394,Improved FQL-GTA,500.0
24,395,Baseline FQL,263.0
24,395,Improved FQL-GTA,500.0
24,396,Baseline FQL,242.0
24,396,Improved FQL-GTA,500.0
24,397,Baseline FQL,208.0
24,397,Improved FQL-GTA,403.0
24,398,Baseline FQL,271.0
24,398,Improved FQL-GTA,407.0
24,399,Baseline FQL,254.0
24,399,Improved FQL-GTA,500.0
24,400,Baseline FQL,257.0
24,400,Improved FQL-GTA,500.0
24,401,Baseline FQL,327.0
24,401,Improved FQL-GTA,500.0
24,402,Baseline FQL,236.0
24,402,Improved FQL-GTA,500.0
24,403,Baseline FQL,221.0
24,403,Improved FQL-GTA,500.0
24,404,Baseline FQL,381.0
24,404,Improved FQL-GTA,154.0
24,405,Baseline FQL,403.0
24,405,Improved FQL-GTA,453.0
24,406,Baseline FQL,355.0
24,406,Improved FQL-GTA,192.0
24,407,Baseline FQL,262.0
24,407,Improved FQL-GTA,500.0
24,408,Baseline FQL,216.0
24,408,Improved FQL-GTA,500.0
24,409,Baseline FQL,244.0
24,409,Improved FQL-GTA,500.0
24,410,Baseline FQL,226.0
24,410,Improved FQL-GTA,401.0
24,411,Baseline FQL,283.0
24,411,Improved FQL-GTA,462.0
24,412,Baseline FQL,500.0
24,412,Improved FQL-GTA,172.0
24,413,Baseline FQL,232.0
24,413,Improved FQL-GTA,214.0
24,414,Baseline FQL,240.0
24,414,Improved FQL-GTA,220.0
24,415,Baseline FQL,218.0
24,415,Improved FQL-GTA,202.0
24,416,Baseline FQL,223.0
24,416,Improved FQL-GTA,208.0
24,417,Baseline FQL,447.0
24,417,Improved FQL-GTA,247.0
24,418,Baseline FQL,224.0
24,418,Improved FQL-GTA,500.0
24,419,Baseline FQL,228.0
24,419,Improved FQL-GTA,500.0
24,420,Baseline FQL,271.0
24,420,Improved FQL-GTA,500.0
24,421,Baseline FQL,270.0
24,421,Improved FQL-GTA,439.0
24,422,Baseline FQL,253.0
24,422,Improved FQL-GTA,500.0
24,423,Baseline FQL,242.0
24,423,Improved FQL-GTA,438.0
24,424,Baseline FQL,336.0
24,424,Improved FQL-GTA,403.0
24,425,Baseline FQL,237.0
24,425,Improved FQL-GTA,500.0
24,426,Baseline FQL,253.0
24,426,Improved FQL-GTA,420.0
24,427,Baseline FQL,289.0
24,427,Improved FQL-GTA,254.0
24,428,Baseline FQL,234.0
24,428,Improved FQL-GTA,338.0
24,429,Baseline FQL,227.0
24,429,Improved FQL-GTA,256.0
24,430,Baseline FQL,229.0
24,430,Improved FQL-GTA,500.0
24,431,Baseline FQL,244.0
24,431,Improved FQL-GTA,500.0
24,432,Baseline FQL,278.0
24,432,Improved FQL-GTA,442.0
24,433,Baseline FQL,236.0
24,433,Improved FQL-GTA,188.0
24,434,Baseline FQL,240.0
24,434,Improved FQL-GTA,266.0
24,435,Baseline FQL,210.0
24,435,Improved FQL-GTA,239.0
24,436,Baseline FQL,58.0
24,436,Improved FQL-GTA,239.0
24,437,Baseline FQL,260.0
24,437,Improved FQL-GTA,278.0
24,438,Baseline FQL,315.0
24,438,Improved FQL-GTA,203.0
24,439,Baseline FQL,230.0
24,439,Improved FQL-GTA,180.0
24,440,Baseline FQL,268.0
24,440,Improved FQL-GTA,500.0
24,441,Baseline FQL,253.0
24,441,Improved FQL-GTA,500.0
24,442,Baseline FQL,432.0
24,442,Improved FQL-GTA,420.0
24,443,Baseline FQL,317.0
24,443,Improved FQL-GTA,500.0
24,444,Baseline FQL,253.0
24,444,Improved FQL-GTA,500.0
24,445,Baseline FQL,224.0
24,445,Improved FQL-GTA,495.0
24,446,Baseline FQL,277.0
24,446,Improved FQL-GTA,500.0
24,447,Baseline FQL,343.0
24,447,Improved FQL-GTA,500.0
24,448,Baseline FQL,248.0
24,448,Improved FQL-GTA,500.0
24,449,Baseline FQL,266.0
24,449,Improved FQL-GTA,500.0
24,450,Baseline FQL,240.0
24,450,Improved FQL-GTA,500.0
24,451,Baseline FQL,304.0
24,451,Improved FQL-GTA,500.0
24,452,Baseline FQL,347.0
24,452,Improved FQL-GTA,500.0
24,453,Baseline FQL,341.0
24,453,Improved FQL-GTA,500.0
24,454,Baseline FQL,243.0
24,454,Improved FQL-GTA,500.0
24,455,Baseline FQL,330.0
24,455,Improved FQL-GTA,500.0
24,456,Baseline FQL,267.0
24,456,Improved FQL-GTA,500.0
24,457,Baseline FQL,247.0
24,457,Improved FQL-GTA,500.0
24,458,Baseline FQL,295.0
24,458,Improved FQL-GTA,500.0
24,459,Baseline FQL,249.0
24,459,Improved FQL-GTA,500.0
24,460,Baseline FQL,343.0
24,460,Improved FQL-GTA,500.0
24,461,Baseline FQL,281.0
24,461,Improved FQL-GTA,444.0
24,462,Baseline FQL,472.0
24,462,Improved FQL-GTA,500.0
24,463,Baseline FQL,288.0
24,463,Improved FQL-GTA,500.0
24,464,Baseline FQL,315.0
24,464,Improved FQL-GTA,500.0
24,465,Baseline FQL,313.0
24,465,Improved FQL-GTA,500.0
24,466,Baseline FQL,249.0
24,466,Improved FQL-GTA,500.0
24,467,Baseline FQL,289.0
24,467,Improved FQL-GTA,500.0
24,468,Baseline FQL,252.0
24,468,Improved FQL-GTA,500.0
24,469,Baseline FQL,289.0
24,469,Improved FQL-GTA,500.0
24,470,Baseline FQL,323.0
24,470,Improved FQL-GTA,500.0
24,471,Baseline FQL,318.0
24,471,Improved FQL-GTA,500.0
24,472,Baseline FQL,312.0
24,472,Improved FQL-GTA,500.0
24,473,Baseline FQL,269.0
24,473,Improved FQL-GTA,500.0
24,474,Baseline FQL,237.0
24,474,Improved FQL-GTA,405.0
24,475,Baseline FQL,288.0
24,475,Improved FQL-GTA,500.0
24,476,Baseline FQL,308.0
24,476,Improved FQL-GTA,424.0
24,477,Baseline FQL,306.0
24,477,Improved FQL-GTA,306.0
24,478,Baseline FQL,360.0
24,478,Improved FQL-GTA,301.0
24,479,Baseline FQL,418.0
24,479,Improved FQL-GTA,320.0
24,480,Baseline FQL,261.0
24,480,Improved FQL-GTA,266.0
24,481,Baseline FQL,279.0
24,481,Improved FQL-GTA,188.0
24,482,Baseline FQL,252.0
24,482,Improved FQL-GTA,217.0
24,483,Baseline FQL,236.0
24,483,Improved FQL-GTA,251.0
24,484,Baseline FQL,409.0
24,484,Improved FQL-GTA,500.0
24,485,Baseline FQL,409.0
24,485,Improved FQL-GTA,245.0
24,486,Baseline FQL,333.0
24,486,Improved FQL-GTA,401.0
24,487,Baseline FQL,267.0
24,487,Improved FQL-GTA,307.0
24,488,Baseline FQL,275.0
24,488,Improved FQL-GTA,268.0
24,489,Baseline FQL,266.0
24,489,Improved FQL-GTA,266.0
24,490,Baseline FQL,244.0
24,490,Improved FQL-GTA,257.0
24,491,Baseline FQL,270.0
24,491,Improved FQL-GTA,255.0
24,492,Baseline FQL,288.0
24,492,Improved FQL-GTA,197.0
24,493,Baseline FQL,309.0
24,493,Improved FQL-GTA,500.0
24,494,Baseline FQL,237.0
24,494,Improved FQL-GTA,500.0
24,495,Baseline FQL,311.0
24,495,Improved FQL-GTA,292.0
24,496,Baseline FQL,227.0
24,496,Improved FQL-GTA,282.0
24,497,Baseline FQL,238.0
24,497,Improved FQL-GTA,429.0
24,498,Baseline FQL,262.0
24,498,Improved FQL-GTA,500.0
24,499,Baseline FQL,319.0
24,499,Improved FQL-GTA,500.0
24,500,Baseline FQL,432.0
24,500,Improved FQL-GTA,462.0
25,1,Baseline FQL,10.0
25,1,Improved FQL-GTA,12.0
25,2,Baseline FQL,10.0
25,2,Improved FQL-GTA,12.0
25,3,Baseline FQL,10.0
25,3,Improved FQL-GTA,14.0
25,4,Baseline FQL,10.0
25,4,Improved FQL-GTA,14.0
25,5,Baseline FQL,10.0
25,5,Improved FQL-GTA,17.0
25,6,Baseline FQL,10.0
25,6,Improved FQL-GTA,13.0
25,7,Baseline FQL,9.0
25,7,Improved FQL-GTA,12.0
25,8,Baseline FQL,10.0
25,8,Improved FQL-GTA,14.0
25,9,Baseline FQL,8.0
25,9,Improved FQL-GTA,14.0
25,10,Baseline FQL,12.0
25,10,Improved FQL-GTA,17.0
25,11,Baseline FQL,8.0
25,11,Improved FQL-GTA,8.0
25,12,Baseline FQL,8.0
25,12,Improved FQL-GTA,12.0
25,13,Baseline FQL,10.0
25,13,Improved FQL-GTA,17.0
25,14,Baseline FQL,10.0
25,14,Improved FQL-GTA,9.0
25,15,Baseline FQL,10.0
25,15,Improved FQL-GTA,12.0
25,16,Baseline FQL,8.0
25,16,Improved FQL-GTA,19.0
25,17,Baseline FQL,11.0
25,17,Improved FQL-GTA,11.0
25,18,Baseline FQL,8.0
25,18,Improved FQL-GTA,9.0
25,19,Baseline FQL,10.0
25,19,Improved FQL-GTA,13.0
25,20,Baseline FQL,9.0
25,20,Improved FQL-GTA,12.0
25,21,Baseline FQL,10.0
25,21,Improved FQL-GTA,40.0
25,22,Baseline FQL,10.0
25,22,Improved FQL-GTA,11.0
25,23,Baseline FQL,10.0
25,23,Improved FQL-GTA,11.0
25,24,Baseline FQL,10.0
25,24,Improved FQL-GTA,15.0
25,25,Baseline FQL,10.0
25,25,Improved FQL-GTA,11.0
25,26,Baseline FQL,9.0
25,26,Improved FQL-GTA,13.0
25,27,Baseline FQL,10.0
25,27,Improved FQL-GTA,12.0
25,28,Baseline FQL,11.0
25,28,Improved FQL-GTA,17.0
25,29,Baseline FQL,10.0
25,29,Improved FQL-GTA,13.0
25,30,Baseline FQL,10.0
25,30,Improved FQL-GTA,15.0
25,31,Baseline FQL,12.0
25,31,Improved FQL-GTA,27.0
25,32,Baseline FQL,10.0
25,32,Improved FQL-GTA,14.0
25,33,Baseline FQL,9.0
25,33,Improved FQL-GTA,13.0
25,34,Baseline FQL,10.0
25,34,Improved FQL-GTA,16.0
25,35,Baseline FQL,14.0
25,35,Improved FQL-GTA,15.0
25,36,Baseline FQL,10.0
25,36,Improved FQL-GTA,19.0
25,37,Baseline FQL,9.0
25,37,Improved FQL-GTA,18.0
25,38,Baseline FQL,9.0
25,38,Improved FQL-GTA,20.0
25,39,Baseline FQL,11.0
25,39,Improved FQL-GTA,12.0
25,40,Baseline FQL,10.0
25,40,Improved FQL-GTA,17.0
25,41,Baseline FQL,10.0
25,41,Improved FQL-GTA,15.0
25,42,Baseline FQL,10.0
25,42,Improved FQL-GTA,24.0
25,43,Baseline FQL,11.0
25,43,Improved FQL-GTA,23.0
25,44,Baseline FQL,9.0
25,44,Improved FQL-GTA,13.0
25,45,Baseline FQL,10.0
25,45,Improved FQL-GTA,11.0
25,46,Baseline FQL,10.0
25,46,Improved FQL-GTA,14.0
25,47,Baseline FQL,10.0
25,47,Improved FQL-GTA,11.0
25,48,Baseline FQL,10.0
25,48,Improved FQL-GTA,24.0
25,49,Baseline FQL,10.0
25,49,Improved FQL-GTA,18.0
25,50,Baseline FQL,9.0
25,50,Improved FQL-GTA,14.0
25,51,Baseline FQL,9.0
25,51,Improved FQL-GTA,14.0
25,52,Baseline FQL,10.0
25,52,Improved FQL-GTA,11.0
25,53,Baseline FQL,10.0
25,53,Improved FQL-GTA,15.0
25,54,Baseline FQL,9.0
25,54,Improved FQL-GTA,21.0
25,55,Baseline FQL,9.0
25,55,Improved FQL-GTA,20.0
25,56,Baseline FQL,10.0
25,56,Improved FQL-GTA,19.0
25,57,Baseline FQL,9.0
25,57,Improved FQL-GTA,12.0
25,58,Baseline FQL,12.0
25,58,Improved FQL-GTA,16.0
25,59,Baseline FQL,9.0
25,59,Improved FQL-GTA,19.0
25,60,Baseline FQL,9.0
25,60,Improved FQL-GTA,17.0
25,61,Baseline FQL,10.0
25,61,Improved FQL-GTA,16.0
25,62,Baseline FQL,9.0
25,62,Improved FQL-GTA,13.0
25,63,Baseline FQL,11.0
25,63,Improved FQL-GTA,19.0
25,64,Baseline FQL,13.0
25,64,Improved FQL-GTA,13.0
25,65,Baseline FQL,14.0
25,65,Improved FQL-GTA,19.0
25,66,Baseline FQL,9.0
25,66,Improved FQL-GTA,14.0
25,67,Baseline FQL,10.0
25,67,Improved FQL-GTA,13.0
25,68,Baseline FQL,10.0
25,68,Improved FQL-GTA,29.0
25,69,Baseline FQL,14.0
25,69,Improved FQL-GTA,30.0
25,70,Baseline FQL,13.0
25,70,Improved FQL-GTA,23.0
25,71,Baseline FQL,10.0
25,71,Improved FQL-GTA,20.0
25,72,Baseline FQL,12.0
25,72,Improved FQL-GTA,20.0
25,73,Baseline FQL,11.0
25,73,Improved FQL-GTA,38.0
25,74,Baseline FQL,10.0
25,74,Improved FQL-GTA,14.0
25,75,Baseline FQL,13.0
25,75,Improved FQL-GTA,36.0
25,76,Baseline FQL,13.0
25,76,Improved FQL-GTA,33.0
25,77,Baseline FQL,13.0
25,77,Improved FQL-GTA,19.0
25,78,Baseline FQL,12.0
25,78,Improved FQL-GTA,22.0
25,79,Baseline FQL,10.0
25,79,Improved FQL-GTA,34.0
25,80,Baseline FQL,12.0
25,80,Improved FQL-GTA,26.0
25,81,Baseline FQL,11.0
25,81,Improved FQL-GTA,21.0
25,82,Baseline FQL,10.0
25,82,Improved FQL-GTA,22.0
25,83,Baseline FQL,19.0
25,83,Improved FQL-GTA,21.0
25,84,Baseline FQL,15.0
25,84,Improved FQL-GTA,32.0
25,85,Baseline FQL,13.0
25,85,Improved FQL-GTA,20.0
25,86,Baseline FQL,13.0
25,86,Improved FQL-GTA,22.0
25,87,Baseline FQL,14.0
25,87,Improved FQL-GTA,15.0
25,88,Baseline FQL,15.0
25,88,Improved FQL-GTA,13.0
25,89,Baseline FQL,23.0
25,89,Improved FQL-GTA,21.0
25,90,Baseline FQL,16.0
25,90,Improved FQL-GTA,19.0
25,91,Baseline FQL,15.0
25,91,Improved FQL-GTA,21.0
25,92,Baseline FQL,11.0
25,92,Improved FQL-GTA,15.0
25,93,Baseline FQL,15.0
25,93,Improved FQL-GTA,21.0
25,94,Baseline FQL,17.0
25,94,Improved FQL-GTA,29.0
25,95,Baseline FQL,13.0
25,95,Improved FQL-GTA,26.0
25,96,Baseline FQL,17.0
25,96,Improved FQL-GTA,26.0
25,97,Baseline FQL,11.0
25,97,Improved FQL-GTA,30.0
25,98,Baseline FQL,18.0
25,98,Improved FQL-GTA,60.0
25,99,Baseline FQL,19.0
25,99,Improved FQL-GTA,35.0
25,100,Baseline FQL,11.0
25,100,Improved FQL-GTA,18.0
25,101,Baseline FQL,19.0
25,101,Improved FQL-GTA,14.0
25,102,Baseline FQL,23.0
25,102,Improved FQL-GTA,30.0
25,103,Baseline FQL,19.0
25,103,Improved FQL-GTA,25.0
25,104,Baseline FQL,17.0
25,104,Improved FQL-GTA,27.0
25,105,Baseline FQL,10.0
25,105,Improved FQL-GTA,23.0
25,106,Baseline FQL,19.0
25,106,Improved FQL-GTA,29.0
25,107,Baseline FQL,19.0
25,107,Improved FQL-GTA,39.0
25,108,Baseline FQL,16.0
25,108,Improved FQL-GTA,20.0
25,109,Baseline FQL,17.0
25,109,Improved FQL-GTA,21.0
25,110,Baseline FQL,15.0
25,110,Improved FQL-GTA,27.0
25,111,Baseline FQL,11.0
25,111,Improved FQL-GTA,47.0
25,112,Baseline FQL,20.0
25,112,Improved FQL-GTA,39.0
25,113,Baseline FQL,16.0
25,113,Improved FQL-GTA,74.0
25,114,Baseline FQL,17.0
25,114,Improved FQL-GTA,39.0
25,115,Baseline FQL,23.0
25,115,Improved FQL-GTA,44.0
25,116,Baseline FQL,18.0
25,116,Improved FQL-GTA,252.0
25,117,Baseline FQL,26.0
25,117,Improved FQL-GTA,213.0
25,118,Baseline FQL,13.0
25,118,Improved FQL-GTA,58.0
25,119,Baseline FQL,15.0
25,119,Improved FQL-GTA,44.0
25,120,Baseline FQL,22.0
25,120,Improved FQL-GTA,61.0
25,121,Baseline FQL,13.0
25,121,Improved FQL-GTA,210.0
25,122,Baseline FQL,17.0
25,122,Improved FQL-GTA,173.0
25,123,Baseline FQL,15.0
25,123,Improved FQL-GTA,34.0
25,124,Baseline FQL,13.0
25,124,Improved FQL-GTA,136.0
25,125,Baseline FQL,19.0
25,125,Improved FQL-GTA,26.0
25,126,Baseline FQL,14.0
25,126,Improved FQL-GTA,130.0
25,127,Baseline FQL,15.0
25,127,Improved FQL-GTA,191.0
25,128,Baseline FQL,21.0
25,128,Improved FQL-GTA,259.0
25,129,Baseline FQL,21.0
25,129,Improved FQL-GTA,47.0
25,130,Baseline FQL,23.0
25,130,Improved FQL-GTA,163.0
25,131,Baseline FQL,17.0
25,131,Improved FQL-GTA,47.0
25,132,Baseline FQL,25.0
25,132,Improved FQL-GTA,247.0
25,133,Baseline FQL,17.0
25,133,Improved FQL-GTA,112.0
25,134,Baseline FQL,15.0
25,134,Improved FQL-GTA,153.0
25,135,Baseline FQL,17.0
25,135,Improved FQL-GTA,141.0
25,136,Baseline FQL,17.0
25,136,Improved FQL-GTA,199.0
25,137,Baseline FQL,20.0
25,137,Improved FQL-GTA,172.0
25,138,Baseline FQL,13.0
25,138,Improved FQL-GTA,153.0
25,139,Baseline FQL,13.0
25,139,Improved FQL-GTA,156.0
25,140,Baseline FQL,18.0
25,140,Improved FQL-GTA,207.0
25,141,Baseline FQL,13.0
25,141,Improved FQL-GTA,146.0
25,142,Baseline FQL,16.0
25,142,Improved FQL-GTA,292.0
25,143,Baseline FQL,15.0
25,143,Improved FQL-GTA,278.0
25,144,Baseline FQL,13.0
25,144,Improved FQL-GTA,402.0
25,145,Baseline FQL,21.0
25,145,Improved FQL-GTA,218.0
25,146,Baseline FQL,11.0
25,146,Improved FQL-GTA,162.0
25,147,Baseline FQL,15.0
25,147,Improved FQL-GTA,382.0
25,148,Baseline FQL,15.0
25,148,Improved FQL-GTA,368.0
25,149,Baseline FQL,17.0
25,149,Improved FQL-GTA,414.0
25,150,Baseline FQL,11.0
25,150,Improved FQL-GTA,293.0
25,151,Baseline FQL,25.0
25,151,Improved FQL-GTA,315.0
25,152,Baseline FQL,11.0
25,152,Improved FQL-GTA,241.0
25,153,Baseline FQL,16.0
25,153,Improved FQL-GTA,232.0
25,154,Baseline FQL,27.0
25,154,Improved FQL-GTA,255.0
25,155,Baseline FQL,13.0
25,155,Improved FQL-GTA,205.0
25,156,Baseline FQL,15.0
25,156,Improved FQL-GTA,210.0
25,157,Baseline FQL,16.0
25,157,Improved FQL-GTA,225.0
25,158,Baseline FQL,15.0
25,158,Improved FQL-GTA,221.0
25,159,Baseline FQL,14.0
25,159,Improved FQL-GTA,236.0
25,160,Baseline FQL,21.0
25,160,Improved FQL-GTA,245.0
25,161,Baseline FQL,27.0
25,161,Improved FQL-GTA,300.0
25,162,Baseline FQL,19.0
25,162,Improved FQL-GTA,241.0
25,163,Baseline FQL,19.0
25,163,Improved FQL-GTA,298.0
25,164,Baseline FQL,17.0
25,164,Improved FQL-GTA,248.0
25,165,Baseline FQL,24.0
25,165,Improved FQL-GTA,247.0
25,166,Baseline FQL,23.0
25,166,Improved FQL-GTA,259.0
25,167,Baseline FQL,31.0
25,167,Improved FQL-GTA,235.0
25,168,Baseline FQL,34.0
25,168,Improved FQL-GTA,318.0
25,169,Baseline FQL,25.0
25,169,Improved FQL-GTA,410.0
25,170,Baseline FQL,27.0
25,170,Improved FQL-GTA,313.0
25,171,Baseline FQL,18.0
25,171,Improved FQL-GTA,334.0
25,172,Baseline FQL,20.0
25,172,Improved FQL-GTA,277.0
25,173,Baseline FQL,16.0
25,173,Improved FQL-GTA,332.0
25,174,Baseline FQL,21.0
25,174,Improved FQL-GTA,329.0
25,175,Baseline FQL,21.0
25,175,Improved FQL-GTA,332.0
25,176,Baseline FQL,24.0
25,176,Improved FQL-GTA,276.0
25,177,Baseline FQL,15.0
25,177,Improved FQL-GTA,248.0
25,178,Baseline FQL,11.0
25,178,Improved FQL-GTA,265.0
25,179,Baseline FQL,23.0
25,179,Improved FQL-GTA,306.0
25,180,Baseline FQL,13.0
25,180,Improved FQL-GTA,266.0
25,181,Baseline FQL,14.0
25,181,Improved FQL-GTA,311.0
25,182,Baseline FQL,11.0
25,182,Improved FQL-GTA,262.0
25,183,Baseline FQL,22.0
25,183,Improved FQL-GTA,252.0
25,184,Baseline FQL,27.0
25,184,Improved FQL-GTA,258.0
25,185,Baseline FQL,24.0
25,185,Improved FQL-GTA,260.0
25,186,Baseline FQL,29.0
25,186,Improved FQL-GTA,255.0
25,187,Baseline FQL,23.0
25,187,Improved FQL-GTA,285.0
25,188,Baseline FQL,23.0
25,188,Improved FQL-GTA,261.0
25,189,Baseline FQL,26.0
25,189,Improved FQL-GTA,278.0
25,190,Baseline FQL,31.0
25,190,Improved FQL-GTA,500.0
25,191,Baseline FQL,15.0
25,191,Improved FQL-GTA,440.0
25,192,Baseline FQL,23.0
25,192,Improved FQL-GTA,369.0
25,193,Baseline FQL,20.0
25,193,Improved FQL-GTA,335.0
25,194,Baseline FQL,20.0
25,194,Improved FQL-GTA,330.0
25,195,Baseline FQL,18.0
25,195,Improved FQL-GTA,500.0
25,196,Baseline FQL,15.0
25,196,Improved FQL-GTA,489.0
25,197,Baseline FQL,17.0
25,197,Improved FQL-GTA,337.0
25,198,Baseline FQL,20.0
25,198,Improved FQL-GTA,315.0
25,199,Baseline FQL,23.0
25,199,Improved FQL-GTA,377.0
25,200,Baseline FQL,48.0
25,200,Improved FQL-GTA,500.0
25,201,Baseline FQL,18.0
25,201,Improved FQL-GTA,387.0
25,202,Baseline FQL,16.0
25,202,Improved FQL-GTA,286.0
25,203,Baseline FQL,29.0
25,203,Improved FQL-GTA,388.0
25,204,Baseline FQL,26.0
25,204,Improved FQL-GTA,410.0
25,205,Baseline FQL,27.0
25,205,Improved FQL-GTA,500.0
25,206,Baseline FQL,15.0
25,206,Improved FQL-GTA,412.0
25,207,Baseline FQL,33.0
25,207,Improved FQL-GTA,491.0
25,208,Baseline FQL,25.0
25,208,Improved FQL-GTA,402.0
25,209,Baseline FQL,63.0
25,209,Improved FQL-GTA,386.0
25,210,Baseline FQL,26.0
25,210,Improved FQL-GTA,500.0
25,211,Baseline FQL,70.0
25,211,Improved FQL-GTA,500.0
25,212,Baseline FQL,16.0
25,212,Improved FQL-GTA,500.0
25,213,Baseline FQL,50.0
25,213,Improved FQL-GTA,500.0
25,214,Baseline FQL,18.0
25,214,Improved FQL-GTA,436.0
25,215,Baseline FQL,38.0
25,215,Improved FQL-GTA,51.0
25,216,Baseline FQL,30.0
25,216,Improved FQL-GTA,262.0
25,217,Baseline FQL,48.0
25,217,Improved FQL-GTA,500.0
25,218,Baseline FQL,26.0
25,218,Improved FQL-GTA,500.0
25,219,Baseline FQL,19.0
25,219,Improved FQL-GTA,500.0
25,220,Baseline FQL,46.0
25,220,Improved FQL-GTA,500.0
25,221,Baseline FQL,31.0
25,221,Improved FQL-GTA,500.0
25,222,Baseline FQL,40.0
25,222,Improved FQL-GTA,473.0
25,223,Baseline FQL,46.0
25,223,Improved FQL-GTA,500.0
25,224,Baseline FQL,44.0
25,224,Improved FQL-GTA,498.0
25,225,Baseline FQL,20.0
25,225,Improved FQL-GTA,400.0
25,226,Baseline FQL,70.0
25,226,Improved FQL-GTA,421.0
25,227,Baseline FQL,26.0
25,227,Improved FQL-GTA,500.0
25,228,Baseline FQL,38.0
25,228,Improved FQL-GTA,500.0
25,229,Baseline FQL,60.0
25,229,Improved FQL-GTA,500.0
25,230,Baseline FQL,41.0
25,230,Improved FQL-GTA,500.0
25,231,Baseline FQL,28.0
25,231,Improved FQL-GTA,500.0
25,232,Baseline FQL,18.0
25,232,Improved FQL-GTA,500.0
25,233,Baseline FQL,42.0
25,233,Improved FQL-GTA,500.0
25,234,Baseline FQL,44.0
25,234,Improved FQL-GTA,466.0
25,235,Baseline FQL,43.0
25,235,Improved FQL-GTA,500.0
25,236,Baseline FQL,45.0
25,236,Improved FQL-GTA,500.0
25,237,Baseline FQL,39.0
25,237,Improved FQL-GTA,440.0
25,238,Baseline FQL,29.0
25,238,Improved FQL-GTA,300.0
25,239,Baseline FQL,79.0
25,239,Improved FQL-GTA,500.0
25,240,Baseline FQL,66.0
25,240,Improved FQL-GTA,500.0
25,241,Baseline FQL,157.0
25,241,Improved FQL-GTA,374.0
25,242,Baseline FQL,47.0
25,242,Improved FQL-GTA,466.0
25,243,Baseline FQL,32.0
25,243,Improved FQL-GTA,351.0
25,244,Baseline FQL,58.0
25,244,Improved FQL-GTA,364.0
25,245,Baseline FQL,194.0
25,245,Improved FQL-GTA,324.0
25,246,Baseline FQL,66.0
25,246,Improved FQL-GTA,219.0
25,247,Baseline FQL,44.0
25,247,Improved FQL-GTA,278.0
25,248,Baseline FQL,33.0
25,248,Improved FQL-GTA,223.0
25,249,Baseline FQL,84.0
25,249,Improved FQL-GTA,292.0
25,250,Baseline FQL,81.0
25,250,Improved FQL-GTA,277.0
25,251,Baseline FQL,86.0
25,251,Improved FQL-GTA,313.0
25,252,Baseline FQL,145.0
25,252,Improved FQL-GTA,341.0
25,253,Baseline FQL,37.0
25,253,Improved FQL-GTA,500.0
25,254,Baseline FQL,39.0
25,254,Improved FQL-GTA,233.0
25,255,Baseline FQL,51.0
25,255,Improved FQL-GTA,500.0
25,256,Baseline FQL,74.0
25,256,Improved FQL-GTA,500.0
25,257,Baseline FQL,91.0
25,257,Improved FQL-GTA,500.0
25,258,Baseline FQL,109.0
25,258,Improved FQL-GTA,500.0
25,259,Baseline FQL,159.0
25,259,Improved FQL-GTA,500.0
25,260,Baseline FQL,117.0
25,260,Improved FQL-GTA,500.0
25,261,Baseline FQL,119.0
25,261,Improved FQL-GTA,500.0
25,262,Baseline FQL,172.0
25,262,Improved FQL-GTA,500.0
25,263,Baseline FQL,354.0
25,263,Improved FQL-GTA,500.0
25,264,Baseline FQL,143.0
25,264,Improved FQL-GTA,500.0
25,265,Baseline FQL,31.0
25,265,Improved FQL-GTA,500.0
25,266,Baseline FQL,31.0
25,266,Improved FQL-GTA,500.0
25,267,Baseline FQL,79.0
25,267,Improved FQL-GTA,500.0
25,268,Baseline FQL,37.0
25,268,Improved FQL-GTA,500.0
25,269,Baseline FQL,177.0
25,269,Improved FQL-GTA,403.0
25,270,Baseline FQL,107.0
25,270,Improved FQL-GTA,500.0
25,271,Baseline FQL,176.0
25,271,Improved FQL-GTA,500.0
25,272,Baseline FQL,250.0
25,272,Improved FQL-GTA,500.0
25,273,Baseline FQL,222.0
25,273,Improved FQL-GTA,324.0
25,274,Baseline FQL,234.0
25,274,Improved FQL-GTA,500.0
25,275,Baseline FQL,176.0
25,275,Improved FQL-GTA,500.0
25,276,Baseline FQL,137.0
25,276,Improved FQL-GTA,500.0
25,277,Baseline FQL,231.0
25,277,Improved FQL-GTA,500.0
25,278,Baseline FQL,178.0
25,278,Improved FQL-GTA,493.0
25,279,Baseline FQL,110.0
25,279,Improved FQL-GTA,500.0
25,280,Baseline FQL,97.0
25,280,Improved FQL-GTA,500.0
25,281,Baseline FQL,212.0
25,281,Improved FQL-GTA,500.0
25,282,Baseline FQL,330.0
25,282,Improved FQL-GTA,500.0
25,283,Baseline FQL,406.0
25,283,Improved FQL-GTA,500.0
25,284,Baseline FQL,166.0
25,284,Improved FQL-GTA,500.0
25,285,Baseline FQL,271.0
25,285,Improved FQL-GTA,500.0
25,286,Baseline FQL,216.0
25,286,Improved FQL-GTA,500.0
25,287,Baseline FQL,240.0
25,287,Improved FQL-GTA,500.0
25,288,Baseline FQL,131.0
25,288,Improved FQL-GTA,465.0
25,289,Baseline FQL,84.0
25,289,Improved FQL-GTA,500.0
25,290,Baseline FQL,233.0
25,290,Improved FQL-GTA,500.0
25,291,Baseline FQL,299.0
25,291,Improved FQL-GTA,500.0
25,292,Baseline FQL,234.0
25,292,Improved FQL-GTA,500.0
25,293,Baseline FQL,223.0
25,293,Improved FQL-GTA,500.0
25,294,Baseline FQL,217.0
25,294,Improved FQL-GTA,500.0
25,295,Baseline FQL,273.0
25,295,Improved FQL-GTA,500.0
25,296,Baseline FQL,224.0
25,296,Improved FQL-GTA,500.0
25,297,Baseline FQL,83.0
25,297,Improved FQL-GTA,500.0
25,298,Baseline FQL,234.0
25,298,Improved FQL-GTA,338.0
25,299,Baseline FQL,125.0
25,299,Improved FQL-GTA,500.0
25,300,Baseline FQL,246.0
25,300,Improved FQL-GTA,500.0
25,301,Baseline FQL,262.0
25,301,Improved FQL-GTA,491.0
25,302,Baseline FQL,192.0
25,302,Improved FQL-GTA,384.0
25,303,Baseline FQL,350.0
25,303,Improved FQL-GTA,311.0
25,304,Baseline FQL,230.0
25,304,Improved FQL-GTA,312.0
25,305,Baseline FQL,240.0
25,305,Improved FQL-GTA,440.0
25,306,Baseline FQL,222.0
25,306,Improved FQL-GTA,500.0
25,307,Baseline FQL,298.0
25,307,Improved FQL-GTA,500.0
25,308,Baseline FQL,232.0
25,308,Improved FQL-GTA,391.0
25,309,Baseline FQL,213.0
25,309,Improved FQL-GTA,269.0
25,310,Baseline FQL,319.0
25,310,Improved FQL-GTA,500.0
25,311,Baseline FQL,285.0
25,311,Improved FQL-GTA,320.0
25,312,Baseline FQL,150.0
25,312,Improved FQL-GTA,321.0
25,313,Baseline FQL,222.0
25,313,Improved FQL-GTA,267.0
25,314,Baseline FQL,235.0
25,314,Improved FQL-GTA,179.0
25,315,Baseline FQL,188.0
25,315,Improved FQL-GTA,489.0
25,316,Baseline FQL,104.0
25,316,Improved FQL-GTA,500.0
25,317,Baseline FQL,230.0
25,317,Improved FQL-GTA,500.0
25,318,Baseline FQL,290.0
25,318,Improved FQL-GTA,500.0
25,319,Baseline FQL,34.0
25,319,Improved FQL-GTA,500.0
25,320,Baseline FQL,236.0
25,320,Improved FQL-GTA,500.0
25,321,Baseline FQL,332.0
25,321,Improved FQL-GTA,500.0
25,322,Baseline FQL,285.0
25,322,Improved FQL-GTA,450.0
25,323,Baseline FQL,500.0
25,323,Improved FQL-GTA,500.0
25,324,Baseline FQL,284.0
25,324,Improved FQL-GTA,495.0
25,325,Baseline FQL,205.0
25,325,Improved FQL-GTA,378.0
25,326,Baseline FQL,212.0
25,326,Improved FQL-GTA,500.0
25,327,Baseline FQL,210.0
25,327,Improved FQL-GTA,500.0
25,328,Baseline FQL,170.0
25,328,Improved FQL-GTA,434.0
25,329,Baseline FQL,270.0
25,329,Improved FQL-GTA,339.0
25,330,Baseline FQL,235.0
25,330,Improved FQL-GTA,341.0
25,331,Baseline FQL,227.0
25,331,Improved FQL-GTA,255.0
25,332,Baseline FQL,264.0
25,332,Improved FQL-GTA,228.0
25,333,Baseline FQL,304.0
25,333,Improved FQL-GTA,264.0
25,334,Baseline FQL,244.0
25,334,Improved FQL-GTA,245.0
25,335,Baseline FQL,236.0
25,335,Improved FQL-GTA,199.0
25,336,Baseline FQL,227.0
25,336,Improved FQL-GTA,220.0
25,337,Baseline FQL,322.0
25,337,Improved FQL-GTA,315.0
25,338,Baseline FQL,425.0
25,338,Improved FQL-GTA,270.0
25,339,Baseline FQL,273.0
25,339,Improved FQL-GTA,237.0
25,340,Baseline FQL,319.0
25,340,Improved FQL-GTA,459.0
25,341,Baseline FQL,260.0
25,341,Improved FQL-GTA,387.0
25,342,Baseline FQL,187.0
25,342,Improved FQL-GTA,291.0
25,343,Baseline FQL,291.0
25,343,Improved FQL-GTA,240.0
25,344,Baseline FQL,224.0
25,344,Improved FQL-GTA,360.0
25,345,Baseline FQL,293.0
25,345,Improved FQL-GTA,354.0
25,346,Baseline FQL,256.0
25,346,Improved FQL-GTA,332.0
25,347,Baseline FQL,232.0
25,347,Improved FQL-GTA,364.0
25,348,Baseline FQL,280.0
25,348,Improved FQL-GTA,340.0
25,349,Baseline FQL,249.0
25,349,Improved FQL-GTA,297.0
25,350,Baseline FQL,237.0
25,350,Improved FQL-GTA,261.0
25,351,Baseline FQL,235.0
25,351,Improved FQL-GTA,266.0
25,352,Baseline FQL,260.0
25,352,Improved FQL-GTA,346.0
25,353,Baseline FQL,348.0
25,353,Improved FQL-GTA,412.0
25,354,Baseline FQL,313.0
25,354,Improved FQL-GTA,396.0
25,355,Baseline FQL,277.0
25,355,Improved FQL-GTA,310.0
25,356,Baseline FQL,290.0
25,356,Improved FQL-GTA,297.0
25,357,Baseline FQL,230.0
25,357,Improved FQL-GTA,440.0
25,358,Baseline FQL,201.0
25,358,Improved FQL-GTA,345.0
25,359,Baseline FQL,204.0
25,359,Improved FQL-GTA,283.0
25,360,Baseline FQL,207.0
25,360,Improved FQL-GTA,237.0
25,361,Baseline FQL,237.0
25,361,Improved FQL-GTA,247.0
25,362,Baseline FQL,236.0
25,362,Improved FQL-GTA,270.0
25,363,Baseline FQL,242.0
25,363,Improved FQL-GTA,295.0
25,364,Baseline FQL,230.0
25,364,Improved FQL-GTA,294.0
25,365,Baseline FQL,241.0
25,365,Improved FQL-GTA,273.0
25,366,Baseline FQL,219.0
25,366,Improved FQL-GTA,224.0
25,367,Baseline FQL,223.0
25,367,Improved FQL-GTA,221.0
25,368,Baseline FQL,280.0
25,368,Improved FQL-GTA,285.0
25,369,Baseline FQL,286.0
25,369,Improved FQL-GTA,340.0
25,370,Baseline FQL,410.0
25,370,Improved FQL-GTA,342.0
25,371,Baseline FQL,235.0
25,371,Improved FQL-GTA,250.0
25,372,Baseline FQL,334.0
25,372,Improved FQL-GTA,357.0
25,373,Baseline FQL,248.0
25,373,Improved FQL-GTA,314.0
25,374,Baseline FQL,253.0
25,374,Improved FQL-GTA,282.0
25,375,Baseline FQL,267.0
25,375,Improved FQL-GTA,264.0
25,376,Baseline FQL,36.0
25,376,Improved FQL-GTA,296.0
25,377,Baseline FQL,122.0
25,377,Improved FQL-GTA,344.0
25,378,Baseline FQL,240.0
25,378,Improved FQL-GTA,292.0
25,379,Baseline FQL,278.0
25,379,Improved FQL-GTA,288.0
25,380,Baseline FQL,286.0
25,380,Improved FQL-GTA,369.0
25,381,Baseline FQL,239.0
25,381,Improved FQL-GTA,364.0
25,382,Baseline FQL,294.0
25,382,Improved FQL-GTA,296.0
25,383,Baseline FQL,223.0
25,383,Improved FQL-GTA,256.0
25,384,Baseline FQL,265.0
25,384,Improved FQL-GTA,326.0
25,385,Baseline FQL,197.0
25,385,Improved FQL-GTA,500.0
25,386,Baseline FQL,222.0
25,386,Improved FQL-GTA,500.0
25,387,Baseline FQL,204.0
25,387,Improved FQL-GTA,500.0
25,388,Baseline FQL,314.0
25,388,Improved FQL-GTA,500.0
25,389,Baseline FQL,321.0
25,389,Improved FQL-GTA,500.0
25,390,Baseline FQL,207.0
25,390,Improved FQL-GTA,445.0
25,391,Baseline FQL,210.0
25,391,Improved FQL-GTA,316.0
25,392,Baseline FQL,261.0
25,392,Improved FQL-GTA,387.0
25,393,Baseline FQL,255.0
25,393,Improved FQL-GTA,500.0
25,394,Baseline FQL,260.0
25,394,Improved FQL-GTA,500.0
25,395,Baseline FQL,306.0
25,395,Improved FQL-GTA,500.0
25,396,Baseline FQL,211.0
25,396,Improved FQL-GTA,500.0
25,397,Baseline FQL,291.0
25,397,Improved FQL-GTA,500.0
25,398,Baseline FQL,263.0
25,398,Improved FQL-GTA,336.0
25,399,Baseline FQL,216.0
25,399,Improved FQL-GTA,500.0
25,400,Baseline FQL,279.0
25,400,Improved FQL-GTA,500.0
25,401,Baseline FQL,211.0
25,401,Improved FQL-GTA,500.0
25,402,Baseline FQL,204.0
25,402,Improved FQL-GTA,379.0
25,403,Baseline FQL,329.0
25,403,Improved FQL-GTA,500.0
25,404,Baseline FQL,279.0
25,404,Improved FQL-GTA,469.0
25,405,Baseline FQL,336.0
25,405,Improved FQL-GTA,333.0
25,406,Baseline FQL,291.0
25,406,Improved FQL-GTA,215.0
25,407,Baseline FQL,224.0
25,407,Improved FQL-GTA,356.0
25,408,Baseline FQL,381.0
25,408,Improved FQL-GTA,500.0
25,409,Baseline FQL,290.0
25,409,Improved FQL-GTA,500.0
25,410,Baseline FQL,320.0
25,410,Improved FQL-GTA,500.0
25,411,Baseline FQL,205.0
25,411,Improved FQL-GTA,500.0
25,412,Baseline FQL,227.0
25,412,Improved FQL-GTA,500.0
25,413,Baseline FQL,280.0
25,413,Improved FQL-GTA,500.0
25,414,Baseline FQL,282.0
25,414,Improved FQL-GTA,500.0
25,415,Baseline FQL,327.0
25,415,Improved FQL-GTA,356.0
25,416,Baseline FQL,260.0
25,416,Improved FQL-GTA,500.0
25,417,Baseline FQL,338.0
25,417,Improved FQL-GTA,238.0
25,418,Baseline FQL,321.0
25,418,Improved FQL-GTA,391.0
25,419,Baseline FQL,272.0
25,419,Improved FQL-GTA,316.0
25,420,Baseline FQL,280.0
25,420,Improved FQL-GTA,313.0
25,421,Baseline FQL,350.0
25,421,Improved FQL-GTA,321.0
25,422,Baseline FQL,256.0
25,422,Improved FQL-GTA,333.0
25,423,Baseline FQL,264.0
25,423,Improved FQL-GTA,257.0
25,424,Baseline FQL,231.0
25,424,Improved FQL-GTA,364.0
25,425,Baseline FQL,259.0
25,425,Improved FQL-GTA,391.0
25,426,Baseline FQL,255.0
25,426,Improved FQL-GTA,291.0
25,427,Baseline FQL,316.0
25,427,Improved FQL-GTA,241.0
25,428,Baseline FQL,251.0
25,428,Improved FQL-GTA,313.0
25,429,Baseline FQL,402.0
25,429,Improved FQL-GTA,295.0
25,430,Baseline FQL,364.0
25,430,Improved FQL-GTA,317.0
25,431,Baseline FQL,221.0
25,431,Improved FQL-GTA,331.0
25,432,Baseline FQL,229.0
25,432,Improved FQL-GTA,500.0
25,433,Baseline FQL,249.0
25,433,Improved FQL-GTA,321.0
25,434,Baseline FQL,228.0
25,434,Improved FQL-GTA,500.0
25,435,Baseline FQL,285.0
25,435,Improved FQL-GTA,500.0
25,436,Baseline FQL,269.0
25,436,Improved FQL-GTA,500.0
25,437,Baseline FQL,272.0
25,437,Improved FQL-GTA,500.0
25,438,Baseline FQL,323.0
25,438,Improved FQL-GTA,500.0
25,439,Baseline FQL,256.0
25,439,Improved FQL-GTA,363.0
25,440,Baseline FQL,385.0
25,440,Improved FQL-GTA,214.0
25,441,Baseline FQL,363.0
25,441,Improved FQL-GTA,500.0
25,442,Baseline FQL,292.0
25,442,Improved FQL-GTA,339.0
25,443,Baseline FQL,244.0
25,443,Improved FQL-GTA,333.0
25,444,Baseline FQL,385.0
25,444,Improved FQL-GTA,295.0
25,445,Baseline FQL,500.0
25,445,Improved FQL-GTA,294.0
25,446,Baseline FQL,260.0
25,446,Improved FQL-GTA,451.0
25,447,Baseline FQL,240.0
25,447,Improved FQL-GTA,383.0
25,448,Baseline FQL,193.0
25,448,Improved FQL-GTA,260.0
25,449,Baseline FQL,270.0
25,449,Improved FQL-GTA,299.0
25,450,Baseline FQL,280.0
25,450,Improved FQL-GTA,500.0
25,451,Baseline FQL,276.0
25,451,Improved FQL-GTA,275.0
25,452,Baseline FQL,202.0
25,452,Improved FQL-GTA,248.0
25,453,Baseline FQL,217.0
25,453,Improved FQL-GTA,262.0
25,454,Baseline FQL,280.0
25,454,Improved FQL-GTA,500.0
25,455,Baseline FQL,293.0
25,455,Improved FQL-GTA,500.0
25,456,Baseline FQL,239.0
25,456,Improved FQL-GTA,478.0
25,457,Baseline FQL,270.0
25,457,Improved FQL-GTA,488.0
25,458,Baseline FQL,259.0
25,458,Improved FQL-GTA,245.0
25,459,Baseline FQL,280.0
25,459,Improved FQL-GTA,249.0
25,460,Baseline FQL,220.0
25,460,Improved FQL-GTA,319.0
25,461,Baseline FQL,275.0
25,461,Improved FQL-GTA,257.0
25,462,Baseline FQL,255.0
25,462,Improved FQL-GTA,268.0
25,463,Baseline FQL,299.0
25,463,Improved FQL-GTA,337.0
25,464,Baseline FQL,296.0
25,464,Improved FQL-GTA,246.0
25,465,Baseline FQL,259.0
25,465,Improved FQL-GTA,239.0
25,466,Baseline FQL,301.0
25,466,Improved FQL-GTA,242.0
25,467,Baseline FQL,258.0
25,467,Improved FQL-GTA,280.0
25,468,Baseline FQL,267.0
25,468,Improved FQL-GTA,220.0
25,469,Baseline FQL,216.0
25,469,Improved FQL-GTA,247.0
25,470,Baseline FQL,272.0
25,470,Improved FQL-GTA,238.0
25,471,Baseline FQL,259.0
25,471,Improved FQL-GTA,223.0
25,472,Baseline FQL,364.0
25,472,Improved FQL-GTA,273.0
25,473,Baseline FQL,408.0
25,473,Improved FQL-GTA,460.0
25,474,Baseline FQL,408.0
25,474,Improved FQL-GTA,203.0
25,475,Baseline FQL,207.0
25,475,Improved FQL-GTA,500.0
25,476,Baseline FQL,254.0
25,476,Improved FQL-GTA,500.0
25,477,Baseline FQL,228.0
25,477,Improved FQL-GTA,500.0
25,478,Baseline FQL,248.0
25,478,Improved FQL-GTA,337.0
25,479,Baseline FQL,243.0
25,479,Improved FQL-GTA,500.0
25,480,Baseline FQL,236.0
25,480,Improved FQL-GTA,288.0
25,481,Baseline FQL,262.0
25,481,Improved FQL-GTA,266.0
25,482,Baseline FQL,252.0
25,482,Improved FQL-GTA,361.0
25,483,Baseline FQL,272.0
25,483,Improved FQL-GTA,280.0
25,484,Baseline FQL,327.0
25,484,Improved FQL-GTA,236.0
25,485,Baseline FQL,304.0
25,485,Improved FQL-GTA,217.0
25,486,Baseline FQL,317.0
25,486,Improved FQL-GTA,260.0
25,487,Baseline FQL,332.0
25,487,Improved FQL-GTA,260.0
25,488,Baseline FQL,278.0
25,488,Improved FQL-GTA,235.0
25,489,Baseline FQL,259.0
25,489,Improved FQL-GTA,219.0
25,490,Baseline FQL,297.0
25,490,Improved FQL-GTA,248.0
25,491,Baseline FQL,224.0
25,491,Improved FQL-GTA,201.0
25,492,Baseline FQL,237.0
25,492,Improved FQL-GTA,238.0
25,493,Baseline FQL,261.0
25,493,Improved FQL-GTA,261.0
25,494,Baseline FQL,308.0
25,494,Improved FQL-GTA,223.0
25,495,Baseline FQL,288.0
25,495,Improved FQL-GTA,230.0
25,496,Baseline FQL,244.0
25,496,Improved FQL-GTA,252.0
25,497,Baseline FQL,238.0
25,497,Improved FQL-GTA,272.0
25,498,Baseline FQL,322.0
25,498,Improved FQL-GTA,235.0
25,499,Baseline FQL,266.0
25,499,Improved FQL-GTA,202.0
25,500,Baseline FQL,415.0
25,500,Improved FQL-GTA,254.0
26,1,Baseline FQL,10.0
26,1,Improved FQL-GTA,25.0
26,2,Baseline FQL,10.0
26,2,Improved FQL-GTA,13.0
26,3,Baseline FQL,9.0
26,3,Improved FQL-GTA,12.0
26,4,Baseline FQL,11.0
26,4,Improved FQL-GTA,47.0
26,5,Baseline FQL,12.0
26,5,Improved FQL-GTA,11.0
26,6,Baseline FQL,9.0
26,6,Improved FQL-GTA,36.0
26,7,Baseline FQL,10.0
26,7,Improved FQL-GTA,47.0
26,8,Baseline FQL,8.0
26,8,Improved FQL-GTA,24.0
26,9,Baseline FQL,10.0
26,9,Improved FQL-GTA,40.0
26,10,Baseline FQL,8.0
26,10,Improved FQL-GTA,15.0
26,11,Baseline FQL,8.0
26,11,Improved FQL-GTA,27.0
26,12,Baseline FQL,12.0
26,12,Improved FQL-GTA,19.0
26,13,Baseline FQL,9.0
26,13,Improved FQL-GTA,18.0
26,14,Baseline FQL,10.0
26,14,Improved FQL-GTA,83.0
26,15,Baseline FQL,8.0
26,15,Improved FQL-GTA,12.0
26,16,Baseline FQL,12.0
26,16,Improved FQL-GTA,57.0
26,17,Baseline FQL,8.0
26,17,Improved FQL-GTA,63.0
26,18,Baseline FQL,10.0
26,18,Improved FQL-GTA,64.0
26,19,Baseline FQL,9.0
26,19,Improved FQL-GTA,60.0
26,20,Baseline FQL,9.0
26,20,Improved FQL-GTA,52.0
26,21,Baseline FQL,10.0
26,21,Improved FQL-GTA,27.0
26,22,Baseline FQL,10.0
26,22,Improved FQL-GTA,27.0
26,23,Baseline FQL,9.0
26,23,Improved FQL-GTA,24.0
26,24,Baseline FQL,10.0
26,24,Improved FQL-GTA,149.0
26,25,Baseline FQL,9.0
26,25,Improved FQL-GTA,53.0
26,26,Baseline FQL,12.0
26,26,Improved FQL-GTA,169.0
26,27,Baseline FQL,10.0
26,27,Improved FQL-GTA,131.0
26,28,Baseline FQL,10.0
26,28,Improved FQL-GTA,35.0
26,29,Baseline FQL,10.0
26,29,Improved FQL-GTA,89.0
26,30,Baseline FQL,10.0
26,30,Improved FQL-GTA,214.0
26,31,Baseline FQL,8.0
26,31,Improved FQL-GTA,23.0
26,32,Baseline FQL,9.0
26,32,Improved FQL-GTA,369.0
26,33,Baseline FQL,11.0
26,33,Improved FQL-GTA,79.0
26,34,Baseline FQL,10.0
26,34,Improved FQL-GTA,203.0
26,35,Baseline FQL,12.0
26,35,Improved FQL-GTA,163.0
26,36,Baseline FQL,9.0
26,36,Improved FQL-GTA,206.0
26,37,Baseline FQL,9.0
26,37,Improved FQL-GTA,302.0
26,38,Baseline FQL,10.0
26,38,Improved FQL-GTA,163.0
26,39,Baseline FQL,10.0
26,39,Improved FQL-GTA,14.0
26,40,Baseline FQL,10.0
26,40,Improved FQL-GTA,318.0
26,41,Baseline FQL,10.0
26,41,Improved FQL-GTA,301.0
26,42,Baseline FQL,9.0
26,42,Improved FQL-GTA,141.0
26,43,Baseline FQL,10.0
26,43,Improved FQL-GTA,216.0
26,44,Baseline FQL,8.0
26,44,Improved FQL-GTA,500.0
26,45,Baseline FQL,10.0
26,45,Improved FQL-GTA,37.0
26,46,Baseline FQL,10.0
26,46,Improved FQL-GTA,62.0
26,47,Baseline FQL,12.0
26,47,Improved FQL-GTA,162.0
26,48,Baseline FQL,13.0
26,48,Improved FQL-GTA,243.0
26,49,Baseline FQL,9.0
26,49,Improved FQL-GTA,211.0
26,50,Baseline FQL,10.0
26,50,Improved FQL-GTA,214.0
26,51,Baseline FQL,10.0
26,51,Improved FQL-GTA,349.0
26,52,Baseline FQL,10.0
26,52,Improved FQL-GTA,208.0
26,53,Baseline FQL,9.0
26,53,Improved FQL-GTA,319.0
26,54,Baseline FQL,9.0
26,54,Improved FQL-GTA,211.0
26,55,Baseline FQL,10.0
26,55,Improved FQL-GTA,234.0
26,56,Baseline FQL,9.0
26,56,Improved FQL-GTA,344.0
26,57,Baseline FQL,10.0
26,57,Improved FQL-GTA,226.0
26,58,Baseline FQL,9.0
26,58,Improved FQL-GTA,267.0
26,59,Baseline FQL,9.0
26,59,Improved FQL-GTA,500.0
26,60,Baseline FQL,9.0
26,60,Improved FQL-GTA,391.0
26,61,Baseline FQL,9.0
26,61,Improved FQL-GTA,154.0
26,62,Baseline FQL,10.0
26,62,Improved FQL-GTA,368.0
26,63,Baseline FQL,9.0
26,63,Improved FQL-GTA,277.0
26,64,Baseline FQL,9.0
26,64,Improved FQL-GTA,179.0
26,65,Baseline FQL,11.0
26,65,Improved FQL-GTA,113.0
26,66,Baseline FQL,9.0
26,66,Improved FQL-GTA,258.0
26,67,Baseline FQL,13.0
26,67,Improved FQL-GTA,500.0
26,68,Baseline FQL,11.0
26,68,Improved FQL-GTA,259.0
26,69,Baseline FQL,9.0
26,69,Improved FQL-GTA,500.0
26,70,Baseline FQL,10.0
26,70,Improved FQL-GTA,194.0
26,71,Baseline FQL,9.0
26,71,Improved FQL-GTA,181.0
26,72,Baseline FQL,9.0
26,72,Improved FQL-GTA,141.0
26,73,Baseline FQL,10.0
26,73,Improved FQL-GTA,468.0
26,74,Baseline FQL,18.0
26,74,Improved FQL-GTA,323.0
26,75,Baseline FQL,10.0
26,75,Improved FQL-GTA,263.0
26,76,Baseline FQL,13.0
26,76,Improved FQL-GTA,393.0
26,77,Baseline FQL,12.0
26,77,Improved FQL-GTA,239.0
26,78,Baseline FQL,10.0
26,78,Improved FQL-GTA,310.0
26,79,Baseline FQL,12.0
26,79,Improved FQL-GTA,290.0
26,80,Baseline FQL,18.0
26,80,Improved FQL-GTA,500.0
26,81,Baseline FQL,21.0
26,81,Improved FQL-GTA,370.0
26,82,Baseline FQL,17.0
26,82,Improved FQL-GTA,448.0
26,83,Baseline FQL,18.0
26,83,Improved FQL-GTA,218.0
26,84,Baseline FQL,17.0
26,84,Improved FQL-GTA,500.0
26,85,Baseline FQL,13.0
26,85,Improved FQL-GTA,485.0
26,86,Baseline FQL,16.0
26,86,Improved FQL-GTA,129.0
26,87,Baseline FQL,12.0
26,87,Improved FQL-GTA,320.0
26,88,Baseline FQL,19.0
26,88,Improved FQL-GTA,82.0
26,89,Baseline FQL,17.0
26,89,Improved FQL-GTA,187.0
26,90,Baseline FQL,15.0
26,90,Improved FQL-GTA,215.0
26,91,Baseline FQL,11.0
26,91,Improved FQL-GTA,314.0
26,92,Baseline FQL,16.0
26,92,Improved FQL-GTA,324.0
26,93,Baseline FQL,17.0
26,93,Improved FQL-GTA,253.0
26,94,Baseline FQL,16.0
26,94,Improved FQL-GTA,500.0
26,95,Baseline FQL,22.0
26,95,Improved FQL-GTA,368.0
26,96,Baseline FQL,11.0
26,96,Improved FQL-GTA,402.0
26,97,Baseline FQL,21.0
26,97,Improved FQL-GTA,288.0
26,98,Baseline FQL,21.0
26,98,Improved FQL-GTA,256.0
26,99,Baseline FQL,11.0
26,99,Improved FQL-GTA,262.0
26,100,Baseline FQL,21.0
26,100,Improved FQL-GTA,500.0
26,101,Baseline FQL,25.0
26,101,Improved FQL-GTA,368.0
26,102,Baseline FQL,18.0
26,102,Improved FQL-GTA,500.0
26,103,Baseline FQL,17.0
26,103,Improved FQL-GTA,157.0
26,104,Baseline FQL,11.0
26,104,Improved FQL-GTA,164.0
26,105,Baseline FQL,20.0
26,105,Improved FQL-GTA,371.0
26,106,Baseline FQL,17.0
26,106,Improved FQL-GTA,500.0
26,107,Baseline FQL,13.0
26,107,Improved FQL-GTA,500.0
26,108,Baseline FQL,17.0
26,108,Improved FQL-GTA,326.0
26,109,Baseline FQL,16.0
26,109,Improved FQL-GTA,241.0
26,110,Baseline FQL,11.0
26,110,Improved FQL-GTA,500.0
26,111,Baseline FQL,23.0
26,111,Improved FQL-GTA,432.0
26,112,Baseline FQL,19.0
26,112,Improved FQL-GTA,417.0
26,113,Baseline FQL,15.0
26,113,Improved FQL-GTA,325.0
26,114,Baseline FQL,22.0
26,114,Improved FQL-GTA,247.0
26,115,Baseline FQL,13.0
26,115,Improved FQL-GTA,500.0
26,116,Baseline FQL,27.0
26,116,Improved FQL-GTA,443.0
26,117,Baseline FQL,15.0
26,117,Improved FQL-GTA,484.0
26,118,Baseline FQL,15.0
26,118,Improved FQL-GTA,270.0
26,119,Baseline FQL,22.0
26,119,Improved FQL-GTA,418.0
26,120,Baseline FQL,12.0
26,120,Improved FQL-GTA,321.0
26,121,Baseline FQL,14.0
26,121,Improved FQL-GTA,344.0
26,122,Baseline FQL,15.0
26,122,Improved FQL-GTA,500.0
26,123,Baseline FQL,15.0
26,123,Improved FQL-GTA,255.0
26,124,Baseline FQL,19.0
26,124,Improved FQL-GTA,359.0
26,125,Baseline FQL,17.0
26,125,Improved FQL-GTA,500.0
26,126,Baseline FQL,13.0
26,126,Improved FQL-GTA,478.0
26,127,Baseline FQL,28.0
26,127,Improved FQL-GTA,402.0
26,128,Baseline FQL,21.0
26,128,Improved FQL-GTA,301.0
26,129,Baseline FQL,21.0
26,129,Improved FQL-GTA,464.0
26,130,Baseline FQL,17.0
26,130,Improved FQL-GTA,500.0
26,131,Baseline FQL,26.0
26,131,Improved FQL-GTA,433.0
26,132,Baseline FQL,19.0
26,132,Improved FQL-GTA,500.0
26,133,Baseline FQL,17.0
26,133,Improved FQL-GTA,500.0
26,134,Baseline FQL,21.0
26,134,Improved FQL-GTA,463.0
26,135,Baseline FQL,17.0
26,135,Improved FQL-GTA,452.0
26,136,Baseline FQL,21.0
26,136,Improved FQL-GTA,477.0
26,137,Baseline FQL,13.0
26,137,Improved FQL-GTA,500.0
26,138,Baseline FQL,15.0
26,138,Improved FQL-GTA,481.0
26,139,Baseline FQL,21.0
26,139,Improved FQL-GTA,500.0
26,140,Baseline FQL,13.0
26,140,Improved FQL-GTA,500.0
26,141,Baseline FQL,13.0
26,141,Improved FQL-GTA,500.0
26,142,Baseline FQL,14.0
26,142,Improved FQL-GTA,500.0
26,143,Baseline FQL,12.0
26,143,Improved FQL-GTA,295.0
26,144,Baseline FQL,15.0
26,144,Improved FQL-GTA,245.0
26,145,Baseline FQL,11.0
26,145,Improved FQL-GTA,252.0
26,146,Baseline FQL,15.0
26,146,Improved FQL-GTA,290.0
26,147,Baseline FQL,15.0
26,147,Improved FQL-GTA,258.0
26,148,Baseline FQL,23.0
26,148,Improved FQL-GTA,411.0
26,149,Baseline FQL,11.0
26,149,Improved FQL-GTA,236.0
26,150,Baseline FQL,25.0
26,150,Improved FQL-GTA,195.0
26,151,Baseline FQL,11.0
26,151,Improved FQL-GTA,276.0
26,152,Baseline FQL,14.0
26,152,Improved FQL-GTA,456.0
26,153,Baseline FQL,22.0
26,153,Improved FQL-GTA,433.0
26,154,Baseline FQL,11.0
26,154,Improved FQL-GTA,495.0
26,155,Baseline FQL,15.0
26,155,Improved FQL-GTA,488.0
26,156,Baseline FQL,16.0
26,156,Improved FQL-GTA,500.0
26,157,Baseline FQL,17.0
26,157,Improved FQL-GTA,500.0
26,158,Baseline FQL,15.0
26,158,Improved FQL-GTA,500.0
26,159,Baseline FQL,11.0
26,159,Improved FQL-GTA,500.0
26,160,Baseline FQL,19.0
26,160,Improved FQL-GTA,500.0
26,161,Baseline FQL,11.0
26,161,Improved FQL-GTA,500.0
26,162,Baseline FQL,23.0
26,162,Improved FQL-GTA,489.0
26,163,Baseline FQL,17.0
26,163,Improved FQL-GTA,283.0
26,164,Baseline FQL,21.0
26,164,Improved FQL-GTA,478.0
26,165,Baseline FQL,15.0
26,165,Improved FQL-GTA,473.0
26,166,Baseline FQL,24.0
26,166,Improved FQL-GTA,249.0
26,167,Baseline FQL,23.0
26,167,Improved FQL-GTA,304.0
26,168,Baseline FQL,14.0
26,168,Improved FQL-GTA,490.0
26,169,Baseline FQL,21.0
26,169,Improved FQL-GTA,491.0
26,170,Baseline FQL,13.0
26,170,Improved FQL-GTA,210.0
26,171,Baseline FQL,13.0
26,171,Improved FQL-GTA,205.0
26,172,Baseline FQL,12.0
26,172,Improved FQL-GTA,240.0
26,173,Baseline FQL,16.0
26,173,Improved FQL-GTA,500.0
26,174,Baseline FQL,24.0
26,174,Improved FQL-GTA,222.0
26,175,Baseline FQL,19.0
26,175,Improved FQL-GTA,167.0
26,176,Baseline FQL,26.0
26,176,Improved FQL-GTA,181.0
26,177,Baseline FQL,18.0
26,177,Improved FQL-GTA,460.0
26,178,Baseline FQL,23.0
26,178,Improved FQL-GTA,500.0
26,179,Baseline FQL,17.0
26,179,Improved FQL-GTA,500.0
26,180,Baseline FQL,13.0
26,180,Improved FQL-GTA,500.0
26,181,Baseline FQL,11.0
26,181,Improved FQL-GTA,500.0
26,182,Baseline FQL,17.0
26,182,Improved FQL-GTA,500.0
26,183,Baseline FQL,32.0
26,183,Improved FQL-GTA,500.0
26,184,Baseline FQL,15.0
26,184,Improved FQL-GTA,500.0
26,185,Baseline FQL,17.0
26,185,Improved FQL-GTA,500.0
26,186,Baseline FQL,20.0
26,186,Improved FQL-GTA,500.0
26,187,Baseline FQL,18.0
26,187,Improved FQL-GTA,500.0
26,188,Baseline FQL,17.0
26,188,Improved FQL-GTA,500.0
26,189,Baseline FQL,23.0
26,189,Improved FQL-GTA,500.0
26,190,Baseline FQL,11.0
26,190,Improved FQL-GTA,500.0
26,191,Baseline FQL,17.0
26,191,Improved FQL-GTA,500.0
26,192,Baseline FQL,13.0
26,192,Improved FQL-GTA,500.0
26,193,Baseline FQL,13.0
26,193,Improved FQL-GTA,500.0
26,194,Baseline FQL,13.0
26,194,Improved FQL-GTA,500.0
26,195,Baseline FQL,13.0
26,195,Improved FQL-GTA,471.0
26,196,Baseline FQL,17.0
26,196,Improved FQL-GTA,194.0
26,197,Baseline FQL,19.0
26,197,Improved FQL-GTA,500.0
26,198,Baseline FQL,21.0
26,198,Improved FQL-GTA,420.0
26,199,Baseline FQL,24.0
26,199,Improved FQL-GTA,205.0
26,200,Baseline FQL,17.0
26,200,Improved FQL-GTA,500.0
26,201,Baseline FQL,17.0
26,201,Improved FQL-GTA,500.0
26,202,Baseline FQL,33.0
26,202,Improved FQL-GTA,500.0
26,203,Baseline FQL,23.0
26,203,Improved FQL-GTA,500.0
26,204,Baseline FQL,35.0
26,204,Improved FQL-GTA,500.0
26,205,Baseline FQL,13.0
26,205,Improved FQL-GTA,500.0
26,206,Baseline FQL,28.0
26,206,Improved FQL-GTA,500.0
26,207,Baseline FQL,22.0
26,207,Improved FQL-GTA,500.0
26,208,Baseline FQL,30.0
26,208,Improved FQL-GTA,500.0
26,209,Baseline FQL,27.0
26,209,Improved FQL-GTA,500.0
26,210,Baseline FQL,33.0
26,210,Improved FQL-GTA,470.0
26,211,Baseline FQL,15.0
26,211,Improved FQL-GTA,500.0
26,212,Baseline FQL,34.0
26,212,Improved FQL-GTA,500.0
26,213,Baseline FQL,20.0
26,213,Improved FQL-GTA,500.0
26,214,Baseline FQL,24.0
26,214,Improved FQL-GTA,473.0
26,215,Baseline FQL,28.0
26,215,Improved FQL-GTA,424.0
26,216,Baseline FQL,20.0
26,216,Improved FQL-GTA,460.0
26,217,Baseline FQL,19.0
26,217,Improved FQL-GTA,293.0
26,218,Baseline FQL,15.0
26,218,Improved FQL-GTA,253.0
26,219,Baseline FQL,28.0
26,219,Improved FQL-GTA,500.0
26,220,Baseline FQL,38.0
26,220,Improved FQL-GTA,244.0
26,221,Baseline FQL,20.0
26,221,Improved FQL-GTA,184.0
26,222,Baseline FQL,28.0
26,222,Improved FQL-GTA,181.0
26,223,Baseline FQL,30.0
26,223,Improved FQL-GTA,188.0
26,224,Baseline FQL,19.0
26,224,Improved FQL-GTA,189.0
26,225,Baseline FQL,29.0
26,225,Improved FQL-GTA,464.0
26,226,Baseline FQL,26.0
26,226,Improved FQL-GTA,206.0
26,227,Baseline FQL,20.0
26,227,Improved FQL-GTA,248.0
26,228,Baseline FQL,28.0
26,228,Improved FQL-GTA,500.0
26,229,Baseline FQL,25.0
26,229,Improved FQL-GTA,500.0
26,230,Baseline FQL,22.0
26,230,Improved FQL-GTA,500.0
26,231,Baseline FQL,15.0
26,231,Improved FQL-GTA,500.0
26,232,Baseline FQL,23.0
26,232,Improved FQL-GTA,500.0
26,233,Baseline FQL,20.0
26,233,Improved FQL-GTA,500.0
26,234,Baseline FQL,20.0
26,234,Improved FQL-GTA,500.0
26,235,Baseline FQL,24.0
26,235,Improved FQL-GTA,500.0
26,236,Baseline FQL,20.0
26,236,Improved FQL-GTA,500.0
26,237,Baseline FQL,17.0
26,237,Improved FQL-GTA,500.0
26,238,Baseline FQL,39.0
26,238,Improved FQL-GTA,500.0
26,239,Baseline FQL,30.0
26,239,Improved FQL-GTA,500.0
26,240,Baseline FQL,18.0
26,240,Improved FQL-GTA,500.0
26,241,Baseline FQL,20.0
26,241,Improved FQL-GTA,500.0
26,242,Baseline FQL,22.0
26,242,Improved FQL-GTA,500.0
26,243,Baseline FQL,17.0
26,243,Improved FQL-GTA,500.0
26,244,Baseline FQL,27.0
26,244,Improved FQL-GTA,414.0
26,245,Baseline FQL,27.0
26,245,Improved FQL-GTA,500.0
26,246,Baseline FQL,46.0
26,246,Improved FQL-GTA,500.0
26,247,Baseline FQL,22.0
26,247,Improved FQL-GTA,500.0
26,248,Baseline FQL,22.0
26,248,Improved FQL-GTA,500.0
26,249,Baseline FQL,25.0
26,249,Improved FQL-GTA,500.0
26,250,Baseline FQL,38.0
26,250,Improved FQL-GTA,500.0
26,251,Baseline FQL,54.0
26,251,Improved FQL-GTA,461.0
26,252,Baseline FQL,43.0
26,252,Improved FQL-GTA,429.0
26,253,Baseline FQL,26.0
26,253,Improved FQL-GTA,469.0
26,254,Baseline FQL,56.0
26,254,Improved FQL-GTA,500.0
26,255,Baseline FQL,20.0
26,255,Improved FQL-GTA,500.0
26,256,Baseline FQL,60.0
26,256,Improved FQL-GTA,500.0
26,257,Baseline FQL,28.0
26,257,Improved FQL-GTA,500.0
26,258,Baseline FQL,52.0
26,258,Improved FQL-GTA,490.0
26,259,Baseline FQL,34.0
26,259,Improved FQL-GTA,496.0
26,260,Baseline FQL,20.0
26,260,Improved FQL-GTA,500.0
26,261,Baseline FQL,96.0
26,261,Improved FQL-GTA,500.0
26,262,Baseline FQL,32.0
26,262,Improved FQL-GTA,494.0
26,263,Baseline FQL,14.0
26,263,Improved FQL-GTA,201.0
26,264,Baseline FQL,48.0
26,264,Improved FQL-GTA,187.0
26,265,Baseline FQL,124.0
26,265,Improved FQL-GTA,210.0
26,266,Baseline FQL,49.0
26,266,Improved FQL-GTA,253.0
26,267,Baseline FQL,47.0
26,267,Improved FQL-GTA,318.0
26,268,Baseline FQL,72.0
26,268,Improved FQL-GTA,500.0
26,269,Baseline FQL,44.0
26,269,Improved FQL-GTA,500.0
26,270,Baseline FQL,16.0
26,270,Improved FQL-GTA,500.0
26,271,Baseline FQL,125.0
26,271,Improved FQL-GTA,500.0
26,272,Baseline FQL,66.0
26,272,Improved FQL-GTA,500.0
26,273,Baseline FQL,114.0
26,273,Improved FQL-GTA,500.0
26,274,Baseline FQL,122.0
26,274,Improved FQL-GTA,500.0
26,275,Baseline FQL,166.0
26,275,Improved FQL-GTA,500.0
26,276,Baseline FQL,63.0
26,276,Improved FQL-GTA,500.0
26,277,Baseline FQL,103.0
26,277,Improved FQL-GTA,419.0
26,278,Baseline FQL,54.0
26,278,Improved FQL-GTA,378.0
26,279,Baseline FQL,68.0
26,279,Improved FQL-GTA,391.0
26,280,Baseline FQL,91.0
26,280,Improved FQL-GTA,467.0
26,281,Baseline FQL,127.0
26,281,Improved FQL-GTA,500.0
26,282,Baseline FQL,43.0
26,282,Improved FQL-GTA,500.0
26,283,Baseline FQL,17.0
26,283,Improved FQL-GTA,500.0
26,284,Baseline FQL,134.0
26,284,Improved FQL-GTA,500.0
26,285,Baseline FQL,78.0
26,285,Improved FQL-GTA,500.0
26,286,Baseline FQL,177.0
26,286,Improved FQL-GTA,500.0
26,287,Baseline FQL,106.0
26,287,Improved FQL-GTA,500.0
26,288,Baseline FQL,53.0
26,288,Improved FQL-GTA,500.0
26,289,Baseline FQL,181.0
26,289,Improved FQL-GTA,500.0
26,290,Baseline FQL,104.0
26,290,Improved FQL-GTA,500.0
26,291,Baseline FQL,32.0
26,291,Improved FQL-GTA,500.0
26,292,Baseline FQL,203.0
26,292,Improved FQL-GTA,496.0
26,293,Baseline FQL,297.0
26,293,Improved FQL-GTA,474.0
26,294,Baseline FQL,138.0
26,294,Improved FQL-GTA,500.0
26,295,Baseline FQL,209.0
26,295,Improved FQL-GTA,500.0
26,296,Baseline FQL,90.0
26,296,Improved FQL-GTA,500.0
26,297,Baseline FQL,95.0
26,297,Improved FQL-GTA,500.0
26,298,Baseline FQL,31.0
26,298,Improved FQL-GTA,388.0
26,299,Baseline FQL,155.0
26,299,Improved FQL-GTA,500.0
26,300,Baseline FQL,203.0
26,300,Improved FQL-GTA,500.0
26,301,Baseline FQL,172.0
26,301,Improved FQL-GTA,500.0
26,302,Baseline FQL,185.0
26,302,Improved FQL-GTA,500.0
26,303,Baseline FQL,118.0
26,303,Improved FQL-GTA,500.0
26,304,Baseline FQL,182.0
26,304,Improved FQL-GTA,408.0
26,305,Baseline FQL,291.0
26,305,Improved FQL-GTA,500.0
26,306,Baseline FQL,113.0
26,306,Improved FQL-GTA,500.0
26,307,Baseline FQL,161.0
26,307,Improved FQL-GTA,500.0
26,308,Baseline FQL,168.0
26,308,Improved FQL-GTA,500.0
26,309,Baseline FQL,132.0
26,309,Improved FQL-GTA,500.0
26,310,Baseline FQL,190.0
26,310,Improved FQL-GTA,500.0
26,311,Baseline FQL,144.0
26,311,Improved FQL-GTA,500.0
26,312,Baseline FQL,198.0
26,312,Improved FQL-GTA,500.0
26,313,Baseline FQL,341.0
26,313,Improved FQL-GTA,500.0
26,314,Baseline FQL,193.0
26,314,Improved FQL-GTA,276.0
26,315,Baseline FQL,104.0
26,315,Improved FQL-GTA,475.0
26,316,Baseline FQL,110.0
26,316,Improved FQL-GTA,210.0
26,317,Baseline FQL,235.0
26,317,Improved FQL-GTA,438.0
26,318,Baseline FQL,78.0
26,318,Improved FQL-GTA,458.0
26,319,Baseline FQL,148.0
26,319,Improved FQL-GTA,500.0
26,320,Baseline FQL,243.0
26,320,Improved FQL-GTA,500.0
26,321,Baseline FQL,246.0
26,321,Improved FQL-GTA,454.0
26,322,Baseline FQL,299.0
26,322,Improved FQL-GTA,215.0
26,323,Baseline FQL,400.0
26,323,Improved FQL-GTA,500.0
26,324,Baseline FQL,328.0
26,324,Improved FQL-GTA,500.0
26,325,Baseline FQL,112.0
26,325,Improved FQL-GTA,500.0
26,326,Baseline FQL,266.0
26,326,Improved FQL-GTA,500.0
26,327,Baseline FQL,161.0
26,327,Improved FQL-GTA,490.0
26,328,Baseline FQL,234.0
26,328,Improved FQL-GTA,474.0
26,329,Baseline FQL,273.0
26,329,Improved FQL-GTA,472.0
26,330,Baseline FQL,255.0
26,330,Improved FQL-GTA,500.0
26,331,Baseline FQL,98.0
26,331,Improved FQL-GTA,482.0
26,332,Baseline FQL,217.0
26,332,Improved FQL-GTA,473.0
26,333,Baseline FQL,231.0
26,333,Improved FQL-GTA,267.0
26,334,Baseline FQL,240.0
26,334,Improved FQL-GTA,500.0
26,335,Baseline FQL,257.0
26,335,Improved FQL-GTA,269.0
26,336,Baseline FQL,200.0
26,336,Improved FQL-GTA,487.0
26,337,Baseline FQL,224.0
26,337,Improved FQL-GTA,500.0
26,338,Baseline FQL,251.0
26,338,Improved FQL-GTA,221.0
26,339,Baseline FQL,225.0
26,339,Improved FQL-GTA,463.0
26,340,Baseline FQL,255.0
26,340,Improved FQL-GTA,205.0
26,341,Baseline FQL,226.0
26,341,Improved FQL-GTA,492.0
26,342,Baseline FQL,283.0
26,342,Improved FQL-GTA,500.0
26,343,Baseline FQL,259.0
26,343,Improved FQL-GTA,500.0
26,344,Baseline FQL,207.0
26,344,Improved FQL-GTA,218.0
26,345,Baseline FQL,315.0
26,345,Improved FQL-GTA,203.0
26,346,Baseline FQL,260.0
26,346,Improved FQL-GTA,254.0
26,347,Baseline FQL,229.0
26,347,Improved FQL-GTA,500.0
26,348,Baseline FQL,273.0
26,348,Improved FQL-GTA,186.0
26,349,Baseline FQL,242.0
26,349,Improved FQL-GTA,494.0
26,350,Baseline FQL,168.0
26,350,Improved FQL-GTA,194.0
26,351,Baseline FQL,90.0
26,351,Improved FQL-GTA,491.0
26,352,Baseline FQL,238.0
26,352,Improved FQL-GTA,500.0
26,353,Baseline FQL,211.0
26,353,Improved FQL-GTA,474.0
26,354,Baseline FQL,219.0
26,354,Improved FQL-GTA,476.0
26,355,Baseline FQL,245.0
26,355,Improved FQL-GTA,200.0
26,356,Baseline FQL,406.0
26,356,Improved FQL-GTA,202.0
26,357,Baseline FQL,242.0
26,357,Improved FQL-GTA,500.0
26,358,Baseline FQL,272.0
26,358,Improved FQL-GTA,500.0
26,359,Baseline FQL,343.0
26,359,Improved FQL-GTA,298.0
26,360,Baseline FQL,175.0
26,360,Improved FQL-GTA,500.0
26,361,Baseline FQL,228.0
26,361,Improved FQL-GTA,500.0
26,362,Baseline FQL,247.0
26,362,Improved FQL-GTA,500.0
26,363,Baseline FQL,428.0
26,363,Improved FQL-GTA,500.0
26,364,Baseline FQL,294.0
26,364,Improved FQL-GTA,500.0
26,365,Baseline FQL,298.0
26,365,Improved FQL-GTA,500.0
26,366,Baseline FQL,259.0
26,366,Improved FQL-GTA,479.0
26,367,Baseline FQL,250.0
26,367,Improved FQL-GTA,500.0
26,368,Baseline FQL,500.0
26,368,Improved FQL-GTA,486.0
26,369,Baseline FQL,230.0
26,369,Improved FQL-GTA,414.0
26,370,Baseline FQL,424.0
26,370,Improved FQL-GTA,385.0
26,371,Baseline FQL,248.0
26,371,Improved FQL-GTA,459.0
26,372,Baseline FQL,283.0
26,372,Improved FQL-GTA,434.0
26,373,Baseline FQL,257.0
26,373,Improved FQL-GTA,500.0
26,374,Baseline FQL,332.0
26,374,Improved FQL-GTA,500.0
26,375,Baseline FQL,265.0
26,375,Improved FQL-GTA,500.0
26,376,Baseline FQL,250.0
26,376,Improved FQL-GTA,500.0
26,377,Baseline FQL,285.0
26,377,Improved FQL-GTA,500.0
26,378,Baseline FQL,252.0
26,378,Improved FQL-GTA,500.0
26,379,Baseline FQL,326.0
26,379,Improved FQL-GTA,500.0
26,380,Baseline FQL,96.0
26,380,Improved FQL-GTA,500.0
26,381,Baseline FQL,254.0
26,381,Improved FQL-GTA,500.0
26,382,Baseline FQL,326.0
26,382,Improved FQL-GTA,500.0
26,383,Baseline FQL,207.0
26,383,Improved FQL-GTA,500.0
26,384,Baseline FQL,247.0
26,384,Improved FQL-GTA,500.0
26,385,Baseline FQL,375.0
26,385,Improved FQL-GTA,500.0
26,386,Baseline FQL,204.0
26,386,Improved FQL-GTA,500.0
26,387,Baseline FQL,338.0
26,387,Improved FQL-GTA,500.0
26,388,Baseline FQL,235.0
26,388,Improved FQL-GTA,500.0
26,389,Baseline FQL,267.0
26,389,Improved FQL-GTA,500.0
26,390,Baseline FQL,279.0
26,390,Improved FQL-GTA,260.0
26,391,Baseline FQL,247.0
26,391,Improved FQL-GTA,474.0
26,392,Baseline FQL,223.0
26,392,Improved FQL-GTA,500.0
26,393,Baseline FQL,267.0
26,393,Improved FQL-GTA,500.0
26,394,Baseline FQL,287.0
26,394,Improved FQL-GTA,483.0
26,395,Baseline FQL,216.0
26,395,Improved FQL-GTA,237.0
26,396,Baseline FQL,269.0
26,396,Improved FQL-GTA,500.0
26,397,Baseline FQL,247.0
26,397,Improved FQL-GTA,500.0
26,398,Baseline FQL,238.0
26,398,Improved FQL-GTA,248.0
26,399,Baseline FQL,256.0
26,399,Improved FQL-GTA,483.0
26,400,Baseline FQL,356.0
26,400,Improved FQL-GTA,500.0
26,401,Baseline FQL,381.0
26,401,Improved FQL-GTA,500.0
26,402,Baseline FQL,216.0
26,402,Improved FQL-GTA,366.0
26,403,Baseline FQL,247.0
26,403,Improved FQL-GTA,500.0
26,404,Baseline FQL,243.0
26,404,Improved FQL-GTA,423.0
26,405,Baseline FQL,252.0
26,405,Improved FQL-GTA,441.0
26,406,Baseline FQL,235.0
26,406,Improved FQL-GTA,412.0
26,407,Baseline FQL,274.0
26,407,Improved FQL-GTA,418.0
26,408,Baseline FQL,247.0
26,408,Improved FQL-GTA,418.0
26,409,Baseline FQL,466.0
26,409,Improved FQL-GTA,441.0
26,410,Baseline FQL,157.0
26,410,Improved FQL-GTA,500.0
26,411,Baseline FQL,156.0
26,411,Improved FQL-GTA,500.0
26,412,Baseline FQL,409.0
26,412,Improved FQL-GTA,500.0
26,413,Baseline FQL,225.0
26,413,Improved FQL-GTA,500.0
26,414,Baseline FQL,212.0
26,414,Improved FQL-GTA,500.0
26,415,Baseline FQL,301.0
26,415,Improved FQL-GTA,500.0
26,416,Baseline FQL,279.0
26,416,Improved FQL-GTA,500.0
26,417,Baseline FQL,353.0
26,417,Improved FQL-GTA,500.0
26,418,Baseline FQL,275.0
26,418,Improved FQL-GTA,500.0
26,419,Baseline FQL,237.0
26,419,Improved FQL-GTA,500.0
26,420,Baseline FQL,229.0
26,420,Improved FQL-GTA,500.0
26,421,Baseline FQL,231.0
26,421,Improved FQL-GTA,500.0
26,422,Baseline FQL,295.0
26,422,Improved FQL-GTA,500.0
26,423,Baseline FQL,240.0
26,423,Improved FQL-GTA,500.0
26,424,Baseline FQL,246.0
26,424,Improved FQL-GTA,500.0
26,425,Baseline FQL,273.0
26,425,Improved FQL-GTA,500.0
26,426,Baseline FQL,306.0
26,426,Improved FQL-GTA,500.0
26,427,Baseline FQL,302.0
26,427,Improved FQL-GTA,500.0
26,428,Baseline FQL,236.0
26,428,Improved FQL-GTA,500.0
26,429,Baseline FQL,437.0
26,429,Improved FQL-GTA,500.0
26,430,Baseline FQL,317.0
26,430,Improved FQL-GTA,327.0
26,431,Baseline FQL,413.0
26,431,Improved FQL-GTA,500.0
26,432,Baseline FQL,328.0
26,432,Improved FQL-GTA,438.0
26,433,Baseline FQL,218.0
26,433,Improved FQL-GTA,500.0
26,434,Baseline FQL,231.0
26,434,Improved FQL-GTA,500.0
26,435,Baseline FQL,348.0
26,435,Improved FQL-GTA,500.0
26,436,Baseline FQL,231.0
26,436,Improved FQL-GTA,500.0
26,437,Baseline FQL,261.0
26,437,Improved FQL-GTA,464.0
26,438,Baseline FQL,260.0
26,438,Improved FQL-GTA,500.0
26,439,Baseline FQL,314.0
26,439,Improved FQL-GTA,463.0
26,440,Baseline FQL,210.0
26,440,Improved FQL-GTA,442.0
26,441,Baseline FQL,321.0
26,441,Improved FQL-GTA,469.0
26,442,Baseline FQL,361.0
26,442,Improved FQL-GTA,424.0
26,443,Baseline FQL,252.0
26,443,Improved FQL-GTA,500.0
26,444,Baseline FQL,356.0
26,444,Improved FQL-GTA,500.0
26,445,Baseline FQL,230.0
26,445,Improved FQL-GTA,500.0
26,446,Baseline FQL,239.0
26,446,Improved FQL-GTA,500.0
26,447,Baseline FQL,304.0
26,447,Improved FQL-GTA,500.0
26,448,Baseline FQL,248.0
26,448,Improved FQL-GTA,500.0
26,449,Baseline FQL,310.0
26,449,Improved FQL-GTA,500.0
26,450,Baseline FQL,413.0
26,450,Improved FQL-GTA,500.0
26,451,Baseline FQL,351.0
26,451,Improved FQL-GTA,500.0
26,452,Baseline FQL,307.0
26,452,Improved FQL-GTA,500.0
26,453,Baseline FQL,236.0
26,453,Improved FQL-GTA,500.0
26,454,Baseline FQL,281.0
26,454,Improved FQL-GTA,500.0
26,455,Baseline FQL,358.0
26,455,Improved FQL-GTA,500.0
26,456,Baseline FQL,236.0
26,456,Improved FQL-GTA,500.0
26,457,Baseline FQL,226.0
26,457,Improved FQL-GTA,500.0
26,458,Baseline FQL,235.0
26,458,Improved FQL-GTA,500.0
26,459,Baseline FQL,237.0
26,459,Improved FQL-GTA,500.0
26,460,Baseline FQL,305.0
26,460,Improved FQL-GTA,500.0
26,461,Baseline FQL,268.0
26,461,Improved FQL-GTA,500.0
26,462,Baseline FQL,274.0
26,462,Improved FQL-GTA,500.0
26,463,Baseline FQL,320.0
26,463,Improved FQL-GTA,500.0
26,464,Baseline FQL,258.0
26,464,Improved FQL-GTA,500.0
26,465,Baseline FQL,265.0
26,465,Improved FQL-GTA,500.0
26,466,Baseline FQL,269.0
26,466,Improved FQL-GTA,500.0
26,467,Baseline FQL,256.0
26,467,Improved FQL-GTA,500.0
26,468,Baseline FQL,222.0
26,468,Improved FQL-GTA,500.0
26,469,Baseline FQL,231.0
26,469,Improved FQL-GTA,500.0
26,470,Baseline FQL,281.0
26,470,Improved FQL-GTA,500.0
26,471,Baseline FQL,337.0
26,471,Improved FQL-GTA,500.0
26,472,Baseline FQL,259.0
26,472,Improved FQL-GTA,460.0
26,473,Baseline FQL,352.0
26,473,Improved FQL-GTA,500.0
26,474,Baseline FQL,284.0
26,474,Improved FQL-GTA,497.0
26,475,Baseline FQL,236.0
26,475,Improved FQL-GTA,394.0
26,476,Baseline FQL,289.0
26,476,Improved FQL-GTA,500.0
26,477,Baseline FQL,282.0
26,477,Improved FQL-GTA,423.0
26,478,Baseline FQL,292.0
26,478,Improved FQL-GTA,500.0
26,479,Baseline FQL,279.0
26,479,Improved FQL-GTA,484.0
26,480,Baseline FQL,300.0
26,480,Improved FQL-GTA,500.0
26,481,Baseline FQL,275.0
26,481,Improved FQL-GTA,500.0
26,482,Baseline FQL,268.0
26,482,Improved FQL-GTA,500.0
26,483,Baseline FQL,302.0
26,483,Improved FQL-GTA,500.0
26,484,Baseline FQL,221.0
26,484,Improved FQL-GTA,500.0
26,485,Baseline FQL,323.0
26,485,Improved FQL-GTA,500.0
26,486,Baseline FQL,274.0
26,486,Improved FQL-GTA,500.0
26,487,Baseline FQL,421.0
26,487,Improved FQL-GTA,500.0
26,488,Baseline FQL,307.0
26,488,Improved FQL-GTA,500.0
26,489,Baseline FQL,239.0
26,489,Improved FQL-GTA,500.0
26,490,Baseline FQL,392.0
26,490,Improved FQL-GTA,500.0
26,491,Baseline FQL,237.0
26,491,Improved FQL-GTA,500.0
26,492,Baseline FQL,225.0
26,492,Improved FQL-GTA,500.0
26,493,Baseline FQL,320.0
26,493,Improved FQL-GTA,500.0
26,494,Baseline FQL,306.0
26,494,Improved FQL-GTA,500.0
26,495,Baseline FQL,229.0
26,495,Improved FQL-GTA,500.0
26,496,Baseline FQL,220.0
26,496,Improved FQL-GTA,500.0
26,497,Baseline FQL,392.0
26,497,Improved FQL-GTA,500.0
26,498,Baseline FQL,224.0
26,498,Improved FQL-GTA,500.0
26,499,Baseline FQL,276.0
26,499,Improved FQL-GTA,500.0
26,500,Baseline FQL,245.0
26,500,Improved FQL-GTA,500.0
27,1,Baseline FQL,11.0
27,1,Improved FQL-GTA,15.0
27,2,Baseline FQL,9.0
27,2,Improved FQL-GTA,20.0
27,3,Baseline FQL,9.0
27,3,Improved FQL-GTA,13.0
27,4,Baseline FQL,10.0
27,4,Improved FQL-GTA,16.0
27,5,Baseline FQL,9.0
27,5,Improved FQL-GTA,14.0
27,6,Baseline FQL,12.0
27,6,Improved FQL-GTA,15.0
27,7,Baseline FQL,11.0
27,7,Improved FQL-GTA,20.0
27,8,Baseline FQL,10.0
27,8,Improved FQL-GTA,12.0
27,9,Baseline FQL,10.0
27,9,Improved FQL-GTA,8.0
27,10,Baseline FQL,8.0
27,10,Improved FQL-GTA,10.0
27,11,Baseline FQL,10.0
27,11,Improved FQL-GTA,13.0
27,12,Baseline FQL,10.0
27,12,Improved FQL-GTA,9.0
27,13,Baseline FQL,16.0
27,13,Improved FQL-GTA,13.0
27,14,Baseline FQL,8.0
27,14,Improved FQL-GTA,9.0
27,15,Baseline FQL,10.0
27,15,Improved FQL-GTA,11.0
27,16,Baseline FQL,10.0
27,16,Improved FQL-GTA,22.0
27,17,Baseline FQL,10.0
27,17,Improved FQL-GTA,12.0
27,18,Baseline FQL,9.0
27,18,Improved FQL-GTA,12.0
27,19,Baseline FQL,9.0
27,19,Improved FQL-GTA,10.0
27,20,Baseline FQL,10.0
27,20,Improved FQL-GTA,14.0
27,21,Baseline FQL,10.0
27,21,Improved FQL-GTA,10.0
27,22,Baseline FQL,9.0
27,22,Improved FQL-GTA,11.0
27,23,Baseline FQL,10.0
27,23,Improved FQL-GTA,16.0
27,24,Baseline FQL,11.0
27,24,Improved FQL-GTA,12.0
27,25,Baseline FQL,10.0
27,25,Improved FQL-GTA,12.0
27,26,Baseline FQL,10.0
27,26,Improved FQL-GTA,20.0
27,27,Baseline FQL,10.0
27,27,Improved FQL-GTA,14.0
27,28,Baseline FQL,10.0
27,28,Improved FQL-GTA,14.0
27,29,Baseline FQL,10.0
27,29,Improved FQL-GTA,31.0
27,30,Baseline FQL,8.0
27,30,Improved FQL-GTA,14.0
27,31,Baseline FQL,9.0
27,31,Improved FQL-GTA,12.0
27,32,Baseline FQL,10.0
27,32,Improved FQL-GTA,16.0
27,33,Baseline FQL,12.0
27,33,Improved FQL-GTA,24.0
27,34,Baseline FQL,12.0
27,34,Improved FQL-GTA,20.0
27,35,Baseline FQL,11.0
27,35,Improved FQL-GTA,12.0
27,36,Baseline FQL,9.0
27,36,Improved FQL-GTA,14.0
27,37,Baseline FQL,10.0
27,37,Improved FQL-GTA,17.0
27,38,Baseline FQL,10.0
27,38,Improved FQL-GTA,17.0
27,39,Baseline FQL,10.0
27,39,Improved FQL-GTA,19.0
27,40,Baseline FQL,10.0
27,40,Improved FQL-GTA,14.0
27,41,Baseline FQL,9.0
27,41,Improved FQL-GTA,15.0
27,42,Baseline FQL,9.0
27,42,Improved FQL-GTA,13.0
27,43,Baseline FQL,8.0
27,43,Improved FQL-GTA,12.0
27,44,Baseline FQL,12.0
27,44,Improved FQL-GTA,14.0
27,45,Baseline FQL,9.0
27,45,Improved FQL-GTA,16.0
27,46,Baseline FQL,10.0
27,46,Improved FQL-GTA,18.0
27,47,Baseline FQL,10.0
27,47,Improved FQL-GTA,15.0
27,48,Baseline FQL,9.0
27,48,Improved FQL-GTA,16.0
27,49,Baseline FQL,10.0
27,49,Improved FQL-GTA,15.0
27,50,Baseline FQL,9.0
27,50,Improved FQL-GTA,10.0
27,51,Baseline FQL,12.0
27,51,Improved FQL-GTA,16.0
27,52,Baseline FQL,9.0
27,52,Improved FQL-GTA,15.0
27,53,Baseline FQL,10.0
27,53,Improved FQL-GTA,11.0
27,54,Baseline FQL,10.0
27,54,Improved FQL-GTA,17.0
27,55,Baseline FQL,10.0
27,55,Improved FQL-GTA,12.0
27,56,Baseline FQL,10.0
27,56,Improved FQL-GTA,13.0
27,57,Baseline FQL,9.0
27,57,Improved FQL-GTA,14.0
27,58,Baseline FQL,11.0
27,58,Improved FQL-GTA,12.0
27,59,Baseline FQL,12.0
27,59,Improved FQL-GTA,16.0
27,60,Baseline FQL,9.0
27,60,Improved FQL-GTA,16.0
27,61,Baseline FQL,12.0
27,61,Improved FQL-GTA,13.0
27,62,Baseline FQL,12.0
27,62,Improved FQL-GTA,15.0
27,63,Baseline FQL,11.0
27,63,Improved FQL-GTA,13.0
27,64,Baseline FQL,9.0
27,64,Improved FQL-GTA,16.0
27,65,Baseline FQL,12.0
27,65,Improved FQL-GTA,25.0
27,66,Baseline FQL,17.0
27,66,Improved FQL-GTA,16.0
27,67,Baseline FQL,11.0
27,67,Improved FQL-GTA,15.0
27,68,Baseline FQL,14.0
27,68,Improved FQL-GTA,16.0
27,69,Baseline FQL,10.0
27,69,Improved FQL-GTA,17.0
27,70,Baseline FQL,15.0
27,70,Improved FQL-GTA,11.0
27,71,Baseline FQL,14.0
27,71,Improved FQL-GTA,19.0
27,72,Baseline FQL,11.0
27,72,Improved FQL-GTA,17.0
27,73,Baseline FQL,13.0
27,73,Improved FQL-GTA,19.0
27,74,Baseline FQL,10.0
27,74,Improved FQL-GTA,21.0
27,75,Baseline FQL,14.0
27,75,Improved FQL-GTA,13.0
27,76,Baseline FQL,12.0
27,76,Improved FQL-GTA,11.0
27,77,Baseline FQL,10.0
27,77,Improved FQL-GTA,16.0
27,78,Baseline FQL,16.0
27,78,Improved FQL-GTA,16.0
27,79,Baseline FQL,11.0
27,79,Improved FQL-GTA,12.0
27,80,Baseline FQL,19.0
27,80,Improved FQL-GTA,17.0
27,81,Baseline FQL,15.0
27,81,Improved FQL-GTA,19.0
27,82,Baseline FQL,14.0
27,82,Improved FQL-GTA,12.0
27,83,Baseline FQL,13.0
27,83,Improved FQL-GTA,21.0
27,84,Baseline FQL,19.0
27,84,Improved FQL-GTA,17.0
27,85,Baseline FQL,15.0
27,85,Improved FQL-GTA,25.0
27,86,Baseline FQL,12.0
27,86,Improved FQL-GTA,14.0
27,87,Baseline FQL,17.0
27,87,Improved FQL-GTA,21.0
27,88,Baseline FQL,19.0
27,88,Improved FQL-GTA,26.0
27,89,Baseline FQL,15.0
27,89,Improved FQL-GTA,21.0
27,90,Baseline FQL,10.0
27,90,Improved FQL-GTA,22.0
27,91,Baseline FQL,17.0
27,91,Improved FQL-GTA,19.0
27,92,Baseline FQL,19.0
27,92,Improved FQL-GTA,28.0
27,93,Baseline FQL,13.0
27,93,Improved FQL-GTA,13.0
27,94,Baseline FQL,17.0
27,94,Improved FQL-GTA,17.0
27,95,Baseline FQL,13.0
27,95,Improved FQL-GTA,13.0
27,96,Baseline FQL,17.0
27,96,Improved FQL-GTA,17.0
27,97,Baseline FQL,19.0
27,97,Improved FQL-GTA,30.0
27,98,Baseline FQL,11.0
27,98,Improved FQL-GTA,18.0
27,99,Baseline FQL,19.0
27,99,Improved FQL-GTA,27.0
27,100,Baseline FQL,21.0
27,100,Improved FQL-GTA,48.0
27,101,Baseline FQL,17.0
27,101,Improved FQL-GTA,23.0
27,102,Baseline FQL,17.0
27,102,Improved FQL-GTA,30.0
27,103,Baseline FQL,12.0
27,103,Improved FQL-GTA,17.0
27,104,Baseline FQL,21.0
27,104,Improved FQL-GTA,21.0
27,105,Baseline FQL,17.0
27,105,Improved FQL-GTA,21.0
27,106,Baseline FQL,13.0
27,106,Improved FQL-GTA,19.0
27,107,Baseline FQL,17.0
27,107,Improved FQL-GTA,28.0
27,108,Baseline FQL,15.0
27,108,Improved FQL-GTA,25.0
27,109,Baseline FQL,11.0
27,109,Improved FQL-GTA,15.0
27,110,Baseline FQL,19.0
27,110,Improved FQL-GTA,26.0
27,111,Baseline FQL,17.0
27,111,Improved FQL-GTA,25.0
27,112,Baseline FQL,13.0
27,112,Improved FQL-GTA,15.0
27,113,Baseline FQL,21.0
27,113,Improved FQL-GTA,15.0
27,114,Baseline FQL,16.0
27,114,Improved FQL-GTA,23.0
27,115,Baseline FQL,27.0
27,115,Improved FQL-GTA,29.0
27,116,Baseline FQL,13.0
27,116,Improved FQL-GTA,19.0
27,117,Baseline FQL,15.0
27,117,Improved FQL-GTA,22.0
27,118,Baseline FQL,17.0
27,118,Improved FQL-GTA,20.0
27,119,Baseline FQL,13.0
27,119,Improved FQL-GTA,19.0
27,120,Baseline FQL,17.0
27,120,Improved FQL-GTA,120.0
27,121,Baseline FQL,15.0
27,121,Improved FQL-GTA,53.0
27,122,Baseline FQL,13.0
27,122,Improved FQL-GTA,66.0
27,123,Baseline FQL,22.0
27,123,Improved FQL-GTA,45.0
27,124,Baseline FQL,13.0
27,124,Improved FQL-GTA,28.0
27,125,Baseline FQL,13.0
27,125,Improved FQL-GTA,28.0
27,126,Baseline FQL,24.0
27,126,Improved FQL-GTA,46.0
27,127,Baseline FQL,20.0
27,127,Improved FQL-GTA,158.0
27,128,Baseline FQL,21.0
27,128,Improved FQL-GTA,163.0
27,129,Baseline FQL,19.0
27,129,Improved FQL-GTA,123.0
27,130,Baseline FQL,25.0
27,130,Improved FQL-GTA,44.0
27,131,Baseline FQL,18.0
27,131,Improved FQL-GTA,29.0
27,132,Baseline FQL,15.0
27,132,Improved FQL-GTA,137.0
27,133,Baseline FQL,19.0
27,133,Improved FQL-GTA,76.0
27,134,Baseline FQL,21.0
27,134,Improved FQL-GTA,207.0
27,135,Baseline FQL,21.0
27,135,Improved FQL-GTA,132.0
27,136,Baseline FQL,13.0
27,136,Improved FQL-GTA,45.0
27,137,Baseline FQL,15.0
27,137,Improved FQL-GTA,162.0
27,138,Baseline FQL,21.0
27,138,Improved FQL-GTA,106.0
27,139,Baseline FQL,13.0
27,139,Improved FQL-GTA,51.0
27,140,Baseline FQL,13.0
27,140,Improved FQL-GTA,202.0
27,141,Baseline FQL,12.0
27,141,Improved FQL-GTA,82.0
27,142,Baseline FQL,13.0
27,142,Improved FQL-GTA,13.0
27,143,Baseline FQL,15.0
27,143,Improved FQL-GTA,81.0
27,144,Baseline FQL,11.0
27,144,Improved FQL-GTA,166.0
27,145,Baseline FQL,15.0
27,145,Improved FQL-GTA,194.0
27,146,Baseline FQL,16.0
27,146,Improved FQL-GTA,222.0
27,147,Baseline FQL,21.0
27,147,Improved FQL-GTA,163.0
27,148,Baseline FQL,11.0
27,148,Improved FQL-GTA,134.0
27,149,Baseline FQL,29.0
27,149,Improved FQL-GTA,193.0
27,150,Baseline FQL,15.0
27,150,Improved FQL-GTA,178.0
27,151,Baseline FQL,22.0
27,151,Improved FQL-GTA,157.0
27,152,Baseline FQL,27.0
27,152,Improved FQL-GTA,199.0
27,153,Baseline FQL,10.0
27,153,Improved FQL-GTA,154.0
27,154,Baseline FQL,17.0
27,154,Improved FQL-GTA,160.0
27,155,Baseline FQL,15.0
27,155,Improved FQL-GTA,200.0
27,156,Baseline FQL,17.0
27,156,Improved FQL-GTA,157.0
27,157,Baseline FQL,15.0
27,157,Improved FQL-GTA,214.0
27,158,Baseline FQL,16.0
27,158,Improved FQL-GTA,142.0
27,159,Baseline FQL,19.0
27,159,Improved FQL-GTA,262.0
27,160,Baseline FQL,11.0
27,160,Improved FQL-GTA,239.0
27,161,Baseline FQL,16.0
27,161,Improved FQL-GTA,231.0
27,162,Baseline FQL,11.0
27,162,Improved FQL-GTA,13.0
27,163,Baseline FQL,15.0
27,163,Improved FQL-GTA,284.0
27,164,Baseline FQL,11.0
27,164,Improved FQL-GTA,302.0
27,165,Baseline FQL,20.0
27,165,Improved FQL-GTA,268.0
27,166,Baseline FQL,26.0
27,166,Improved FQL-GTA,245.0
27,167,Baseline FQL,21.0
27,167,Improved FQL-GTA,217.0
27,168,Baseline FQL,18.0
27,168,Improved FQL-GTA,216.0
27,169,Baseline FQL,17.0
27,169,Improved FQL-GTA,113.0
27,170,Baseline FQL,21.0
27,170,Improved FQL-GTA,287.0
27,171,Baseline FQL,14.0
27,171,Improved FQL-GTA,250.0
27,172,Baseline FQL,20.0
27,172,Improved FQL-GTA,285.0
27,173,Baseline FQL,21.0
27,173,Improved FQL-GTA,289.0
27,174,Baseline FQL,23.0
27,174,Improved FQL-GTA,243.0
27,175,Baseline FQL,15.0
27,175,Improved FQL-GTA,129.0
27,176,Baseline FQL,11.0
27,176,Improved FQL-GTA,229.0
27,177,Baseline FQL,21.0
27,177,Improved FQL-GTA,277.0
27,178,Baseline FQL,16.0
27,178,Improved FQL-GTA,236.0
27,179,Baseline FQL,13.0
27,179,Improved FQL-GTA,227.0
27,180,Baseline FQL,13.0
27,180,Improved FQL-GTA,217.0
27,181,Baseline FQL,17.0
27,181,Improved FQL-GTA,217.0
27,182,Baseline FQL,25.0
27,182,Improved FQL-GTA,219.0
27,183,Baseline FQL,19.0
27,183,Improved FQL-GTA,220.0
27,184,Baseline FQL,21.0
27,184,Improved FQL-GTA,185.0
27,185,Baseline FQL,25.0
27,185,Improved FQL-GTA,233.0
27,186,Baseline FQL,21.0
27,186,Improved FQL-GTA,500.0
27,187,Baseline FQL,26.0
27,187,Improved FQL-GTA,327.0
27,188,Baseline FQL,26.0
27,188,Improved FQL-GTA,355.0
27,189,Baseline FQL,13.0
27,189,Improved FQL-GTA,301.0
27,190,Baseline FQL,24.0
27,190,Improved FQL-GTA,300.0
27,191,Baseline FQL,17.0
27,191,Improved FQL-GTA,253.0
27,192,Baseline FQL,19.0
27,192,Improved FQL-GTA,306.0
27,193,Baseline FQL,15.0
27,193,Improved FQL-GTA,264.0
27,194,Baseline FQL,13.0
27,194,Improved FQL-GTA,247.0
27,195,Baseline FQL,17.0
27,195,Improved FQL-GTA,251.0
27,196,Baseline FQL,20.0
27,196,Improved FQL-GTA,239.0
27,197,Baseline FQL,17.0
27,197,Improved FQL-GTA,232.0
27,198,Baseline FQL,23.0
27,198,Improved FQL-GTA,239.0
27,199,Baseline FQL,17.0
27,199,Improved FQL-GTA,223.0
27,200,Baseline FQL,14.0
27,200,Improved FQL-GTA,227.0
27,201,Baseline FQL,27.0
27,201,Improved FQL-GTA,281.0
27,202,Baseline FQL,26.0
27,202,Improved FQL-GTA,266.0
27,203,Baseline FQL,28.0
27,203,Improved FQL-GTA,254.0
27,204,Baseline FQL,17.0
27,204,Improved FQL-GTA,204.0
27,205,Baseline FQL,27.0
27,205,Improved FQL-GTA,238.0
27,206,Baseline FQL,19.0
27,206,Improved FQL-GTA,268.0
27,207,Baseline FQL,29.0
27,207,Improved FQL-GTA,271.0
27,208,Baseline FQL,30.0
27,208,Improved FQL-GTA,278.0
27,209,Baseline FQL,34.0
27,209,Improved FQL-GTA,362.0
27,210,Baseline FQL,16.0
27,210,Improved FQL-GTA,285.0
27,211,Baseline FQL,29.0
27,211,Improved FQL-GTA,300.0
27,212,Baseline FQL,13.0
27,212,Improved FQL-GTA,222.0
27,213,Baseline FQL,17.0
27,213,Improved FQL-GTA,241.0
27,214,Baseline FQL,28.0
27,214,Improved FQL-GTA,289.0
27,215,Baseline FQL,19.0
27,215,Improved FQL-GTA,235.0
27,216,Baseline FQL,30.0
27,216,Improved FQL-GTA,231.0
27,217,Baseline FQL,17.0
27,217,Improved FQL-GTA,220.0
27,218,Baseline FQL,26.0
27,218,Improved FQL-GTA,241.0
27,219,Baseline FQL,32.0
27,219,Improved FQL-GTA,283.0
27,220,Baseline FQL,20.0
27,220,Improved FQL-GTA,230.0
27,221,Baseline FQL,22.0
27,221,Improved FQL-GTA,238.0
27,222,Baseline FQL,30.0
27,222,Improved FQL-GTA,251.0
27,223,Baseline FQL,19.0
27,223,Improved FQL-GTA,224.0
27,224,Baseline FQL,32.0
27,224,Improved FQL-GTA,291.0
27,225,Baseline FQL,26.0
27,225,Improved FQL-GTA,266.0
27,226,Baseline FQL,19.0
27,226,Improved FQL-GTA,258.0
27,227,Baseline FQL,30.0
27,227,Improved FQL-GTA,265.0
27,228,Baseline FQL,18.0
27,228,Improved FQL-GTA,234.0
27,229,Baseline FQL,23.0
27,229,Improved FQL-GTA,238.0
27,230,Baseline FQL,15.0
27,230,Improved FQL-GTA,209.0
27,231,Baseline FQL,21.0
27,231,Improved FQL-GTA,224.0
27,232,Baseline FQL,20.0
27,232,Improved FQL-GTA,226.0
27,233,Baseline FQL,34.0
27,233,Improved FQL-GTA,320.0
27,234,Baseline FQL,13.0
27,234,Improved FQL-GTA,356.0
27,235,Baseline FQL,17.0
27,235,Improved FQL-GTA,320.0
27,236,Baseline FQL,18.0
27,236,Improved FQL-GTA,217.0
27,237,Baseline FQL,44.0
27,237,Improved FQL-GTA,229.0
27,238,Baseline FQL,52.0
27,238,Improved FQL-GTA,190.0
27,239,Baseline FQL,20.0
27,239,Improved FQL-GTA,264.0
27,240,Baseline FQL,18.0
27,240,Improved FQL-GTA,500.0
27,241,Baseline FQL,46.0
27,241,Improved FQL-GTA,500.0
27,242,Baseline FQL,18.0
27,242,Improved FQL-GTA,347.0
27,243,Baseline FQL,26.0
27,243,Improved FQL-GTA,360.0
27,244,Baseline FQL,51.0
27,244,Improved FQL-GTA,322.0
27,245,Baseline FQL,46.0
27,245,Improved FQL-GTA,290.0
27,246,Baseline FQL,34.0
27,246,Improved FQL-GTA,321.0
27,247,Baseline FQL,36.0
27,247,Improved FQL-GTA,267.0
27,248,Baseline FQL,24.0
27,248,Improved FQL-GTA,309.0
27,249,Baseline FQL,73.0
27,249,Improved FQL-GTA,290.0
27,250,Baseline FQL,42.0
27,250,Improved FQL-GTA,290.0
27,251,Baseline FQL,73.0
27,251,Improved FQL-GTA,291.0
27,252,Baseline FQL,64.0
27,252,Improved FQL-GTA,258.0
27,253,Baseline FQL,40.0
27,253,Improved FQL-GTA,244.0
27,254,Baseline FQL,36.0
27,254,Improved FQL-GTA,224.0
27,255,Baseline FQL,60.0
27,255,Improved FQL-GTA,254.0
27,256,Baseline FQL,46.0
27,256,Improved FQL-GTA,315.0
27,257,Baseline FQL,113.0
27,257,Improved FQL-GTA,323.0
27,258,Baseline FQL,37.0
27,258,Improved FQL-GTA,319.0
27,259,Baseline FQL,32.0
27,259,Improved FQL-GTA,292.0
27,260,Baseline FQL,164.0
27,260,Improved FQL-GTA,300.0
27,261,Baseline FQL,43.0
27,261,Improved FQL-GTA,274.0
27,262,Baseline FQL,36.0
27,262,Improved FQL-GTA,255.0
27,263,Baseline FQL,78.0
27,263,Improved FQL-GTA,263.0
27,264,Baseline FQL,82.0
27,264,Improved FQL-GTA,265.0
27,265,Baseline FQL,60.0
27,265,Improved FQL-GTA,251.0
27,266,Baseline FQL,43.0
27,266,Improved FQL-GTA,220.0
27,267,Baseline FQL,72.0
27,267,Improved FQL-GTA,238.0
27,268,Baseline FQL,34.0
27,268,Improved FQL-GTA,230.0
27,269,Baseline FQL,45.0
27,269,Improved FQL-GTA,269.0
27,270,Baseline FQL,73.0
27,270,Improved FQL-GTA,368.0
27,271,Baseline FQL,211.0
27,271,Improved FQL-GTA,392.0
27,272,Baseline FQL,134.0
27,272,Improved FQL-GTA,300.0
27,273,Baseline FQL,68.0
27,273,Improved FQL-GTA,293.0
27,274,Baseline FQL,174.0
27,274,Improved FQL-GTA,284.0
27,275,Baseline FQL,44.0
27,275,Improved FQL-GTA,277.0
27,276,Baseline FQL,30.0
27,276,Improved FQL-GTA,200.0
27,277,Baseline FQL,31.0
27,277,Improved FQL-GTA,279.0
27,278,Baseline FQL,88.0
27,278,Improved FQL-GTA,500.0
27,279,Baseline FQL,70.0
27,279,Improved FQL-GTA,500.0
27,280,Baseline FQL,255.0
27,280,Improved FQL-GTA,456.0
27,281,Baseline FQL,340.0
27,281,Improved FQL-GTA,500.0
27,282,Baseline FQL,53.0
27,282,Improved FQL-GTA,500.0
27,283,Baseline FQL,119.0
27,283,Improved FQL-GTA,500.0
27,284,Baseline FQL,202.0
27,284,Improved FQL-GTA,500.0
27,285,Baseline FQL,288.0
27,285,Improved FQL-GTA,440.0
27,286,Baseline FQL,165.0
27,286,Improved FQL-GTA,311.0
27,287,Baseline FQL,22.0
27,287,Improved FQL-GTA,366.0
27,288,Baseline FQL,243.0
27,288,Improved FQL-GTA,500.0
27,289,Baseline FQL,170.0
27,289,Improved FQL-GTA,500.0
27,290,Baseline FQL,133.0
27,290,Improved FQL-GTA,500.0
27,291,Baseline FQL,176.0
27,291,Improved FQL-GTA,500.0
27,292,Baseline FQL,214.0
27,292,Improved FQL-GTA,500.0
27,293,Baseline FQL,232.0
27,293,Improved FQL-GTA,500.0
27,294,Baseline FQL,225.0
27,294,Improved FQL-GTA,500.0
27,295,Baseline FQL,95.0
27,295,Improved FQL-GTA,500.0
27,296,Baseline FQL,268.0
27,296,Improved FQL-GTA,327.0
27,297,Baseline FQL,174.0
27,297,Improved FQL-GTA,500.0
27,298,Baseline FQL,366.0
27,298,Improved FQL-GTA,500.0
27,299,Baseline FQL,210.0
27,299,Improved FQL-GTA,500.0
27,300,Baseline FQL,65.0
27,300,Improved FQL-GTA,500.0
27,301,Baseline FQL,184.0
27,301,Improved FQL-GTA,500.0
27,302,Baseline FQL,33.0
27,302,Improved FQL-GTA,457.0
27,303,Baseline FQL,43.0
27,303,Improved FQL-GTA,418.0
27,304,Baseline FQL,300.0
27,304,Improved FQL-GTA,500.0
27,305,Baseline FQL,131.0
27,305,Improved FQL-GTA,500.0
27,306,Baseline FQL,369.0
27,306,Improved FQL-GTA,500.0
27,307,Baseline FQL,216.0
27,307,Improved FQL-GTA,500.0
27,308,Baseline FQL,214.0
27,308,Improved FQL-GTA,361.0
27,309,Baseline FQL,251.0
27,309,Improved FQL-GTA,410.0
27,310,Baseline FQL,252.0
27,310,Improved FQL-GTA,500.0
27,311,Baseline FQL,291.0
27,311,Improved FQL-GTA,500.0
27,312,Baseline FQL,220.0
27,312,Improved FQL-GTA,500.0
27,313,Baseline FQL,198.0
27,313,Improved FQL-GTA,500.0
27,314,Baseline FQL,192.0
27,314,Improved FQL-GTA,428.0
27,315,Baseline FQL,199.0
27,315,Improved FQL-GTA,327.0
27,316,Baseline FQL,310.0
27,316,Improved FQL-GTA,500.0
27,317,Baseline FQL,500.0
27,317,Improved FQL-GTA,500.0
27,318,Baseline FQL,291.0
27,318,Improved FQL-GTA,464.0
27,319,Baseline FQL,197.0
27,319,Improved FQL-GTA,377.0
27,320,Baseline FQL,217.0
27,320,Improved FQL-GTA,487.0
27,321,Baseline FQL,206.0
27,321,Improved FQL-GTA,316.0
27,322,Baseline FQL,205.0
27,322,Improved FQL-GTA,284.0
27,323,Baseline FQL,218.0
27,323,Improved FQL-GTA,408.0
27,324,Baseline FQL,218.0
27,324,Improved FQL-GTA,333.0
27,325,Baseline FQL,249.0
27,325,Improved FQL-GTA,463.0
27,326,Baseline FQL,218.0
27,326,Improved FQL-GTA,240.0
27,327,Baseline FQL,231.0
27,327,Improved FQL-GTA,500.0
27,328,Baseline FQL,282.0
27,328,Improved FQL-GTA,500.0
27,329,Baseline FQL,224.0
27,329,Improved FQL-GTA,500.0
27,330,Baseline FQL,241.0
27,330,Improved FQL-GTA,500.0
27,331,Baseline FQL,242.0
27,331,Improved FQL-GTA,500.0
27,332,Baseline FQL,218.0
27,332,Improved FQL-GTA,500.0
27,333,Baseline FQL,213.0
27,333,Improved FQL-GTA,500.0
27,334,Baseline FQL,208.0
27,334,Improved FQL-GTA,500.0
27,335,Baseline FQL,256.0
27,335,Improved FQL-GTA,321.0
27,336,Baseline FQL,266.0
27,336,Improved FQL-GTA,224.0
27,337,Baseline FQL,210.0
27,337,Improved FQL-GTA,240.0
27,338,Baseline FQL,311.0
27,338,Improved FQL-GTA,303.0
27,339,Baseline FQL,270.0
27,339,Improved FQL-GTA,500.0
27,340,Baseline FQL,284.0
27,340,Improved FQL-GTA,500.0
27,341,Baseline FQL,217.0
27,341,Improved FQL-GTA,260.0
27,342,Baseline FQL,236.0
27,342,Improved FQL-GTA,244.0
27,343,Baseline FQL,251.0
27,343,Improved FQL-GTA,500.0
27,344,Baseline FQL,258.0
27,344,Improved FQL-GTA,500.0
27,345,Baseline FQL,272.0
27,345,Improved FQL-GTA,500.0
27,346,Baseline FQL,284.0
27,346,Improved FQL-GTA,391.0
27,347,Baseline FQL,253.0
27,347,Improved FQL-GTA,500.0
27,348,Baseline FQL,236.0
27,348,Improved FQL-GTA,500.0
27,349,Baseline FQL,202.0
27,349,Improved FQL-GTA,500.0
27,350,Baseline FQL,236.0
27,350,Improved FQL-GTA,243.0
27,351,Baseline FQL,272.0
27,351,Improved FQL-GTA,328.0
27,352,Baseline FQL,101.0
27,352,Improved FQL-GTA,500.0
27,353,Baseline FQL,31.0
27,353,Improved FQL-GTA,500.0
27,354,Baseline FQL,86.0
27,354,Improved FQL-GTA,500.0
27,355,Baseline FQL,255.0
27,355,Improved FQL-GTA,500.0
27,356,Baseline FQL,206.0
27,356,Improved FQL-GTA,500.0
27,357,Baseline FQL,191.0
27,357,Improved FQL-GTA,500.0
27,358,Baseline FQL,101.0
27,358,Improved FQL-GTA,500.0
27,359,Baseline FQL,258.0
27,359,Improved FQL-GTA,500.0
27,360,Baseline FQL,241.0
27,360,Improved FQL-GTA,500.0
27,361,Baseline FQL,237.0
27,361,Improved FQL-GTA,500.0
27,362,Baseline FQL,213.0
27,362,Improved FQL-GTA,500.0
27,363,Baseline FQL,236.0
27,363,Improved FQL-GTA,500.0
27,364,Baseline FQL,210.0
27,364,Improved FQL-GTA,500.0
27,365,Baseline FQL,218.0
27,365,Improved FQL-GTA,500.0
27,366,Baseline FQL,251.0
27,366,Improved FQL-GTA,500.0
27,367,Baseline FQL,265.0
27,367,Improved FQL-GTA,500.0
27,368,Baseline FQL,259.0
27,368,Improved FQL-GTA,500.0
27,369,Baseline FQL,223.0
27,369,Improved FQL-GTA,500.0
27,370,Baseline FQL,246.0
27,370,Improved FQL-GTA,500.0
27,371,Baseline FQL,229.0
27,371,Improved FQL-GTA,500.0
27,372,Baseline FQL,226.0
27,372,Improved FQL-GTA,500.0
27,373,Baseline FQL,230.0
27,373,Improved FQL-GTA,500.0
27,374,Baseline FQL,225.0
27,374,Improved FQL-GTA,500.0
27,375,Baseline FQL,293.0
27,375,Improved FQL-GTA,500.0
27,376,Baseline FQL,248.0
27,376,Improved FQL-GTA,500.0
27,377,Baseline FQL,130.0
27,377,Improved FQL-GTA,500.0
27,378,Baseline FQL,292.0
27,378,Improved FQL-GTA,500.0
27,379,Baseline FQL,237.0
27,379,Improved FQL-GTA,500.0
27,380,Baseline FQL,237.0
27,380,Improved FQL-GTA,500.0
27,381,Baseline FQL,221.0
27,381,Improved FQL-GTA,500.0
27,382,Baseline FQL,398.0
27,382,Improved FQL-GTA,500.0
27,383,Baseline FQL,235.0
27,383,Improved FQL-GTA,500.0
27,384,Baseline FQL,216.0
27,384,Improved FQL-GTA,500.0
27,385,Baseline FQL,291.0
27,385,Improved FQL-GTA,339.0
27,386,Baseline FQL,287.0
27,386,Improved FQL-GTA,500.0
27,387,Baseline FQL,158.0
27,387,Improved FQL-GTA,500.0
27,388,Baseline FQL,339.0
27,388,Improved FQL-GTA,500.0
27,389,Baseline FQL,232.0
27,389,Improved FQL-GTA,500.0
27,390,Baseline FQL,247.0
27,390,Improved FQL-GTA,500.0
27,391,Baseline FQL,219.0
27,391,Improved FQL-GTA,500.0
27,392,Baseline FQL,221.0
27,392,Improved FQL-GTA,500.0
27,393,Baseline FQL,233.0
27,393,Improved FQL-GTA,500.0
27,394,Baseline FQL,211.0
27,394,Improved FQL-GTA,500.0
27,395,Baseline FQL,275.0
27,395,Improved FQL-GTA,500.0
27,396,Baseline FQL,261.0
27,396,Improved FQL-GTA,500.0
27,397,Baseline FQL,214.0
27,397,Improved FQL-GTA,500.0
27,398,Baseline FQL,256.0
27,398,Improved FQL-GTA,500.0
27,399,Baseline FQL,58.0
27,399,Improved FQL-GTA,500.0
27,400,Baseline FQL,197.0
27,400,Improved FQL-GTA,500.0
27,401,Baseline FQL,234.0
27,401,Improved FQL-GTA,500.0
27,402,Baseline FQL,221.0
27,402,Improved FQL-GTA,236.0
27,403,Baseline FQL,221.0
27,403,Improved FQL-GTA,278.0
27,404,Baseline FQL,206.0
27,404,Improved FQL-GTA,291.0
27,405,Baseline FQL,236.0
27,405,Improved FQL-GTA,364.0
27,406,Baseline FQL,246.0
27,406,Improved FQL-GTA,500.0
27,407,Baseline FQL,257.0
27,407,Improved FQL-GTA,500.0
27,408,Baseline FQL,263.0
27,408,Improved FQL-GTA,500.0
27,409,Baseline FQL,310.0
27,409,Improved FQL-GTA,500.0
27,410,Baseline FQL,248.0
27,410,Improved FQL-GTA,500.0
27,411,Baseline FQL,244.0
27,411,Improved FQL-GTA,500.0
27,412,Baseline FQL,221.0
27,412,Improved FQL-GTA,500.0
27,413,Baseline FQL,238.0
27,413,Improved FQL-GTA,500.0
27,414,Baseline FQL,366.0
27,414,Improved FQL-GTA,500.0
27,415,Baseline FQL,220.0
27,415,Improved FQL-GTA,321.0
27,416,Baseline FQL,277.0
27,416,Improved FQL-GTA,321.0
27,417,Baseline FQL,234.0
27,417,Improved FQL-GTA,314.0
27,418,Baseline FQL,250.0
27,418,Improved FQL-GTA,301.0
27,419,Baseline FQL,420.0
27,419,Improved FQL-GTA,387.0
27,420,Baseline FQL,292.0
27,420,Improved FQL-GTA,305.0
27,421,Baseline FQL,228.0
27,421,Improved FQL-GTA,305.0
27,422,Baseline FQL,341.0
27,422,Improved FQL-GTA,500.0
27,423,Baseline FQL,420.0
27,423,Improved FQL-GTA,500.0
27,424,Baseline FQL,274.0
27,424,Improved FQL-GTA,500.0
27,425,Baseline FQL,240.0
27,425,Improved FQL-GTA,500.0
27,426,Baseline FQL,257.0
27,426,Improved FQL-GTA,500.0
27,427,Baseline FQL,228.0
27,427,Improved FQL-GTA,283.0
27,428,Baseline FQL,251.0
27,428,Improved FQL-GTA,500.0
27,429,Baseline FQL,218.0
27,429,Improved FQL-GTA,354.0
27,430,Baseline FQL,380.0
27,430,Improved FQL-GTA,303.0
27,431,Baseline FQL,320.0
27,431,Improved FQL-GTA,336.0
27,432,Baseline FQL,81.0
27,432,Improved FQL-GTA,296.0
27,433,Baseline FQL,49.0
27,433,Improved FQL-GTA,500.0
27,434,Baseline FQL,354.0
27,434,Improved FQL-GTA,238.0
27,435,Baseline FQL,217.0
27,435,Improved FQL-GTA,300.0
27,436,Baseline FQL,374.0
27,436,Improved FQL-GTA,256.0
27,437,Baseline FQL,271.0
27,437,Improved FQL-GTA,264.0
27,438,Baseline FQL,305.0
27,438,Improved FQL-GTA,231.0
27,439,Baseline FQL,237.0
27,439,Improved FQL-GTA,236.0
27,440,Baseline FQL,226.0
27,440,Improved FQL-GTA,240.0
27,441,Baseline FQL,204.0
27,441,Improved FQL-GTA,500.0
27,442,Baseline FQL,226.0
27,442,Improved FQL-GTA,500.0
27,443,Baseline FQL,214.0
27,443,Improved FQL-GTA,500.0
27,444,Baseline FQL,270.0
27,444,Improved FQL-GTA,500.0
27,445,Baseline FQL,335.0
27,445,Improved FQL-GTA,500.0
27,446,Baseline FQL,241.0
27,446,Improved FQL-GTA,500.0
27,447,Baseline FQL,255.0
27,447,Improved FQL-GTA,500.0
27,448,Baseline FQL,244.0
27,448,Improved FQL-GTA,500.0
27,449,Baseline FQL,235.0
27,449,Improved FQL-GTA,500.0
27,450,Baseline FQL,252.0
27,450,Improved FQL-GTA,500.0
27,451,Baseline FQL,232.0
27,451,Improved FQL-GTA,500.0
27,452,Baseline FQL,320.0
27,452,Improved FQL-GTA,500.0
27,453,Baseline FQL,274.0
27,453,Improved FQL-GTA,500.0
27,454,Baseline FQL,231.0
27,454,Improved FQL-GTA,500.0
27,455,Baseline FQL,245.0
27,455,Improved FQL-GTA,500.0
27,456,Baseline FQL,248.0
27,456,Improved FQL-GTA,500.0
27,457,Baseline FQL,278.0
27,457,Improved FQL-GTA,500.0
27,458,Baseline FQL,227.0
27,458,Improved FQL-GTA,500.0
27,459,Baseline FQL,235.0
27,459,Improved FQL-GTA,500.0
27,460,Baseline FQL,243.0
27,460,Improved FQL-GTA,500.0
27,461,Baseline FQL,243.0
27,461,Improved FQL-GTA,500.0
27,462,Baseline FQL,239.0
27,462,Improved FQL-GTA,500.0
27,463,Baseline FQL,235.0
27,463,Improved FQL-GTA,500.0
27,464,Baseline FQL,352.0
27,464,Improved FQL-GTA,500.0
27,465,Baseline FQL,220.0
27,465,Improved FQL-GTA,500.0
27,466,Baseline FQL,231.0
27,466,Improved FQL-GTA,500.0
27,467,Baseline FQL,329.0
27,467,Improved FQL-GTA,500.0
27,468,Baseline FQL,405.0
27,468,Improved FQL-GTA,500.0
27,469,Baseline FQL,348.0
27,469,Improved FQL-GTA,500.0
27,470,Baseline FQL,285.0
27,470,Improved FQL-GTA,500.0
27,471,Baseline FQL,485.0
27,471,Improved FQL-GTA,500.0
27,472,Baseline FQL,353.0
27,472,Improved FQL-GTA,500.0
27,473,Baseline FQL,252.0
27,473,Improved FQL-GTA,500.0
27,474,Baseline FQL,394.0
27,474,Improved FQL-GTA,500.0
27,475,Baseline FQL,314.0
27,475,Improved FQL-GTA,500.0
27,476,Baseline FQL,278.0
27,476,Improved FQL-GTA,500.0
27,477,Baseline FQL,297.0
27,477,Improved FQL-GTA,500.0
27,478,Baseline FQL,405.0
27,478,Improved FQL-GTA,500.0
27,479,Baseline FQL,266.0
27,479,Improved FQL-GTA,500.0
27,480,Baseline FQL,252.0
27,480,Improved FQL-GTA,500.0
27,481,Baseline FQL,249.0
27,481,Improved FQL-GTA,500.0
27,482,Baseline FQL,250.0
27,482,Improved FQL-GTA,500.0
27,483,Baseline FQL,296.0
27,483,Improved FQL-GTA,233.0
27,484,Baseline FQL,338.0
27,484,Improved FQL-GTA,203.0
27,485,Baseline FQL,274.0
27,485,Improved FQL-GTA,254.0
27,486,Baseline FQL,286.0
27,486,Improved FQL-GTA,231.0
27,487,Baseline FQL,235.0
27,487,Improved FQL-GTA,267.0
27,488,Baseline FQL,294.0
27,488,Improved FQL-GTA,286.0
27,489,Baseline FQL,408.0
27,489,Improved FQL-GTA,251.0
27,490,Baseline FQL,259.0
27,490,Improved FQL-GTA,243.0
27,491,Baseline FQL,322.0
27,491,Improved FQL-GTA,500.0
27,492,Baseline FQL,269.0
27,492,Improved FQL-GTA,316.0
27,493,Baseline FQL,375.0
27,493,Improved FQL-GTA,323.0
27,494,Baseline FQL,203.0
27,494,Improved FQL-GTA,308.0
27,495,Baseline FQL,240.0
27,495,Improved FQL-GTA,308.0
27,496,Baseline FQL,375.0
27,496,Improved FQL-GTA,242.0
27,497,Baseline FQL,313.0
27,497,Improved FQL-GTA,244.0
27,498,Baseline FQL,285.0
27,498,Improved FQL-GTA,346.0
27,499,Baseline FQL,255.0
27,499,Improved FQL-GTA,331.0
27,500,Baseline FQL,227.0
27,500,Improved FQL-GTA,306.0
28,1,Baseline FQL,9.0
28,1,Improved FQL-GTA,9.0
28,2,Baseline FQL,9.0
28,2,Improved FQL-GTA,19.0
28,3,Baseline FQL,13.0
28,3,Improved FQL-GTA,12.0
28,4,Baseline FQL,9.0
28,4,Improved FQL-GTA,9.0
28,5,Baseline FQL,10.0
28,5,Improved FQL-GTA,12.0
28,6,Baseline FQL,8.0
28,6,Improved FQL-GTA,8.0
28,7,Baseline FQL,10.0
28,7,Improved FQL-GTA,13.0
28,8,Baseline FQL,10.0
28,8,Improved FQL-GTA,10.0
28,9,Baseline FQL,8.0
28,9,Improved FQL-GTA,9.0
28,10,Baseline FQL,10.0
28,10,Improved FQL-GTA,12.0
28,11,Baseline FQL,9.0
28,11,Improved FQL-GTA,14.0
28,12,Baseline FQL,10.0
28,12,Improved FQL-GTA,16.0
28,13,Baseline FQL,11.0
28,13,Improved FQL-GTA,11.0
28,14,Baseline FQL,10.0
28,14,Improved FQL-GTA,13.0
28,15,Baseline FQL,8.0
28,15,Improved FQL-GTA,9.0
28,16,Baseline FQL,10.0
28,16,Improved FQL-GTA,12.0
28,17,Baseline FQL,9.0
28,17,Improved FQL-GTA,10.0
28,18,Baseline FQL,9.0
28,18,Improved FQL-GTA,10.0
28,19,Baseline FQL,10.0
28,19,Improved FQL-GTA,12.0
28,20,Baseline FQL,11.0
28,20,Improved FQL-GTA,13.0
28,21,Baseline FQL,9.0
28,21,Improved FQL-GTA,9.0
28,22,Baseline FQL,10.0
28,22,Improved FQL-GTA,11.0
28,23,Baseline FQL,9.0
28,23,Improved FQL-GTA,9.0
28,24,Baseline FQL,10.0
28,24,Improved FQL-GTA,14.0
28,25,Baseline FQL,10.0
28,25,Improved FQL-GTA,13.0
28,26,Baseline FQL,11.0
28,26,Improved FQL-GTA,17.0
28,27,Baseline FQL,11.0
28,27,Improved FQL-GTA,10.0
28,28,Baseline FQL,10.0
28,28,Improved FQL-GTA,12.0
28,29,Baseline FQL,8.0
28,29,Improved FQL-GTA,8.0
28,30,Baseline FQL,9.0
28,30,Improved FQL-GTA,10.0
28,31,Baseline FQL,10.0
28,31,Improved FQL-GTA,18.0
28,32,Baseline FQL,10.0
28,32,Improved FQL-GTA,23.0
28,33,Baseline FQL,12.0
28,33,Improved FQL-GTA,18.0
28,34,Baseline FQL,9.0
28,34,Improved FQL-GTA,12.0
28,35,Baseline FQL,9.0
28,35,Improved FQL-GTA,18.0
28,36,Baseline FQL,11.0
28,36,Improved FQL-GTA,12.0
28,37,Baseline FQL,12.0
28,37,Improved FQL-GTA,15.0
28,38,Baseline FQL,10.0
28,38,Improved FQL-GTA,16.0
28,39,Baseline FQL,16.0
28,39,Improved FQL-GTA,16.0
28,40,Baseline FQL,9.0
28,40,Improved FQL-GTA,20.0
28,41,Baseline FQL,9.0
28,41,Improved FQL-GTA,23.0
28,42,Baseline FQL,8.0
28,42,Improved FQL-GTA,14.0
28,43,Baseline FQL,10.0
28,43,Improved FQL-GTA,15.0
28,44,Baseline FQL,9.0
28,44,Improved FQL-GTA,12.0
28,45,Baseline FQL,10.0
28,45,Improved FQL-GTA,14.0
28,46,Baseline FQL,11.0
28,46,Improved FQL-GTA,11.0
28,47,Baseline FQL,9.0
28,47,Improved FQL-GTA,17.0
28,48,Baseline FQL,9.0
28,48,Improved FQL-GTA,17.0
28,49,Baseline FQL,11.0
28,49,Improved FQL-GTA,11.0
28,50,Baseline FQL,12.0
28,50,Improved FQL-GTA,12.0
28,51,Baseline FQL,9.0
28,51,Improved FQL-GTA,13.0
28,52,Baseline FQL,9.0
28,52,Improved FQL-GTA,14.0
28,53,Baseline FQL,10.0
28,53,Improved FQL-GTA,20.0
28,54,Baseline FQL,9.0
28,54,Improved FQL-GTA,17.0
28,55,Baseline FQL,10.0
28,55,Improved FQL-GTA,16.0
28,56,Baseline FQL,9.0
28,56,Improved FQL-GTA,17.0
28,57,Baseline FQL,9.0
28,57,Improved FQL-GTA,13.0
28,58,Baseline FQL,11.0
28,58,Improved FQL-GTA,16.0
28,59,Baseline FQL,9.0
28,59,Improved FQL-GTA,14.0
28,60,Baseline FQL,10.0
28,60,Improved FQL-GTA,17.0
28,61,Baseline FQL,9.0
28,61,Improved FQL-GTA,13.0
28,62,Baseline FQL,9.0
28,62,Improved FQL-GTA,18.0
28,63,Baseline FQL,9.0
28,63,Improved FQL-GTA,15.0
28,64,Baseline FQL,9.0
28,64,Improved FQL-GTA,12.0
28,65,Baseline FQL,10.0
28,65,Improved FQL-GTA,12.0
28,66,Baseline FQL,10.0
28,66,Improved FQL-GTA,15.0
28,67,Baseline FQL,9.0
28,67,Improved FQL-GTA,17.0
28,68,Baseline FQL,10.0
28,68,Improved FQL-GTA,15.0
28,69,Baseline FQL,11.0
28,69,Improved FQL-GTA,21.0
28,70,Baseline FQL,9.0
28,70,Improved FQL-GTA,15.0
28,71,Baseline FQL,10.0
28,71,Improved FQL-GTA,12.0
28,72,Baseline FQL,11.0
28,72,Improved FQL-GTA,13.0
28,73,Baseline FQL,10.0
28,73,Improved FQL-GTA,17.0
28,74,Baseline FQL,9.0
28,74,Improved FQL-GTA,21.0
28,75,Baseline FQL,9.0
28,75,Improved FQL-GTA,11.0
28,76,Baseline FQL,10.0
28,76,Improved FQL-GTA,19.0
28,77,Baseline FQL,14.0
28,77,Improved FQL-GTA,18.0
28,78,Baseline FQL,12.0
28,78,Improved FQL-GTA,19.0
28,79,Baseline FQL,13.0
28,79,Improved FQL-GTA,24.0
28,80,Baseline FQL,9.0
28,80,Improved FQL-GTA,19.0
28,81,Baseline FQL,18.0
28,81,Improved FQL-GTA,19.0
28,82,Baseline FQL,14.0
28,82,Improved FQL-GTA,13.0
28,83,Baseline FQL,15.0
28,83,Improved FQL-GTA,11.0
28,84,Baseline FQL,15.0
28,84,Improved FQL-GTA,15.0
28,85,Baseline FQL,12.0
28,85,Improved FQL-GTA,13.0
28,86,Baseline FQL,19.0
28,86,Improved FQL-GTA,19.0
28,87,Baseline FQL,17.0
28,87,Improved FQL-GTA,15.0
28,88,Baseline FQL,18.0
28,88,Improved FQL-GTA,15.0
28,89,Baseline FQL,10.0
28,89,Improved FQL-GTA,11.0
28,90,Baseline FQL,15.0
28,90,Improved FQL-GTA,27.0
28,91,Baseline FQL,19.0
28,91,Improved FQL-GTA,19.0
28,92,Baseline FQL,12.0
28,92,Improved FQL-GTA,15.0
28,93,Baseline FQL,19.0
28,93,Improved FQL-GTA,24.0
28,94,Baseline FQL,11.0
28,94,Improved FQL-GTA,13.0
28,95,Baseline FQL,16.0
28,95,Improved FQL-GTA,31.0
28,96,Baseline FQL,23.0
28,96,Improved FQL-GTA,19.0
28,97,Baseline FQL,13.0
28,97,Improved FQL-GTA,16.0
28,98,Baseline FQL,17.0
28,98,Improved FQL-GTA,33.0
28,99,Baseline FQL,21.0
28,99,Improved FQL-GTA,28.0
28,100,Baseline FQL,17.0
28,100,Improved FQL-GTA,19.0
28,101,Baseline FQL,19.0
28,101,Improved FQL-GTA,17.0
28,102,Baseline FQL,11.0
28,102,Improved FQL-GTA,21.0
28,103,Baseline FQL,20.0
28,103,Improved FQL-GTA,23.0
28,104,Baseline FQL,17.0
28,104,Improved FQL-GTA,17.0
28,105,Baseline FQL,13.0
28,105,Improved FQL-GTA,11.0
28,106,Baseline FQL,19.0
28,106,Improved FQL-GTA,16.0
28,107,Baseline FQL,15.0
28,107,Improved FQL-GTA,15.0
28,108,Baseline FQL,10.0
28,108,Improved FQL-GTA,19.0
28,109,Baseline FQL,21.0
28,109,Improved FQL-GTA,27.0
28,110,Baseline FQL,18.0
28,110,Improved FQL-GTA,36.0
28,111,Baseline FQL,15.0
28,111,Improved FQL-GTA,26.0
28,112,Baseline FQL,19.0
28,112,Improved FQL-GTA,21.0
28,113,Baseline FQL,19.0
28,113,Improved FQL-GTA,14.0
28,114,Baseline FQL,23.0
28,114,Improved FQL-GTA,28.0
28,115,Baseline FQL,15.0
28,115,Improved FQL-GTA,22.0
28,116,Baseline FQL,17.0
28,116,Improved FQL-GTA,23.0
28,117,Baseline FQL,22.0
28,117,Improved FQL-GTA,33.0
28,118,Baseline FQL,13.0
28,118,Improved FQL-GTA,37.0
28,119,Baseline FQL,16.0
28,119,Improved FQL-GTA,30.0
28,120,Baseline FQL,15.0
28,120,Improved FQL-GTA,21.0
28,121,Baseline FQL,15.0
28,121,Improved FQL-GTA,18.0
28,122,Baseline FQL,21.0
28,122,Improved FQL-GTA,29.0
28,123,Baseline FQL,15.0
28,123,Improved FQL-GTA,21.0
28,124,Baseline FQL,16.0
28,124,Improved FQL-GTA,20.0
28,125,Baseline FQL,21.0
28,125,Improved FQL-GTA,35.0
28,126,Baseline FQL,23.0
28,126,Improved FQL-GTA,25.0
28,127,Baseline FQL,22.0
28,127,Improved FQL-GTA,22.0
28,128,Baseline FQL,17.0
28,128,Improved FQL-GTA,25.0
28,129,Baseline FQL,25.0
28,129,Improved FQL-GTA,31.0
28,130,Baseline FQL,17.0
28,130,Improved FQL-GTA,56.0
28,131,Baseline FQL,15.0
28,131,Improved FQL-GTA,21.0
28,132,Baseline FQL,21.0
28,132,Improved FQL-GTA,28.0
28,133,Baseline FQL,27.0
28,133,Improved FQL-GTA,27.0
28,134,Baseline FQL,19.0
28,134,Improved FQL-GTA,35.0
28,135,Baseline FQL,13.0
28,135,Improved FQL-GTA,21.0
28,136,Baseline FQL,15.0
28,136,Improved FQL-GTA,36.0
28,137,Baseline FQL,16.0
28,137,Improved FQL-GTA,33.0
28,138,Baseline FQL,15.0
28,138,Improved FQL-GTA,18.0
28,139,Baseline FQL,17.0
28,139,Improved FQL-GTA,23.0
28,140,Baseline FQL,20.0
28,140,Improved FQL-GTA,74.0
28,141,Baseline FQL,15.0
28,141,Improved FQL-GTA,47.0
28,142,Baseline FQL,17.0
28,142,Improved FQL-GTA,38.0
28,143,Baseline FQL,11.0
28,143,Improved FQL-GTA,72.0
28,144,Baseline FQL,17.0
28,144,Improved FQL-GTA,78.0
28,145,Baseline FQL,18.0
28,145,Improved FQL-GTA,97.0
28,146,Baseline FQL,19.0
28,146,Improved FQL-GTA,56.0
28,147,Baseline FQL,11.0
28,147,Improved FQL-GTA,29.0
28,148,Baseline FQL,25.0
28,148,Improved FQL-GTA,267.0
28,149,Baseline FQL,13.0
28,149,Improved FQL-GTA,195.0
28,150,Baseline FQL,15.0
28,150,Improved FQL-GTA,103.0
28,151,Baseline FQL,24.0
28,151,Improved FQL-GTA,184.0
28,152,Baseline FQL,11.0
28,152,Improved FQL-GTA,15.0
28,153,Baseline FQL,15.0
28,153,Improved FQL-GTA,151.0
28,154,Baseline FQL,16.0
28,154,Improved FQL-GTA,126.0
28,155,Baseline FQL,17.0
28,155,Improved FQL-GTA,107.0
28,156,Baseline FQL,14.0
28,156,Improved FQL-GTA,166.0
28,157,Baseline FQL,11.0
28,157,Improved FQL-GTA,154.0
28,158,Baseline FQL,17.0
28,158,Improved FQL-GTA,154.0
28,159,Baseline FQL,11.0
28,159,Improved FQL-GTA,158.0
28,160,Baseline FQL,15.0
28,160,Improved FQL-GTA,168.0
28,161,Baseline FQL,12.0
28,161,Improved FQL-GTA,177.0
28,162,Baseline FQL,17.0
28,162,Improved FQL-GTA,171.0
28,163,Baseline FQL,8.0
28,163,Improved FQL-GTA,156.0
28,164,Baseline FQL,22.0
28,164,Improved FQL-GTA,178.0
28,165,Baseline FQL,26.0
28,165,Improved FQL-GTA,187.0
28,166,Baseline FQL,21.0
28,166,Improved FQL-GTA,153.0
28,167,Baseline FQL,30.0
28,167,Improved FQL-GTA,140.0
28,168,Baseline FQL,17.0
28,168,Improved FQL-GTA,237.0
28,169,Baseline FQL,17.0
28,169,Improved FQL-GTA,138.0
28,170,Baseline FQL,15.0
28,170,Improved FQL-GTA,214.0
28,171,Baseline FQL,24.0
28,171,Improved FQL-GTA,246.0
28,172,Baseline FQL,37.0
28,172,Improved FQL-GTA,116.0
28,173,Baseline FQL,33.0
28,173,Improved FQL-GTA,277.0
28,174,Baseline FQL,24.0
28,174,Improved FQL-GTA,215.0
28,175,Baseline FQL,24.0
28,175,Improved FQL-GTA,102.0
28,176,Baseline FQL,29.0
28,176,Improved FQL-GTA,301.0
28,177,Baseline FQL,26.0
28,177,Improved FQL-GTA,260.0
28,178,Baseline FQL,20.0
28,178,Improved FQL-GTA,262.0
28,179,Baseline FQL,16.0
28,179,Improved FQL-GTA,210.0
28,180,Baseline FQL,15.0
28,180,Improved FQL-GTA,13.0
28,181,Baseline FQL,28.0
28,181,Improved FQL-GTA,277.0
28,182,Baseline FQL,17.0
28,182,Improved FQL-GTA,282.0
28,183,Baseline FQL,27.0
28,183,Improved FQL-GTA,256.0
28,184,Baseline FQL,26.0
28,184,Improved FQL-GTA,269.0
28,185,Baseline FQL,32.0
28,185,Improved FQL-GTA,237.0
28,186,Baseline FQL,21.0
28,186,Improved FQL-GTA,19.0
28,187,Baseline FQL,30.0
28,187,Improved FQL-GTA,295.0
28,188,Baseline FQL,15.0
28,188,Improved FQL-GTA,266.0
28,189,Baseline FQL,32.0
28,189,Improved FQL-GTA,265.0
28,190,Baseline FQL,24.0
28,190,Improved FQL-GTA,240.0
28,191,Baseline FQL,19.0
28,191,Improved FQL-GTA,225.0
28,192,Baseline FQL,20.0
28,192,Improved FQL-GTA,211.0
28,193,Baseline FQL,16.0
28,193,Improved FQL-GTA,242.0
28,194,Baseline FQL,18.0
28,194,Improved FQL-GTA,251.0
28,195,Baseline FQL,20.0
28,195,Improved FQL-GTA,234.0
28,196,Baseline FQL,32.0
28,196,Improved FQL-GTA,227.0
28,197,Baseline FQL,24.0
28,197,Improved FQL-GTA,247.0
28,198,Baseline FQL,18.0
28,198,Improved FQL-GTA,226.0
28,199,Baseline FQL,14.0
28,199,Improved FQL-GTA,195.0
28,200,Baseline FQL,32.0
28,200,Improved FQL-GTA,232.0
28,201,Baseline FQL,42.0
28,201,Improved FQL-GTA,105.0
28,202,Baseline FQL,23.0
28,202,Improved FQL-GTA,323.0
28,203,Baseline FQL,15.0
28,203,Improved FQL-GTA,267.0
28,204,Baseline FQL,30.0
28,204,Improved FQL-GTA,266.0
28,205,Baseline FQL,26.0
28,205,Improved FQL-GTA,274.0
28,206,Baseline FQL,30.0
28,206,Improved FQL-GTA,269.0
28,207,Baseline FQL,28.0
28,207,Improved FQL-GTA,253.0
28,208,Baseline FQL,36.0
28,208,Improved FQL-GTA,264.0
28,209,Baseline FQL,16.0
28,209,Improved FQL-GTA,225.0
28,210,Baseline FQL,59.0
28,210,Improved FQL-GTA,238.0
28,211,Baseline FQL,16.0
28,211,Improved FQL-GTA,201.0
28,212,Baseline FQL,19.0
28,212,Improved FQL-GTA,229.0
28,213,Baseline FQL,53.0
28,213,Improved FQL-GTA,258.0
28,214,Baseline FQL,20.0
28,214,Improved FQL-GTA,12.0
28,215,Baseline FQL,48.0
28,215,Improved FQL-GTA,313.0
28,216,Baseline FQL,18.0
28,216,Improved FQL-GTA,267.0
28,217,Baseline FQL,48.0
28,217,Improved FQL-GTA,304.0
28,218,Baseline FQL,34.0
28,218,Improved FQL-GTA,268.0
28,219,Baseline FQL,40.0
28,219,Improved FQL-GTA,241.0
28,220,Baseline FQL,23.0
28,220,Improved FQL-GTA,265.0
28,221,Baseline FQL,64.0
28,221,Improved FQL-GTA,253.0
28,222,Baseline FQL,20.0
28,222,Improved FQL-GTA,235.0
28,223,Baseline FQL,80.0
28,223,Improved FQL-GTA,255.0
28,224,Baseline FQL,30.0
28,224,Improved FQL-GTA,242.0
28,225,Baseline FQL,40.0
28,225,Improved FQL-GTA,232.0
28,226,Baseline FQL,51.0
28,226,Improved FQL-GTA,293.0
28,227,Baseline FQL,38.0
28,227,Improved FQL-GTA,311.0
28,228,Baseline FQL,13.0
28,228,Improved FQL-GTA,276.0
28,229,Baseline FQL,15.0
28,229,Improved FQL-GTA,233.0
28,230,Baseline FQL,32.0
28,230,Improved FQL-GTA,242.0
28,231,Baseline FQL,49.0
28,231,Improved FQL-GTA,211.0
28,232,Baseline FQL,38.0
28,232,Improved FQL-GTA,34.0
28,233,Baseline FQL,21.0
28,233,Improved FQL-GTA,296.0
28,234,Baseline FQL,36.0
28,234,Improved FQL-GTA,500.0
28,235,Baseline FQL,30.0
28,235,Improved FQL-GTA,381.0
28,236,Baseline FQL,80.0
28,236,Improved FQL-GTA,500.0
28,237,Baseline FQL,52.0
28,237,Improved FQL-GTA,500.0
28,238,Baseline FQL,301.0
28,238,Improved FQL-GTA,486.0
28,239,Baseline FQL,34.0
28,239,Improved FQL-GTA,385.0
28,240,Baseline FQL,82.0
28,240,Improved FQL-GTA,404.0
28,241,Baseline FQL,44.0
28,241,Improved FQL-GTA,500.0
28,242,Baseline FQL,92.0
28,242,Improved FQL-GTA,500.0
28,243,Baseline FQL,145.0
28,243,Improved FQL-GTA,500.0
28,244,Baseline FQL,50.0
28,244,Improved FQL-GTA,327.0
28,245,Baseline FQL,58.0
28,245,Improved FQL-GTA,412.0
28,246,Baseline FQL,108.0
28,246,Improved FQL-GTA,500.0
28,247,Baseline FQL,104.0
28,247,Improved FQL-GTA,500.0
28,248,Baseline FQL,21.0
28,248,Improved FQL-GTA,500.0
28,249,Baseline FQL,53.0
28,249,Improved FQL-GTA,428.0
28,250,Baseline FQL,35.0
28,250,Improved FQL-GTA,500.0
28,251,Baseline FQL,46.0
28,251,Improved FQL-GTA,500.0
28,252,Baseline FQL,124.0
28,252,Improved FQL-GTA,356.0
28,253,Baseline FQL,197.0
28,253,Improved FQL-GTA,500.0
28,254,Baseline FQL,90.0
28,254,Improved FQL-GTA,500.0
28,255,Baseline FQL,119.0
28,255,Improved FQL-GTA,350.0
28,256,Baseline FQL,119.0
28,256,Improved FQL-GTA,500.0
28,257,Baseline FQL,99.0
28,257,Improved FQL-GTA,500.0
28,258,Baseline FQL,93.0
28,258,Improved FQL-GTA,500.0
28,259,Baseline FQL,225.0
28,259,Improved FQL-GTA,500.0
28,260,Baseline FQL,174.0
28,260,Improved FQL-GTA,500.0
28,261,Baseline FQL,140.0
28,261,Improved FQL-GTA,500.0
28,262,Baseline FQL,226.0
28,262,Improved FQL-GTA,500.0
28,263,Baseline FQL,92.0
28,263,Improved FQL-GTA,459.0
28,264,Baseline FQL,150.0
28,264,Improved FQL-GTA,500.0
28,265,Baseline FQL,92.0
28,265,Improved FQL-GTA,500.0
28,266,Baseline FQL,187.0
28,266,Improved FQL-GTA,500.0
28,267,Baseline FQL,55.0
28,267,Improved FQL-GTA,500.0
28,268,Baseline FQL,297.0
28,268,Improved FQL-GTA,500.0
28,269,Baseline FQL,148.0
28,269,Improved FQL-GTA,500.0
28,270,Baseline FQL,142.0
28,270,Improved FQL-GTA,500.0
28,271,Baseline FQL,177.0
28,271,Improved FQL-GTA,348.0
28,272,Baseline FQL,119.0
28,272,Improved FQL-GTA,500.0
28,273,Baseline FQL,145.0
28,273,Improved FQL-GTA,500.0
28,274,Baseline FQL,228.0
28,274,Improved FQL-GTA,500.0
28,275,Baseline FQL,245.0
28,275,Improved FQL-GTA,248.0
28,276,Baseline FQL,157.0
28,276,Improved FQL-GTA,230.0
28,277,Baseline FQL,194.0
28,277,Improved FQL-GTA,439.0
28,278,Baseline FQL,196.0
28,278,Improved FQL-GTA,427.0
28,279,Baseline FQL,170.0
28,279,Improved FQL-GTA,500.0
28,280,Baseline FQL,171.0
28,280,Improved FQL-GTA,500.0
28,281,Baseline FQL,201.0
28,281,Improved FQL-GTA,454.0
28,282,Baseline FQL,234.0
28,282,Improved FQL-GTA,500.0
28,283,Baseline FQL,201.0
28,283,Improved FQL-GTA,496.0
28,284,Baseline FQL,227.0
28,284,Improved FQL-GTA,393.0
28,285,Baseline FQL,366.0
28,285,Improved FQL-GTA,328.0
28,286,Baseline FQL,209.0
28,286,Improved FQL-GTA,348.0
28,287,Baseline FQL,210.0
28,287,Improved FQL-GTA,353.0
28,288,Baseline FQL,310.0
28,288,Improved FQL-GTA,393.0
28,289,Baseline FQL,266.0
28,289,Improved FQL-GTA,412.0
28,290,Baseline FQL,260.0
28,290,Improved FQL-GTA,500.0
28,291,Baseline FQL,217.0
28,291,Improved FQL-GTA,455.0
28,292,Baseline FQL,105.0
28,292,Improved FQL-GTA,400.0
28,293,Baseline FQL,230.0
28,293,Improved FQL-GTA,400.0
28,294,Baseline FQL,227.0
28,294,Improved FQL-GTA,482.0
28,295,Baseline FQL,205.0
28,295,Improved FQL-GTA,426.0
28,296,Baseline FQL,128.0
28,296,Improved FQL-GTA,500.0
28,297,Baseline FQL,130.0
28,297,Improved FQL-GTA,370.0
28,298,Baseline FQL,259.0
28,298,Improved FQL-GTA,381.0
28,299,Baseline FQL,33.0
28,299,Improved FQL-GTA,500.0
28,300,Baseline FQL,192.0
28,300,Improved FQL-GTA,373.0
28,301,Baseline FQL,216.0
28,301,Improved FQL-GTA,415.0
28,302,Baseline FQL,200.0
28,302,Improved FQL-GTA,339.0
28,303,Baseline FQL,288.0
28,303,Improved FQL-GTA,396.0
28,304,Baseline FQL,143.0
28,304,Improved FQL-GTA,304.0
28,305,Baseline FQL,301.0
28,305,Improved FQL-GTA,478.0
28,306,Baseline FQL,217.0
28,306,Improved FQL-GTA,447.0
28,307,Baseline FQL,500.0
28,307,Improved FQL-GTA,289.0
28,308,Baseline FQL,314.0
28,308,Improved FQL-GTA,362.0
28,309,Baseline FQL,133.0
28,309,Improved FQL-GTA,448.0
28,310,Baseline FQL,200.0
28,310,Improved FQL-GTA,482.0
28,311,Baseline FQL,231.0
28,311,Improved FQL-GTA,500.0
28,312,Baseline FQL,202.0
28,312,Improved FQL-GTA,500.0
28,313,Baseline FQL,218.0
28,313,Improved FQL-GTA,432.0
28,314,Baseline FQL,233.0
28,314,Improved FQL-GTA,430.0
28,315,Baseline FQL,337.0
28,315,Improved FQL-GTA,268.0
28,316,Baseline FQL,86.0
28,316,Improved FQL-GTA,500.0
28,317,Baseline FQL,267.0
28,317,Improved FQL-GTA,500.0
28,318,Baseline FQL,308.0
28,318,Improved FQL-GTA,500.0
28,319,Baseline FQL,378.0
28,319,Improved FQL-GTA,358.0
28,320,Baseline FQL,236.0
28,320,Improved FQL-GTA,325.0
28,321,Baseline FQL,267.0
28,321,Improved FQL-GTA,292.0
28,322,Baseline FQL,242.0
28,322,Improved FQL-GTA,332.0
28,323,Baseline FQL,277.0
28,323,Improved FQL-GTA,409.0
28,324,Baseline FQL,273.0
28,324,Improved FQL-GTA,500.0
28,325,Baseline FQL,216.0
28,325,Improved FQL-GTA,385.0
28,326,Baseline FQL,231.0
28,326,Improved FQL-GTA,258.0
28,327,Baseline FQL,248.0
28,327,Improved FQL-GTA,500.0
28,328,Baseline FQL,237.0
28,328,Improved FQL-GTA,500.0
28,329,Baseline FQL,291.0
28,329,Improved FQL-GTA,397.0
28,330,Baseline FQL,238.0
28,330,Improved FQL-GTA,241.0
28,331,Baseline FQL,217.0
28,331,Improved FQL-GTA,402.0
28,332,Baseline FQL,219.0
28,332,Improved FQL-GTA,500.0
28,333,Baseline FQL,198.0
28,333,Improved FQL-GTA,500.0
28,334,Baseline FQL,298.0
28,334,Improved FQL-GTA,320.0
28,335,Baseline FQL,107.0
28,335,Improved FQL-GTA,500.0
28,336,Baseline FQL,345.0
28,336,Improved FQL-GTA,413.0
28,337,Baseline FQL,299.0
28,337,Improved FQL-GTA,437.0
28,338,Baseline FQL,282.0
28,338,Improved FQL-GTA,500.0
28,339,Baseline FQL,277.0
28,339,Improved FQL-GTA,500.0
28,340,Baseline FQL,212.0
28,340,Improved FQL-GTA,500.0
28,341,Baseline FQL,248.0
28,341,Improved FQL-GTA,500.0
28,342,Baseline FQL,273.0
28,342,Improved FQL-GTA,500.0
28,343,Baseline FQL,295.0
28,343,Improved FQL-GTA,500.0
28,344,Baseline FQL,322.0
28,344,Improved FQL-GTA,500.0
28,345,Baseline FQL,278.0
28,345,Improved FQL-GTA,500.0
28,346,Baseline FQL,252.0
28,346,Improved FQL-GTA,500.0
28,347,Baseline FQL,263.0
28,347,Improved FQL-GTA,500.0
28,348,Baseline FQL,233.0
28,348,Improved FQL-GTA,500.0
28,349,Baseline FQL,166.0
28,349,Improved FQL-GTA,500.0
28,350,Baseline FQL,74.0
28,350,Improved FQL-GTA,500.0
28,351,Baseline FQL,108.0
28,351,Improved FQL-GTA,500.0
28,352,Baseline FQL,205.0
28,352,Improved FQL-GTA,500.0
28,353,Baseline FQL,315.0
28,353,Improved FQL-GTA,500.0
28,354,Baseline FQL,142.0
28,354,Improved FQL-GTA,500.0
28,355,Baseline FQL,221.0
28,355,Improved FQL-GTA,500.0
28,356,Baseline FQL,207.0
28,356,Improved FQL-GTA,500.0
28,357,Baseline FQL,248.0
28,357,Improved FQL-GTA,500.0
28,358,Baseline FQL,280.0
28,358,Improved FQL-GTA,500.0
28,359,Baseline FQL,250.0
28,359,Improved FQL-GTA,500.0
28,360,Baseline FQL,249.0
28,360,Improved FQL-GTA,500.0
28,361,Baseline FQL,228.0
28,361,Improved FQL-GTA,500.0
28,362,Baseline FQL,242.0
28,362,Improved FQL-GTA,500.0
28,363,Baseline FQL,208.0
28,363,Improved FQL-GTA,500.0
28,364,Baseline FQL,208.0
28,364,Improved FQL-GTA,500.0
28,365,Baseline FQL,256.0
28,365,Improved FQL-GTA,500.0
28,366,Baseline FQL,257.0
28,366,Improved FQL-GTA,500.0
28,367,Baseline FQL,338.0
28,367,Improved FQL-GTA,500.0
28,368,Baseline FQL,239.0
28,368,Improved FQL-GTA,500.0
28,369,Baseline FQL,320.0
28,369,Improved FQL-GTA,500.0
28,370,Baseline FQL,232.0
28,370,Improved FQL-GTA,500.0
28,371,Baseline FQL,250.0
28,371,Improved FQL-GTA,500.0
28,372,Baseline FQL,254.0
28,372,Improved FQL-GTA,500.0
28,373,Baseline FQL,223.0
28,373,Improved FQL-GTA,500.0
28,374,Baseline FQL,286.0
28,374,Improved FQL-GTA,500.0
28,375,Baseline FQL,240.0
28,375,Improved FQL-GTA,500.0
28,376,Baseline FQL,237.0
28,376,Improved FQL-GTA,500.0
28,377,Baseline FQL,285.0
28,377,Improved FQL-GTA,500.0
28,378,Baseline FQL,229.0
28,378,Improved FQL-GTA,500.0
28,379,Baseline FQL,244.0
28,379,Improved FQL-GTA,500.0
28,380,Baseline FQL,233.0
28,380,Improved FQL-GTA,474.0
28,381,Baseline FQL,420.0
28,381,Improved FQL-GTA,270.0
28,382,Baseline FQL,241.0
28,382,Improved FQL-GTA,266.0
28,383,Baseline FQL,224.0
28,383,Improved FQL-GTA,263.0
28,384,Baseline FQL,182.0
28,384,Improved FQL-GTA,211.0
28,385,Baseline FQL,300.0
28,385,Improved FQL-GTA,500.0
28,386,Baseline FQL,219.0
28,386,Improved FQL-GTA,273.0
28,387,Baseline FQL,300.0
28,387,Improved FQL-GTA,500.0
28,388,Baseline FQL,197.0
28,388,Improved FQL-GTA,500.0
28,389,Baseline FQL,243.0
28,389,Improved FQL-GTA,500.0
28,390,Baseline FQL,249.0
28,390,Improved FQL-GTA,500.0
28,391,Baseline FQL,256.0
28,391,Improved FQL-GTA,500.0
28,392,Baseline FQL,250.0
28,392,Improved FQL-GTA,500.0
28,393,Baseline FQL,226.0
28,393,Improved FQL-GTA,500.0
28,394,Baseline FQL,276.0
28,394,Improved FQL-GTA,500.0
28,395,Baseline FQL,270.0
28,395,Improved FQL-GTA,500.0
28,396,Baseline FQL,232.0
28,396,Improved FQL-GTA,500.0
28,397,Baseline FQL,299.0
28,397,Improved FQL-GTA,500.0
28,398,Baseline FQL,355.0
28,398,Improved FQL-GTA,500.0
28,399,Baseline FQL,217.0
28,399,Improved FQL-GTA,500.0
28,400,Baseline FQL,263.0
28,400,Improved FQL-GTA,500.0
28,401,Baseline FQL,240.0
28,401,Improved FQL-GTA,500.0
28,402,Baseline FQL,140.0
28,402,Improved FQL-GTA,500.0
28,403,Baseline FQL,224.0
28,403,Improved FQL-GTA,500.0
28,404,Baseline FQL,253.0
28,404,Improved FQL-GTA,500.0
28,405,Baseline FQL,452.0
28,405,Improved FQL-GTA,500.0
28,406,Baseline FQL,348.0
28,406,Improved FQL-GTA,500.0
28,407,Baseline FQL,339.0
28,407,Improved FQL-GTA,500.0
28,408,Baseline FQL,160.0
28,408,Improved FQL-GTA,500.0
28,409,Baseline FQL,238.0
28,409,Improved FQL-GTA,500.0
28,410,Baseline FQL,269.0
28,410,Improved FQL-GTA,500.0
28,411,Baseline FQL,332.0
28,411,Improved FQL-GTA,500.0
28,412,Baseline FQL,237.0
28,412,Improved FQL-GTA,500.0
28,413,Baseline FQL,282.0
28,413,Improved FQL-GTA,500.0
28,414,Baseline FQL,235.0
28,414,Improved FQL-GTA,500.0
28,415,Baseline FQL,304.0
28,415,Improved FQL-GTA,500.0
28,416,Baseline FQL,234.0
28,416,Improved FQL-GTA,500.0
28,417,Baseline FQL,255.0
28,417,Improved FQL-GTA,500.0
28,418,Baseline FQL,351.0
28,418,Improved FQL-GTA,500.0
28,419,Baseline FQL,260.0
28,419,Improved FQL-GTA,500.0
28,420,Baseline FQL,253.0
28,420,Improved FQL-GTA,500.0
28,421,Baseline FQL,500.0
28,421,Improved FQL-GTA,500.0
28,422,Baseline FQL,347.0
28,422,Improved FQL-GTA,500.0
28,423,Baseline FQL,274.0
28,423,Improved FQL-GTA,500.0
28,424,Baseline FQL,390.0
28,424,Improved FQL-GTA,500.0
28,425,Baseline FQL,500.0
28,425,Improved FQL-GTA,272.0
28,426,Baseline FQL,268.0
28,426,Improved FQL-GTA,358.0
28,427,Baseline FQL,331.0
28,427,Improved FQL-GTA,500.0
28,428,Baseline FQL,245.0
28,428,Improved FQL-GTA,500.0
28,429,Baseline FQL,294.0
28,429,Improved FQL-GTA,500.0
28,430,Baseline FQL,331.0
28,430,Improved FQL-GTA,500.0
28,431,Baseline FQL,250.0
28,431,Improved FQL-GTA,500.0
28,432,Baseline FQL,200.0
28,432,Improved FQL-GTA,500.0
28,433,Baseline FQL,339.0
28,433,Improved FQL-GTA,500.0
28,434,Baseline FQL,69.0
28,434,Improved FQL-GTA,500.0
28,435,Baseline FQL,279.0
28,435,Improved FQL-GTA,500.0
28,436,Baseline FQL,256.0
28,436,Improved FQL-GTA,500.0
28,437,Baseline FQL,278.0
28,437,Improved FQL-GTA,500.0
28,438,Baseline FQL,249.0
28,438,Improved FQL-GTA,500.0
28,439,Baseline FQL,250.0
28,439,Improved FQL-GTA,500.0
28,440,Baseline FQL,239.0
28,440,Improved FQL-GTA,500.0
28,441,Baseline FQL,303.0
28,441,Improved FQL-GTA,500.0
28,442,Baseline FQL,287.0
28,442,Improved FQL-GTA,500.0
28,443,Baseline FQL,429.0
28,443,Improved FQL-GTA,500.0
28,444,Baseline FQL,275.0
28,444,Improved FQL-GTA,500.0
28,445,Baseline FQL,286.0
28,445,Improved FQL-GTA,500.0
28,446,Baseline FQL,352.0
28,446,Improved FQL-GTA,500.0
28,447,Baseline FQL,294.0
28,447,Improved FQL-GTA,500.0
28,448,Baseline FQL,261.0
28,448,Improved FQL-GTA,500.0
28,449,Baseline FQL,343.0
28,449,Improved FQL-GTA,500.0
28,450,Baseline FQL,240.0
28,450,Improved FQL-GTA,500.0
28,451,Baseline FQL,281.0
28,451,Improved FQL-GTA,500.0
28,452,Baseline FQL,240.0
28,452,Improved FQL-GTA,500.0
28,453,Baseline FQL,224.0
28,453,Improved FQL-GTA,500.0
28,454,Baseline FQL,263.0
28,454,Improved FQL-GTA,500.0
28,455,Baseline FQL,41.0
28,455,Improved FQL-GTA,500.0
28,456,Baseline FQL,399.0
28,456,Improved FQL-GTA,500.0
28,457,Baseline FQL,296.0
28,457,Improved FQL-GTA,500.0
28,458,Baseline FQL,280.0
28,458,Improved FQL-GTA,500.0
28,459,Baseline FQL,265.0
28,459,Improved FQL-GTA,500.0
28,460,Baseline FQL,280.0
28,460,Improved FQL-GTA,500.0
28,461,Baseline FQL,323.0
28,461,Improved FQL-GTA,500.0
28,462,Baseline FQL,252.0
28,462,Improved FQL-GTA,500.0
28,463,Baseline FQL,280.0
28,463,Improved FQL-GTA,500.0
28,464,Baseline FQL,259.0
28,464,Improved FQL-GTA,500.0
28,465,Baseline FQL,244.0
28,465,Improved FQL-GTA,500.0
28,466,Baseline FQL,212.0
28,466,Improved FQL-GTA,500.0
28,467,Baseline FQL,239.0
28,467,Improved FQL-GTA,500.0
28,468,Baseline FQL,221.0
28,468,Improved FQL-GTA,500.0
28,469,Baseline FQL,254.0
28,469,Improved FQL-GTA,500.0
28,470,Baseline FQL,233.0
28,470,Improved FQL-GTA,500.0
28,471,Baseline FQL,272.0
28,471,Improved FQL-GTA,500.0
28,472,Baseline FQL,341.0
28,472,Improved FQL-GTA,500.0
28,473,Baseline FQL,220.0
28,473,Improved FQL-GTA,500.0
28,474,Baseline FQL,261.0
28,474,Improved FQL-GTA,500.0
28,475,Baseline FQL,254.0
28,475,Improved FQL-GTA,500.0
28,476,Baseline FQL,267.0
28,476,Improved FQL-GTA,500.0
28,477,Baseline FQL,310.0
28,477,Improved FQL-GTA,500.0
28,478,Baseline FQL,235.0
28,478,Improved FQL-GTA,500.0
28,479,Baseline FQL,264.0
28,479,Improved FQL-GTA,394.0
28,480,Baseline FQL,260.0
28,480,Improved FQL-GTA,460.0
28,481,Baseline FQL,278.0
28,481,Improved FQL-GTA,500.0
28,482,Baseline FQL,213.0
28,482,Improved FQL-GTA,500.0
28,483,Baseline FQL,263.0
28,483,Improved FQL-GTA,500.0
28,484,Baseline FQL,320.0
28,484,Improved FQL-GTA,500.0
28,485,Baseline FQL,448.0
28,485,Improved FQL-GTA,500.0
28,486,Baseline FQL,145.0
28,486,Improved FQL-GTA,500.0
28,487,Baseline FQL,246.0
28,487,Improved FQL-GTA,500.0
28,488,Baseline FQL,324.0
28,488,Improved FQL-GTA,500.0
28,489,Baseline FQL,228.0
28,489,Improved FQL-GTA,500.0
28,490,Baseline FQL,257.0
28,490,Improved FQL-GTA,500.0
28,491,Baseline FQL,322.0
28,491,Improved FQL-GTA,500.0
28,492,Baseline FQL,500.0
28,492,Improved FQL-GTA,500.0
28,493,Baseline FQL,312.0
28,493,Improved FQL-GTA,500.0
28,494,Baseline FQL,233.0
28,494,Improved FQL-GTA,500.0
28,495,Baseline FQL,383.0
28,495,Improved FQL-GTA,500.0
28,496,Baseline FQL,241.0
28,496,Improved FQL-GTA,500.0
28,497,Baseline FQL,491.0
28,497,Improved FQL-GTA,500.0
28,498,Baseline FQL,240.0
28,498,Improved FQL-GTA,500.0
28,499,Baseline FQL,256.0
28,499,Improved FQL-GTA,500.0
28,500,Baseline FQL,241.0
28,500,Improved FQL-GTA,500.0
29,1,Baseline FQL,10.0
29,1,Improved FQL-GTA,11.0
29,2,Baseline FQL,9.0
29,2,Improved FQL-GTA,14.0
29,3,Baseline FQL,10.0
29,3,Improved FQL-GTA,17.0
29,4,Baseline FQL,11.0
29,4,Improved FQL-GTA,19.0
29,5,Baseline FQL,10.0
29,5,Improved FQL-GTA,11.0
29,6,Baseline FQL,10.0
29,6,Improved FQL-GTA,11.0
29,7,Baseline FQL,13.0
29,7,Improved FQL-GTA,16.0
29,8,Baseline FQL,10.0
29,8,Improved FQL-GTA,12.0
29,9,Baseline FQL,9.0
29,9,Improved FQL-GTA,9.0
29,10,Baseline FQL,14.0
29,10,Improved FQL-GTA,13.0
29,11,Baseline FQL,9.0
29,11,Improved FQL-GTA,11.0
29,12,Baseline FQL,12.0
29,12,Improved FQL-GTA,10.0
29,13,Baseline FQL,9.0
29,13,Improved FQL-GTA,10.0
29,14,Baseline FQL,11.0
29,14,Improved FQL-GTA,35.0
29,15,Baseline FQL,11.0
29,15,Improved FQL-GTA,8.0
29,16,Baseline FQL,11.0
29,16,Improved FQL-GTA,12.0
29,17,Baseline FQL,11.0
29,17,Improved FQL-GTA,16.0
29,18,Baseline FQL,10.0
29,18,Improved FQL-GTA,10.0
29,19,Baseline FQL,10.0
29,19,Improved FQL-GTA,23.0
29,20,Baseline FQL,11.0
29,20,Improved FQL-GTA,10.0
29,21,Baseline FQL,12.0
29,21,Improved FQL-GTA,13.0
29,22,Baseline FQL,13.0
29,22,Improved FQL-GTA,13.0
29,23,Baseline FQL,37.0
29,23,Improved FQL-GTA,10.0
29,24,Baseline FQL,11.0
29,24,Improved FQL-GTA,10.0
29,25,Baseline FQL,10.0
29,25,Improved FQL-GTA,15.0
29,26,Baseline FQL,11.0
29,26,Improved FQL-GTA,14.0
29,27,Baseline FQL,37.0
29,27,Improved FQL-GTA,12.0
29,28,Baseline FQL,12.0
29,28,Improved FQL-GTA,16.0
29,29,Baseline FQL,37.0
29,29,Improved FQL-GTA,19.0
29,30,Baseline FQL,32.0
29,30,Improved FQL-GTA,12.0
29,31,Baseline FQL,56.0
29,31,Improved FQL-GTA,10.0
29,32,Baseline FQL,99.0
29,32,Improved FQL-GTA,10.0
29,33,Baseline FQL,10.0
29,33,Improved FQL-GTA,16.0
29,34,Baseline FQL,96.0
29,34,Improved FQL-GTA,16.0
29,35,Baseline FQL,91.0
29,35,Improved FQL-GTA,12.0
29,36,Baseline FQL,89.0
29,36,Improved FQL-GTA,11.0
29,37,Baseline FQL,45.0
29,37,Improved FQL-GTA,19.0
29,38,Baseline FQL,23.0
29,38,Improved FQL-GTA,12.0
29,39,Baseline FQL,12.0
29,39,Improved FQL-GTA,21.0
29,40,Baseline FQL,22.0
29,40,Improved FQL-GTA,14.0
29,41,Baseline FQL,17.0
29,41,Improved FQL-GTA,16.0
29,42,Baseline FQL,25.0
29,42,Improved FQL-GTA,17.0
29,43,Baseline FQL,27.0
29,43,Improved FQL-GTA,18.0
29,44,Baseline FQL,18.0
29,44,Improved FQL-GTA,15.0
29,45,Baseline FQL,21.0
29,45,Improved FQL-GTA,13.0
29,46,Baseline FQL,20.0
29,46,Improved FQL-GTA,20.0
29,47,Baseline FQL,24.0
29,47,Improved FQL-GTA,17.0
29,48,Baseline FQL,22.0
29,48,Improved FQL-GTA,13.0
29,49,Baseline FQL,18.0
29,49,Improved FQL-GTA,14.0
29,50,Baseline FQL,20.0
29,50,Improved FQL-GTA,14.0
29,51,Baseline FQL,18.0
29,51,Improved FQL-GTA,14.0
29,52,Baseline FQL,17.0
29,52,Improved FQL-GTA,11.0
29,53,Baseline FQL,23.0
29,53,Improved FQL-GTA,14.0
29,54,Baseline FQL,19.0
29,54,Improved FQL-GTA,20.0
29,55,Baseline FQL,16.0
29,55,Improved FQL-GTA,17.0
29,56,Baseline FQL,22.0
29,56,Improved FQL-GTA,13.0
29,57,Baseline FQL,19.0
29,57,Improved FQL-GTA,15.0
29,58,Baseline FQL,19.0
29,58,Improved FQL-GTA,20.0
29,59,Baseline FQL,17.0
29,59,Improved FQL-GTA,12.0
29,60,Baseline FQL,21.0
29,60,Improved FQL-GTA,19.0
29,61,Baseline FQL,44.0
29,61,Improved FQL-GTA,21.0
29,62,Baseline FQL,59.0
29,62,Improved FQL-GTA,14.0
29,63,Baseline FQL,99.0
29,63,Improved FQL-GTA,22.0
29,64,Baseline FQL,94.0
29,64,Improved FQL-GTA,21.0
29,65,Baseline FQL,99.0
29,65,Improved FQL-GTA,16.0
29,66,Baseline FQL,55.0
29,66,Improved FQL-GTA,17.0
29,67,Baseline FQL,97.0
29,67,Improved FQL-GTA,13.0
29,68,Baseline FQL,100.0
29,68,Improved FQL-GTA,16.0
29,69,Baseline FQL,100.0
29,69,Improved FQL-GTA,16.0
29,70,Baseline FQL,95.0
29,70,Improved FQL-GTA,11.0
29,71,Baseline FQL,100.0
29,71,Improved FQL-GTA,16.0
29,72,Baseline FQL,52.0
29,72,Improved FQL-GTA,13.0
29,73,Baseline FQL,94.0
29,73,Improved FQL-GTA,15.0
29,74,Baseline FQL,97.0
29,74,Improved FQL-GTA,30.0
29,75,Baseline FQL,93.0
29,75,Improved FQL-GTA,10.0
29,76,Baseline FQL,90.0
29,76,Improved FQL-GTA,13.0
29,77,Baseline FQL,93.0
29,77,Improved FQL-GTA,14.0
29,78,Baseline FQL,87.0
29,78,Improved FQL-GTA,11.0
29,79,Baseline FQL,93.0
29,79,Improved FQL-GTA,19.0
29,80,Baseline FQL,88.0
29,80,Improved FQL-GTA,11.0
29,81,Baseline FQL,97.0
29,81,Improved FQL-GTA,21.0
29,82,Baseline FQL,100.0
29,82,Improved FQL-GTA,18.0
29,83,Baseline FQL,94.0
29,83,Improved FQL-GTA,15.0
29,84,Baseline FQL,99.0
29,84,Improved FQL-GTA,19.0
29,85,Baseline FQL,88.0
29,85,Improved FQL-GTA,12.0
29,86,Baseline FQL,95.0
29,86,Improved FQL-GTA,15.0
29,87,Baseline FQL,30.0
29,87,Improved FQL-GTA,19.0
29,88,Baseline FQL,95.0
29,88,Improved FQL-GTA,19.0
29,89,Baseline FQL,97.0
29,89,Improved FQL-GTA,25.0
29,90,Baseline FQL,95.0
29,90,Improved FQL-GTA,21.0
29,91,Baseline FQL,103.0
29,91,Improved FQL-GTA,27.0
29,92,Baseline FQL,95.0
29,92,Improved FQL-GTA,15.0
29,93,Baseline FQL,105.0
29,93,Improved FQL-GTA,19.0
29,94,Baseline FQL,93.0
29,94,Improved FQL-GTA,15.0
29,95,Baseline FQL,94.0
29,95,Improved FQL-GTA,15.0
29,96,Baseline FQL,110.0
29,96,Improved FQL-GTA,24.0
29,97,Baseline FQL,101.0
29,97,Improved FQL-GTA,19.0
29,98,Baseline FQL,101.0
29,98,Improved FQL-GTA,11.0
29,99,Baseline FQL,101.0
29,99,Improved FQL-GTA,17.0
29,100,Baseline FQL,100.0
29,100,Improved FQL-GTA,15.0
29,101,Baseline FQL,108.0
29,101,Improved FQL-GTA,20.0
29,102,Baseline FQL,99.0
29,102,Improved FQL-GTA,19.0
29,103,Baseline FQL,107.0
29,103,Improved FQL-GTA,23.0
29,104,Baseline FQL,58.0
29,104,Improved FQL-GTA,23.0
29,105,Baseline FQL,103.0
29,105,Improved FQL-GTA,20.0
29,106,Baseline FQL,107.0
29,106,Improved FQL-GTA,17.0
29,107,Baseline FQL,111.0
29,107,Improved FQL-GTA,26.0
29,108,Baseline FQL,100.0
29,108,Improved FQL-GTA,19.0
29,109,Baseline FQL,105.0
29,109,Improved FQL-GTA,24.0
29,110,Baseline FQL,113.0
29,110,Improved FQL-GTA,30.0
29,111,Baseline FQL,104.0
29,111,Improved FQL-GTA,15.0
29,112,Baseline FQL,108.0
29,112,Improved FQL-GTA,30.0
29,113,Baseline FQL,102.0
29,113,Improved FQL-GTA,18.0
29,114,Baseline FQL,110.0
29,114,Improved FQL-GTA,28.0
29,115,Baseline FQL,109.0
29,115,Improved FQL-GTA,25.0
29,116,Baseline FQL,99.0
29,116,Improved FQL-GTA,17.0
29,117,Baseline FQL,114.0
29,117,Improved FQL-GTA,31.0
29,118,Baseline FQL,111.0
29,118,Improved FQL-GTA,23.0
29,119,Baseline FQL,111.0
29,119,Improved FQL-GTA,23.0
29,120,Baseline FQL,115.0
29,120,Improved FQL-GTA,26.0
29,121,Baseline FQL,103.0
29,121,Improved FQL-GTA,23.0
29,122,Baseline FQL,109.0
29,122,Improved FQL-GTA,27.0
29,123,Baseline FQL,109.0
29,123,Improved FQL-GTA,28.0
29,124,Baseline FQL,102.0
29,124,Improved FQL-GTA,15.0
29,125,Baseline FQL,109.0
29,125,Improved FQL-GTA,21.0
29,126,Baseline FQL,83.0
29,126,Improved FQL-GTA,19.0
29,127,Baseline FQL,111.0
29,127,Improved FQL-GTA,26.0
29,128,Baseline FQL,28.0
29,128,Improved FQL-GTA,15.0
29,129,Baseline FQL,108.0
29,129,Improved FQL-GTA,25.0
29,130,Baseline FQL,114.0
29,130,Improved FQL-GTA,30.0
29,131,Baseline FQL,108.0
29,131,Improved FQL-GTA,20.0
29,132,Baseline FQL,110.0
29,132,Improved FQL-GTA,38.0
29,133,Baseline FQL,112.0
29,133,Improved FQL-GTA,21.0
29,134,Baseline FQL,109.0
29,134,Improved FQL-GTA,29.0
29,135,Baseline FQL,108.0
29,135,Improved FQL-GTA,29.0
29,136,Baseline FQL,106.0
29,136,Improved FQL-GTA,21.0
29,137,Baseline FQL,115.0
29,137,Improved FQL-GTA,33.0
29,138,Baseline FQL,117.0
29,138,Improved FQL-GTA,46.0
29,139,Baseline FQL,112.0
29,139,Improved FQL-GTA,49.0
29,140,Baseline FQL,114.0
29,140,Improved FQL-GTA,52.0
29,141,Baseline FQL,115.0
29,141,Improved FQL-GTA,25.0
29,142,Baseline FQL,124.0
29,142,Improved FQL-GTA,56.0
29,143,Baseline FQL,93.0
29,143,Improved FQL-GTA,28.0
29,144,Baseline FQL,112.0
29,144,Improved FQL-GTA,26.0
29,145,Baseline FQL,109.0
29,145,Improved FQL-GTA,21.0
29,146,Baseline FQL,120.0
29,146,Improved FQL-GTA,48.0
29,147,Baseline FQL,104.0
29,147,Improved FQL-GTA,29.0
29,148,Baseline FQL,118.0
29,148,Improved FQL-GTA,31.0
29,149,Baseline FQL,112.0
29,149,Improved FQL-GTA,20.0
29,150,Baseline FQL,104.0
29,150,Improved FQL-GTA,15.0
29,151,Baseline FQL,121.0
29,151,Improved FQL-GTA,36.0
29,152,Baseline FQL,113.0
29,152,Improved FQL-GTA,111.0
29,153,Baseline FQL,113.0
29,153,Improved FQL-GTA,364.0
29,154,Baseline FQL,108.0
29,154,Improved FQL-GTA,393.0
29,155,Baseline FQL,116.0
29,155,Improved FQL-GTA,168.0
29,156,Baseline FQL,112.0
29,156,Improved FQL-GTA,167.0
29,157,Baseline FQL,110.0
29,157,Improved FQL-GTA,245.0
29,158,Baseline FQL,117.0
29,158,Improved FQL-GTA,194.0
29,159,Baseline FQL,106.0
29,159,Improved FQL-GTA,231.0
29,160,Baseline FQL,121.0
29,160,Improved FQL-GTA,199.0
29,161,Baseline FQL,111.0
29,161,Improved FQL-GTA,57.0
29,162,Baseline FQL,118.0
29,162,Improved FQL-GTA,151.0
29,163,Baseline FQL,108.0
29,163,Improved FQL-GTA,219.0
29,164,Baseline FQL,107.0
29,164,Improved FQL-GTA,151.0
29,165,Baseline FQL,115.0
29,165,Improved FQL-GTA,207.0
29,166,Baseline FQL,112.0
29,166,Improved FQL-GTA,189.0
29,167,Baseline FQL,111.0
29,167,Improved FQL-GTA,19.0
29,168,Baseline FQL,117.0
29,168,Improved FQL-GTA,292.0
29,169,Baseline FQL,121.0
29,169,Improved FQL-GTA,296.0
29,170,Baseline FQL,107.0
29,170,Improved FQL-GTA,139.0
29,171,Baseline FQL,106.0
29,171,Improved FQL-GTA,22.0
29,172,Baseline FQL,106.0
29,172,Improved FQL-GTA,9.0
29,173,Baseline FQL,114.0
29,173,Improved FQL-GTA,405.0
29,174,Baseline FQL,117.0
29,174,Improved FQL-GTA,353.0
29,175,Baseline FQL,103.0
29,175,Improved FQL-GTA,200.0
29,176,Baseline FQL,115.0
29,176,Improved FQL-GTA,269.0
29,177,Baseline FQL,113.0
29,177,Improved FQL-GTA,282.0
29,178,Baseline FQL,118.0
29,178,Improved FQL-GTA,172.0
29,179,Baseline FQL,118.0
29,179,Improved FQL-GTA,282.0
29,180,Baseline FQL,109.0
29,180,Improved FQL-GTA,228.0
29,181,Baseline FQL,113.0
29,181,Improved FQL-GTA,224.0
29,182,Baseline FQL,111.0
29,182,Improved FQL-GTA,127.0
29,183,Baseline FQL,107.0
29,183,Improved FQL-GTA,285.0
29,184,Baseline FQL,111.0
29,184,Improved FQL-GTA,294.0
29,185,Baseline FQL,92.0
29,185,Improved FQL-GTA,253.0
29,186,Baseline FQL,107.0
29,186,Improved FQL-GTA,227.0
29,187,Baseline FQL,120.0
29,187,Improved FQL-GTA,169.0
29,188,Baseline FQL,112.0
29,188,Improved FQL-GTA,280.0
29,189,Baseline FQL,116.0
29,189,Improved FQL-GTA,256.0
29,190,Baseline FQL,120.0
29,190,Improved FQL-GTA,226.0
29,191,Baseline FQL,119.0
29,191,Improved FQL-GTA,249.0
29,192,Baseline FQL,120.0
29,192,Improved FQL-GTA,241.0
29,193,Baseline FQL,121.0
29,193,Improved FQL-GTA,245.0
29,194,Baseline FQL,120.0
29,194,Improved FQL-GTA,173.0
29,195,Baseline FQL,116.0
29,195,Improved FQL-GTA,244.0
29,196,Baseline FQL,111.0
29,196,Improved FQL-GTA,258.0
29,197,Baseline FQL,118.0
29,197,Improved FQL-GTA,294.0
29,198,Baseline FQL,121.0
29,198,Improved FQL-GTA,142.0
29,199,Baseline FQL,109.0
29,199,Improved FQL-GTA,310.0
29,200,Baseline FQL,115.0
29,200,Improved FQL-GTA,340.0
29,201,Baseline FQL,109.0
29,201,Improved FQL-GTA,352.0
29,202,Baseline FQL,118.0
29,202,Improved FQL-GTA,407.0
29,203,Baseline FQL,109.0
29,203,Improved FQL-GTA,364.0
29,204,Baseline FQL,114.0
29,204,Improved FQL-GTA,311.0
29,205,Baseline FQL,106.0
29,205,Improved FQL-GTA,276.0
29,206,Baseline FQL,109.0
29,206,Improved FQL-GTA,275.0
29,207,Baseline FQL,105.0
29,207,Improved FQL-GTA,245.0
29,208,Baseline FQL,119.0
29,208,Improved FQL-GTA,295.0
29,209,Baseline FQL,107.0
29,209,Improved FQL-GTA,256.0
29,210,Baseline FQL,124.0
29,210,Improved FQL-GTA,304.0
29,211,Baseline FQL,115.0
29,211,Improved FQL-GTA,251.0
29,212,Baseline FQL,104.0
29,212,Improved FQL-GTA,219.0
29,213,Baseline FQL,118.0
29,213,Improved FQL-GTA,255.0
29,214,Baseline FQL,109.0
29,214,Improved FQL-GTA,248.0
29,215,Baseline FQL,122.0
29,215,Improved FQL-GTA,316.0
29,216,Baseline FQL,110.0
29,216,Improved FQL-GTA,269.0
29,217,Baseline FQL,104.0
29,217,Improved FQL-GTA,220.0
29,218,Baseline FQL,119.0
29,218,Improved FQL-GTA,256.0
29,219,Baseline FQL,119.0
29,219,Improved FQL-GTA,276.0
29,220,Baseline FQL,109.0
29,220,Improved FQL-GTA,288.0
29,221,Baseline FQL,121.0
29,221,Improved FQL-GTA,290.0
29,222,Baseline FQL,108.0
29,222,Improved FQL-GTA,269.0
29,223,Baseline FQL,108.0
29,223,Improved FQL-GTA,276.0
29,224,Baseline FQL,119.0
29,224,Improved FQL-GTA,265.0
29,225,Baseline FQL,109.0
29,225,Improved FQL-GTA,248.0
29,226,Baseline FQL,117.0
29,226,Improved FQL-GTA,249.0
29,227,Baseline FQL,117.0
29,227,Improved FQL-GTA,288.0
29,228,Baseline FQL,125.0
29,228,Improved FQL-GTA,315.0
29,229,Baseline FQL,122.0
29,229,Improved FQL-GTA,316.0
29,230,Baseline FQL,118.0
29,230,Improved FQL-GTA,264.0
29,231,Baseline FQL,119.0
29,231,Improved FQL-GTA,238.0
29,232,Baseline FQL,114.0
29,232,Improved FQL-GTA,102.0
29,233,Baseline FQL,119.0
29,233,Improved FQL-GTA,500.0
29,234,Baseline FQL,122.0
29,234,Improved FQL-GTA,500.0
29,235,Baseline FQL,109.0
29,235,Improved FQL-GTA,428.0
29,236,Baseline FQL,108.0
29,236,Improved FQL-GTA,336.0
29,237,Baseline FQL,111.0
29,237,Improved FQL-GTA,390.0
29,238,Baseline FQL,119.0
29,238,Improved FQL-GTA,500.0
29,239,Baseline FQL,114.0
29,239,Improved FQL-GTA,500.0
29,240,Baseline FQL,121.0
29,240,Improved FQL-GTA,482.0
29,241,Baseline FQL,111.0
29,241,Improved FQL-GTA,485.0
29,242,Baseline FQL,113.0
29,242,Improved FQL-GTA,12.0
29,243,Baseline FQL,118.0
29,243,Improved FQL-GTA,500.0
29,244,Baseline FQL,115.0
29,244,Improved FQL-GTA,500.0
29,245,Baseline FQL,117.0
29,245,Improved FQL-GTA,418.0
29,246,Baseline FQL,111.0
29,246,Improved FQL-GTA,444.0
29,247,Baseline FQL,63.0
29,247,Improved FQL-GTA,500.0
29,248,Baseline FQL,111.0
29,248,Improved FQL-GTA,500.0
29,249,Baseline FQL,109.0
29,249,Improved FQL-GTA,500.0
29,250,Baseline FQL,111.0
29,250,Improved FQL-GTA,500.0
29,251,Baseline FQL,111.0
29,251,Improved FQL-GTA,484.0
29,252,Baseline FQL,120.0
29,252,Improved FQL-GTA,291.0
29,253,Baseline FQL,115.0
29,253,Improved FQL-GTA,361.0
29,254,Baseline FQL,118.0
29,254,Improved FQL-GTA,443.0
29,255,Baseline FQL,108.0
29,255,Improved FQL-GTA,500.0
29,256,Baseline FQL,116.0
29,256,Improved FQL-GTA,500.0
29,257,Baseline FQL,115.0
29,257,Improved FQL-GTA,500.0
29,258,Baseline FQL,110.0
29,258,Improved FQL-GTA,500.0
29,259,Baseline FQL,113.0
29,259,Improved FQL-GTA,500.0
29,260,Baseline FQL,125.0
29,260,Improved FQL-GTA,500.0
29,261,Baseline FQL,109.0
29,261,Improved FQL-GTA,463.0
29,262,Baseline FQL,108.0
29,262,Improved FQL-GTA,443.0
29,263,Baseline FQL,114.0
29,263,Improved FQL-GTA,500.0
29,264,Baseline FQL,136.0
29,264,Improved FQL-GTA,309.0
29,265,Baseline FQL,113.0
29,265,Improved FQL-GTA,500.0
29,266,Baseline FQL,115.0
29,266,Improved FQL-GTA,500.0
29,267,Baseline FQL,130.0
29,267,Improved FQL-GTA,500.0
29,268,Baseline FQL,111.0
29,268,Improved FQL-GTA,411.0
29,269,Baseline FQL,110.0
29,269,Improved FQL-GTA,436.0
29,270,Baseline FQL,118.0
29,270,Improved FQL-GTA,500.0
29,271,Baseline FQL,108.0
29,271,Improved FQL-GTA,490.0
29,272,Baseline FQL,112.0
29,272,Improved FQL-GTA,500.0
29,273,Baseline FQL,114.0
29,273,Improved FQL-GTA,500.0
29,274,Baseline FQL,131.0
29,274,Improved FQL-GTA,381.0
29,275,Baseline FQL,119.0
29,275,Improved FQL-GTA,500.0
29,276,Baseline FQL,120.0
29,276,Improved FQL-GTA,500.0
29,277,Baseline FQL,119.0
29,277,Improved FQL-GTA,400.0
29,278,Baseline FQL,111.0
29,278,Improved FQL-GTA,352.0
29,279,Baseline FQL,122.0
29,279,Improved FQL-GTA,390.0
29,280,Baseline FQL,125.0
29,280,Improved FQL-GTA,408.0
29,281,Baseline FQL,120.0
29,281,Improved FQL-GTA,500.0
29,282,Baseline FQL,124.0
29,282,Improved FQL-GTA,500.0
29,283,Baseline FQL,117.0
29,283,Improved FQL-GTA,482.0
29,284,Baseline FQL,116.0
29,284,Improved FQL-GTA,292.0
29,285,Baseline FQL,121.0
29,285,Improved FQL-GTA,471.0
29,286,Baseline FQL,125.0
29,286,Improved FQL-GTA,500.0
29,287,Baseline FQL,120.0
29,287,Improved FQL-GTA,372.0
29,288,Baseline FQL,121.0
29,288,Improved FQL-GTA,416.0
29,289,Baseline FQL,130.0
29,289,Improved FQL-GTA,500.0
29,290,Baseline FQL,132.0
29,290,Improved FQL-GTA,500.0
29,291,Baseline FQL,118.0
29,291,Improved FQL-GTA,246.0
29,292,Baseline FQL,119.0
29,292,Improved FQL-GTA,378.0
29,293,Baseline FQL,122.0
29,293,Improved FQL-GTA,405.0
29,294,Baseline FQL,115.0
29,294,Improved FQL-GTA,500.0
29,295,Baseline FQL,130.0
29,295,Improved FQL-GTA,385.0
29,296,Baseline FQL,118.0
29,296,Improved FQL-GTA,500.0
29,297,Baseline FQL,121.0
29,297,Improved FQL-GTA,500.0
29,298,Baseline FQL,129.0
29,298,Improved FQL-GTA,460.0
29,299,Baseline FQL,116.0
29,299,Improved FQL-GTA,500.0
29,300,Baseline FQL,125.0
29,300,Improved FQL-GTA,500.0
29,301,Baseline FQL,113.0
29,301,Improved FQL-GTA,500.0
29,302,Baseline FQL,137.0
29,302,Improved FQL-GTA,500.0
29,303,Baseline FQL,113.0
29,303,Improved FQL-GTA,500.0
29,304,Baseline FQL,123.0
29,304,Improved FQL-GTA,500.0
29,305,Baseline FQL,123.0
29,305,Improved FQL-GTA,500.0
29,306,Baseline FQL,113.0
29,306,Improved FQL-GTA,500.0
29,307,Baseline FQL,113.0
29,307,Improved FQL-GTA,500.0
29,308,Baseline FQL,125.0
29,308,Improved FQL-GTA,489.0
29,309,Baseline FQL,123.0
29,309,Improved FQL-GTA,459.0
29,310,Baseline FQL,125.0
29,310,Improved FQL-GTA,291.0
29,311,Baseline FQL,129.0
29,311,Improved FQL-GTA,287.0
29,312,Baseline FQL,126.0
29,312,Improved FQL-GTA,331.0
29,313,Baseline FQL,121.0
29,313,Improved FQL-GTA,454.0
29,314,Baseline FQL,115.0
29,314,Improved FQL-GTA,500.0
29,315,Baseline FQL,116.0
29,315,Improved FQL-GTA,500.0
29,316,Baseline FQL,127.0
29,316,Improved FQL-GTA,500.0
29,317,Baseline FQL,124.0
29,317,Improved FQL-GTA,500.0
29,318,Baseline FQL,114.0
29,318,Improved FQL-GTA,500.0
29,319,Baseline FQL,123.0
29,319,Improved FQL-GTA,500.0
29,320,Baseline FQL,121.0
29,320,Improved FQL-GTA,500.0
29,321,Baseline FQL,123.0
29,321,Improved FQL-GTA,500.0
29,322,Baseline FQL,122.0
29,322,Improved FQL-GTA,500.0
29,323,Baseline FQL,117.0
29,323,Improved FQL-GTA,492.0
29,324,Baseline FQL,127.0
29,324,Improved FQL-GTA,500.0
29,325,Baseline FQL,125.0
29,325,Improved FQL-GTA,317.0
29,326,Baseline FQL,120.0
29,326,Improved FQL-GTA,137.0
29,327,Baseline FQL,128.0
29,327,Improved FQL-GTA,500.0
29,328,Baseline FQL,119.0
29,328,Improved FQL-GTA,500.0
29,329,Baseline FQL,117.0
29,329,Improved FQL-GTA,425.0
29,330,Baseline FQL,120.0
29,330,Improved FQL-GTA,500.0
29,331,Baseline FQL,130.0
29,331,Improved FQL-GTA,500.0
29,332,Baseline FQL,140.0
29,332,Improved FQL-GTA,500.0
29,333,Baseline FQL,113.0
29,333,Improved FQL-GTA,500.0
29,334,Baseline FQL,117.0
29,334,Improved FQL-GTA,500.0
29,335,Baseline FQL,123.0
29,335,Improved FQL-GTA,500.0
29,336,Baseline FQL,114.0
29,336,Improved FQL-GTA,500.0
29,337,Baseline FQL,126.0
29,337,Improved FQL-GTA,500.0
29,338,Baseline FQL,115.0
29,338,Improved FQL-GTA,500.0
29,339,Baseline FQL,132.0
29,339,Improved FQL-GTA,500.0
29,340,Baseline FQL,126.0
29,340,Improved FQL-GTA,500.0
29,341,Baseline FQL,120.0
29,341,Improved FQL-GTA,500.0
29,342,Baseline FQL,122.0
29,342,Improved FQL-GTA,500.0
29,343,Baseline FQL,128.0
29,343,Improved FQL-GTA,500.0
29,344,Baseline FQL,118.0
29,344,Improved FQL-GTA,500.0
29,345,Baseline FQL,132.0
29,345,Improved FQL-GTA,500.0
29,346,Baseline FQL,128.0
29,346,Improved FQL-GTA,500.0
29,347,Baseline FQL,126.0
29,347,Improved FQL-GTA,500.0
29,348,Baseline FQL,111.0
29,348,Improved FQL-GTA,500.0
29,349,Baseline FQL,118.0
29,349,Improved FQL-GTA,500.0
29,350,Baseline FQL,112.0
29,350,Improved FQL-GTA,500.0
29,351,Baseline FQL,76.0
29,351,Improved FQL-GTA,500.0
29,352,Baseline FQL,127.0
29,352,Improved FQL-GTA,500.0
29,353,Baseline FQL,137.0
29,353,Improved FQL-GTA,500.0
29,354,Baseline FQL,134.0
29,354,Improved FQL-GTA,500.0
29,355,Baseline FQL,141.0
29,355,Improved FQL-GTA,500.0
29,356,Baseline FQL,141.0
29,356,Improved FQL-GTA,500.0
29,357,Baseline FQL,124.0
29,357,Improved FQL-GTA,500.0
29,358,Baseline FQL,125.0
29,358,Improved FQL-GTA,500.0
29,359,Baseline FQL,124.0
29,359,Improved FQL-GTA,500.0
29,360,Baseline FQL,133.0
29,360,Improved FQL-GTA,500.0
29,361,Baseline FQL,127.0
29,361,Improved FQL-GTA,158.0
29,362,Baseline FQL,134.0
29,362,Improved FQL-GTA,500.0
29,363,Baseline FQL,149.0
29,363,Improved FQL-GTA,500.0
29,364,Baseline FQL,137.0
29,364,Improved FQL-GTA,500.0
29,365,Baseline FQL,125.0
29,365,Improved FQL-GTA,500.0
29,366,Baseline FQL,128.0
29,366,Improved FQL-GTA,500.0
29,367,Baseline FQL,141.0
29,367,Improved FQL-GTA,500.0
29,368,Baseline FQL,125.0
29,368,Improved FQL-GTA,500.0
29,369,Baseline FQL,134.0
29,369,Improved FQL-GTA,500.0
29,370,Baseline FQL,131.0
29,370,Improved FQL-GTA,500.0
29,371,Baseline FQL,132.0
29,371,Improved FQL-GTA,500.0
29,372,Baseline FQL,140.0
29,372,Improved FQL-GTA,500.0
29,373,Baseline FQL,123.0
29,373,Improved FQL-GTA,500.0
29,374,Baseline FQL,129.0
29,374,Improved FQL-GTA,500.0
29,375,Baseline FQL,131.0
29,375,Improved FQL-GTA,500.0
29,376,Baseline FQL,128.0
29,376,Improved FQL-GTA,500.0
29,377,Baseline FQL,146.0
29,377,Improved FQL-GTA,500.0
29,378,Baseline FQL,133.0
29,378,Improved FQL-GTA,500.0
29,379,Baseline FQL,141.0
29,379,Improved FQL-GTA,500.0
29,380,Baseline FQL,123.0
29,380,Improved FQL-GTA,500.0
29,381,Baseline FQL,125.0
29,381,Improved FQL-GTA,500.0
29,382,Baseline FQL,140.0
29,382,Improved FQL-GTA,500.0
29,383,Baseline FQL,145.0
29,383,Improved FQL-GTA,393.0
29,384,Baseline FQL,118.0
29,384,Improved FQL-GTA,17.0
29,385,Baseline FQL,124.0
29,385,Improved FQL-GTA,500.0
29,386,Baseline FQL,134.0
29,386,Improved FQL-GTA,500.0
29,387,Baseline FQL,147.0
29,387,Improved FQL-GTA,500.0
29,388,Baseline FQL,128.0
29,388,Improved FQL-GTA,500.0
29,389,Baseline FQL,140.0
29,389,Improved FQL-GTA,500.0
29,390,Baseline FQL,131.0
29,390,Improved FQL-GTA,500.0
29,391,Baseline FQL,139.0
29,391,Improved FQL-GTA,500.0
29,392,Baseline FQL,142.0
29,392,Improved FQL-GTA,500.0
29,393,Baseline FQL,136.0
29,393,Improved FQL-GTA,500.0
29,394,Baseline FQL,134.0
29,394,Improved FQL-GTA,500.0
29,395,Baseline FQL,146.0
29,395,Improved FQL-GTA,500.0
29,396,Baseline FQL,149.0
29,396,Improved FQL-GTA,500.0
29,397,Baseline FQL,125.0
29,397,Improved FQL-GTA,500.0
29,398,Baseline FQL,125.0
29,398,Improved FQL-GTA,500.0
29,399,Baseline FQL,149.0
29,399,Improved FQL-GTA,500.0
29,400,Baseline FQL,138.0
29,400,Improved FQL-GTA,500.0
29,401,Baseline FQL,137.0
29,401,Improved FQL-GTA,373.0
29,402,Baseline FQL,154.0
29,402,Improved FQL-GTA,462.0
29,403,Baseline FQL,153.0
29,403,Improved FQL-GTA,500.0
29,404,Baseline FQL,138.0
29,404,Improved FQL-GTA,500.0
29,405,Baseline FQL,140.0
29,405,Improved FQL-GTA,500.0
29,406,Baseline FQL,135.0
29,406,Improved FQL-GTA,500.0
29,407,Baseline FQL,137.0
29,407,Improved FQL-GTA,500.0
29,408,Baseline FQL,142.0
29,408,Improved FQL-GTA,500.0
29,409,Baseline FQL,162.0
29,409,Improved FQL-GTA,500.0
29,410,Baseline FQL,182.0
29,410,Improved FQL-GTA,500.0
29,411,Baseline FQL,159.0
29,411,Improved FQL-GTA,500.0
29,412,Baseline FQL,139.0
29,412,Improved FQL-GTA,327.0
29,413,Baseline FQL,156.0
29,413,Improved FQL-GTA,500.0
29,414,Baseline FQL,142.0
29,414,Improved FQL-GTA,500.0
29,415,Baseline FQL,163.0
29,415,Improved FQL-GTA,500.0
29,416,Baseline FQL,164.0
29,416,Improved FQL-GTA,500.0
29,417,Baseline FQL,146.0
29,417,Improved FQL-GTA,500.0
29,418,Baseline FQL,146.0
29,418,Improved FQL-GTA,500.0
29,419,Baseline FQL,170.0
29,419,Improved FQL-GTA,500.0
29,420,Baseline FQL,153.0
29,420,Improved FQL-GTA,500.0
29,421,Baseline FQL,152.0
29,421,Improved FQL-GTA,500.0
29,422,Baseline FQL,153.0
29,422,Improved FQL-GTA,158.0
29,423,Baseline FQL,167.0
29,423,Improved FQL-GTA,500.0
29,424,Baseline FQL,160.0
29,424,Improved FQL-GTA,500.0
29,425,Baseline FQL,176.0
29,425,Improved FQL-GTA,500.0
29,426,Baseline FQL,146.0
29,426,Improved FQL-GTA,500.0
29,427,Baseline FQL,192.0
29,427,Improved FQL-GTA,500.0
29,428,Baseline FQL,160.0
29,428,Improved FQL-GTA,500.0
29,429,Baseline FQL,175.0
29,429,Improved FQL-GTA,500.0
29,430,Baseline FQL,148.0
29,430,Improved FQL-GTA,500.0
29,431,Baseline FQL,153.0
29,431,Improved FQL-GTA,500.0
29,432,Baseline FQL,190.0
29,432,Improved FQL-GTA,500.0
29,433,Baseline FQL,149.0
29,433,Improved FQL-GTA,500.0
29,434,Baseline FQL,175.0
29,434,Improved FQL-GTA,500.0
29,435,Baseline FQL,169.0
29,435,Improved FQL-GTA,500.0
29,436,Baseline FQL,210.0
29,436,Improved FQL-GTA,500.0
29,437,Baseline FQL,169.0
29,437,Improved FQL-GTA,500.0
29,438,Baseline FQL,188.0
29,438,Improved FQL-GTA,500.0
29,439,Baseline FQL,237.0
29,439,Improved FQL-GTA,500.0
29,440,Baseline FQL,189.0
29,440,Improved FQL-GTA,500.0
29,441,Baseline FQL,196.0
29,441,Improved FQL-GTA,500.0
29,442,Baseline FQL,166.0
29,442,Improved FQL-GTA,500.0
29,443,Baseline FQL,167.0
29,443,Improved FQL-GTA,500.0
29,444,Baseline FQL,193.0
29,444,Improved FQL-GTA,500.0
29,445,Baseline FQL,171.0
29,445,Improved FQL-GTA,500.0
29,446,Baseline FQL,210.0
29,446,Improved FQL-GTA,500.0
29,447,Baseline FQL,194.0
29,447,Improved FQL-GTA,500.0
29,448,Baseline FQL,226.0
29,448,Improved FQL-GTA,500.0
29,449,Baseline FQL,194.0
29,449,Improved FQL-GTA,500.0
29,450,Baseline FQL,169.0
29,450,Improved FQL-GTA,500.0
29,451,Baseline FQL,188.0
29,451,Improved FQL-GTA,500.0
29,452,Baseline FQL,218.0
29,452,Improved FQL-GTA,500.0
29,453,Baseline FQL,198.0
29,453,Improved FQL-GTA,500.0
29,454,Baseline FQL,211.0
29,454,Improved FQL-GTA,500.0
29,455,Baseline FQL,189.0
29,455,Improved FQL-GTA,500.0
29,456,Baseline FQL,244.0
29,456,Improved FQL-GTA,500.0
29,457,Baseline FQL,217.0
29,457,Improved FQL-GTA,341.0
29,458,Baseline FQL,193.0
29,458,Improved FQL-GTA,302.0
29,459,Baseline FQL,187.0
29,459,Improved FQL-GTA,300.0
29,460,Baseline FQL,188.0
29,460,Improved FQL-GTA,296.0
29,461,Baseline FQL,228.0
29,461,Improved FQL-GTA,309.0
29,462,Baseline FQL,182.0
29,462,Improved FQL-GTA,358.0
29,463,Baseline FQL,179.0
29,463,Improved FQL-GTA,340.0
29,464,Baseline FQL,192.0
29,464,Improved FQL-GTA,500.0
29,465,Baseline FQL,183.0
29,465,Improved FQL-GTA,500.0
29,466,Baseline FQL,206.0
29,466,Improved FQL-GTA,277.0
29,467,Baseline FQL,206.0
29,467,Improved FQL-GTA,500.0
29,468,Baseline FQL,197.0
29,468,Improved FQL-GTA,500.0
29,469,Baseline FQL,210.0
29,469,Improved FQL-GTA,500.0
29,470,Baseline FQL,189.0
29,470,Improved FQL-GTA,500.0
29,471,Baseline FQL,174.0
29,471,Improved FQL-GTA,500.0
29,472,Baseline FQL,264.0
29,472,Improved FQL-GTA,500.0
29,473,Baseline FQL,204.0
29,473,Improved FQL-GTA,500.0
29,474,Baseline FQL,187.0
29,474,Improved FQL-GTA,500.0
29,475,Baseline FQL,192.0
29,475,Improved FQL-GTA,500.0
29,476,Baseline FQL,189.0
29,476,Improved FQL-GTA,500.0
29,477,Baseline FQL,197.0
29,477,Improved FQL-GTA,500.0
29,478,Baseline FQL,185.0
29,478,Improved FQL-GTA,500.0
29,479,Baseline FQL,197.0
29,479,Improved FQL-GTA,500.0
29,480,Baseline FQL,197.0
29,480,Improved FQL-GTA,500.0
29,481,Baseline FQL,305.0
29,481,Improved FQL-GTA,500.0
29,482,Baseline FQL,185.0
29,482,Improved FQL-GTA,500.0
29,483,Baseline FQL,208.0
29,483,Improved FQL-GTA,500.0
29,484,Baseline FQL,189.0
29,484,Improved FQL-GTA,500.0
29,485,Baseline FQL,201.0
29,485,Improved FQL-GTA,500.0
29,486,Baseline FQL,200.0
29,486,Improved FQL-GTA,500.0
29,487,Baseline FQL,216.0
29,487,Improved FQL-GTA,500.0
29,488,Baseline FQL,183.0
29,488,Improved FQL-GTA,500.0
29,489,Baseline FQL,182.0
29,489,Improved FQL-GTA,500.0
29,490,Baseline FQL,216.0
29,490,Improved FQL-GTA,500.0
29,491,Baseline FQL,187.0
29,491,Improved FQL-GTA,498.0
29,492,Baseline FQL,166.0
29,492,Improved FQL-GTA,500.0
29,493,Baseline FQL,171.0
29,493,Improved FQL-GTA,394.0
29,494,Baseline FQL,221.0
29,494,Improved FQL-GTA,500.0
29,495,Baseline FQL,195.0
29,495,Improved FQL-GTA,500.0
29,496,Baseline FQL,176.0
29,496,Improved FQL-GTA,383.0
29,497,Baseline FQL,163.0
29,497,Improved FQL-GTA,412.0
29,498,Baseline FQL,175.0
29,498,Improved FQL-GTA,329.0
29,499,Baseline FQL,186.0
29,499,Improved FQL-GTA,332.0
29,500,Baseline FQL,189.0
29,500,Improved FQL-GTA,288.0
